fp_page,page_type,ecr_type,player,id,pos,team,ecr,sd,best,worst,sportsdata_id,player_filename,yahoo_id,cbs_id,player_owned_avg,player_owned_espn,player_owned_yahoo,player_image_url,player_square_image_url,rank_delta,bye,mergename,scrape_date,tm
/nfl/rankings/best-ball-dst.php,best-dst,bp,Houston Texans,8120,DST,HOU,1.0,0.0,1,1,,houston-defense.php,,,94.4,,,,,,,Houston Texans,2026-05-08,HOU
/nfl/rankings/best-ball-dst.php,best-dst,bp,Indianapolis Colts,8130,DST,IND,10.5,9.5,1,20,,indianapolis-defense.php,,,31.9,,,,,,,Indianapolis Colts,2026-05-08,IND
/nfl/rankings/best-ball-dst.php,best-dst,bp,Denver Broncos,8090,DST,DEN,2.0,0.0,2,2,,denver-defense.php,,,94.6,,,,,,,Denver Broncos,2026-05-08,DEN
/nfl/rankings/best-ball-dst.php,best-dst,bp,Miami Dolphins,8160,DST,MIA,15.5,13.5,2,29,,miami-defense.php,,,17.6,,,,,,,Miami Dolphins,2026-05-08,MIA
/nfl/rankings/best-ball-dst.php,best-dst,bp,Seattle Seahawks,8260,DST,SEA,3.0,0.0,3,3,,seattle-defense.php,,,94.7,,,,,,,Seattle Seahawks,2026-05-08,SEA
/nfl/rankings/best-ball-dst.php,best-dst,bp,San Francisco 49ers,8270,DST,SF,13.5,10.5,3,24,,san-francisco-defense.php,,,39.9,,,,,,,San Francisco 49ers,2026-05-08,SFO
/nfl/rankings/best-ball-dst.php,best-dst,bp,Los Angeles Rams,8280,DST,LAR,4.0,0.0,4,4,,los-angeles-rams-defense.php,,,55.0,,,,,,,Los Angeles Rams,2026-05-08,LAR
/nfl/rankings/best-ball-dst.php,best-dst,bp,Chicago Bears,8050,DST,CHI,13.5,9.5,4,23,,chicago-defense.php,,,23.1,,,,,,,Chicago Bears,2026-05-08,CHI
/nfl/rankings/best-ball-dst.php,best-dst,bp,Philadelphia Eagles,8230,DST,PHI,5.0,0.0,5,5,,philadelphia-defense.php,,,74.2,,,,,,,Philadelphia Eagles,2026-05-08,PHI
/nfl/rankings/best-ball-dst.php,best-dst,bp,New York Jets,8210,DST,NYJ,18.0,13.0,5,31,,new-york-jets-defense.php,,,13.7,,,,,,,New York Jets,2026-05-08,NYJ
/nfl/rankings/best-ball-dst.php,best-dst,bp,Minnesota Vikings,8170,DST,MIN,6.0,0.0,6,6,,minnesota-defense.php,,,62.5,,,,,,,Minnesota Vikings,2026-05-08,MIN
/nfl/rankings/best-ball-dst.php,best-dst,bp,Tampa Bay Buccaneers,8290,DST,TB,13.5,7.5,6,21,,tampa-bay-defense.php,,,35.4,,,,,,,Tampa Bay Buccaneers,2026-05-08,TBB
/nfl/rankings/best-ball-dst.php,best-dst,bp,Jacksonville Jaguars,8140,DST,JAC,7.0,0.0,7,7,,jacksonville-defense.php,,,51.1,,,,,2.0,,Jacksonville Jaguars,2026-05-08,JAC
/nfl/rankings/best-ball-dst.php,best-dst,bp,Dallas Cowboys,8080,DST,DAL,12.0,5.0,7,17,,dallas-defense.php,,,26.7,,,,,,,Dallas Cowboys,2026-05-08,DAL
/nfl/rankings/best-ball-dst.php,best-dst,bp,New England Patriots,8180,DST,NE,8.0,0.0,8,8,,new-england-defense.php,,,60.3,,,,,-2.0,,New England Patriots,2026-05-08,NEP
/nfl/rankings/best-ball-dst.php,best-dst,bp,Carolina Panthers,8040,DST,CAR,15.0,7.0,8,22,,carolina-defense.php,,,19.5,,,,,,,Carolina Panthers,2026-05-08,CAR
/nfl/rankings/best-ball-dst.php,best-dst,bp,Los Angeles Chargers,8250,DST,LAC,9.0,0.0,9,9,,los-angeles-chargers-defense.php,,,37.7,,,,,,,Los Angeles Chargers,2026-05-08,LAC
/nfl/rankings/best-ball-dst.php,best-dst,bp,New York Giants,8200,DST,NYG,17.5,8.5,9,26,,new-york-giants-defense.php,,,38.7,,,,,,,New York Giants,2026-05-08,NYG
/nfl/rankings/best-ball-dst.php,best-dst,bp,Green Bay Packers,8110,DST,GB,10.0,0.0,10,10,,green-bay-defense.php,,,36.0,,,,,,,Green Bay Packers,2026-05-08,GBP
/nfl/rankings/best-ball-dst.php,best-dst,bp,Arizona Cardinals,8000,DST,ARI,21.0,11.0,10,32,,arizona-defense.php,,,9.9,,,,,,,Arizona Cardinals,2026-05-08,ARI
/nfl/rankings/best-ball-dst.php,best-dst,bp,Pittsburgh Steelers,8240,DST,PIT,11.0,0.0,11,11,,pittsburgh-defense.php,,,59.3,,,,,,,Pittsburgh Steelers,2026-05-08,PIT
/nfl/rankings/best-ball-dst.php,best-dst,bp,Cleveland Browns,8070,DST,CLE,12.0,0.0,12,12,,cleveland-defense.php,,,37.3,,,,,,,Cleveland Browns,2026-05-08,CLE
/nfl/rankings/best-ball-dst.php,best-dst,bp,Detroit Lions,8100,DST,DET,13.0,0.0,13,13,,detroit-defense.php,,,54.8,,,,,,,Detroit Lions,2026-05-08,DET
/nfl/rankings/best-ball-dst.php,best-dst,bp,Kansas City Chiefs,8150,DST,KC,14.0,0.0,14,14,,kansas-city-defense.php,,,35.9,,,,,,,Kansas City Chiefs,2026-05-08,KCC
/nfl/rankings/best-ball-dst.php,best-dst,bp,Buffalo Bills,8030,DST,BUF,15.0,0.0,15,15,,buffalo-defense.php,,,48.8,,,,,,,Buffalo Bills,2026-05-08,BUF
/nfl/rankings/best-ball-dst.php,best-dst,bp,Baltimore Ravens,8020,DST,BAL,16.0,0.0,16,16,,baltimore-defense.php,,,39.4,,,,,,,Baltimore Ravens,2026-05-08,BAL
/nfl/rankings/best-ball-dst.php,best-dst,bp,New Orleans Saints,8190,DST,NO,18.0,0.0,18,18,,new-orleans-defense.php,,,38.9,,,,,,,New Orleans Saints,2026-05-08,NOS
/nfl/rankings/best-ball-dst.php,best-dst,bp,Atlanta Falcons,8010,DST,ATL,19.0,0.0,19,19,,atlanta-defense.php,,,26.2,,,,,,,Atlanta Falcons,2026-05-08,ATL
/nfl/rankings/best-ball-dst.php,best-dst,bp,Tennessee Titans,8300,DST,TEN,25.0,0.0,25,25,,tennessee-defense.php,,,20.7,,,,,,,Tennessee Titans,2026-05-08,TEN
/nfl/rankings/best-ball-dst.php,best-dst,bp,Cincinnati Bengals,8060,DST,CIN,27.0,0.0,27,27,,cincinnati-defense.php,,,11.6,,,,,,,Cincinnati Bengals,2026-05-08,CIN
/nfl/rankings/best-ball-dst.php,best-dst,bp,Washington Commanders,8310,DST,WAS,28.0,0.0,28,28,,washington-defense.php,,,26.7,,,,,,,Washington Commanders,2026-05-08,WAS
/nfl/rankings/best-ball-dst.php,best-dst,bp,Las Vegas Raiders,8220,DST,LV,30.0,0.0,30,30,,las-vegas-defense.php,,,20.8,,,,,,,Las Vegas Raiders,2026-05-08,LVR
/nfl/rankings/best-ball-overall.php,best-overall,bo,Bijan Robinson,23133,RB,ATL,1.4,0.8,1,3,,bijan-robinson.php,,,98.7,,,,,,,Bijan Robinson,2026-05-08,ATL
/nfl/rankings/best-ball-overall.php,best-overall,bo,Jahmyr Gibbs,22968,RB,DET,2.0,0.0,2,2,,jahmyr-gibbs.php,,,98.7,,,,,,,Jahmyr Gibbs,2026-05-08,DET
/nfl/rankings/best-ball-overall.php,best-overall,bo,Ja'Marr Chase,19788,WR,CIN,2.8,0.4,2,3,,jamarr-chase.php,,,98.9,,,,,,,JaMarr Chase,2026-05-08,CIN
/nfl/rankings/best-ball-overall.php,best-overall,bo,Puka Nacua,23180,WR,LAR,4.4,0.49,4,5,,puka-nacua.php,,,99.1,,,,,1.0,,Puka Nacua,2026-05-08,LAR
/nfl/rankings/best-ball-overall.php,best-overall,bo,Jaxon Smith-Njigba,23070,WR,SEA,4.8,0.75,4,6,,jaxon-smith-njigba.php,,,99.0,,,,,-1.0,,Jaxon Smith-Njigba,2026-05-08,SEA
/nfl/rankings/best-ball-overall.php,best-overall,bo,Jonathan Taylor,19217,RB,IND,7.4,1.85,6,11,,jonathan-taylor.php,,,98.5,,,,,,,Jonathan Taylor,2026-05-08,IND
/nfl/rankings/best-ball-overall.php,best-overall,bo,Amon-Ra St. Brown,19799,WR,DET,7.8,0.75,7,9,,amonra-stbrown.php,,,98.9,,,,,,,Amon-Ra St Brown,2026-05-08,DET
/nfl/rankings/best-ball-overall.php,best-overall,bo,Christian McCaffrey,16393,RB,SF,8.0,1.41,6,10,,christian-mccaffrey.php,,,99.0,,,,,2.0,,Christian McCaffrey,2026-05-08,SFO
/nfl/rankings/best-ball-overall.php,best-overall,bo,James Cook III,22958,RB,BUF,9.2,3.06,5,12,,james-cook.php,,,98.8,,,,,-2.0,,James Cook,2026-05-08,BUF
/nfl/rankings/best-ball-overall.php,best-overall,bo,Justin Jefferson,19236,WR,MIN,9.6,0.49,9,10,,justin-jefferson.php,,,87.5,,,,,,,Justin Jefferson,2026-05-08,MIN
/nfl/rankings/best-ball-overall.php,best-overall,bo,CeeDee Lamb,19202,WR,DAL,10.4,1.85,8,13,,ceedee-lamb.php,,,98.6,,,,,-1.0,,CeeDee Lamb,2026-05-08,DAL
/nfl/rankings/best-ball-overall.php,best-overall,bo,Drake London,23163,WR,ATL,14.4,2.42,11,18,,drake-london.php,,,98.3,,,,,,,Drake London,2026-05-08,ATL
/nfl/rankings/best-ball-overall.php,best-overall,bo,Ashton Jeanty,25989,RB,LV,14.4,1.85,11,16,,ashton-jeanty.php,,,87.7,,,,,,,Ashton Jeanty,2026-05-08,LVR
/nfl/rankings/best-ball-overall.php,best-overall,bo,De'Von Achane,23136,RB,MIA,14.8,0.75,14,16,,devon-achane.php,,,98.6,,,,,3.0,,DeVon Achane,2026-05-08,MIA
/nfl/rankings/best-ball-overall.php,best-overall,bo,Omarion Hampton,25395,RB,LAC,17.0,4.0,12,23,,omarion-hampton.php,,,87.2,,,,,,,Omarion Hampton,2026-05-08,LAC
/nfl/rankings/best-ball-overall.php,best-overall,bo,Chase Brown,25324,RB,CIN,18.0,2.97,15,23,,chase-brown.php,,,97.7,,,,,-3.0,,Chase Brown,2026-05-08,CIN
/nfl/rankings/best-ball-overall.php,best-overall,bo,Malik Nabers,25409,WR,NYG,19.0,2.1,16,21,,malik-nabers.php,,,98.5,,,,,,,Malik Nabers,2026-05-08,NYG
/nfl/rankings/best-ball-overall.php,best-overall,bo,Kenneth Walker III,23021,RB,KC,19.0,1.79,17,22,,kenneth-walker-rb.php,,,87.4,,,,,,,Kenneth Walker,2026-05-08,KCC
/nfl/rankings/best-ball-overall.php,best-overall,bo,Nico Collins,20130,WR,HOU,19.8,2.48,17,24,,nico-collins.php,,,98.9,,,,,,,Nico Collins,2026-05-08,HOU
/nfl/rankings/best-ball-overall.php,best-overall,bo,Brock Bowers,22955,TE,LV,20.2,1.47,19,22,,brock-bowers.php,,,98.9,,,,,1.0,,Brock Bowers,2026-05-08,LVR
/nfl/rankings/best-ball-overall.php,best-overall,bo,Trey McBride,22936,TE,ARI,21.2,1.94,18,23,,trey-mcbride.php,,,98.4,,,,,-1.0,,Trey McBride,2026-05-08,ARI
/nfl/rankings/best-ball-overall.php,best-overall,bo,Saquon Barkley,17240,RB,PHI,21.4,5.08,13,28,,saquon-barkley.php,,,98.8,,,,,2.0,,Saquon Barkley,2026-05-08,PHI
/nfl/rankings/best-ball-overall.php,best-overall,bo,George Pickens,22963,WR,DAL,22.6,2.65,19,26,,george-pickens.php,,,98.4,,,,,,,George Pickens,2026-05-08,DAL
/nfl/rankings/best-ball-overall.php,best-overall,bo,A.J. Brown,18218,WR,PHI,23.2,3.31,18,27,,aj-brown.php,,,98.3,,,,,,,AJ Brown,2026-05-08,PHI
/nfl/rankings/best-ball-overall.php,best-overall,bo,Derrick Henry,15514,RB,BAL,24.0,6.0,17,33,,derrick-henry.php,,,97.9,,,,,,,Derrick Henry,2026-05-08,BAL
/nfl/rankings/best-ball-overall.php,best-overall,bo,Rashee Rice,23113,WR,KC,25.6,7.09,17,38,,rashee-rice.php,,,98.3,,,,,,,Rashee Rice,2026-05-08,KCC
/nfl/rankings/best-ball-overall.php,best-overall,bo,Josh Allen,17298,QB,BUF,28.6,3.38,24,33,,josh-allen-qb.php,,,99.2,,,,,,,Josh Allen,2026-05-08,BUF
/nfl/rankings/best-ball-overall.php,best-overall,bo,Jeremiyah Love,25403,RB,ARI,29.8,4.66,22,36,,jeremiyah-love.php,,,83.2,,,,,-2.0,,Jeremiyah Love,2026-05-08,ARI
/nfl/rankings/best-ball-overall.php,best-overall,bo,Chris Olave,20111,WR,NO,30.2,3.87,25,36,,chris-olave.php,,,97.5,,,,,,,Chris Olave,2026-05-08,NOS
/nfl/rankings/best-ball-overall.php,best-overall,bo,Josh Jacobs,18269,RB,GB,32.2,6.79,25,45,,josh-jacobs.php,,,98.3,,,,,2.0,,Josh Jacobs,2026-05-08,GBP
/nfl/rankings/best-ball-overall.php,best-overall,bo,Zay Flowers,22916,WR,BAL,33.2,3.43,29,38,,zay-flowers.php,,,97.6,,,,,3.0,,Zay Flowers,2026-05-08,BAL
/nfl/rankings/best-ball-overall.php,best-overall,bo,DeVonta Smith,19222,WR,PHI,33.4,3.61,29,39,,devonta-smith.php,,,86.7,,,,,,,DeVonta Smith,2026-05-08,PHI
/nfl/rankings/best-ball-overall.php,best-overall,bo,Javonte Williams,22739,RB,DAL,33.6,7.42,22,42,,javonte-williams.php,,,97.1,,,,,,,Javonte Williams,2026-05-08,DAL
/nfl/rankings/best-ball-overall.php,best-overall,bo,Tetairoa McMillan,25417,WR,CAR,34.4,5.28,26,40,,tetairoa-mcmillan.php,,,87.0,,,,,,,Tetairoa McMillan,2026-05-08,CAR
/nfl/rankings/best-ball-overall.php,best-overall,bo,Tee Higgins,19211,WR,CIN,35.0,2.76,31,39,,tee-higgins.php,,,97.0,,,,,-2.0,,Tee Higgins,2026-05-08,CIN
/nfl/rankings/best-ball-overall.php,best-overall,bo,Breece Hall,22982,RB,NYJ,35.8,3.54,30,41,,breece-hall.php,,,91.4,,,,,,,Breece Hall,2026-05-08,NYJ
/nfl/rankings/best-ball-overall.php,best-overall,bo,Garrett Wilson,23072,WR,NYJ,36.0,4.0,31,42,,garrett-wilson.php,,,97.4,,,,,,,Garrett Wilson,2026-05-08,NYJ
/nfl/rankings/best-ball-overall.php,best-overall,bo,Travis Etienne Jr.,19231,RB,NO,40.6,4.96,36,50,,travis-etienne.php,,,97.1,,,,,,,Travis Etienne,2026-05-08,NOS
/nfl/rankings/best-ball-overall.php,best-overall,bo,Kyren Williams,23059,RB,LAR,40.8,4.21,37,49,,kyren-williams.php,,,97.8,,,,,,,Kyren Williams,2026-05-08,LAR
/nfl/rankings/best-ball-overall.php,best-overall,bo,Colston Loveland,26006,TE,CHI,41.2,4.07,34,46,,colston-loveland.php,,,87.3,,,,,,,Colston Loveland,2026-05-08,CHI
/nfl/rankings/best-ball-overall.php,best-overall,bo,Ladd McConkey,26122,WR,LAC,42.2,4.92,35,48,,ladd-mcconkey.php,,,85.9,,,,,2.0,,Ladd McConkey,2026-05-08,LAC
/nfl/rankings/best-ball-overall.php,best-overall,bo,Lamar Jackson,17233,QB,BAL,43.6,7.03,35,53,,lamar-jackson.php,,,98.5,,,,,1.0,,Lamar Jackson,2026-05-08,BAL
/nfl/rankings/best-ball-overall.php,best-overall,bo,Jaylen Waddle,19790,WR,DEN,45.2,8.01,33,58,,jaylen-waddle.php,,,86.0,,,,,,,Jaylen Waddle,2026-05-08,DEN
/nfl/rankings/best-ball-overall.php,best-overall,bo,Bucky Irving,25981,RB,TB,47.0,7.04,40,58,,bucky-irving.php,,,97.1,,,,,,,Bucky Irving,2026-05-08,TBB
/nfl/rankings/best-ball-overall.php,best-overall,bo,Emeka Egbuka,23062,WR,TB,47.8,2.04,45,50,,emeka-egbuka.php,,,79.4,,,,,,,Emeka Egbuka,2026-05-08,TBB
/nfl/rankings/best-ball-overall.php,best-overall,bo,Terry McLaurin,18466,WR,WAS,47.8,2.4,46,52,,terry-mclaurin.php,,,84.7,,,,,,,Terry McLaurin,2026-05-08,WAS
/nfl/rankings/best-ball-overall.php,best-overall,bo,Luther Burden III,27016,WR,CHI,48.0,6.39,39,59,,luther-burden-iii.php,,,83.5,,,,,6.0,,Luther Burden,2026-05-08,CHI
/nfl/rankings/best-ball-overall.php,best-overall,bo,Jameson Williams,23677,WR,DET,49.0,7.35,42,61,,jameson-williams.php,,,89.8,,,,,6.0,,Jameson Williams,2026-05-08,DET
/nfl/rankings/best-ball-overall.php,best-overall,bo,DJ Moore,17265,WR,BUF,49.2,7.41,37,60,,dj-moore-wr.php,,,78.4,,,,,,,DJ Moore,2026-05-08,BUF
/nfl/rankings/best-ball-overall.php,best-overall,bo,Mike Evans,12119,WR,SF,49.8,4.53,44,55,,mike-evans.php,,,71.8,,,,,,,Mike Evans,2026-05-08,SFO
/nfl/rankings/best-ball-overall.php,best-overall,bo,Drake Maye,23046,QB,NE,51.4,15.67,28,67,,drake-maye.php,,,99.1,,,,,-2.0,,Drake Maye,2026-05-08,NEP
/nfl/rankings/best-ball-overall.php,best-overall,bo,Davante Adams,12123,WR,LAR,52.2,6.11,46,63,,davante-adams.php,,,97.6,,,,,,,Davante Adams,2026-05-08,LAR
/nfl/rankings/best-ball-overall.php,best-overall,bo,Christian Watson,23886,WR,GB,52.4,3.2,47,57,,christian-watson.php,,,69.9,,,,,-5.0,,Christian Watson,2026-05-08,GBP
/nfl/rankings/best-ball-overall.php,best-overall,bo,TreVeyon Henderson,23065,RB,NE,53.6,6.53,44,64,,treveyon-henderson.php,,,78.7,,,,,4.0,,TreVeyon Henderson,2026-05-08,NEP
/nfl/rankings/best-ball-overall.php,best-overall,bo,Joe Burrow,19196,QB,CIN,53.8,7.93,42,63,,joe-burrow.php,,,85.2,,,,,-1.0,,Joe Burrow,2026-05-08,CIN
/nfl/rankings/best-ball-overall.php,best-overall,bo,David Montgomery,18239,RB,HOU,54.2,2.32,51,57,,david-montgomery.php,,,77.0,,,,,,,David Montgomery,2026-05-08,HOU
/nfl/rankings/best-ball-overall.php,best-overall,bo,Jayden Daniels,22902,QB,WAS,54.4,4.76,48,61,,jayden-daniels.php,,,87.1,,,,,2.0,,Jayden Daniels,2026-05-08,WAS
/nfl/rankings/best-ball-overall.php,best-overall,bo,Quinshon Judkins,25391,RB,CLE,56.4,1.74,54,59,,quinshon-judkins.php,,,79.1,,,,,,,Quinshon Judkins,2026-05-08,CLE
/nfl/rankings/best-ball-overall.php,best-overall,bo,Carnell Tate,26009,WR,TEN,60.6,2.42,58,64,,carnell-tate.php,,,75.1,,,,,,,Carnell Tate,2026-05-08,TEN
/nfl/rankings/best-ball-overall.php,best-overall,bo,Alec Pierce,23791,WR,IND,61.4,9.52,44,73,,alec-pierce.php,,,70.1,,,,,,,Alec Pierce,2026-05-08,IND
/nfl/rankings/best-ball-overall.php,best-overall,bo,Cam Skattebo,27166,RB,NYG,62.6,8.36,51,77,,cam-skattebo.php,,,97.2,,,,,,,Cam Skattebo,2026-05-08,NYG
/nfl/rankings/best-ball-overall.php,best-overall,bo,Bhayshul Tuten,27297,RB,JAC,63.0,2.76,60,67,,bhayshul-tuten.php,,,70.5,,,,,,,Bhayshul Tuten,2026-05-08,JAC
/nfl/rankings/best-ball-overall.php,best-overall,bo,D'Andre Swift,19210,RB,CHI,63.2,3.31,59,68,,dandre-swift.php,,,88.4,,,,,,,DAndre Swift,2026-05-08,CHI
/nfl/rankings/best-ball-overall.php,best-overall,bo,Tyler Warren,26434,TE,IND,64.6,9.6,47,76,,tyler-warren.php,,,87.1,,,,,2.0,,Tyler Warren,2026-05-08,IND
/nfl/rankings/best-ball-overall.php,best-overall,bo,Jalen Hurts,19275,QB,PHI,66.2,5.19,61,73,,jalen-hurts.php,,,98.0,,,,,,,Jalen Hurts,2026-05-08,PHI
/nfl/rankings/best-ball-overall.php,best-overall,bo,Rome Odunze,25411,WR,CHI,67.6,12.14,54,86,,rome-odunze.php,,,77.7,,,,,,,Rome Odunze,2026-05-08,CHI
/nfl/rankings/best-ball-overall.php,best-overall,bo,Marvin Harrison Jr.,23064,WR,ARI,69.8,4.35,65,76,,marvin-harrison-jr.php,,,71.2,,,,,,,Marvin Harrison,2026-05-08,ARI
/nfl/rankings/best-ball-overall.php,best-overall,bo,Jordyn Tyson,26035,WR,NO,70.4,2.06,68,74,,jordyn-tyson.php,,,65.3,,,,,,,Jordyn Tyson,2026-05-08,NOS
/nfl/rankings/best-ball-overall.php,best-overall,bo,Caleb Williams,23084,QB,CHI,72.6,6.65,65,82,,caleb-williams.php,,,83.1,,,,,,,Caleb Williams,2026-05-08,CHI
/nfl/rankings/best-ball-overall.php,best-overall,bo,Jadarian Price,27329,RB,SEA,73.0,9.92,60,85,,jadarian-price.php,,,66.4,,,,,,,Jadarian Price,2026-05-08,SEA
/nfl/rankings/best-ball-overall.php,best-overall,bo,Tucker Kraft,25298,TE,GB,73.0,6.81,64,83,,tucker-kraft.php,,,91.5,,,,,-1.0,,Tucker Kraft,2026-05-08,GBP
/nfl/rankings/best-ball-overall.php,best-overall,bo,DK Metcalf,18219,WR,PIT,73.6,9.97,55,83,,dk-metcalf.php,,,72.6,,,,,,,DK Metcalf,2026-05-08,PIT
/nfl/rankings/best-ball-overall.php,best-overall,bo,Jaxson Dart,23160,QB,NYG,74.2,9.52,62,88,,jaxson-dart.php,,,84.4,,,,,,,Jaxson Dart,2026-05-08,NYG
/nfl/rankings/best-ball-overall.php,best-overall,bo,RJ Harvey,27142,RB,DEN,75.0,6.6,66,81,,rj-harvey.php,,,69.9,,,,,,,RJ Harvey,2026-05-08,DEN
/nfl/rankings/best-ball-overall.php,best-overall,bo,Chuba Hubbard,19792,RB,CAR,76.4,9.39,64,91,,chuba-hubbard.php,,,77.3,,,,,,,Chuba Hubbard,2026-05-08,CAR
/nfl/rankings/best-ball-overall.php,best-overall,bo,Jaylen Warren,24209,RB,PIT,78.2,5.15,71,87,,jaylen-warren.php,,,69.5,,,,,3.0,,Jaylen Warren,2026-05-08,PIT
/nfl/rankings/best-ball-overall.php,best-overall,bo,Justin Herbert,18635,QB,LAC,78.6,12.64,58,96,,justin-herbert.php,,,79.6,,,,,,,Justin Herbert,2026-05-08,LAC
/nfl/rankings/best-ball-overall.php,best-overall,bo,Makai Lemon,25420,WR,PHI,78.6,3.61,74,83,,makai-lemon.php,,,69.4,,,,,,,Makai Lemon,2026-05-08,PHI
/nfl/rankings/best-ball-overall.php,best-overall,bo,Rhamondre Stevenson,22726,RB,NE,79.8,9.06,71,93,,rhamondre-stevenson.php,,,69.8,,,,,,,Rhamondre Stevenson,2026-05-08,NEP
/nfl/rankings/best-ball-overall.php,best-overall,bo,Courtland Sutton,17253,WR,DEN,80.0,4.77,71,84,,courtland-sutton.php,,,78.0,,,,,,,Courtland Sutton,2026-05-08,DEN
/nfl/rankings/best-ball-overall.php,best-overall,bo,Sam LaPorta,22978,TE,DET,80.2,5.64,73,87,,sam-laporta.php,,,94.6,,,,,-3.0,,Sam LaPorta,2026-05-08,DET
/nfl/rankings/best-ball-overall.php,best-overall,bo,Brock Purdy,19797,QB,SF,80.4,7.39,72,94,,brock-purdy.php,,,82.8,,,,,,,Brock Purdy,2026-05-08,SFO
/nfl/rankings/best-ball-overall.php,best-overall,bo,Kyle Pitts Sr.,20164,TE,ATL,82.2,8.4,72,96,,kyle-pitts.php,,,96.0,,,,,,,Kyle Pitts,2026-05-08,ATL
/nfl/rankings/best-ball-overall.php,best-overall,bo,Dak Prescott,15600,QB,DAL,83.4,6.09,76,89,,dak-prescott.php,,,82.4,,,,,,,Dak Prescott,2026-05-08,DAL
/nfl/rankings/best-ball-overall.php,best-overall,bo,Harold Fannin Jr.,27050,TE,CLE,84.8,13.08,69,104,,harold-fannin-jr.php,,,83.9,,,,,2.0,,Harold Fannin,2026-05-08,CLE
/nfl/rankings/best-ball-overall.php,best-overall,bo,Brian Thomas Jr.,23000,WR,JAC,86.4,12.64,69,108,,brian-thomas-jr.php,,,70.4,,,,,4.0,,Brian Thomas,2026-05-08,JAC
/nfl/rankings/best-ball-overall.php,best-overall,bo,Trevor Lawrence,19780,QB,JAC,87.4,9.46,77,104,,trevor-lawrence.php,,,87.6,,,,,,,Trevor Lawrence,2026-05-08,JAC
/nfl/rankings/best-ball-overall.php,best-overall,bo,Jakobi Meyers,18598,WR,JAC,90.2,9.11,81,107,,jakobi-meyers.php,,,69.8,,,,,,,Jakobi Meyers,2026-05-08,JAC
/nfl/rankings/best-ball-overall.php,best-overall,bo,Michael Wilson,25333,WR,ARI,90.4,2.87,87,95,,michael-wilson.php,,,69.4,,,,,,,Michael Wilson,2026-05-08,ARI
/nfl/rankings/best-ball-overall.php,best-overall,bo,Rico Dowdle,19647,RB,PIT,90.8,8.03,76,98,,rico-dowdle.php,,,69.5,,,,,-4.0,,Rico Dowdle,2026-05-08,PIT
/nfl/rankings/best-ball-overall.php,best-overall,bo,Kyle Monangai,27131,RB,CHI,91.0,6.78,82,101,,kyle-monangai.php,,,68.6,,,,,,,Kyle Monangai,2026-05-08,CHI
/nfl/rankings/best-ball-overall.php,best-overall,bo,Parker Washington,23106,WR,JAC,91.2,15.77,70,106,,parker-washington.php,,,69.0,,,,,,,Parker Washington,2026-05-08,JAC
/nfl/rankings/best-ball-overall.php,best-overall,bo,Jordan Addison,23107,WR,MIN,92.2,12.37,78,107,,jordan-addison.php,,,68.5,,,,,7.0,,Jordan Addison,2026-05-08,MIN
/nfl/rankings/best-ball-overall.php,best-overall,bo,Chris Godwin Jr.,16406,WR,TB,92.8,2.71,89,95,,chris-godwin.php,,,69.5,,,,,,,Chris Godwin,2026-05-08,TBB
/nfl/rankings/best-ball-overall.php,best-overall,bo,Tony Pollard,18705,RB,TEN,94.2,9.39,79,108,,tony-pollard.php,,,69.8,,,,,,,Tony Pollard,2026-05-08,TEN
/nfl/rankings/best-ball-overall.php,best-overall,bo,J.K. Dobbins,19245,RB,DEN,95.0,5.02,92,105,,jk-dobbins.php,,,68.9,,,,,,,JK Dobbins,2026-05-08,DEN
/nfl/rankings/best-ball-overall.php,best-overall,bo,KC Concepcion,27331,WR,CLE,95.4,7.31,86,102,,kevin-concepcion.php,,,56.0,,,,,-6.0,,KC Concepcion,2026-05-08,CLE
/nfl/rankings/best-ball-overall.php,best-overall,bo,Patrick Mahomes II,16413,QB,KC,95.6,6.71,87,103,,patrick-mahomes.php,,,82.7,,,,,,,Patrick Mahomes,2026-05-08,KCC
/nfl/rankings/best-ball-overall.php,best-overall,bo,Ricky Pearsall,26214,WR,SF,95.6,6.28,89,106,,ricky-pearsall.php,,,67.9,,,,,,,Ricky Pearsall,2026-05-08,SFO
/nfl/rankings/best-ball-overall.php,best-overall,bo,Michael Pittman Jr.,19278,WR,PIT,101.2,4.12,97,108,,michael-pittman.php,,,71.3,,,,,,,Michael Pittman,2026-05-08,PIT
/nfl/rankings/best-ball-overall.php,best-overall,bo,Blake Corum,23013,RB,LAR,102.8,8.57,92,117,,blake-corum.php,,,65.6,,,,,,,Blake Corum,2026-05-08,LAR
/nfl/rankings/best-ball-overall.php,best-overall,bo,Josh Downs,24706,WR,IND,103.6,12.34,88,119,,josh-downs.php,,,64.7,,,,,,,Josh Downs,2026-05-08,IND
/nfl/rankings/best-ball-overall.php,best-overall,bo,Jayden Reed,23020,WR,GB,104.4,7.86,95,114,,jayden-reed.php,,,63.2,,,,,,,Jayden Reed,2026-05-08,GBP
/nfl/rankings/best-ball-overall.php,best-overall,bo,Wan'Dale Robinson,22985,WR,TEN,104.4,4.18,101,110,,wandale-robinson.php,,,68.9,,,,,,,WanDale Robinson,2026-05-08,TEN
/nfl/rankings/best-ball-overall.php,best-overall,bo,Matthew Stafford,9451,QB,LAR,106.6,4.22,101,112,,matthew-stafford.php,,,83.5,,,,,3.0,,Matthew Stafford,2026-05-08,LAR
/nfl/rankings/best-ball-overall.php,best-overall,bo,Bo Nix,22910,QB,DEN,107.4,3.44,104,112,,bo-nix.php,,,70.7,,,,,,,Bo Nix,2026-05-08,DEN
/nfl/rankings/best-ball-overall.php,best-overall,bo,Kyler Murray,18600,QB,MIN,108.0,5.4,100,117,,kyler-murray.php,,,67.6,,,,,,,Kyler Murray,2026-05-08,MIN
/nfl/rankings/best-ball-overall.php,best-overall,bo,Travis Kelce,11594,TE,KC,108.2,12.34,93,126,,travis-kelce.php,,,82.1,,,,,,,Travis Kelce,2026-05-08,KCC
/nfl/rankings/best-ball-overall.php,best-overall,bo,Jared Goff,15501,QB,DET,112.8,13.21,89,128,,jared-goff.php,,,55.0,,,,,-3.0,,Jared Goff,2026-05-08,DET
/nfl/rankings/best-ball-overall.php,best-overall,bo,George Kittle,16499,TE,SF,113.0,5.9,105,122,,george-kittle.php,,,82.3,,,,,,,George Kittle,2026-05-08,SFO
/nfl/rankings/best-ball-overall.php,best-overall,bo,Romeo Doubs,23794,WR,NE,113.2,15.73,94,136,,romeo-doubs.php,,,67.5,,,,,,,Romeo Doubs,2026-05-08,NEP
/nfl/rankings/best-ball-overall.php,best-overall,bo,Oronde Gadsden II,25997,TE,LAC,114.2,5.91,109,125,,oronde-gadsden-ii.php,,,52.7,,,,,2.0,,Oronde Gadsden,2026-05-08,LAC
/nfl/rankings/best-ball-overall.php,best-overall,bo,Jacory Croskey-Merritt,27316,RB,WAS,114.8,8.42,102,126,,jacory-croskeymerritt.php,,,54.2,,,,,,,Jacory Croskey-Merritt,2026-05-08,WAS
/nfl/rankings/best-ball-overall.php,best-overall,bo,Jordan Love,19246,QB,GB,115.0,4.94,109,123,,jordan-love.php,,,47.8,,,,,,,Jordan Love,2026-05-08,GBP
/nfl/rankings/best-ball-overall.php,best-overall,bo,Jayden Higgins,27077,WR,HOU,115.4,8.19,100,122,,jayden-higgins.php,,,45.0,,,,,,,Jayden Higgins,2026-05-08,HOU
/nfl/rankings/best-ball-overall.php,best-overall,bo,Kenneth Gainwell,23310,RB,TB,115.8,2.79,113,120,,kenneth-gainwell.php,,,67.8,,,,,,,Kenneth Gainwell,2026-05-08,TBB
/nfl/rankings/best-ball-overall.php,best-overall,bo,Baker Mayfield,17237,QB,TB,117.8,5.56,112,127,,baker-mayfield.php,,,54.2,,,,,-3.0,,Baker Mayfield,2026-05-08,TBB
/nfl/rankings/best-ball-overall.php,best-overall,bo,Isaiah Likely,23781,TE,NYG,118.2,14.74,97,134,,isaiah-likely.php,,,70.1,,,,,-4.0,,Isaiah Likely,2026-05-08,NYG
/nfl/rankings/best-ball-overall.php,best-overall,bo,Rachaad White,23891,RB,WAS,120.0,12.46,97,135,,rachaad-white.php,,,65.8,,,,,,,Rachaad White,2026-05-08,WAS
/nfl/rankings/best-ball-overall.php,best-overall,bo,Tyler Shough,23096,QB,NO,120.0,10.37,106,133,,tyler-shough.php,,,58.8,,,,,2.0,,Tyler Shough,2026-05-08,NOS
/nfl/rankings/best-ball-overall.php,best-overall,bo,Jake Ferguson,22718,TE,DAL,120.6,7.53,107,129,,jake-ferguson.php,,,69.6,,,,,,,Jake Ferguson,2026-05-08,DAL
/nfl/rankings/best-ball-overall.php,best-overall,bo,Aaron Jones Sr.,16673,RB,MIN,121.8,10.24,107,137,,aaron-jones.php,,,68.1,,,,,,,Aaron Jones,2026-05-08,MIN
/nfl/rankings/best-ball-overall.php,best-overall,bo,Dalton Kincaid,25247,TE,BUF,122.2,18.02,101,155,,dalton-kincaid.php,,,52.8,,,,,,,Dalton Kincaid,2026-05-08,BUF
/nfl/rankings/best-ball-overall.php,best-overall,bo,Malik Willis,23499,QB,MIA,122.6,4.41,118,130,,malik-willis.php,,,43.9,,,,,,,Malik Willis,2026-05-08,MIA
/nfl/rankings/best-ball-overall.php,best-overall,bo,Xavier Worthy,23019,WR,KC,124.4,5.54,117,132,,xavier-worthy.php,,,66.7,,,,,,,Xavier Worthy,2026-05-08,KCC
/nfl/rankings/best-ball-overall.php,best-overall,bo,Quentin Johnston,23123,WR,LAC,125.2,16.58,104,148,,quentin-johnston.php,,,72.5,,,,,,,Quentin Johnston,2026-05-08,LAC
/nfl/rankings/best-ball-overall.php,best-overall,bo,Omar Cooper Jr.,28127,WR,NYJ,126.0,3.85,119,130,,omar-cooper-jr.php,,,34.8,,,,,,,Omar Cooper,2026-05-08,NYJ
/nfl/rankings/best-ball-overall.php,best-overall,bo,Jordan Mason,22969,RB,MIN,126.2,4.79,118,133,,jordan-mason.php,,,48.8,,,,,,,Jordan Mason,2026-05-08,MIN
/nfl/rankings/best-ball-overall.php,best-overall,bo,Chris Rodriguez Jr.,22986,RB,JAC,128.0,11.61,118,150,,chris-rodriguez-jr.php,,,45.4,,,,,6.0,,Chris Rodriguez,2026-05-08,JAC
/nfl/rankings/best-ball-overall.php,best-overall,bo,Khalil Shakir,23748,WR,BUF,129.0,3.41,124,134,,khalil-shakir.php,,,66.8,,,,,,,Khalil Shakir,2026-05-08,BUF
/nfl/rankings/best-ball-overall.php,best-overall,bo,Mark Andrews,17269,TE,BAL,130.8,4.79,122,136,,mark-andrews.php,,,67.5,,,,,2.0,,Mark Andrews,2026-05-08,BAL
/nfl/rankings/best-ball-overall.php,best-overall,bo,Jalen Coker,26403,WR,CAR,133.2,11.55,120,148,,jalen-coker.php,,,55.2,,,,,,,Jalen Coker,2026-05-08,CAR
/nfl/rankings/best-ball-overall.php,best-overall,bo,Jonathon Brooks,26148,RB,CAR,135.0,17.65,112,157,,jonathon-brooks.php,,,48.7,,,,,,,Jonathon Brooks,2026-05-08,CAR
/nfl/rankings/best-ball-overall.php,best-overall,bo,Dallas Goedert,17270,TE,PHI,136.0,10.43,126,153,,dallas-goedert.php,,,87.5,,,,,,,Dallas Goedert,2026-05-08,PHI
/nfl/rankings/best-ball-overall.php,best-overall,bo,Tyler Allgeier,24172,RB,ARI,138.2,11.92,119,151,,tyler-allgeier.php,,,50.4,,,,,,,Tyler Allgeier,2026-05-08,ARI
/nfl/rankings/best-ball-overall.php,best-overall,bo,Denzel Boston,27339,WR,CLE,138.8,1.47,136,140,,denzel-boston.php,,,41.5,,,,,,,Denzel Boston,2026-05-08,CLE
/nfl/rankings/best-ball-overall.php,best-overall,bo,Sam Darnold,17236,QB,SEA,139.0,4.98,134,146,,sam-darnold.php,,,45.6,,,,,,,Sam Darnold,2026-05-08,SEA
/nfl/rankings/best-ball-overall.php,best-overall,bo,Matthew Golden,26024,WR,GB,139.2,15.0,114,160,,matthew-golden.php,,,65.9,,,,,,,Matthew Golden,2026-05-08,GBP
/nfl/rankings/best-ball-overall.php,best-overall,bo,Juwan Johnson,19562,TE,NO,142.4,4.76,136,150,,juwan-johnson.php,,,48.7,,,,,,,Juwan Johnson,2026-05-08,NOS
/nfl/rankings/best-ball-overall.php,best-overall,bo,Jonah Coleman,27320,RB,DEN,143.8,12.69,133,167,,jonah-coleman.php,,,39.6,,,,,,,Jonah Coleman,2026-05-08,DEN
/nfl/rankings/best-ball-overall.php,best-overall,bo,C.J. Stroud,23071,QB,HOU,144.0,8.12,132,155,,cj-stroud.php,,,43.0,,,,,,,CJ Stroud,2026-05-08,HOU
/nfl/rankings/best-ball-overall.php,best-overall,bo,Zach Charbonnet,23152,RB,SEA,145.4,24.35,124,191,,zach-charbonnet.php,,,65.3,,,,,,,Zach Charbonnet,2026-05-08,SEA
/nfl/rankings/best-ball-overall.php,best-overall,bo,Tyrone Tracy Jr.,22980,RB,NYG,148.8,8.08,138,157,,tyrone-tracy-jr.php,,,41.9,,,,,,,Tyrone Tracy,2026-05-08,NYG
/nfl/rankings/best-ball-overall.php,best-overall,bo,Keaton Mitchell,25360,RB,LAC,150.8,6.94,143,159,,keaton-mitchell.php,,,36.7,,,,,,,Keaton Mitchell,2026-05-08,LAC
/nfl/rankings/best-ball-overall.php,best-overall,bo,Brenton Strange,25345,TE,JAC,151.0,9.7,137,165,,brenton-strange.php,,,42.6,,,,,,,Brenton Strange,2026-05-08,JAC
/nfl/rankings/best-ball-overall.php,best-overall,bo,Dylan Sampson,27102,RB,CLE,153.0,11.24,134,167,,dylan-sampson.php,,,39.2,,,,,,,Dylan Sampson,2026-05-08,CLE
/nfl/rankings/best-ball-overall.php,best-overall,bo,Jalen McMillan,23179,WR,TB,153.6,20.0,129,179,,jalen-mcmillan.php,,,45.1,,,,,,,Jalen McMillan,2026-05-08,TBB
/nfl/rankings/best-ball-overall.php,best-overall,bo,Rashid Shaheed,24687,WR,SEA,154.0,8.29,142,164,,rashid-shaheed.php,,,49.6,,,,,,,Rashid Shaheed,2026-05-08,SEA
/nfl/rankings/best-ball-overall.php,best-overall,bo,Woody Marks,27520,RB,HOU,154.0,4.56,146,160,,woody-marks.php,,,62.7,,,,,,,Woody Marks,2026-05-08,HOU
/nfl/rankings/best-ball-overall.php,best-overall,bo,Cam Ward,24755,QB,TEN,155.4,13.09,141,178,,cam-ward.php,,,36.3,,,,,,,Cam Ward,2026-05-08,TEN
/nfl/rankings/best-ball-overall.php,best-overall,bo,Bryce Young,22900,QB,CAR,156.6,17.81,138,190,,bryce-young.php,,,41.4,,,,,,,Bryce Young,2026-05-08,CAR
/nfl/rankings/best-ball-overall.php,best-overall,bo,Kenyon Sadiq,26055,TE,NYJ,158.0,25.13,130,202,,kenyon-sadiq.php,,,56.2,,,,,2.0,,Kenyon Sadiq,2026-05-08,NYJ
/nfl/rankings/best-ball-overall.php,best-overall,bo,Stefon Diggs,13981,WR,FA,158.0,19.06,141,193,,stefon-diggs.php,,,48.5,,,,,14.0,,Stefon Diggs,2026-05-08,FA
/nfl/rankings/best-ball-overall.php,best-overall,bo,Isiah Pacheco,24333,RB,DET,159.6,13.87,138,177,,isiah-pacheco.php,,,54.9,,,,,,,Isiah Pacheco,2026-05-08,DET
/nfl/rankings/best-ball-overall.php,best-overall,bo,Chig Okonkwo,23982,TE,WAS,160.2,8.23,152,175,,chigoziem-okonkwo.php,,,34.4,,,,,-4.0,,Chigoziem Okonkwo,2026-05-08,WAS
/nfl/rankings/best-ball-overall.php,best-overall,bo,Emmett Johnson,28107,RB,KC,164.0,14.6,144,185,,emmett-johnson.php,,,33.1,,,,,,,Emmett Johnson,2026-05-08,KCC
/nfl/rankings/best-ball-overall.php,best-overall,bo,Hunter Henry,15561,TE,NE,164.4,14.09,145,180,,hunter-henry.php,,,50.1,,,,,,,Hunter Henry,2026-05-08,NEP
/nfl/rankings/best-ball-overall.php,best-overall,bo,Jalen Nailor,24177,WR,LV,164.8,20.17,148,204,,jalen-nailor.php,,,30.0,,,,,,,Jalen Nailor,2026-05-08,LVR
/nfl/rankings/best-ball-overall.php,best-overall,bo,Jerry Jeudy,19201,WR,CLE,165.4,7.86,152,175,,jerry-jeudy.php,,,56.4,,,,,,,Jerry Jeudy,2026-05-08,CLE
/nfl/rankings/best-ball-overall.php,best-overall,bo,Braelon Allen,24346,RB,NYJ,166.0,28.43,144,222,,braelon-allen.php,,,38.3,,,,,,,Braelon Allen,2026-05-08,NYJ
/nfl/rankings/best-ball-overall.php,best-overall,bo,Tyjae Spears,25323,RB,TEN,167.8,6.31,159,176,,tyjae-spears.php,,,56.7,,,,,,,Tyjae Spears,2026-05-08,TEN
/nfl/rankings/best-ball-overall.php,best-overall,bo,Daniel Jones,18232,QB,IND,168.2,29.35,146,226,,daniel-jones.php,,,50.4,,,,,,,Daniel Jones,2026-05-08,IND
/nfl/rankings/best-ball-overall.php,best-overall,bo,Geno Smith,11687,QB,NYJ,169.0,27.0,137,217,,geno-smith.php,,,31.4,,,,,,,Geno Smith,2026-05-08,NYJ
/nfl/rankings/best-ball-overall.php,best-overall,bo,Antonio Williams,25418,WR,WAS,170.2,14.95,152,196,,antonio-williams-wr.php,,,25.6,,,,,-6.0,,Antonio Williams,2026-05-08,WAS
/nfl/rankings/best-ball-overall.php,best-overall,bo,Alvin Kamara,16421,RB,NO,170.8,18.25,155,199,,alvin-kamara.php,,,62.6,,,,,,,Alvin Kamara,2026-05-08,NOS
/nfl/rankings/best-ball-overall.php,best-overall,bo,Tre Tucker,25337,WR,LV,173.2,31.49,138,219,,tre-tucker.php,,,34.6,,,,,18.0,,Tre Tucker,2026-05-08,LVR
/nfl/rankings/best-ball-overall.php,best-overall,bo,Germie Bernard,26039,WR,PIT,173.8,19.57,153,199,,germie-bernard.php,,,32.3,,,,,,,Germie Bernard,2026-05-08,PIT
/nfl/rankings/best-ball-overall.php,best-overall,bo,T.J. Hockenson,18290,TE,MIN,174.8,24.47,139,211,,tj-hockenson.php,,,59.0,,,,,,,TJ Hockenson,2026-05-08,MIN
/nfl/rankings/best-ball-overall.php,best-overall,bo,Fernando Mendoza,28013,QB,LV,176.2,5.81,168,186,,fernando-mendoza.php,,,51.0,,,,,,,Fernando Mendoza,2026-05-08,LVR
/nfl/rankings/best-ball-overall.php,best-overall,bo,Brian Robinson Jr.,20094,RB,ATL,176.4,17.23,152,201,,brian-robinson-jr.php,,,41.9,,,,,,,Brian Robinson,2026-05-08,ATL
/nfl/rankings/best-ball-overall.php,best-overall,bo,Kayshon Boutte,22989,WR,NE,177.0,5.97,171,188,,kayshon-boutte.php,,,39.8,,,,,,,Kayshon Boutte,2026-05-08,NEP
/nfl/rankings/best-ball-overall.php,best-overall,bo,Brandon Aiyuk,19252,WR,SF,177.2,9.15,162,189,,brandon-aiyuk.php,,,43.7,,,,,,,Brandon Aiyuk,2026-05-08,SFO
/nfl/rankings/best-ball-overall.php,best-overall,bo,Kaytron Allen,24362,RB,WAS,177.6,17.62,154,202,,kaytron-allen.php,,,28.7,,,,,,,Kaytron Allen,2026-05-08,WAS
/nfl/rankings/best-ball-overall.php,best-overall,bo,Dalton Schultz,17349,TE,HOU,177.8,8.21,166,189,,dalton-schultz.php,,,35.7,,,,,,,Dalton Schultz,2026-05-08,HOU
/nfl/rankings/best-ball-overall.php,best-overall,bo,Tank Bigsby,22908,RB,PHI,179.4,4.88,170,184,,tank-bigsby.php,,,37.7,,,,,,,Tank Bigsby,2026-05-08,PHI
/nfl/rankings/best-ball-overall.php,best-overall,bo,Jauan Jennings,19590,WR,MIN,180.2,35.83,143,242,,jauan-jennings.php,,,44.8,,,,,,,Jauan Jennings,2026-05-08,MIN
/nfl/rankings/best-ball-overall.php,best-overall,bo,Deebo Samuel Sr.,18244,WR,FA,180.4,18.86,157,213,,deebo-samuel.php,,,44.1,,,,,14.0,,Deebo Samuel,2026-05-08,FA
/nfl/rankings/best-ball-overall.php,best-overall,bo,Mike Washington Jr.,28108,RB,LV,181.2,23.32,150,213,,mike-washington-jr.php,,,23.2,,,,,-7.0,,Mike Washington,2026-05-08,LVR
/nfl/rankings/best-ball-overall.php,best-overall,bo,Emanuel Wilson,25885,RB,SEA,182.2,23.79,144,216,,emanuel-wilson.php,,,36.8,,,,,,,Emanuel Wilson,2026-05-08,SEA
/nfl/rankings/best-ball-overall.php,best-overall,bo,Pat Freiermuth,20163,TE,PIT,182.8,27.82,152,229,,pat-freiermuth.php,,,32.0,,,,,3.0,,Pat Freiermuth,2026-05-08,PIT
/nfl/rankings/best-ball-overall.php,best-overall,bo,Isaac TeSlaa,27446,WR,DET,183.2,17.14,163,209,,isaac-teslaa.php,,,31.4,,,,,,,Isaac TeSlaa,2026-05-08,DET
/nfl/rankings/best-ball-overall.php,best-overall,bo,Tre Harris,26215,WR,LAC,184.4,5.75,177,191,,tre-harris.php,,,31.6,,,,,,,Tre Harris,2026-05-08,LAC
/nfl/rankings/best-ball-overall.php,best-overall,bo,Dontayvion Wicks,24354,WR,PHI,185.2,8.23,172,192,,dontayvion-wicks.php,,,22.3,,,,,-7.0,,Dontayvion Wicks,2026-05-08,PHI
/nfl/rankings/best-ball-overall.php,best-overall,bo,AJ Barner,26335,TE,SEA,185.8,11.23,170,203,,aj-barner.php,,,36.2,,,,,,,AJ Barner,2026-05-08,SEA
/nfl/rankings/best-ball-overall.php,best-overall,bo,Aaron Rodgers,9001,QB,FA,188.2,44.84,122,258,,aaron-rodgers.php,,,31.0,,,,,,,Aaron Rodgers,2026-05-08,FA
/nfl/rankings/best-ball-overall.php,best-overall,bo,Darnell Mooney,19810,WR,NYG,189.6,13.71,170,209,,darnell-mooney.php,,,29.6,,,,,,,Darnell Mooney,2026-05-08,NYG
/nfl/rankings/best-ball-overall.php,best-overall,bo,Adonai Mitchell,24357,WR,NYJ,189.6,12.06,175,208,,adonai-mitchell.php,,,30.6,,,,,,,Adonai Mitchell,2026-05-08,NYJ
/nfl/rankings/best-ball-overall.php,best-overall,bo,Jaylin Noel,27122,WR,HOU,191.0,25.74,160,223,,jaylin-noel.php,,,27.7,,,,,-10.0,,Jaylin Noel,2026-05-08,HOU
/nfl/rankings/best-ball-overall.php,best-overall,bo,De'Zhaun Stribling,28138,WR,SF,192.0,21.22,161,220,,dezhaun-stribling.php,,,11.2,,,,,,,DeZhaun Stribling,2026-05-08,SFO
/nfl/rankings/best-ball-overall.php,best-overall,bo,Calvin Ridley,17258,WR,TEN,193.8,30.95,159,250,,calvin-ridley.php,,,49.6,,,,,,,Calvin Ridley,2026-05-08,TEN
/nfl/rankings/best-ball-overall.php,best-overall,bo,Tyreek Hill,15802,WR,FA,195.8,11.86,179,209,,tyreek-hill.php,,,54.8,,,,,12.0,,Tyreek Hill,2026-05-08,FA
/nfl/rankings/best-ball-overall.php,best-overall,bo,Jacoby Brissett,15642,QB,ARI,196.6,17.42,175,218,,jacoby-brissett.php,,,33.6,,,,,,,Jacoby Brissett,2026-05-08,ARI
/nfl/rankings/best-ball-overall.php,best-overall,bo,Rashod Bateman,19794,WR,BAL,196.8,54.01,97,252,,rashod-bateman.php,,,24.4,,,,,,,Rashod Bateman,2026-05-08,BAL
/nfl/rankings/best-ball-overall.php,best-overall,bo,Greg Dulcich,23153,TE,MIA,197.2,23.09,156,226,,greg-dulcich.php,,,22.4,,,,,,,Greg Dulcich,2026-05-08,MIA
/nfl/rankings/best-ball-overall.php,best-overall,bo,Travis Hunter,26034,WR,JAC,198.2,27.43,153,230,,travis-hunter.php,,,58.0,,,,,,,Travis Hunter,2026-05-08,JAC
/nfl/rankings/best-ball-overall.php,best-overall,bo,Mike Gesicki,17272,TE,CIN,202.0,35.12,144,246,,mike-gesicki.php,,,32.2,,,,,,,Mike Gesicki,2026-05-08,CIN
/nfl/rankings/best-ball-overall.php,best-overall,bo,Chris Bell,26038,WR,MIA,203.6,12.83,191,226,,chris-bell.php,,,29.4,,,,,,,Chris Bell,2026-05-08,MIA
/nfl/rankings/best-ball-overall.php,best-overall,bo,Nick Singleton,24343,RB,TEN,207.8,56.07,174,319,,nick-singleton.php,,,31.8,,,,,,,Nick Singleton,2026-05-08,TEN
/nfl/rankings/best-ball-overall.php,best-overall,bo,Chris Brazzell II,28047,WR,CAR,205.0,6.32,199,216,,chris-brazzell-ii.php,,,25.0,,,,,-12.0,,Chris Brazzell,2026-05-08,CAR
/nfl/rankings/best-ball-overall.php,best-overall,bo,Malik Washington,26314,WR,MIA,206.0,17.55,189,238,,malik-washington.php,,,27.4,,,,,-9.0,,Malik Washington,2026-05-08,MIA
/nfl/rankings/best-ball-overall.php,best-overall,bo,David Njoku,16399,TE,FA,207.8,22.64,171,235,,david-njoku.php,,,32.7,,,,,,,David Njoku,2026-05-08,FA
/nfl/rankings/best-ball-overall.php,best-overall,bo,Ryan Flournoy,26398,WR,DAL,185.0,15.51,169,201,,ryan-flournoy.php,,,27.7,,,,,20.0,,Ryan Flournoy,2026-05-08,DAL
/nfl/rankings/best-ball-overall.php,best-overall,bo,Cade Otton,23181,TE,TB,212.0,12.65,193,230,,cade-otton.php,,,32.8,,,,,,,Cade Otton,2026-05-08,TBB
/nfl/rankings/best-ball-overall.php,best-overall,bo,Christian Kirk,17268,WR,SF,212.4,25.06,183,243,,christian-kirk.php,,,31.6,,,,,,,Christian Kirk,2026-05-08,SFO
/nfl/rankings/best-ball-overall.php,best-overall,bo,Tank Dell,25361,WR,HOU,190.75,10.4,177,205,,nathaniel-dell.php,,,40.6,,,,,15.0,,Tank Dell,2026-05-08,HOU
/nfl/rankings/best-ball-overall.php,best-overall,bo,Houston Texans,8120,DST,HOU,154.67,7.32,149,165,,houston-defense.php,,,94.4,,,,,,,Houston Texans,2026-05-08,HOU
/nfl/rankings/best-ball-overall.php,best-overall,bo,Deshaun Watson,16398,QB,CLE,192.75,38.09,141,240,,deshaun-watson.php,,,24.7,,,,,,,Deshaun Watson,2026-05-08,CLE
/nfl/rankings/best-ball-overall.php,best-overall,bo,Gunnar Helm,27109,TE,TEN,216.0,16.98,194,237,,gunnar-helm.php,,,32.4,,,,,,,Gunnar Helm,2026-05-08,TEN
/nfl/rankings/best-ball-overall.php,best-overall,bo,Denver Broncos,8090,DST,DEN,160.67,3.77,158,166,,denver-defense.php,,,94.6,,,,,,,Denver Broncos,2026-05-08,DEN
/nfl/rankings/best-ball-overall.php,best-overall,bo,Zachariah Branch,25419,WR,ATL,218.0,12.46,201,232,,zachariah-branch.php,,,28.7,,,,,,,Zachariah Branch,2026-05-08,ATL
/nfl/rankings/best-ball-overall.php,best-overall,bo,Elijah Sarratt,27463,WR,BAL,218.2,20.97,198,251,,elijah-sarratt.php,,,26.3,,,,,,,Elijah Sarratt,2026-05-08,BAL
/nfl/rankings/best-ball-overall.php,best-overall,bo,Tua Tagovailoa,19198,QB,ATL,218.4,35.19,160,264,,tua-tagovailoa.php,,,32.9,,,,,,,Tua Tagovailoa,2026-05-08,ATL
/nfl/rankings/best-ball-overall.php,best-overall,bo,Seattle Seahawks,8260,DST,SEA,164.67,1.7,163,167,,seattle-defense.php,,,94.7,,,,,,,Seattle Seahawks,2026-05-08,SEA
/nfl/rankings/best-ball-overall.php,best-overall,bo,Cooper Kupp,16433,WR,SEA,219.0,12.73,201,239,,cooper-kupp.php,,,28.1,,,,,,,Cooper Kupp,2026-05-08,SEA
/nfl/rankings/best-ball-overall.php,best-overall,bo,James Conner,16447,RB,ARI,220.0,41.77,171,297,,james-conner.php,,,53.8,,,,,,,James Conner,2026-05-08,ARI
/nfl/rankings/best-ball-overall.php,best-overall,bo,Terrance Ferguson,23091,TE,LAR,220.2,10.07,209,238,,terrance-ferguson.php,,,31.6,,,,,,,Terrance Ferguson,2026-05-08,LAR
/nfl/rankings/best-ball-overall.php,best-overall,bo,Darius Slayton,18706,WR,NYG,220.4,27.08,194,268,,darius-slayton.php,,,16.0,,,,,,,Darius Slayton,2026-05-08,NYG
/nfl/rankings/best-ball-overall.php,best-overall,bo,Los Angeles Rams,8280,DST,LAR,167.67,1.7,166,170,,los-angeles-rams-defense.php,,,55.0,,,,,,,Los Angeles Rams,2026-05-08,LAR
/nfl/rankings/best-ball-overall.php,best-overall,bo,Philadelphia Eagles,8230,DST,PHI,168.67,1.7,167,171,,philadelphia-defense.php,,,74.2,,,,,,,Philadelphia Eagles,2026-05-08,PHI
/nfl/rankings/best-ball-overall.php,best-overall,bo,Shedeur Sanders,25968,QB,CLE,221.6,25.27,174,243,,shedeur-sanders.php,,,32.8,,,,,,,Shedeur Sanders,2026-05-08,CLE
/nfl/rankings/best-ball-overall.php,best-overall,bo,Ray Davis,26191,RB,BUF,221.8,15.38,202,247,,ray-davis.php,,,26.3,,,,,,,Ray Davis,2026-05-08,BUF
/nfl/rankings/best-ball-overall.php,best-overall,bo,Pat Bryant,27211,WR,DEN,223.8,27.18,192,266,,pat-bryant.php,,,30.3,,,,,,,Pat Bryant,2026-05-08,DEN
/nfl/rankings/best-ball-overall.php,best-overall,bo,Eli Stowers,23144,TE,PHI,224.8,20.97,192,257,,eli-stowers.php,,,34.3,,,,,,,Eli Stowers,2026-05-08,PHI
/nfl/rankings/best-ball-overall.php,best-overall,bo,Ted Hurst,28130,WR,TB,225.6,11.99,211,241,,ted-hurst.php,,,18.5,,,,,-11.0,,Ted Hurst,2026-05-08,TBB
/nfl/rankings/best-ball-overall.php,best-overall,bo,Minnesota Vikings,8170,DST,MIN,177.67,2.87,174,181,,minnesota-defense.php,,,62.5,,,,,,,Minnesota Vikings,2026-05-08,MIN
/nfl/rankings/best-ball-overall.php,best-overall,bo,Demond Claiborne,28084,RB,MIN,233.0,55.56,161,332,,demond-claiborne.php,,,26.5,,,,,,,Demond Claiborne,2026-05-08,MIN
/nfl/rankings/best-ball-overall.php,best-overall,bo,Kimani Vidal,26355,RB,LAC,227.2,37.89,197,302,,kimani-vidal.php,,,32.3,,,,,,,Kimani Vidal,2026-05-08,LAC
/nfl/rankings/best-ball-overall.php,best-overall,bo,Kaelon Black,28401,RB,SF,227.2,21.05,195,254,,kaelon-black.php,,,6.1,,,,,9.0,,Kaelon Black,2026-05-08,SFO
/nfl/rankings/best-ball-overall.php,best-overall,bo,Devaughn Vele,26409,WR,NO,227.8,16.28,210,258,,devaughn-vele.php,,,26.3,,,,,,,Devaughn Vele,2026-05-08,NOS
/nfl/rankings/best-ball-overall.php,best-overall,bo,New England Patriots,8180,DST,NE,180.0,3.27,176,184,,new-england-defense.php,,,60.3,,,,,-2.0,,New England Patriots,2026-05-08,NEP
/nfl/rankings/best-ball-overall.php,best-overall,bo,Jacksonville Jaguars,8140,DST,JAC,180.33,2.49,177,183,,jacksonville-defense.php,,,51.1,,,,,2.0,,Jacksonville Jaguars,2026-05-08,JAC
/nfl/rankings/best-ball-overall.php,best-overall,bo,Troy Franklin,23092,WR,DEN,228.6,11.88,210,243,,troy-franklin.php,,,30.7,,,,,-9.0,,Troy Franklin,2026-05-08,DEN
/nfl/rankings/best-ball-overall.php,best-overall,bo,Los Angeles Chargers,8250,DST,LAC,182.33,2.49,179,185,,los-angeles-chargers-defense.php,,,37.7,,,,,,,Los Angeles Chargers,2026-05-08,LAC
/nfl/rankings/best-ball-overall.php,best-overall,bo,Green Bay Packers,8110,DST,GB,184.0,2.94,180,187,,green-bay-defense.php,,,36.0,,,,,,,Green Bay Packers,2026-05-08,GBP
/nfl/rankings/best-ball-overall.php,best-overall,bo,Malachi Fields,27994,WR,NYG,230.6,14.65,214,255,,malachi-fields.php,,,20.9,,,,,,,Malachi Fields,2026-05-08,NYG
/nfl/rankings/best-ball-overall.php,best-overall,bo,Jordan James,27310,RB,SF,242.4,61.2,188,359,,jordan-james.php,,,24.6,,,,,,,Jordan James,2026-05-08,SFO
/nfl/rankings/best-ball-overall.php,best-overall,bo,Pittsburgh Steelers,8240,DST,PIT,185.0,2.94,181,188,,pittsburgh-defense.php,,,59.3,,,,,,,Pittsburgh Steelers,2026-05-08,PIT
/nfl/rankings/best-ball-overall.php,best-overall,bo,Bryce Lance,28129,WR,NO,214.25,32.58,162,245,,bryce-lance.php,,,8.3,,,,,,,Bryce Lance,2026-05-08,NOS
/nfl/rankings/best-ball-overall.php,best-overall,bo,Chimere Dike,27315,WR,TEN,233.0,19.6,211,259,,chimere-dike.php,,,31.8,,,,,-9.0,,Chimere Dike,2026-05-08,TEN
/nfl/rankings/best-ball-overall.php,best-overall,bo,Justice Hill,18256,RB,BAL,216.5,31.54,187,267,,justice-hill.php,,,19.0,,,,,12.0,,Justice Hill,2026-05-08,BAL
/nfl/rankings/best-ball-overall.php,best-overall,bo,Evan Engram,16411,TE,DEN,233.8,13.29,215,249,,evan-engram.php,,,34.6,,,,,,,Evan Engram,2026-05-08,DEN
/nfl/rankings/best-ball-overall.php,best-overall,bo,Cleveland Browns,8070,DST,CLE,191.33,7.13,184,201,,cleveland-defense.php,,,37.3,,,,,,,Cleveland Browns,2026-05-08,CLE
/nfl/rankings/best-ball-overall.php,best-overall,bo,Sean Tucker,23679,RB,TB,219.5,41.75,182,288,,sean-tucker.php,,,29.9,,,,,,,Sean Tucker,2026-05-08,TBB
/nfl/rankings/best-ball-overall.php,best-overall,bo,Detroit Lions,8100,DST,DET,194.33,4.11,189,199,,detroit-defense.php,,,54.8,,,,,,,Detroit Lions,2026-05-08,DET
/nfl/rankings/best-ball-overall.php,best-overall,bo,Skyler Bell,28126,WR,BUF,236.8,24.2,211,272,,skyler-bell.php,,,21.8,,,,,,,Skyler Bell,2026-05-08,BUF
/nfl/rankings/best-ball-overall.php,best-overall,bo,Tory Horton,26022,WR,SEA,222.75,15.86,206,241,,tory-horton.php,,,30.0,,,,,,,Tory Horton,2026-05-08,SEA
/nfl/rankings/best-ball-overall.php,best-overall,bo,Tyquan Thornton,22913,WR,KC,224.5,47.76,142,257,,tyquan-thornton.php,,,10.9,,,,,,,Tyquan Thornton,2026-05-08,KCC
/nfl/rankings/best-ball-overall.php,best-overall,bo,Ja'Kobi Lane,27337,WR,BAL,225.75,43.26,168,280,,jakobi-lane.php,,,28.7,,,,,,,JaKobi Lane,2026-05-08,BAL
/nfl/rankings/best-ball-overall.php,best-overall,bo,Kansas City Chiefs,8150,DST,KC,203.67,2.49,201,207,,kansas-city-defense.php,,,35.9,,,,,,,Kansas City Chiefs,2026-05-08,KCC
/nfl/rankings/best-ball-overall.php,best-overall,bo,Hollywood Brown,18226,WR,PHI,242.2,17.3,212,259,,marquise-brown.php,,,20.0,,,,,-12.0,,Marquise Brown,2026-05-08,PHI
/nfl/rankings/best-ball-overall.php,best-overall,bo,Elic Ayomanor,27059,WR,TEN,242.6,27.69,219,286,,elic-ayomanor.php,,,34.2,,,,,,,Elic Ayomanor,2026-05-08,TEN
/nfl/rankings/best-ball-overall.php,best-overall,bo,Jaylen Wright,25987,RB,MIA,247.8,35.38,210,315,,jaylen-wright.php,,,29.1,,,,,,,Jaylen Wright,2026-05-08,MIA
/nfl/rankings/best-ball-overall.php,best-overall,bo,Buffalo Bills,8030,DST,BUF,209.0,3.56,206,214,,buffalo-defense.php,,,48.8,,,,,,,Buffalo Bills,2026-05-08,BUF
/nfl/rankings/best-ball-overall.php,best-overall,bo,Michael Penix Jr.,22973,QB,ATL,232.0,11.73,215,248,,michael-penix-jr.php,,,31.8,,,,,,,Michael Penix,2026-05-08,ATL
/nfl/rankings/best-ball-overall.php,best-overall,bo,Jalen Tolbert,23770,WR,MIA,246.0,39.86,170,282,,jalen-tolbert.php,,,14.7,,,,,,,Jalen Tolbert,2026-05-08,MIA
/nfl/rankings/best-ball-overall.php,best-overall,bo,Jahan Dotson,23101,WR,ATL,235.75,56.65,140,285,,jahan-dotson.php,,,12.5,,,,,17.0,,Jahan Dotson,2026-05-08,ATL
/nfl/rankings/best-ball-overall.php,best-overall,bo,Theo Johnson,23104,TE,NYG,237.75,7.73,232,251,,theo-johnson.php,,,31.2,,,,,,,Theo Johnson,2026-05-08,NYG
/nfl/rankings/best-ball-overall.php,best-overall,bo,Jaydon Blue,24344,RB,DAL,253.0,32.95,212,309,,jaydon-blue.php,,,28.5,,,,,,,Jaydon Blue,2026-05-08,DAL
/nfl/rankings/best-ball-overall.php,best-overall,bo,Marvin Mims Jr.,23080,WR,DEN,219.67,37.68,167,253,,marvin-mims.php,,,27.5,,,,,,,Marvin Mims,2026-05-08,DEN
/nfl/rankings/best-ball-overall.php,best-overall,bo,Colby Parkinson,19372,TE,LAR,259.4,41.39,216,338,,colby-parkinson.php,,,31.8,,,,,,,Colby Parkinson,2026-05-08,LAR
/nfl/rankings/best-ball-overall.php,best-overall,bo,Brandon Aubrey,26068,K,DAL,180.0,2.0,178,182,,brandon-aubrey.php,,,95.6,,,,,,,Brandon Aubrey,2026-05-08,DAL
/nfl/rankings/best-ball-overall.php,best-overall,bo,Joshua Palmer,22845,WR,BUF,240.25,22.94,212,270,,josh-palmer.php,,,3.0,,,,,,,Josh Palmer,2026-05-08,BUF
/nfl/rankings/best-ball-overall.php,best-overall,bo,Ka'imi Fairbairn,15756,K,HOU,184.5,2.5,182,187,,kaimi-fairbairn.php,,,81.2,,,,,,,Kaimi Fairbairn,2026-05-08,HOU
/nfl/rankings/best-ball-overall.php,best-overall,bo,Ty Johnson,18406,RB,BUF,242.25,27.77,213,270,,ty-johnson.php,,,12.2,,,,,8.0,,Ty Johnson,2026-05-08,BUF
/nfl/rankings/best-ball-overall.php,best-overall,bo,Cam Little,26475,K,JAC,185.5,2.5,183,188,,cam-little.php,,,69.1,,,,,,,Cam Little,2026-05-08,JAC
/nfl/rankings/best-ball-overall.php,best-overall,bo,Baltimore Ravens,8020,DST,BAL,223.67,2.87,220,227,,baltimore-defense.php,,,39.4,,,,,,,Baltimore Ravens,2026-05-08,BAL
/nfl/rankings/best-ball-overall.php,best-overall,bo,Mason Taylor,26005,TE,NYJ,259.8,35.11,231,326,,mason-taylor.php,,,39.9,,,,,,,Mason Taylor,2026-05-08,NYJ
/nfl/rankings/best-ball-overall.php,best-overall,bo,Kirk Cousins,11177,QB,LV,243.5,22.9,206,267,,kirk-cousins.php,,,28.6,,,,,,,Kirk Cousins,2026-05-08,LVR
/nfl/rankings/best-ball-overall.php,best-overall,bo,Ollie Gordon II,25984,RB,MIA,247.5,40.17,208,313,,ollie-gordon.php,,,19.1,,,,,,,Ollie Gordon,2026-05-08,MIA
/nfl/rankings/best-ball-overall.php,best-overall,bo,Kendrick Bourne,17066,WR,ARI,226.33,36.57,189,276,,kendrick-bourne.php,,,4.7,,,,,20.0,,Kendrick Bourne,2026-05-08,ARI
/nfl/rankings/best-ball-overall.php,best-overall,bo,Cameron Dicker,23901,K,LAC,190.5,2.5,188,193,,cameron-dicker.php,,,77.4,,,,,,,Cameron Dicker,2026-05-08,LAC
/nfl/rankings/best-ball-overall.php,best-overall,bo,Keenan Allen,11616,WR,LAC,246.0,24.75,207,273,,keenan-allen.php,,,28.0,,,,,,,Keenan Allen,2026-05-08,LAC
/nfl/rankings/best-ball-overall.php,best-overall,bo,Najee Harris,19302,RB,LAC,247.25,32.36,225,303,,najee-harris-rb.php,,,31.8,,,,,12.0,,Najee Harris,2026-05-08,LAC
/nfl/rankings/best-ball-overall.php,best-overall,bo,Evan McPherson,23297,K,CIN,196.0,6.0,190,202,,evan-mcpherson.php,,,27.4,,,,,,,Evan McPherson,2026-05-08,CIN
/nfl/rankings/best-ball-overall.php,best-overall,bo,Tyler Loop,27534,K,BAL,198.5,3.5,195,202,,tyler-loop.php,,,32.6,,,,,,,Tyler Loop,2026-05-08,BAL
/nfl/rankings/best-ball-overall.php,best-overall,bo,Samaje Perine,16423,RB,CIN,249.5,20.45,222,275,,samaje-perine.php,,,7.3,,,,,,,Samaje Perine,2026-05-08,CIN
/nfl/rankings/best-ball-overall.php,best-overall,bo,Andrei Iosivas,25335,WR,CIN,233.0,34.77,184,261,,andrei-iosivas.php,,,13.4,,,,,15.0,,Andrei Iosivas,2026-05-08,CIN
/nfl/rankings/best-ball-overall.php,best-overall,bo,Jason Myers,14003,K,SEA,201.0,5.0,196,206,,jason-myers.php,,,90.1,,,,,,,Jason Myers,2026-05-08,SEA
/nfl/rankings/best-ball-overall.php,best-overall,bo,Jack Bech,27224,WR,LV,250.5,21.08,224,283,,jack-bech.php,,,22.8,,,,,-21.0,,Jack Bech,2026-05-08,LVR
/nfl/rankings/best-ball-overall.php,best-overall,bo,DJ Giddens,27097,RB,IND,271.8,45.84,225,354,,dj-giddens.php,,,12.5,,,,,,,DJ Giddens,2026-05-08,IND
/nfl/rankings/best-ball-overall.php,best-overall,bo,Andy Borregales,27291,K,NE,204.0,4.0,200,208,,andres-borregales.php,,,12.6,,,,,,,Andy Borregales,2026-05-08,NEP
/nfl/rankings/best-ball-overall.php,best-overall,bo,Eddy Pineiro,17575,K,SF,206.5,3.5,203,210,,eddy-pineiro.php,,,55.3,,,,,,,Eddy Pineiro,2026-05-08,SFO
/nfl/rankings/best-ball-overall.php,best-overall,bo,Chase McLaughlin,19058,K,TB,207.5,3.5,204,211,,chase-mclaughlin.php,,,32.0,,,,,,,Chase McLaughlin,2026-05-08,TBB
/nfl/rankings/best-ball-overall.php,best-overall,bo,Kyle Williams,27487,WR,NE,241.67,20.89,224,271,,kyle-williams-wr-2025.php,,,27.8,,,,,,,Kyle Williams,2026-05-08,NEP
/nfl/rankings/best-ball-overall.php,best-overall,bo,Brenen Thompson,28133,WR,LAC,242.0,10.71,228,254,,brenen-thompson.php,,,12.0,,,,,,,Brenen Thompson,2026-05-08,LAC
/nfl/rankings/best-ball-overall.php,best-overall,bo,Cairo Santos,13731,K,CHI,214.5,4.5,210,219,,cairo-santos.php,,,26.9,,,,,,,Cairo Santos,2026-05-08,CHI
/nfl/rankings/best-ball-overall.php,best-overall,bo,Xavier Legette,26136,WR,CAR,243.33,41.59,189,290,,xavier-legette.php,,,12.9,,,,,,,Xavier Legette,2026-05-08,CAR
/nfl/rankings/best-ball-overall.php,best-overall,bo,Keon Coleman,26019,WR,BUF,243.33,17.59,221,264,,keon-coleman.php,,,24.5,,,,,,,Keon Coleman,2026-05-08,BUF
/nfl/rankings/best-ball-overall.php,best-overall,bo,Justin Fields,19781,QB,KC,216.5,20.5,196,237,,justin-fields.php,,,32.3,,,,,,,Justin Fields,2026-05-08,KCC
/nfl/rankings/best-ball-overall.php,best-overall,bo,Trey Benson,25388,RB,ARI,263.0,63.69,215,353,,trey-benson.php,,,40.2,,,,,,,Trey Benson,2026-05-08,ARI
/nfl/rankings/best-ball-overall.php,best-overall,bo,Harrison Mevis,26638,K,LAR,221.0,5.0,216,226,,harrison-mevis.php,,,54.8,,,,,,,Harrison Mevis,2026-05-08,LAR
/nfl/rankings/best-ball-overall.php,best-overall,bo,Jake Tonges,24778,TE,SF,265.25,36.91,218,318,,jake-tonges.php,,,31.6,,,,,,,Jake Tonges,2026-05-08,SFO
/nfl/rankings/best-ball-overall.php,best-overall,bo,Kaleb Johnson,27165,RB,PIT,275.0,56.37,217,356,,kaleb-johnson-rb.php,,,26.8,,,,,,,Kaleb Johnson,2026-05-08,PIT
/nfl/rankings/best-ball-overall.php,best-overall,bo,Jake Bates,26075,K,DET,225.5,5.5,220,231,,jake-bates.php,,,49.2,,,,,,,Jake Bates,2026-05-08,DET
/nfl/rankings/best-ball-overall.php,best-overall,bo,J.J. McCarthy,23018,QB,MIN,253.0,17.28,229,269,,jj-mccarthy.php,,,29.8,,,,,,,JJ McCarthy,2026-05-08,MIN
/nfl/rankings/best-ball-overall.php,best-overall,bo,Charlie Smyth,26444,K,NO,233.0,8.0,225,241,,charlie-smyth.php,,,2.5,,,,,,,Charlie Smyth,2026-05-08,NOS
/nfl/rankings/best-ball-overall.php,best-overall,bo,Cyrus Allen,28424,WR,KC,234.0,13.0,221,247,,cyrus-allen.php,,,0.2,,,,,-20.0,,Cyrus Allen,2026-05-08,KCC
/nfl/rankings/best-ball-overall.php,best-overall,bo,Chris Boswell,13029,K,PIT,234.5,8.5,226,243,,chris-boswell.php,,,32.6,,,,,,,Chris Boswell,2026-05-08,PIT
/nfl/rankings/best-ball-overall.php,best-overall,bo,Wil Lutz,16026,K,DEN,235.5,8.5,227,244,,wil-lutz.php,,,11.4,,,,,,,Wil Lutz,2026-05-08,DEN
/nfl/rankings/best-ball-overall.php,best-overall,bo,Kendre Miller,24360,RB,NO,281.0,64.27,225,371,,kendre-miller.php,,,14.7,,,,,-21.0,,Kendre Miller,2026-05-08,NOS
/nfl/rankings/best-ball-overall.php,best-overall,bo,New Orleans Saints,8190,DST,NO,236.5,3.5,233,240,,new-orleans-defense.php,,,38.9,,,,,,,New Orleans Saints,2026-05-08,NOS
/nfl/rankings/best-ball-overall.php,best-overall,bo,Devin Neal,23682,RB,NO,286.25,55.42,233,372,,devin-neal.php,,,29.2,,,,,-16.0,,Devin Neal,2026-05-08,NOS
/nfl/rankings/best-ball-overall.php,best-overall,bo,Atlanta Falcons,8010,DST,ATL,238.5,21.5,217,260,,atlanta-defense.php,,,26.2,,,,,,,Atlanta Falcons,2026-05-08,ATL
/nfl/rankings/best-ball-overall.php,best-overall,bo,George Holani,22915,RB,SEA,278.75,37.41,242,336,,george-holani.php,,,29.2,,,,,-9.0,,George Holani,2026-05-08,SEA
/nfl/rankings/best-ball-overall.php,best-overall,bo,Luke McCaffrey,26328,WR,WAS,240.0,36.0,204,276,,luke-mccaffrey.php,,,5.8,,,,,,,Luke McCaffrey,2026-05-08,WAS
/nfl/rankings/best-ball-overall.php,best-overall,bo,Adam Randall,24367,RB,BAL,276.67,53.82,220,349,,adam-randall.php,,,10.7,,,,,,,Adam Randall,2026-05-08,BAL
/nfl/rankings/best-ball-overall.php,best-overall,bo,Kevin Coleman Jr.,28067,WR,MIA,241.0,51.0,190,292,,kevin-coleman-jr.php,,,1.8,,,,,-12.0,,Kevin Coleman,2026-05-08,MIA
/nfl/rankings/best-ball-overall.php,best-overall,bo,Malik Davis,24205,RB,DAL,262.0,33.51,222,304,,malik-davis.php,,,5.7,,,,,,,Malik Davis,2026-05-08,DAL
/nfl/rankings/best-ball-overall.php,best-overall,bo,Max Klare,27993,TE,LAR,242.0,13.0,229,255,,max-klare.php,,,29.0,,,,,6.0,,Max Klare,2026-05-08,LAR
/nfl/rankings/best-ball-overall.php,best-overall,bo,Indianapolis Colts,8130,DST,IND,247.5,13.5,234,261,,indianapolis-defense.php,,,31.9,,,,,,,Indianapolis Colts,2026-05-08,IND
/nfl/rankings/best-ball-overall.php,best-overall,bo,Harrison Butker,16712,K,KC,249.0,14.0,235,263,,harrison-butker.php,,,50.1,,,,,,,Harrison Butker,2026-05-08,KCC
/nfl/rankings/best-ball-overall.php,best-overall,bo,Tez Johnson,27147,WR,TB,266.0,6.68,257,273,,tez-johnson.php,,,14.9,,,,,,,Tez Johnson,2026-05-08,TBB
/nfl/rankings/best-ball-overall.php,best-overall,bo,Elijah Arroyo,23004,TE,SEA,266.0,4.24,263,272,,elijah-arroyo.php,,,24.2,,,,,,,Elijah Arroyo,2026-05-08,SEA
/nfl/rankings/best-ball-overall.php,best-overall,bo,Chris Brooks,25823,RB,GB,250.5,29.5,221,280,,christopher-brooks.php,,,7.2,,,,,,,Chris Brooks,2026-05-08,GBP
/nfl/rankings/best-ball-overall.php,best-overall,bo,Michael Mayer,23056,TE,LV,276.0,37.96,236,327,,michael-mayer.php,,,30.0,,,,,,,Michael Mayer,2026-05-08,LVR
/nfl/rankings/best-ball-overall.php,best-overall,bo,Caleb Douglas,28135,WR,MIA,252.5,3.5,249,256,,caleb-douglas.php,,,3.3,,,,,,,Caleb Douglas,2026-05-08,MIA
/nfl/rankings/best-ball-overall.php,best-overall,bo,Zane Gonzalez,16548,K,MIA,253.0,17.0,236,270,,zane-gonzalez.php,,,3.1,,,,,,,Zane Gonzalez,2026-05-08,MIA
/nfl/rankings/best-ball-overall.php,best-overall,bo,Miami Dolphins,8160,DST,MIA,254.5,17.5,237,272,,miami-defense.php,,,17.6,,,,,,,Miami Dolphins,2026-05-08,MIA
/nfl/rankings/best-ball-overall.php,best-overall,bo,Mack Hollins,16489,WR,NE,269.67,23.98,238,296,,mack-hollins.php,,,14.1,,,,,-12.0,,Mack Hollins,2026-05-08,NEP
/nfl/rankings/best-ball-overall.php,best-overall,bo,Jordan Whittington,23135,WR,LAR,255.0,32.0,223,287,,jordan-whittington.php,,,1.5,,,,,,,Jordan Whittington,2026-05-08,LAR
/nfl/rankings/best-ball-overall.php,best-overall,bo,LeQuint Allen Jr.,27285,RB,JAC,270.67,16.05,256,293,,lequint-allen-jr.php,,,20.3,,,,,,,LeQuint Allen,2026-05-08,JAC
/nfl/rankings/best-ball-overall.php,best-overall,bo,Olamide Zaccheaus,18864,WR,ATL,257.0,12.0,245,269,,olamide-zaccheaus.php,,,9.9,,,,,,,Olamide Zaccheaus,2026-05-08,ATL
/nfl/rankings/best-ball-overall.php,best-overall,bo,Isaiah Davis,25977,RB,NYJ,271.33,18.66,245,286,,isaiah-davis.php,,,10.8,,,,,,,Isaiah Davis,2026-05-08,NYJ
/nfl/rankings/best-ball-overall.php,best-overall,bo,Isaiah Bond,24371,WR,CLE,259.5,0.5,259,260,,isaiah-bond.php,,,13.5,,,,,,,Isaiah Bond,2026-05-08,CLE
/nfl/rankings/best-ball-overall.php,best-overall,bo,Cedric Tillman,25287,WR,CLE,273.33,16.34,253,293,,cedric-tillman.php,,,7.2,,,,,,,Cedric Tillman,2026-05-08,CLE
/nfl/rankings/best-ball-overall.php,best-overall,bo,CJ Daniels,28125,WR,LAR,263.5,33.5,230,297,,cj-daniels.php,,,8.5,,,,,,,CJ Daniels,2026-05-08,LAR
/nfl/rankings/best-ball-overall.php,best-overall,bo,Savion Williams,27144,WR,GB,265.5,9.5,256,275,,savion-williams.php,,,2.8,,,,,,,Savion Williams,2026-05-08,GBP
/nfl/rankings/best-ball-overall.php,best-overall,bo,DeMario Douglas,25304,WR,NE,277.0,12.96,265,295,,demario-douglas.php,,,17.9,,,,,,,Demario Douglas,2026-05-08,NEP
/nfl/rankings/best-ball-overall.php,best-overall,bo,Justin Joly,28079,TE,DEN,280.5,49.5,231,330,,justin-joly.php,,,7.5,,,,,,,Justin Joly,2026-05-08,DEN
/nfl/rankings/best-ball-overall.php,best-overall,bo,Ja'Tavion Sanders,24334,TE,CAR,266.5,11.5,255,278,,jatavion-sanders.php,,,17.1,,,,,,,JaTavion Sanders,2026-05-08,CAR
/nfl/rankings/best-ball-overall.php,best-overall,bo,Carson Beck,22953,QB,ARI,267.5,13.5,254,281,,carson-beck.php,,,18.0,,,,,,,Carson Beck,2026-05-08,ARI
/nfl/rankings/best-ball-overall.php,best-overall,bo,Marcus Mariota,13890,QB,WAS,267.5,3.5,264,271,,marcus-mariota.php,,,18.0,,,,,,,Marcus Mariota,2026-05-08,WAS
/nfl/rankings/best-ball-overall.php,best-overall,bo,Joe Mixon,16420,RB,FA,279.33,16.78,258,299,,joe-mixon.php,,,28.6,,,,,,,Joe Mixon,2026-05-08,FA
/nfl/rankings/best-ball-overall.php,best-overall,bo,Seth McGowan,23079,RB,IND,285.0,46.0,239,331,,seth-mcgowan.php,,,1.6,,,,,,,Seth McGowan,2026-05-08,IND
/nfl/rankings/best-ball-overall.php,best-overall,bo,Eli Heidenreich,28297,RB,PIT,292.5,52.5,240,345,,eli-heidenreich.php,,,3.5,,,,,,,Eli Heidenreich,2026-05-08,PIT
/nfl/rankings/best-ball-overall.php,best-overall,bo,Malik Benson,26012,WR,LV,271.0,18.0,253,289,,malik-benson.php,,,0.9,,,,,,,Malik Benson,2026-05-08,LVR
/nfl/rankings/best-ball-overall.php,best-overall,bo,Calvin Austin III,23739,WR,NYG,272.5,1.5,271,274,,calvin-austin.php,,,9.3,,,,,,,Calvin Austin,2026-05-08,NYG
/nfl/rankings/best-ball-overall.php,best-overall,bo,Brashard Smith,27259,RB,KC,298.0,48.0,250,346,,brashard-smith.php,,,22.5,,,,,,,Brashard Smith,2026-05-08,KCC
/nfl/rankings/best-ball-overall.php,best-overall,bo,Dont'e Thornton Jr.,27288,WR,LV,275.5,3.5,272,279,,donte-thornton-jr.php,,,7.6,,,,,,,Donte Thornton,2026-05-08,LVR
/nfl/rankings/best-ball-overall.php,best-overall,bo,MarShawn Lloyd,23118,RB,GB,276.5,14.5,262,291,,marshawn-lloyd.php,,,6.4,,,,,,,MarShawn Lloyd,2026-05-08,GBP
/nfl/rankings/best-ball-overall.php,best-overall,bo,Zavion Thomas,28132,WR,CHI,279.5,2.5,277,282,,zavion-thomas.php,,,2.1,,,,,,,Zavion Thomas,2026-05-08,CHI
/nfl/rankings/best-ball-overall.php,best-overall,bo,Devin Singletary,18280,RB,NYG,280.0,7.0,273,287,,devin-singletary.php,,,5.3,,,,,,,Devin Singletary,2026-05-08,NYG
/nfl/rankings/best-ball-overall.php,best-overall,bo,Oscar Delp,25430,TE,NO,314.5,50.5,264,365,,oscar-delp.php,,,10.4,,,,,-5.0,,Oscar Delp,2026-05-08,NOS
/nfl/rankings/best-ball-overall.php,best-overall,bo,Darnell Washington,22967,TE,PIT,285.5,19.5,266,305,,darnell-washington.php,,,26.0,,,,,,,Darnell Washington,2026-05-08,PIT
/nfl/rankings/best-ball-overall.php,best-overall,bo,Isaac Guerendo,26392,RB,SF,310.5,44.5,266,355,,isaac-guerendo.php,,,7.4,,,,,,,Isaac Guerendo,2026-05-08,SFO
/nfl/rankings/best-ball-overall.php,best-overall,bo,Dawson Knox,18631,TE,BUF,291.5,24.5,267,316,,dawson-knox.php,,,21.7,,,,,,,Dawson Knox,2026-05-08,BUF
/nfl/rankings/best-ball-overall.php,best-overall,bo,Eli Raridon,28154,TE,NE,301.5,32.5,269,334,,eli-raridon.php,,,2.7,,,,,-6.0,,Eli Raridon,2026-05-08,NEP
/nfl/rankings/best-ball-overall.php,best-overall,bo,John Metchie III,22895,WR,CAR,285.0,7.0,278,292,,john-metchie.php,,,5.1,,,,,,,John Metchie,2026-05-08,CAR
/nfl/rankings/best-ball-overall.php,best-overall,bo,Cole Kmet,19229,TE,CHI,287.0,8.0,279,295,,cole-kmet.php,,,24.6,,,,,,,Cole Kmet,2026-05-08,CHI
/nfl/rankings/best-ball-overall.php,best-overall,bo,Deion Burks,27093,WR,IND,290.5,10.5,280,301,,deion-burks.php,,,0.6,,,,,,,Deion Burks,2026-05-08,IND
/nfl/rankings/best-ball-overall.php,best-overall,bo,Will Kacmarek,28403,TE,MIA,325.5,34.5,291,360,,will-kacmarek.php,,,1.9,,,,,,,Will Kacmarek,2026-05-08,MIA
/nfl/rankings/best-ball-qb.php,best-qb,bp,Josh Allen,17298,QB,BUF,1.0,0.0,1,1,,josh-allen-qb.php,,,99.2,,,,,,,Josh Allen,2026-05-08,BUF
/nfl/rankings/best-ball-qb.php,best-qb,bp,Lamar Jackson,17233,QB,BAL,2.2,0.4,2,3,,lamar-jackson.php,,,98.5,,,,,1.0,,Lamar Jackson,2026-05-08,BAL
/nfl/rankings/best-ball-qb.php,best-qb,bp,Jayden Daniels,22902,QB,WAS,4.4,1.02,3,6,,jayden-daniels.php,,,87.1,,,,,2.0,,Jayden Daniels,2026-05-08,WAS
/nfl/rankings/best-ball-qb.php,best-qb,bp,Drake Maye,23046,QB,NE,4.4,1.36,3,6,,drake-maye.php,,,99.1,,,,,-2.0,,Drake Maye,2026-05-08,NEP
/nfl/rankings/best-ball-qb.php,best-qb,bp,Joe Burrow,19196,QB,CIN,4.6,0.49,4,5,,joe-burrow.php,,,85.2,,,,,-1.0,,Joe Burrow,2026-05-08,CIN
/nfl/rankings/best-ball-qb.php,best-qb,bp,Jalen Hurts,19275,QB,PHI,6.0,1.79,4,9,,jalen-hurts.php,,,98.0,,,,,,,Jalen Hurts,2026-05-08,PHI
/nfl/rankings/best-ball-qb.php,best-qb,bp,Caleb Williams,23084,QB,CHI,8.0,1.55,7,11,,caleb-williams.php,,,83.1,,,,,,,Caleb Williams,2026-05-08,CHI
/nfl/rankings/best-ball-qb.php,best-qb,bp,Jaxson Dart,23160,QB,NYG,8.8,1.47,7,11,,jaxson-dart.php,,,84.4,,,,,,,Jaxson Dart,2026-05-08,NYG
/nfl/rankings/best-ball-qb.php,best-qb,bp,Justin Herbert,18635,QB,LAC,9.0,2.0,6,12,,justin-herbert.php,,,79.6,,,,,,,Justin Herbert,2026-05-08,LAC
/nfl/rankings/best-ball-qb.php,best-qb,bp,Dak Prescott,15600,QB,DAL,10.4,1.62,8,12,,dak-prescott.php,,,82.4,,,,,,,Dak Prescott,2026-05-08,DAL
/nfl/rankings/best-ball-qb.php,best-qb,bp,Brock Purdy,19797,QB,SF,10.4,1.02,9,12,,brock-purdy.php,,,82.8,,,,,,,Brock Purdy,2026-05-08,SFO
/nfl/rankings/best-ball-qb.php,best-qb,bp,Trevor Lawrence,19780,QB,JAC,11.0,2.61,9,16,,trevor-lawrence.php,,,87.6,,,,,,,Trevor Lawrence,2026-05-08,JAC
/nfl/rankings/best-ball-qb.php,best-qb,bp,Patrick Mahomes II,16413,QB,KC,13.2,1.33,11,15,,patrick-mahomes.php,,,82.7,,,,,,,Patrick Mahomes,2026-05-08,KCC
/nfl/rankings/best-ball-qb.php,best-qb,bp,Bo Nix,22910,QB,DEN,15.2,1.17,14,17,,bo-nix.php,,,70.7,,,,,,,Bo Nix,2026-05-08,DEN
/nfl/rankings/best-ball-qb.php,best-qb,bp,Kyler Murray,18600,QB,MIN,15.6,1.5,13,17,,kyler-murray.php,,,67.6,,,,,,,Kyler Murray,2026-05-08,MIN
/nfl/rankings/best-ball-qb.php,best-qb,bp,Matthew Stafford,9451,QB,LAR,16.0,1.26,15,18,,matthew-stafford.php,,,83.5,,,,,3.0,,Matthew Stafford,2026-05-08,LAR
/nfl/rankings/best-ball-qb.php,best-qb,bp,Jared Goff,15501,QB,DET,17.2,2.79,12,20,,jared-goff.php,,,55.0,,,,,-3.0,,Jared Goff,2026-05-08,DET
/nfl/rankings/best-ball-qb.php,best-qb,bp,Jordan Love,19246,QB,GB,17.4,1.2,16,19,,jordan-love.php,,,47.8,,,,,,,Jordan Love,2026-05-08,GBP
/nfl/rankings/best-ball-qb.php,best-qb,bp,Tyler Shough,23096,QB,NO,18.8,1.94,16,21,,tyler-shough.php,,,58.8,,,,,2.0,,Tyler Shough,2026-05-08,NOS
/nfl/rankings/best-ball-qb.php,best-qb,bp,Baker Mayfield,17237,QB,TB,19.4,1.36,17,21,,baker-mayfield.php,,,54.2,,,,,-3.0,,Baker Mayfield,2026-05-08,TBB
/nfl/rankings/best-ball-qb.php,best-qb,bp,Malik Willis,23499,QB,MIA,20.2,2.14,18,24,,malik-willis.php,,,43.9,,,,,,,Malik Willis,2026-05-08,MIA
/nfl/rankings/best-ball-qb.php,best-qb,bp,C.J. Stroud,23071,QB,HOU,22.8,1.72,20,25,,cj-stroud.php,,,43.0,,,,,,,CJ Stroud,2026-05-08,HOU
/nfl/rankings/best-ball-qb.php,best-qb,bp,Sam Darnold,17236,QB,SEA,23.0,1.55,22,26,,sam-darnold.php,,,45.6,,,,,,,Sam Darnold,2026-05-08,SEA
/nfl/rankings/best-ball-qb.php,best-qb,bp,Cam Ward,24755,QB,TEN,24.8,1.47,23,27,,cam-ward.php,,,36.3,,,,,,,Cam Ward,2026-05-08,TEN
/nfl/rankings/best-ball-qb.php,best-qb,bp,Daniel Jones,18232,QB,IND,24.8,1.17,23,26,,daniel-jones.php,,,50.4,,,,,,,Daniel Jones,2026-05-08,IND
/nfl/rankings/best-ball-qb.php,best-qb,bp,Bryce Young,22900,QB,CAR,25.2,1.47,24,28,,bryce-young.php,,,41.4,,,,,,,Bryce Young,2026-05-08,CAR
/nfl/rankings/best-ball-qb.php,best-qb,bp,Geno Smith,11687,QB,NYJ,27.6,1.74,25,30,,geno-smith.php,,,31.4,,,,,,,Geno Smith,2026-05-08,NYJ
/nfl/rankings/best-ball-qb.php,best-qb,bp,Fernando Mendoza,28013,QB,LV,28.4,1.96,26,32,,fernando-mendoza.php,,,51.0,,,,,,,Fernando Mendoza,2026-05-08,LVR
/nfl/rankings/best-ball-qb.php,best-qb,bp,Jacoby Brissett,15642,QB,ARI,28.6,0.8,27,29,,jacoby-brissett.php,,,33.6,,,,,,,Jacoby Brissett,2026-05-08,ARI
/nfl/rankings/best-ball-qb.php,best-qb,bp,Aaron Rodgers,9001,QB,FA,29.2,1.17,27,30,,aaron-rodgers.php,,,31.0,,,,,,,Aaron Rodgers,2026-05-08,FA
/nfl/rankings/best-ball-qb.php,best-qb,bp,Tua Tagovailoa,19198,QB,ATL,32.0,0.89,31,33,,tua-tagovailoa.php,,,32.9,,,,,,,Tua Tagovailoa,2026-05-08,ATL
/nfl/rankings/best-ball-qb.php,best-qb,bp,Deshaun Watson,16398,QB,CLE,32.8,2.23,31,37,,deshaun-watson.php,,,24.7,,,,,,,Deshaun Watson,2026-05-08,CLE
/nfl/rankings/best-ball-qb.php,best-qb,bp,Michael Penix Jr.,22973,QB,ATL,33.6,1.85,31,36,,michael-penix-jr.php,,,31.8,,,,,,,Michael Penix,2026-05-08,ATL
/nfl/rankings/best-ball-qb.php,best-qb,bp,Shedeur Sanders,25968,QB,CLE,33.8,0.98,32,35,,shedeur-sanders.php,,,32.8,,,,,,,Shedeur Sanders,2026-05-08,CLE
/nfl/rankings/best-ball-qb.php,best-qb,bp,Kirk Cousins,11177,QB,LV,35.8,1.33,34,38,,kirk-cousins.php,,,28.6,,,,,,,Kirk Cousins,2026-05-08,LVR
/nfl/rankings/best-ball-qb.php,best-qb,bp,J.J. McCarthy,23018,QB,MIN,36.2,1.94,34,39,,jj-mccarthy.php,,,29.8,,,,,,,JJ McCarthy,2026-05-08,MIN
/nfl/rankings/best-ball-qb.php,best-qb,bp,Ty Simpson,25368,QB,LAR,39.0,4.05,31,42,,ty-simpson.php,,,30.3,,,,,7.0,,Ty Simpson,2026-05-08,LAR
/nfl/rankings/best-ball-qb.php,best-qb,bp,Mac Jones,20156,QB,SF,39.8,6.97,33,52,,mac-jones.php,,,33.6,,,,,,,Mac Jones,2026-05-08,SFO
/nfl/rankings/best-ball-qb.php,best-qb,bp,Justin Fields,19781,QB,KC,35.5,1.8,33,38,,justin-fields.php,,,32.3,,,,,,,Justin Fields,2026-05-08,KCC
/nfl/rankings/best-ball-qb.php,best-qb,bp,Anthony Richardson Sr.,24347,QB,IND,39.0,3.08,36,44,,anthony-richardson.php,,,31.1,,,,,,,Anthony Richardson,2026-05-08,IND
/nfl/rankings/best-ball-qb.php,best-qb,bp,Carson Beck,22953,QB,ARI,39.0,1.22,37,40,,carson-beck.php,,,18.0,,,,,,,Carson Beck,2026-05-08,ARI
/nfl/rankings/best-ball-qb.php,best-qb,bp,Marcus Mariota,13890,QB,WAS,43.0,6.6,35,50,,marcus-mariota.php,,,18.0,,,,,,,Marcus Mariota,2026-05-08,WAS
/nfl/rankings/best-ball-qb.php,best-qb,bp,Joe Flacco,9300,QB,CIN,45.75,5.36,38,53,,joe-flacco.php,,,18.2,,,,,,,Joe Flacco,2026-05-08,CIN
/nfl/rankings/best-ball-qb.php,best-qb,bp,Jameis Winston,13891,QB,NYG,44.33,1.7,42,46,,jameis-winston.php,,,16.8,,,,,,,Jameis Winston,2026-05-08,NYG
/nfl/rankings/best-ball-qb.php,best-qb,bp,Gardner Minshew II,18562,QB,ARI,46.33,2.87,43,50,,gardner-minshew.php,,,6.5,,,,,,,Gardner Minshew,2026-05-08,ARI
/nfl/rankings/best-ball-qb.php,best-qb,bp,Riley Leonard,25373,QB,IND,53.0,8.64,45,65,,riley-leonard.php,,,11.2,,,,,,,Riley Leonard,2026-05-08,IND
/nfl/rankings/best-ball-qb.php,best-qb,bp,Jimmy Garoppolo,12208,QB,LAR,54.33,10.08,44,68,,jimmy-garoppolo.php,,,1.4,,,,,,,Jimmy Garoppolo,2026-05-08,LAR
/nfl/rankings/best-ball-qb.php,best-qb,bp,Drew Allar,24345,QB,PIT,46.0,2.0,44,48,,drew-allar.php,,,8.8,,,,,,,Drew Allar,2026-05-08,PIT
/nfl/rankings/best-ball-qb.php,best-qb,bp,Quinn Ewers,23680,QB,MIA,57.0,5.66,49,61,,quinn-ewers.php,,,14.3,,,,,,,Quinn Ewers,2026-05-08,MIA
/nfl/rankings/best-ball-qb.php,best-qb,bp,Garrett Nussmeier,22998,QB,KC,47.0,5.0,42,52,,garrett-nussmeier.php,,,14.6,,,,,,,Garrett Nussmeier,2026-05-08,KCC
/nfl/rankings/best-ball-qb.php,best-qb,bp,Taylen Green,28094,QB,CLE,50.5,3.5,47,54,,taylen-green.php,,,6.6,,,,,,,Taylen Green,2026-05-08,CLE
/nfl/rankings/best-ball-qb.php,best-qb,bp,Joe Milton III,25967,QB,DAL,53.5,3.5,50,57,,joe-milton.php,,,10.1,,,,,,,Joe Milton,2026-05-08,DAL
/nfl/rankings/best-ball-qb.php,best-qb,bp,Carson Wentz,15520,QB,MIN,53.5,2.5,51,56,,carson-wentz.php,,,0.8,,,,,,,Carson Wentz,2026-05-08,MIN
/nfl/rankings/best-ball-qb.php,best-qb,bp,Spencer Rattler,23081,QB,NO,57.5,6.5,51,64,,spencer-rattler.php,,,4.5,,,,,,,Spencer Rattler,2026-05-08,NOS
/nfl/rankings/best-ball-qb.php,best-qb,bp,Cade Klubnik,24361,QB,NYJ,58.5,17.5,41,76,,cade-klubnik.php,,,5.7,,,,,-12.0,,Cade Klubnik,2026-05-08,NYJ
/nfl/rankings/best-ball-qb.php,best-qb,bp,Jalen Milroe,22884,QB,SEA,59.0,6.0,53,65,,jalen-milroe.php,,,15.3,,,,,,,Jalen Milroe,2026-05-08,SEA
/nfl/rankings/best-ball-qb.php,best-qb,bp,Tanner McKee,24740,QB,PHI,59.0,0.0,59,59,,tanner-mckee.php,,,3.8,,,,,,,Tanner McKee,2026-05-08,PHI
/nfl/rankings/best-ball-qb.php,best-qb,bp,Trey Lance,20082,QB,LAC,60.0,12.0,48,72,,trey-lance.php,,,4.5,,,,,,,Trey Lance,2026-05-08,LAC
/nfl/rankings/best-ball-qb.php,best-qb,bp,Will Howard,25972,QB,PIT,61.5,14.5,47,76,,will-howard.php,,,19.8,,,,,,,Will Howard,2026-05-08,PIT
/nfl/rankings/best-ball-qb.php,best-qb,bp,Sam Howell,23045,QB,DAL,63.0,5.0,58,68,,sam-howell.php,,,0.8,,,,,,,Sam Howell,2026-05-08,DAL
/nfl/rankings/best-ball-qb.php,best-qb,bp,Zach Wilson,22679,QB,NO,64.5,8.5,56,73,,zach-wilson.php,,,0.6,,,,,,,Zach Wilson,2026-05-08,NOS
/nfl/rankings/best-ball-qb.php,best-qb,bp,Davis Mills,22799,QB,HOU,65.0,10.0,55,75,,davis-mills.php,,,6.0,,,,,,,Davis Mills,2026-05-08,HOU
/nfl/rankings/best-ball-qb.php,best-qb,bp,Jake Browning,18557,QB,TB,66.0,3.0,63,69,,jake-browning.php,,,0.9,,,,,,,Jake Browning,2026-05-08,TBB
/nfl/rankings/best-ball-qb.php,best-qb,bp,Russell Wilson,11180,QB,FA,66.5,0.5,66,67,,russell-wilson.php,,,2.6,,,,,,,Russell Wilson,2026-05-08,FA
/nfl/rankings/best-ball-qb.php,best-qb,bp,Cooper Rush,16477,QB,FA,67.0,4.0,63,71,,cooper-rush.php,,,1.2,,,,,,,Cooper Rush,2026-05-08,FA
/nfl/rankings/best-ball-qb.php,best-qb,bp,Jarrett Stidham,18604,QB,DEN,67.5,5.5,62,73,,jarrett-stidham.php,,,3.7,,,,,,,Jarrett Stidham,2026-05-08,DEN
/nfl/rankings/best-ball-qb.php,best-qb,bp,Drew Lock,18225,QB,SEA,68.0,4.0,64,72,,drew-lock.php,,,0.9,,,,,,,Drew Lock,2026-05-08,SEA
/nfl/rankings/best-ball-qb.php,best-qb,bp,Mason Rudolph,17234,QB,PIT,70.0,13.0,57,83,,mason-rudolph.php,,,3.0,,,,,,,Mason Rudolph,2026-05-08,PIT
/nfl/rankings/best-ball-qb.php,best-qb,bp,Nick Mullens,16726,QB,JAC,72.0,2.0,70,74,,nick-mullens.php,,,0.7,,,,,,,Nick Mullens,2026-05-08,JAC
/nfl/rankings/best-ball-qb.php,best-qb,bp,Joshua Dobbs,16417,QB,FA,72.5,6.5,66,79,,joshua-dobbs.php,,,0.6,,,,,,,Joshua Dobbs,2026-05-08,FA
/nfl/rankings/best-ball-qb.php,best-qb,bp,Tyson Bagent,25321,QB,CHI,74.5,3.5,71,78,,tyson-bagent.php,,,7.3,,,,,,,Tyson Bagent,2026-05-08,CHI
/nfl/rankings/best-ball-qb.php,best-qb,bp,Mitchell Trubisky,16381,QB,TEN,74.5,0.5,74,75,,mitch-trubisky.php,,,1.2,,,,,,,Mitchell Trubisky,2026-05-08,TEN
/nfl/rankings/best-ball-qb.php,best-qb,bp,Kenny Pickett,22722,QB,CAR,75.0,5.0,70,80,,kenny-pickett.php,,,1.6,,,,,,,Kenny Pickett,2026-05-08,CAR
/nfl/rankings/best-ball-qb.php,best-qb,bp,Brandon Allen,15745,QB,NYG,79.5,2.5,77,82,,brandon-allen.php,,,0.1,,,,,,,Brandon Allen,2026-05-08,NYG
/nfl/rankings/best-ball-qb.php,best-qb,bp,Andy Dalton,9907,QB,PHI,79.5,1.5,78,81,,andy-dalton.php,,,1.7,,,,,,,Andy Dalton,2026-05-08,PHI
/nfl/rankings/best-ball-rb.php,best-rb,bp,Bijan Robinson,23133,RB,ATL,1.2,0.4,1,2,,bijan-robinson.php,,,98.7,,,,,,,Bijan Robinson,2026-05-08,ATL
/nfl/rankings/best-ball-rb.php,best-rb,bp,Jahmyr Gibbs,22968,RB,DET,1.8,0.4,1,2,,jahmyr-gibbs.php,,,98.7,,,,,,,Jahmyr Gibbs,2026-05-08,DET
/nfl/rankings/best-ball-rb.php,best-rb,bp,Christian McCaffrey,16393,RB,SF,3.8,0.4,3,4,,christian-mccaffrey.php,,,99.0,,,,,2.0,,Christian McCaffrey,2026-05-08,SFO
/nfl/rankings/best-ball-rb.php,best-rb,bp,Jonathan Taylor,19217,RB,IND,4.0,0.63,3,5,,jonathan-taylor.php,,,98.5,,,,,,,Jonathan Taylor,2026-05-08,IND
/nfl/rankings/best-ball-rb.php,best-rb,bp,James Cook III,22958,RB,BUF,4.8,1.47,3,6,,james-cook.php,,,98.8,,,,,-2.0,,James Cook,2026-05-08,BUF
/nfl/rankings/best-ball-rb.php,best-rb,bp,Ashton Jeanty,25989,RB,LV,7.4,1.36,5,9,,ashton-jeanty.php,,,87.7,,,,,,,Ashton Jeanty,2026-05-08,LVR
/nfl/rankings/best-ball-rb.php,best-rb,bp,De'Von Achane,23136,RB,MIA,8.0,0.63,7,9,,devon-achane.php,,,98.6,,,,,3.0,,DeVon Achane,2026-05-08,MIA
/nfl/rankings/best-ball-rb.php,best-rb,bp,Omarion Hampton,25395,RB,LAC,9.0,1.9,7,12,,omarion-hampton.php,,,87.2,,,,,,,Omarion Hampton,2026-05-08,LAC
/nfl/rankings/best-ball-rb.php,best-rb,bp,Chase Brown,25324,RB,CIN,9.4,1.85,7,12,,chase-brown.php,,,97.7,,,,,-3.0,,Chase Brown,2026-05-08,CIN
/nfl/rankings/best-ball-rb.php,best-rb,bp,Kenneth Walker III,23021,RB,KC,9.6,0.8,9,11,,kenneth-walker-rb.php,,,87.4,,,,,,,Kenneth Walker,2026-05-08,KCC
/nfl/rankings/best-ball-rb.php,best-rb,bp,Saquon Barkley,17240,RB,PHI,10.4,1.85,7,12,,saquon-barkley.php,,,98.8,,,,,2.0,,Saquon Barkley,2026-05-08,PHI
/nfl/rankings/best-ball-rb.php,best-rb,bp,Derrick Henry,15514,RB,BAL,11.6,1.2,10,13,,derrick-henry.php,,,97.9,,,,,,,Derrick Henry,2026-05-08,BAL
/nfl/rankings/best-ball-rb.php,best-rb,bp,Jeremiyah Love,25403,RB,ARI,13.6,2.33,10,16,,jeremiyah-love.php,,,83.2,,,,,-2.0,,Jeremiyah Love,2026-05-08,ARI
/nfl/rankings/best-ball-rb.php,best-rb,bp,Josh Jacobs,18269,RB,GB,14.2,0.98,13,16,,josh-jacobs.php,,,98.3,,,,,2.0,,Josh Jacobs,2026-05-08,GBP
/nfl/rankings/best-ball-rb.php,best-rb,bp,Javonte Williams,22739,RB,DAL,15.0,3.03,11,19,,javonte-williams.php,,,97.1,,,,,,,Javonte Williams,2026-05-08,DAL
/nfl/rankings/best-ball-rb.php,best-rb,bp,Breece Hall,22982,RB,NYJ,15.2,0.98,14,17,,breece-hall.php,,,91.4,,,,,,,Breece Hall,2026-05-08,NYJ
/nfl/rankings/best-ball-rb.php,best-rb,bp,Travis Etienne Jr.,19231,RB,NO,16.2,1.17,15,18,,travis-etienne.php,,,97.1,,,,,,,Travis Etienne,2026-05-08,NOS
/nfl/rankings/best-ball-rb.php,best-rb,bp,Kyren Williams,23059,RB,LAR,17.4,0.49,17,18,,kyren-williams.php,,,97.8,,,,,,,Kyren Williams,2026-05-08,LAR
/nfl/rankings/best-ball-rb.php,best-rb,bp,Bucky Irving,25981,RB,TB,19.0,0.89,18,20,,bucky-irving.php,,,97.1,,,,,,,Bucky Irving,2026-05-08,TBB
/nfl/rankings/best-ball-rb.php,best-rb,bp,David Montgomery,18239,RB,HOU,21.2,0.75,20,22,,david-montgomery.php,,,77.0,,,,,,,David Montgomery,2026-05-08,HOU
/nfl/rankings/best-ball-rb.php,best-rb,bp,TreVeyon Henderson,23065,RB,NE,21.6,1.62,20,24,,treveyon-henderson.php,,,78.7,,,,,4.0,,TreVeyon Henderson,2026-05-08,NEP
/nfl/rankings/best-ball-rb.php,best-rb,bp,Quinshon Judkins,25391,RB,CLE,22.2,0.75,21,23,,quinshon-judkins.php,,,79.1,,,,,,,Quinshon Judkins,2026-05-08,CLE
/nfl/rankings/best-ball-rb.php,best-rb,bp,Bhayshul Tuten,27297,RB,JAC,24.0,0.89,23,25,,bhayshul-tuten.php,,,70.5,,,,,,,Bhayshul Tuten,2026-05-08,JAC
/nfl/rankings/best-ball-rb.php,best-rb,bp,D'Andre Swift,19210,RB,CHI,24.2,1.33,22,26,,dandre-swift.php,,,88.4,,,,,,,DAndre Swift,2026-05-08,CHI
/nfl/rankings/best-ball-rb.php,best-rb,bp,Cam Skattebo,27166,RB,NYG,24.6,1.62,22,27,,cam-skattebo.php,,,97.2,,,,,,,Cam Skattebo,2026-05-08,NYG
/nfl/rankings/best-ball-rb.php,best-rb,bp,Jadarian Price,27329,RB,SEA,26.0,2.28,23,30,,jadarian-price.php,,,66.4,,,,,,,Jadarian Price,2026-05-08,SEA
/nfl/rankings/best-ball-rb.php,best-rb,bp,RJ Harvey,27142,RB,DEN,28.6,2.15,26,31,,rj-harvey.php,,,69.9,,,,,,,RJ Harvey,2026-05-08,DEN
/nfl/rankings/best-ball-rb.php,best-rb,bp,Jaylen Warren,24209,RB,PIT,28.6,0.8,27,29,,jaylen-warren.php,,,69.5,,,,,3.0,,Jaylen Warren,2026-05-08,PIT
/nfl/rankings/best-ball-rb.php,best-rb,bp,Chuba Hubbard,19792,RB,CAR,28.8,2.86,25,33,,chuba-hubbard.php,,,77.3,,,,,,,Chuba Hubbard,2026-05-08,CAR
/nfl/rankings/best-ball-rb.php,best-rb,bp,Rhamondre Stevenson,22726,RB,NE,29.4,2.24,27,33,,rhamondre-stevenson.php,,,69.8,,,,,,,Rhamondre Stevenson,2026-05-08,NEP
/nfl/rankings/best-ball-rb.php,best-rb,bp,Rico Dowdle,19647,RB,PIT,31.2,2.04,28,34,,rico-dowdle.php,,,69.5,,,,,-4.0,,Rico Dowdle,2026-05-08,PIT
/nfl/rankings/best-ball-rb.php,best-rb,bp,Kyle Monangai,27131,RB,CHI,32.0,1.67,30,35,,kyle-monangai.php,,,68.6,,,,,,,Kyle Monangai,2026-05-08,CHI
/nfl/rankings/best-ball-rb.php,best-rb,bp,Tony Pollard,18705,RB,TEN,32.6,2.06,30,35,,tony-pollard.php,,,69.8,,,,,,,Tony Pollard,2026-05-08,TEN
/nfl/rankings/best-ball-rb.php,best-rb,bp,J.K. Dobbins,19245,RB,DEN,33.2,1.72,30,35,,jk-dobbins.php,,,68.9,,,,,,,JK Dobbins,2026-05-08,DEN
/nfl/rankings/best-ball-rb.php,best-rb,bp,Blake Corum,23013,RB,LAR,35.2,1.72,33,38,,blake-corum.php,,,65.6,,,,,,,Blake Corum,2026-05-08,LAR
/nfl/rankings/best-ball-rb.php,best-rb,bp,Kenneth Gainwell,23310,RB,TB,38.2,1.17,37,40,,kenneth-gainwell.php,,,67.8,,,,,,,Kenneth Gainwell,2026-05-08,TBB
/nfl/rankings/best-ball-rb.php,best-rb,bp,Rachaad White,23891,RB,WAS,38.6,3.07,34,42,,rachaad-white.php,,,65.8,,,,,,,Rachaad White,2026-05-08,WAS
/nfl/rankings/best-ball-rb.php,best-rb,bp,Jacory Croskey-Merritt,27316,RB,WAS,38.8,2.32,36,42,,jacory-croskeymerritt.php,,,54.2,,,,,,,Jacory Croskey-Merritt,2026-05-08,WAS
/nfl/rankings/best-ball-rb.php,best-rb,bp,Chris Rodriguez Jr.,22986,RB,JAC,38.8,0.75,38,40,,chris-rodriguez-jr.php,,,45.4,,,,,6.0,,Chris Rodriguez,2026-05-08,JAC
/nfl/rankings/best-ball-rb.php,best-rb,bp,Aaron Jones Sr.,16673,RB,MIN,40.2,2.86,36,44,,aaron-jones.php,,,68.1,,,,,,,Aaron Jones,2026-05-08,MIN
/nfl/rankings/best-ball-rb.php,best-rb,bp,Jordan Mason,22969,RB,MIN,40.6,2.58,37,44,,jordan-mason.php,,,48.8,,,,,,,Jordan Mason,2026-05-08,MIN
/nfl/rankings/best-ball-rb.php,best-rb,bp,Jonathon Brooks,26148,RB,CAR,42.2,3.25,37,47,,jonathon-brooks.php,,,48.7,,,,,,,Jonathon Brooks,2026-05-08,CAR
/nfl/rankings/best-ball-rb.php,best-rb,bp,Tyler Allgeier,24172,RB,ARI,44.6,4.27,39,51,,tyler-allgeier.php,,,50.4,,,,,,,Tyler Allgeier,2026-05-08,ARI
/nfl/rankings/best-ball-rb.php,best-rb,bp,Zach Charbonnet,23152,RB,SEA,46.2,5.81,38,55,,zach-charbonnet.php,,,65.3,,,,,,,Zach Charbonnet,2026-05-08,SEA
/nfl/rankings/best-ball-rb.php,best-rb,bp,Jonah Coleman,27320,RB,DEN,46.6,2.73,45,52,,jonah-coleman.php,,,39.6,,,,,,,Jonah Coleman,2026-05-08,DEN
/nfl/rankings/best-ball-rb.php,best-rb,bp,Dylan Sampson,27102,RB,CLE,47.8,3.71,44,54,,dylan-sampson.php,,,39.2,,,,,,,Dylan Sampson,2026-05-08,CLE
/nfl/rankings/best-ball-rb.php,best-rb,bp,Woody Marks,27520,RB,HOU,49.0,3.29,43,53,,woody-marks.php,,,62.7,,,,,,,Woody Marks,2026-05-08,HOU
/nfl/rankings/best-ball-rb.php,best-rb,bp,Tyrone Tracy Jr.,22980,RB,NYG,49.2,3.76,44,54,,tyrone-tracy-jr.php,,,41.9,,,,,,,Tyrone Tracy,2026-05-08,NYG
/nfl/rankings/best-ball-rb.php,best-rb,bp,Isiah Pacheco,24333,RB,DET,49.8,3.12,46,53,,isiah-pacheco.php,,,54.9,,,,,,,Isiah Pacheco,2026-05-08,DET
/nfl/rankings/best-ball-rb.php,best-rb,bp,Braelon Allen,24346,RB,NYJ,50.2,3.06,46,55,,braelon-allen.php,,,38.3,,,,,,,Braelon Allen,2026-05-08,NYJ
/nfl/rankings/best-ball-rb.php,best-rb,bp,Keaton Mitchell,25360,RB,LAC,50.6,3.2,47,56,,keaton-mitchell.php,,,36.7,,,,,,,Keaton Mitchell,2026-05-08,LAC
/nfl/rankings/best-ball-rb.php,best-rb,bp,Emmett Johnson,28107,RB,KC,52.8,2.48,49,56,,emmett-johnson.php,,,33.1,,,,,,,Emmett Johnson,2026-05-08,KCC
/nfl/rankings/best-ball-rb.php,best-rb,bp,Mike Washington Jr.,28108,RB,LV,53.2,4.66,46,58,,mike-washington-jr.php,,,23.2,,,,,-7.0,,Mike Washington,2026-05-08,LVR
/nfl/rankings/best-ball-rb.php,best-rb,bp,Tyjae Spears,25323,RB,TEN,53.4,3.2,51,59,,tyjae-spears.php,,,56.7,,,,,,,Tyjae Spears,2026-05-08,TEN
/nfl/rankings/best-ball-rb.php,best-rb,bp,Brian Robinson Jr.,20094,RB,ATL,53.8,4.62,49,62,,brian-robinson-jr.php,,,41.9,,,,,,,Brian Robinson,2026-05-08,ATL
/nfl/rankings/best-ball-rb.php,best-rb,bp,Alvin Kamara,16421,RB,NO,55.6,6.09,45,62,,alvin-kamara.php,,,62.6,,,,,,,Alvin Kamara,2026-05-08,NOS
/nfl/rankings/best-ball-rb.php,best-rb,bp,Emanuel Wilson,25885,RB,SEA,55.6,4.08,49,60,,emanuel-wilson.php,,,36.8,,,,,,,Emanuel Wilson,2026-05-08,SEA
/nfl/rankings/best-ball-rb.php,best-rb,bp,Tank Bigsby,22908,RB,PHI,55.6,1.85,53,58,,tank-bigsby.php,,,37.7,,,,,,,Tank Bigsby,2026-05-08,PHI
/nfl/rankings/best-ball-rb.php,best-rb,bp,Kaytron Allen,24362,RB,WAS,57.2,3.76,53,64,,kaytron-allen.php,,,28.7,,,,,,,Kaytron Allen,2026-05-08,WAS
/nfl/rankings/best-ball-rb.php,best-rb,bp,Nick Singleton,24343,RB,TEN,61.4,6.56,55,74,,nick-singleton.php,,,31.8,,,,,,,Nick Singleton,2026-05-08,TEN
/nfl/rankings/best-ball-rb.php,best-rb,bp,Ray Davis,26191,RB,BUF,63.2,3.31,59,68,,ray-davis.php,,,26.3,,,,,,,Ray Davis,2026-05-08,BUF
/nfl/rankings/best-ball-rb.php,best-rb,bp,James Conner,16447,RB,ARI,64.0,4.65,57,69,,james-conner.php,,,53.8,,,,,,,James Conner,2026-05-08,ARI
/nfl/rankings/best-ball-rb.php,best-rb,bp,Kimani Vidal,26355,RB,LAC,64.6,3.93,60,71,,kimani-vidal.php,,,32.3,,,,,,,Kimani Vidal,2026-05-08,LAC
/nfl/rankings/best-ball-rb.php,best-rb,bp,Sean Tucker,23679,RB,TB,65.0,5.06,59,74,,sean-tucker.php,,,29.9,,,,,,,Sean Tucker,2026-05-08,TBB
/nfl/rankings/best-ball-rb.php,best-rb,bp,Kaelon Black,28401,RB,SF,67.8,5.08,63,74,,kaelon-black.php,,,6.1,,,,,9.0,,Kaelon Black,2026-05-08,SFO
/nfl/rankings/best-ball-rb.php,best-rb,bp,Jordan James,27310,RB,SF,68.4,5.46,62,77,,jordan-james.php,,,24.6,,,,,,,Jordan James,2026-05-08,SFO
/nfl/rankings/best-ball-rb.php,best-rb,bp,Demond Claiborne,28084,RB,MIN,69.0,6.03,63,79,,demond-claiborne.php,,,26.5,,,,,,,Demond Claiborne,2026-05-08,MIN
/nfl/rankings/best-ball-rb.php,best-rb,bp,Ty Johnson,18406,RB,BUF,69.2,7.19,60,81,,ty-johnson.php,,,12.2,,,,,8.0,,Ty Johnson,2026-05-08,BUF
/nfl/rankings/best-ball-rb.php,best-rb,bp,Jaylen Wright,25987,RB,MIA,70.8,2.93,66,74,,jaylen-wright.php,,,29.1,,,,,,,Jaylen Wright,2026-05-08,MIA
/nfl/rankings/best-ball-rb.php,best-rb,bp,Ollie Gordon II,25984,RB,MIA,73.0,3.03,70,78,,ollie-gordon.php,,,19.1,,,,,,,Ollie Gordon,2026-05-08,MIA
/nfl/rankings/best-ball-rb.php,best-rb,bp,Najee Harris,19302,RB,LAC,73.2,3.37,69,79,,najee-harris-rb.php,,,31.8,,,,,12.0,,Najee Harris,2026-05-08,LAC
/nfl/rankings/best-ball-rb.php,best-rb,bp,DJ Giddens,27097,RB,IND,73.4,8.87,64,87,,dj-giddens.php,,,12.5,,,,,,,DJ Giddens,2026-05-08,IND
/nfl/rankings/best-ball-rb.php,best-rb,bp,Justice Hill,18256,RB,BAL,74.2,9.99,59,85,,justice-hill.php,,,19.0,,,,,12.0,,Justice Hill,2026-05-08,BAL
/nfl/rankings/best-ball-rb.php,best-rb,bp,Jaydon Blue,24344,RB,DAL,74.2,1.94,72,77,,jaydon-blue.php,,,28.5,,,,,,,Jaydon Blue,2026-05-08,DAL
/nfl/rankings/best-ball-rb.php,best-rb,bp,Chris Brooks,25823,RB,GB,76.2,9.2,65,88,,christopher-brooks.php,,,7.2,,,,,,,Chris Brooks,2026-05-08,GBP
/nfl/rankings/best-ball-rb.php,best-rb,bp,Samaje Perine,16423,RB,CIN,77.0,8.17,67,87,,samaje-perine.php,,,7.3,,,,,,,Samaje Perine,2026-05-08,CIN
/nfl/rankings/best-ball-rb.php,best-rb,bp,MarShawn Lloyd,23118,RB,GB,79.0,8.39,68,89,,marshawn-lloyd.php,,,6.4,,,,,,,MarShawn Lloyd,2026-05-08,GBP
/nfl/rankings/best-ball-rb.php,best-rb,bp,Kaleb Johnson,27165,RB,PIT,79.0,8.15,70,91,,kaleb-johnson-rb.php,,,26.8,,,,,,,Kaleb Johnson,2026-05-08,PIT
/nfl/rankings/best-ball-rb.php,best-rb,bp,George Holani,22915,RB,SEA,79.0,4.24,73,84,,george-holani.php,,,29.2,,,,,-9.0,,George Holani,2026-05-08,SEA
/nfl/rankings/best-ball-rb.php,best-rb,bp,LeQuint Allen Jr.,27285,RB,JAC,80.2,4.87,73,87,,lequint-allen-jr.php,,,20.3,,,,,,,LeQuint Allen,2026-05-08,JAC
/nfl/rankings/best-ball-rb.php,best-rb,bp,Isaiah Davis,25977,RB,NYJ,81.6,5.75,74,89,,isaiah-davis.php,,,10.8,,,,,,,Isaiah Davis,2026-05-08,NYJ
/nfl/rankings/best-ball-rb.php,best-rb,bp,Seth McGowan,23079,RB,IND,82.4,8.73,66,91,,seth-mcgowan.php,,,1.6,,,,,,,Seth McGowan,2026-05-08,IND
/nfl/rankings/best-ball-rb.php,best-rb,bp,Malik Davis,24205,RB,DAL,75.5,3.64,70,80,,malik-davis.php,,,5.7,,,,,,,Malik Davis,2026-05-08,DAL
/nfl/rankings/best-ball-rb.php,best-rb,bp,Trey Benson,25388,RB,ARI,83.8,9.24,68,95,,trey-benson.php,,,40.2,,,,,,,Trey Benson,2026-05-08,ARI
/nfl/rankings/best-ball-rb.php,best-rb,bp,Adam Randall,24367,RB,BAL,83.8,4.45,78,91,,adam-randall.php,,,10.7,,,,,,,Adam Randall,2026-05-08,BAL
/nfl/rankings/best-ball-rb.php,best-rb,bp,Brashard Smith,27259,RB,KC,84.2,4.53,77,90,,brashard-smith.php,,,22.5,,,,,,,Brashard Smith,2026-05-08,KCC
/nfl/rankings/best-ball-rb.php,best-rb,bp,Devin Singletary,18280,RB,NYG,86.0,19.06,63,121,,devin-singletary.php,,,5.3,,,,,,,Devin Singletary,2026-05-08,NYG
/nfl/rankings/best-ball-rb.php,best-rb,bp,Devin Neal,23682,RB,NO,86.0,12.1,71,106,,devin-neal.php,,,29.2,,,,,-16.0,,Devin Neal,2026-05-08,NOS
/nfl/rankings/best-ball-rb.php,best-rb,bp,Joe Mixon,16420,RB,FA,79.25,5.21,71,85,,joe-mixon.php,,,28.6,,,,,,,Joe Mixon,2026-05-08,FA
/nfl/rankings/best-ball-rb.php,best-rb,bp,Jerome Ford,22921,RB,WAS,87.6,3.93,80,91,,jerome-ford.php,,,10.5,,,,,,,Jerome Ford,2026-05-08,WAS
/nfl/rankings/best-ball-rb.php,best-rb,bp,Emari Demercado,25654,RB,KC,81.0,10.95,65,93,,emari-demercado.php,,,8.2,,,,,,,Emari Demercado,2026-05-08,KCC
/nfl/rankings/best-ball-rb.php,best-rb,bp,Kendre Miller,24360,RB,NO,92.2,13.85,76,111,,kendre-miller.php,,,14.7,,,,,-21.0,,Kendre Miller,2026-05-08,NOS
/nfl/rankings/best-ball-rb.php,best-rb,bp,Isaac Guerendo,26392,RB,SF,86.75,8.44,75,97,,isaac-guerendo.php,,,7.4,,,,,,,Isaac Guerendo,2026-05-08,SFO
/nfl/rankings/best-ball-rb.php,best-rb,bp,Eli Heidenreich,28297,RB,PIT,87.0,9.03,76,101,,eli-heidenreich.php,,,3.5,,,,,,,Eli Heidenreich,2026-05-08,PIT
/nfl/rankings/best-ball-rb.php,best-rb,bp,Jaleel McLaughlin,25876,RB,DEN,96.2,12.3,86,120,,jaleel-mclaughlin.php,,,2.9,,,,,,,Jaleel McLaughlin,2026-05-08,DEN
/nfl/rankings/best-ball-rb.php,best-rb,bp,Trevor Etienne,25393,RB,CAR,93.25,1.92,90,95,,trevor-etienne.php,,,6.4,,,,,,,Trevor Etienne,2026-05-08,CAR
/nfl/rankings/best-ball-rb.php,best-rb,bp,Will Shipley,22930,RB,PHI,94.5,9.55,78,101,,will-shipley.php,,,4.6,,,,,,,Will Shipley,2026-05-08,PHI
/nfl/rankings/best-ball-rb.php,best-rb,bp,Bam Knight,24901,RB,ARI,96.0,14.09,78,117,,zonovan-bam-knight.php,,,1.3,,,,,,,Bam Knight,2026-05-08,ARI
/nfl/rankings/best-ball-rb.php,best-rb,bp,Kareem Hunt,16425,RB,FA,96.5,8.56,87,110,,kareem-hunt.php,,,6.9,,,,,,,Kareem Hunt,2026-05-08,FA
/nfl/rankings/best-ball-rb.php,best-rb,bp,Jarquez Hunter,24335,RB,LAR,98.5,7.16,90,107,,jarquez-hunter.php,,,8.4,,,,,,,Jarquez Hunter,2026-05-08,LAR
/nfl/rankings/best-ball-rb.php,best-rb,bp,J'Mari Taylor,28109,RB,JAC,99.25,5.36,94,108,,jmari-taylor.php,,,5.3,,,,,,,JMari Taylor,2026-05-08,JAC
/nfl/rankings/best-ball-rb.php,best-rb,bp,Roman Hemby,25387,RB,LV,96.33,10.21,84,109,,roman-hemby.php,,,0.0,,,,,,,Roman Hemby,2026-05-08,LVR
/nfl/rankings/best-ball-rb.php,best-rb,bp,Le'Veon Moss,27323,RB,MIA,103.0,6.36,93,109,,leveon-moss.php,,,10.8,,,,,,,LeVeon Moss,2026-05-08,MIA
/nfl/rankings/best-ball-rb.php,best-rb,bp,Audric Estime,23054,RB,NO,99.67,9.18,90,112,,audric-estime.php,,,10.3,,,,,,,Audric Estime,2026-05-08,NOS
/nfl/rankings/best-ball-rb.php,best-rb,bp,Michael Carter,22728,RB,TEN,96.5,4.5,92,101,,michael-carter-rb.php,,,3.0,,,,,,,Michael Carter,2026-05-08,TEN
/nfl/rankings/best-ball-rb.php,best-rb,bp,Rasheen Ali,25983,RB,BAL,97.5,4.5,93,102,,rasheen-ali.php,,,3.2,,,,,,,Rasheen Ali,2026-05-08,BAL
/nfl/rankings/best-ball-rb.php,best-rb,bp,Tahj Brooks,26212,RB,CIN,98.0,4.0,94,102,,tahj-brooks.php,,,4.0,,,,,,,Tahj Brooks,2026-05-08,CIN
/nfl/rankings/best-ball-rb.php,best-rb,bp,Jawhar Jordan,26329,RB,HOU,99.0,19.0,80,118,,jawhar-jordan.php,,,1.6,,,,,-13.0,,Jawhar Jordan,2026-05-08,HOU
/nfl/rankings/best-ball-rb.php,best-rb,bp,Kyle Juszczyk,11798,RB,SF,100.5,2.5,98,103,,kyle-juszczyk.php,,,1.7,,,,,,,Kyle Juszczyk,2026-05-08,SFO
/nfl/rankings/best-ball-rb.php,best-rb,bp,Raheim Sanders,24351,RB,CLE,107.5,22.5,85,130,,raheim-sanders.php,,,1.7,,,,,,,Raheim Sanders,2026-05-08,CLE
/nfl/rankings/best-ball-rb.php,best-rb,bp,Jam Miller,27326,RB,NE,102.0,8.0,94,110,,jam-miller.php,,,2.3,,,,,,,Jam Miller,2026-05-08,NEP
/nfl/rankings/best-ball-rb.php,best-rb,bp,Roschon Johnson,25322,RB,CHI,111.0,22.0,89,133,,roschon-johnson.php,,,0.8,,,,,,,Roschon Johnson,2026-05-08,CHI
/nfl/rankings/best-ball-rb.php,best-rb,bp,Nick Chubb,17246,RB,FA,107.5,4.5,103,112,,nick-chubb.php,,,3.4,,,,,,,Nick Chubb,2026-05-08,FA
/nfl/rankings/best-ball-rb.php,best-rb,bp,Zavier Scott,25748,RB,MIN,114.0,15.0,99,129,,zavier-scott.php,,,0.7,,,,,,,Zavier Scott,2026-05-08,MIN
/nfl/rankings/best-ball-rb.php,best-rb,bp,Miles Sanders,18283,RB,FA,110.0,5.0,105,115,,miles-sanders.php,,,0.6,,,,,,,Miles Sanders,2026-05-08,FA
/nfl/rankings/best-ball-rb.php,best-rb,bp,Jeremy McNichols,16445,RB,WAS,125.5,14.5,111,140,,jeremy-mcnichols.php,,,0.9,,,,,,,Jeremy McNichols,2026-05-08,WAS
/nfl/rankings/best-ball-rb.php,best-rb,bp,Tyler Badie,23812,RB,DEN,119.5,6.5,113,126,,tyler-badie.php,,,1.2,,,,,,,Tyler Badie,2026-05-08,DEN
/nfl/rankings/best-ball-rb.php,best-rb,bp,Tyler Goodson,22976,RB,ATL,128.5,12.5,116,141,,tyler-goodson.php,,,0.6,,,,,,,Tyler Goodson,2026-05-08,ATL
/nfl/rankings/best-ball-te.php,best-te,bp,Brock Bowers,22955,TE,LV,1.2,0.4,1,2,,brock-bowers.php,,,98.9,,,,,1.0,,Brock Bowers,2026-05-08,LVR
/nfl/rankings/best-ball-te.php,best-te,bp,Trey McBride,22936,TE,ARI,1.8,0.4,1,2,,trey-mcbride.php,,,98.4,,,,,-1.0,,Trey McBride,2026-05-08,ARI
/nfl/rankings/best-ball-te.php,best-te,bp,Colston Loveland,26006,TE,CHI,3.0,0.0,3,3,,colston-loveland.php,,,87.3,,,,,,,Colston Loveland,2026-05-08,CHI
/nfl/rankings/best-ball-te.php,best-te,bp,Tyler Warren,26434,TE,IND,4.4,0.49,4,5,,tyler-warren.php,,,87.1,,,,,2.0,,Tyler Warren,2026-05-08,IND
/nfl/rankings/best-ball-te.php,best-te,bp,Tucker Kraft,25298,TE,GB,5.2,0.75,4,6,,tucker-kraft.php,,,91.5,,,,,-1.0,,Tucker Kraft,2026-05-08,GBP
/nfl/rankings/best-ball-te.php,best-te,bp,Harold Fannin Jr.,27050,TE,CLE,6.6,1.36,5,9,,harold-fannin-jr.php,,,83.9,,,,,2.0,,Harold Fannin,2026-05-08,CLE
/nfl/rankings/best-ball-te.php,best-te,bp,Kyle Pitts Sr.,20164,TE,ATL,6.8,0.4,6,7,,kyle-pitts.php,,,96.0,,,,,,,Kyle Pitts,2026-05-08,ATL
/nfl/rankings/best-ball-te.php,best-te,bp,Sam LaPorta,22978,TE,DET,7.0,0.89,6,8,,sam-laporta.php,,,94.6,,,,,-3.0,,Sam LaPorta,2026-05-08,DET
/nfl/rankings/best-ball-te.php,best-te,bp,Travis Kelce,11594,TE,KC,10.4,1.02,9,12,,travis-kelce.php,,,82.1,,,,,,,Travis Kelce,2026-05-08,KCC
/nfl/rankings/best-ball-te.php,best-te,bp,George Kittle,16499,TE,SF,11.4,1.36,10,13,,george-kittle.php,,,82.3,,,,,,,George Kittle,2026-05-08,SFO
/nfl/rankings/best-ball-te.php,best-te,bp,Oronde Gadsden II,25997,TE,LAC,11.6,1.62,9,14,,oronde-gadsden-ii.php,,,52.7,,,,,2.0,,Oronde Gadsden,2026-05-08,LAC
/nfl/rankings/best-ball-te.php,best-te,bp,Jake Ferguson,22718,TE,DAL,12.0,1.41,10,14,,jake-ferguson.php,,,69.6,,,,,,,Jake Ferguson,2026-05-08,DAL
/nfl/rankings/best-ball-te.php,best-te,bp,Isaiah Likely,23781,TE,NYG,13.0,1.79,11,15,,isaiah-likely.php,,,70.1,,,,,-4.0,,Isaiah Likely,2026-05-08,NYG
/nfl/rankings/best-ball-te.php,best-te,bp,Dalton Kincaid,25247,TE,BUF,13.8,3.12,12,20,,dalton-kincaid.php,,,52.8,,,,,,,Dalton Kincaid,2026-05-08,BUF
/nfl/rankings/best-ball-te.php,best-te,bp,Mark Andrews,17269,TE,BAL,15.4,0.8,14,16,,mark-andrews.php,,,67.5,,,,,2.0,,Mark Andrews,2026-05-08,BAL
/nfl/rankings/best-ball-te.php,best-te,bp,Dallas Goedert,17270,TE,PHI,15.8,1.47,14,18,,dallas-goedert.php,,,87.5,,,,,,,Dallas Goedert,2026-05-08,PHI
/nfl/rankings/best-ball-te.php,best-te,bp,Juwan Johnson,19562,TE,NO,17.4,0.8,16,18,,juwan-johnson.php,,,48.7,,,,,,,Juwan Johnson,2026-05-08,NOS
/nfl/rankings/best-ball-te.php,best-te,bp,Brenton Strange,25345,TE,JAC,18.8,1.94,16,21,,brenton-strange.php,,,42.6,,,,,,,Brenton Strange,2026-05-08,JAC
/nfl/rankings/best-ball-te.php,best-te,bp,Kenyon Sadiq,26055,TE,NYJ,19.4,3.2,14,24,,kenyon-sadiq.php,,,56.2,,,,,2.0,,Kenyon Sadiq,2026-05-08,NYJ
/nfl/rankings/best-ball-te.php,best-te,bp,Chig Okonkwo,23982,TE,WAS,20.0,1.26,19,22,,chigoziem-okonkwo.php,,,34.4,,,,,-4.0,,Chigoziem Okonkwo,2026-05-08,WAS
/nfl/rankings/best-ball-te.php,best-te,bp,Hunter Henry,15561,TE,NE,20.2,1.47,18,22,,hunter-henry.php,,,50.1,,,,,,,Hunter Henry,2026-05-08,NEP
/nfl/rankings/best-ball-te.php,best-te,bp,T.J. Hockenson,18290,TE,MIN,22.0,2.28,18,25,,tj-hockenson.php,,,59.0,,,,,,,TJ Hockenson,2026-05-08,MIN
/nfl/rankings/best-ball-te.php,best-te,bp,Dalton Schultz,17349,TE,HOU,23.6,1.85,20,25,,dalton-schultz.php,,,35.7,,,,,,,Dalton Schultz,2026-05-08,HOU
/nfl/rankings/best-ball-te.php,best-te,bp,AJ Barner,26335,TE,SEA,23.8,1.47,22,26,,aj-barner.php,,,36.2,,,,,,,AJ Barner,2026-05-08,SEA
/nfl/rankings/best-ball-te.php,best-te,bp,Greg Dulcich,23153,TE,MIA,26.0,4.1,22,31,,greg-dulcich.php,,,22.4,,,,,,,Greg Dulcich,2026-05-08,MIA
/nfl/rankings/best-ball-te.php,best-te,bp,Pat Freiermuth,20163,TE,PIT,26.6,3.72,21,31,,pat-freiermuth.php,,,32.0,,,,,3.0,,Pat Freiermuth,2026-05-08,PIT
/nfl/rankings/best-ball-te.php,best-te,bp,Gunnar Helm,27109,TE,TEN,27.8,0.75,27,29,,gunnar-helm.php,,,32.4,,,,,,,Gunnar Helm,2026-05-08,TEN
/nfl/rankings/best-ball-te.php,best-te,bp,Cade Otton,23181,TE,TB,28.8,2.14,25,31,,cade-otton.php,,,32.8,,,,,,,Cade Otton,2026-05-08,TBB
/nfl/rankings/best-ball-te.php,best-te,bp,Terrance Ferguson,23091,TE,LAR,29.4,2.94,26,33,,terrance-ferguson.php,,,31.6,,,,,,,Terrance Ferguson,2026-05-08,LAR
/nfl/rankings/best-ball-te.php,best-te,bp,Eli Stowers,23144,TE,PHI,30.0,2.9,26,33,,eli-stowers.php,,,34.3,,,,,,,Eli Stowers,2026-05-08,PHI
/nfl/rankings/best-ball-te.php,best-te,bp,Mike Gesicki,17272,TE,CIN,30.6,3.07,28,36,,mike-gesicki.php,,,32.2,,,,,,,Mike Gesicki,2026-05-08,CIN
/nfl/rankings/best-ball-te.php,best-te,bp,David Njoku,16399,TE,FA,30.6,2.58,28,35,,david-njoku.php,,,32.7,,,,,,,David Njoku,2026-05-08,FA
/nfl/rankings/best-ball-te.php,best-te,bp,Evan Engram,16411,TE,DEN,33.4,2.42,29,36,,evan-engram.php,,,34.6,,,,,,,Evan Engram,2026-05-08,DEN
/nfl/rankings/best-ball-te.php,best-te,bp,Mason Taylor,26005,TE,NYJ,34.2,2.14,32,38,,mason-taylor.php,,,39.9,,,,,,,Mason Taylor,2026-05-08,NYJ
/nfl/rankings/best-ball-te.php,best-te,bp,Colby Parkinson,19372,TE,LAR,34.8,3.37,31,39,,colby-parkinson.php,,,31.8,,,,,,,Colby Parkinson,2026-05-08,LAR
/nfl/rankings/best-ball-te.php,best-te,bp,Theo Johnson,23104,TE,NYG,34.8,0.75,34,36,,theo-johnson.php,,,31.2,,,,,,,Theo Johnson,2026-05-08,NYG
/nfl/rankings/best-ball-te.php,best-te,bp,Jake Tonges,24778,TE,SF,37.0,2.19,33,39,,jake-tonges.php,,,31.6,,,,,,,Jake Tonges,2026-05-08,SFO
/nfl/rankings/best-ball-te.php,best-te,bp,Elijah Arroyo,23004,TE,SEA,39.6,3.67,36,45,,elijah-arroyo.php,,,24.2,,,,,,,Elijah Arroyo,2026-05-08,SEA
/nfl/rankings/best-ball-te.php,best-te,bp,Michael Mayer,23056,TE,LV,43.2,7.44,37,55,,michael-mayer.php,,,30.0,,,,,,,Michael Mayer,2026-05-08,LVR
/nfl/rankings/best-ball-te.php,best-te,bp,Noah Gray,19539,TE,KC,46.75,7.79,38,55,,noah-gray.php,,,16.1,,,,,,,Noah Gray,2026-05-08,KCC
/nfl/rankings/best-ball-te.php,best-te,bp,Max Klare,27993,TE,LAR,37.33,5.25,30,42,,max-klare.php,,,29.0,,,,,6.0,,Max Klare,2026-05-08,LAR
/nfl/rankings/best-ball-te.php,best-te,bp,Ja'Tavion Sanders,24334,TE,CAR,39.67,4.5,36,46,,jatavion-sanders.php,,,17.1,,,,,,,JaTavion Sanders,2026-05-08,CAR
/nfl/rankings/best-ball-te.php,best-te,bp,Darnell Washington,22967,TE,PIT,40.0,4.32,34,44,,darnell-washington.php,,,26.0,,,,,,,Darnell Washington,2026-05-08,PIT
/nfl/rankings/best-ball-te.php,best-te,bp,Tyler Higbee,15623,TE,LAR,52.5,17.44,30,79,,tyler-higbee.php,,,12.2,,,,,-6.0,,Tyler Higbee,2026-05-08,LAR
/nfl/rankings/best-ball-te.php,best-te,bp,Ben Sinnott,26310,TE,WAS,52.5,8.08,41,63,,ben-sinnott.php,,,11.1,,,,,,,Ben Sinnott,2026-05-08,WAS
/nfl/rankings/best-ball-te.php,best-te,bp,Dawson Knox,18631,TE,BUF,45.67,2.05,43,48,,dawson-knox.php,,,21.7,,,,,,,Dawson Knox,2026-05-08,BUF
/nfl/rankings/best-ball-te.php,best-te,bp,Justin Joly,28079,TE,DEN,46.0,10.23,33,58,,justin-joly.php,,,7.5,,,,,,,Justin Joly,2026-05-08,DEN
/nfl/rankings/best-ball-te.php,best-te,bp,Noah Fant,17527,TE,NO,47.67,6.8,41,57,,noah-fant.php,,,8.7,,,,,,,Noah Fant,2026-05-08,NOS
/nfl/rankings/best-ball-te.php,best-te,bp,Eli Raridon,28154,TE,NE,48.0,8.64,40,60,,eli-raridon.php,,,2.7,,,,,-6.0,,Eli Raridon,2026-05-08,NEP
/nfl/rankings/best-ball-te.php,best-te,bp,Oscar Delp,25430,TE,NO,50.67,13.67,41,70,,oscar-delp.php,,,10.4,,,,,-5.0,,Oscar Delp,2026-05-08,NOS
/nfl/rankings/best-ball-te.php,best-te,bp,Darren Waller,14104,TE,FA,54.0,12.33,40,70,,darren-waller.php,,,11.6,,,,,,,Darren Waller,2026-05-08,FA
/nfl/rankings/best-ball-te.php,best-te,bp,Marlin Klein,28157,TE,HOU,55.0,8.29,44,64,,marlin-klein.php,,,3.1,,,,,,,Marlin Klein,2026-05-08,HOU
/nfl/rankings/best-ball-te.php,best-te,bp,Luke Musgrave,25282,TE,GB,56.0,4.08,51,61,,luke-musgrave.php,,,11.5,,,,,,,Luke Musgrave,2026-05-08,GBP
/nfl/rankings/best-ball-te.php,best-te,bp,Cole Kmet,19229,TE,CHI,45.0,2.0,43,47,,cole-kmet.php,,,24.6,,,,,,,Cole Kmet,2026-05-08,CHI
/nfl/rankings/best-ball-te.php,best-te,bp,Sam Roush,28161,TE,CHI,59.33,11.9,49,76,,sam-roush.php,,,1.8,,,,,,,Sam Roush,2026-05-08,CHI
/nfl/rankings/best-ball-te.php,best-te,bp,Tommy Tremble,22795,TE,CAR,49.5,3.5,46,53,,tommy-tremble.php,,,2.1,,,,,,,Tommy Tremble,2026-05-08,CAR
/nfl/rankings/best-ball-te.php,best-te,bp,Jonnu Smith,16460,TE,FA,50.5,8.5,42,59,,jonnu-smith.php,,,14.1,,,,,,,Jonnu Smith,2026-05-08,FA
/nfl/rankings/best-ball-te.php,best-te,bp,Daniel Bellinger,24238,TE,TEN,51.5,16.5,35,68,,daniel-bellinger.php,,,5.9,,,,,,,Daniel Bellinger,2026-05-08,TEN
/nfl/rankings/best-ball-te.php,best-te,bp,Charlie Kolar,22756,TE,LAC,51.5,1.5,50,53,,charlie-kolar.php,,,5.5,,,,,,,Charlie Kolar,2026-05-08,LAC
/nfl/rankings/best-ball-te.php,best-te,bp,Zach Ertz,11689,TE,FA,52.0,13.0,39,65,,zach-ertz.php,,,11.4,,,,,,,Zach Ertz,2026-05-08,FA
/nfl/rankings/best-ball-te.php,best-te,bp,Austin Hooper,15581,TE,ATL,57.0,5.0,52,62,,austin-hooper.php,,,2.1,,,,,,,Austin Hooper,2026-05-08,ATL
/nfl/rankings/best-ball-te.php,best-te,bp,Nate Boerkircher,28427,TE,JAC,58.0,10.0,48,68,,nate-boerkircher.php,,,0.7,,,,,-10.0,,Nate Boerkircher,2026-05-08,JAC
/nfl/rankings/best-ball-te.php,best-te,bp,Will Kacmarek,28403,TE,MIA,58.5,10.5,48,69,,will-kacmarek.php,,,1.9,,,,,,,Will Kacmarek,2026-05-08,MIA
/nfl/rankings/best-ball-te.php,best-te,bp,Elijah Higgins,23119,TE,ARI,59.5,0.5,59,60,,elijah-higgins.php,,,3.6,,,,,,,Elijah Higgins,2026-05-08,ARI
/nfl/rankings/best-ball-te.php,best-te,bp,Mitchell Evans,27138,TE,CAR,60.0,4.0,56,64,,mitchell-evans.php,,,1.4,,,,,,,Mitchell Evans,2026-05-08,CAR
/nfl/rankings/best-ball-te.php,best-te,bp,Erick All Jr.,23837,TE,CIN,61.5,3.5,58,65,,erick-all.php,,,1.8,,,,,,,Erick All,2026-05-08,CIN
/nfl/rankings/best-ball-te.php,best-te,bp,Jackson Hawes,27469,TE,BUF,73.5,28.5,45,102,,jackson-hawes.php,,,1.4,,,,,,,Jackson Hawes,2026-05-08,BUF
/nfl/rankings/best-ball-te.php,best-te,bp,Jared Wiley,26343,TE,KC,65.5,10.5,55,76,,jared-wiley.php,,,0.6,,,,,-12.0,,Jared Wiley,2026-05-08,KCC
/nfl/rankings/best-ball-te.php,best-te,bp,Durham Smythe,17508,TE,BAL,77.0,30.0,47,107,,durham-smythe.php,,,0.7,,,,,,,Durham Smythe,2026-05-08,BAL
/nfl/rankings/best-ball-te.php,best-te,bp,Michael Trigg,23167,TE,DAL,66.0,12.0,54,78,,michael-trigg.php,,,34.5,,,,,,,Michael Trigg,2026-05-08,DAL
/nfl/rankings/best-ball-te.php,best-te,bp,Tanner Koziol,27499,TE,JAC,69.5,2.5,67,72,,tanner-koziol.php,,,0.1,,,,,,,Tanner Koziol,2026-05-08,JAC
/nfl/rankings/best-ball-te.php,best-te,bp,Josh Oliver,18487,TE,MIN,71.5,9.5,62,81,,josh-oliver.php,,,1.1,,,,,,,Josh Oliver,2026-05-08,MIN
/nfl/rankings/best-ball-te.php,best-te,bp,Luke Schoonmaker,25267,TE,DAL,72.5,11.5,61,84,,luke-schoonmaker.php,,,1.4,,,,,,,Luke Schoonmaker,2026-05-08,DAL
/nfl/rankings/best-ball-te.php,best-te,bp,Joe Royer,27312,TE,CLE,73.5,6.5,67,80,,joe-royer.php,,,1.1,,,,,,,Joe Royer,2026-05-08,CLE
/nfl/rankings/best-ball-te.php,best-te,bp,Grant Calcaterra,24180,TE,PHI,75.0,6.0,69,81,,grant-calcaterra.php,,,1.4,,,,,,,Grant Calcaterra,2026-05-08,PHI
/nfl/rankings/best-ball-te.php,best-te,bp,Tyler Conklin,17598,TE,DET,78.5,12.5,66,91,,tyler-conklin.php,,,1.8,,,,,,,Tyler Conklin,2026-05-08,DET
/nfl/rankings/best-ball-te.php,best-te,bp,Jack Endries,27501,TE,CIN,80.0,6.0,74,86,,jack-endries.php,,,6.8,,,,,,,Jack Endries,2026-05-08,CIN
/nfl/rankings/best-ball-te.php,best-te,bp,Cade Stover,25269,TE,HOU,82.5,0.5,82,83,,cade-stover.php,,,2.7,,,,,,,Cade Stover,2026-05-08,HOU
/nfl/rankings/best-ball-te.php,best-te,bp,Johnny Mundt,16743,TE,PHI,89.0,7.0,82,96,,johnny-mundt.php,,,0.1,,,,,,,Johnny Mundt,2026-05-08,PHI
/nfl/rankings/best-ball-wr.php,best-wr,bp,Ja'Marr Chase,19788,WR,CIN,1.0,0.0,1,1,,jamarr-chase.php,,,98.9,,,,,,,JaMarr Chase,2026-05-08,CIN
/nfl/rankings/best-ball-wr.php,best-wr,bp,Puka Nacua,23180,WR,LAR,2.4,0.49,2,3,,puka-nacua.php,,,99.1,,,,,1.0,,Puka Nacua,2026-05-08,LAR
/nfl/rankings/best-ball-wr.php,best-wr,bp,Jaxon Smith-Njigba,23070,WR,SEA,2.6,0.49,2,3,,jaxon-smith-njigba.php,,,99.0,,,,,-1.0,,Jaxon Smith-Njigba,2026-05-08,SEA
/nfl/rankings/best-ball-wr.php,best-wr,bp,Amon-Ra St. Brown,19799,WR,DET,4.0,0.0,4,4,,amonra-stbrown.php,,,98.9,,,,,,,Amon-Ra St Brown,2026-05-08,DET
/nfl/rankings/best-ball-wr.php,best-wr,bp,Justin Jefferson,19236,WR,MIN,5.4,0.49,5,6,,justin-jefferson.php,,,87.5,,,,,,,Justin Jefferson,2026-05-08,MIN
/nfl/rankings/best-ball-wr.php,best-wr,bp,CeeDee Lamb,19202,WR,DAL,5.8,0.75,5,7,,ceedee-lamb.php,,,98.6,,,,,-1.0,,CeeDee Lamb,2026-05-08,DAL
/nfl/rankings/best-ball-wr.php,best-wr,bp,Drake London,23163,WR,ATL,6.8,0.4,6,7,,drake-london.php,,,98.3,,,,,,,Drake London,2026-05-08,ATL
/nfl/rankings/best-ball-wr.php,best-wr,bp,Nico Collins,20130,WR,HOU,9.0,0.63,8,10,,nico-collins.php,,,98.9,,,,,,,Nico Collins,2026-05-08,HOU
/nfl/rankings/best-ball-wr.php,best-wr,bp,Malik Nabers,25409,WR,NYG,9.4,1.2,8,11,,malik-nabers.php,,,98.5,,,,,,,Malik Nabers,2026-05-08,NYG
/nfl/rankings/best-ball-wr.php,best-wr,bp,A.J. Brown,18218,WR,PHI,10.4,1.02,9,12,,aj-brown.php,,,98.3,,,,,,,AJ Brown,2026-05-08,PHI
/nfl/rankings/best-ball-wr.php,best-wr,bp,George Pickens,22963,WR,DAL,10.4,0.8,9,11,,george-pickens.php,,,98.4,,,,,,,George Pickens,2026-05-08,DAL
/nfl/rankings/best-ball-wr.php,best-wr,bp,Rashee Rice,23113,WR,KC,11.8,3.71,8,18,,rashee-rice.php,,,98.3,,,,,,,Rashee Rice,2026-05-08,KCC
/nfl/rankings/best-ball-wr.php,best-wr,bp,Chris Olave,20111,WR,NO,14.2,1.94,12,17,,chris-olave.php,,,97.5,,,,,,,Chris Olave,2026-05-08,NOS
/nfl/rankings/best-ball-wr.php,best-wr,bp,DeVonta Smith,19222,WR,PHI,15.4,1.74,13,18,,devonta-smith.php,,,86.7,,,,,,,DeVonta Smith,2026-05-08,PHI
/nfl/rankings/best-ball-wr.php,best-wr,bp,Zay Flowers,22916,WR,BAL,15.4,1.74,13,18,,zay-flowers.php,,,97.6,,,,,3.0,,Zay Flowers,2026-05-08,BAL
/nfl/rankings/best-ball-wr.php,best-wr,bp,Tetairoa McMillan,25417,WR,CAR,16.0,2.28,13,19,,tetairoa-mcmillan.php,,,87.0,,,,,,,Tetairoa McMillan,2026-05-08,CAR
/nfl/rankings/best-ball-wr.php,best-wr,bp,Tee Higgins,19211,WR,CIN,16.4,1.74,15,19,,tee-higgins.php,,,97.0,,,,,-2.0,,Tee Higgins,2026-05-08,CIN
/nfl/rankings/best-ball-wr.php,best-wr,bp,Garrett Wilson,23072,WR,NYJ,16.6,1.36,15,19,,garrett-wilson.php,,,97.4,,,,,,,Garrett Wilson,2026-05-08,NYJ
/nfl/rankings/best-ball-wr.php,best-wr,bp,Ladd McConkey,26122,WR,LAC,19.8,2.48,17,23,,ladd-mcconkey.php,,,85.9,,,,,2.0,,Ladd McConkey,2026-05-08,LAC
/nfl/rankings/best-ball-wr.php,best-wr,bp,Jaylen Waddle,19790,WR,DEN,21.0,3.52,15,25,,jaylen-waddle.php,,,86.0,,,,,,,Jaylen Waddle,2026-05-08,DEN
/nfl/rankings/best-ball-wr.php,best-wr,bp,Jameson Williams,23677,WR,DET,22.8,3.92,19,28,,jameson-williams.php,,,89.8,,,,,6.0,,Jameson Williams,2026-05-08,DET
/nfl/rankings/best-ball-wr.php,best-wr,bp,Terry McLaurin,18466,WR,WAS,23.0,2.1,21,26,,terry-mclaurin.php,,,84.7,,,,,,,Terry McLaurin,2026-05-08,WAS
/nfl/rankings/best-ball-wr.php,best-wr,bp,Luther Burden III,27016,WR,CHI,23.4,2.42,19,26,,luther-burden-iii.php,,,83.5,,,,,6.0,,Luther Burden,2026-05-08,CHI
/nfl/rankings/best-ball-wr.php,best-wr,bp,DJ Moore,17265,WR,BUF,23.6,3.44,17,27,,dj-moore-wr.php,,,78.4,,,,,,,DJ Moore,2026-05-08,BUF
/nfl/rankings/best-ball-wr.php,best-wr,bp,Emeka Egbuka,23062,WR,TB,23.8,1.47,22,26,,emeka-egbuka.php,,,79.4,,,,,,,Emeka Egbuka,2026-05-08,TBB
/nfl/rankings/best-ball-wr.php,best-wr,bp,Mike Evans,12119,WR,SF,24.0,2.0,21,27,,mike-evans.php,,,71.8,,,,,,,Mike Evans,2026-05-08,SFO
/nfl/rankings/best-ball-wr.php,best-wr,bp,Christian Watson,23886,WR,GB,25.8,2.93,22,29,,christian-watson.php,,,69.9,,,,,-5.0,,Christian Watson,2026-05-08,GBP
/nfl/rankings/best-ball-wr.php,best-wr,bp,Davante Adams,12123,WR,LAR,26.4,3.01,22,30,,davante-adams.php,,,97.6,,,,,,,Davante Adams,2026-05-08,LAR
/nfl/rankings/best-ball-wr.php,best-wr,bp,Alec Pierce,23791,WR,IND,29.2,4.35,22,35,,alec-pierce.php,,,70.1,,,,,,,Alec Pierce,2026-05-08,IND
/nfl/rankings/best-ball-wr.php,best-wr,bp,Carnell Tate,26009,WR,TEN,29.2,1.17,27,30,,carnell-tate.php,,,75.1,,,,,,,Carnell Tate,2026-05-08,TEN
/nfl/rankings/best-ball-wr.php,best-wr,bp,Rome Odunze,25411,WR,CHI,32.2,2.93,28,37,,rome-odunze.php,,,77.7,,,,,,,Rome Odunze,2026-05-08,CHI
/nfl/rankings/best-ball-wr.php,best-wr,bp,Jordyn Tyson,26035,WR,NO,32.6,0.49,32,33,,jordyn-tyson.php,,,65.3,,,,,,,Jordyn Tyson,2026-05-08,NOS
/nfl/rankings/best-ball-wr.php,best-wr,bp,DK Metcalf,18219,WR,PIT,33.0,2.53,28,35,,dk-metcalf.php,,,72.6,,,,,,,DK Metcalf,2026-05-08,PIT
/nfl/rankings/best-ball-wr.php,best-wr,bp,Marvin Harrison Jr.,23064,WR,ARI,33.2,2.79,30,37,,marvin-harrison-jr.php,,,71.2,,,,,,,Marvin Harrison,2026-05-08,ARI
/nfl/rankings/best-ball-wr.php,best-wr,bp,Makai Lemon,25420,WR,PHI,35.6,2.42,33,39,,makai-lemon.php,,,69.4,,,,,,,Makai Lemon,2026-05-08,PHI
/nfl/rankings/best-ball-wr.php,best-wr,bp,Courtland Sutton,17253,WR,DEN,36.8,1.94,35,40,,courtland-sutton.php,,,78.0,,,,,,,Courtland Sutton,2026-05-08,DEN
/nfl/rankings/best-ball-wr.php,best-wr,bp,Brian Thomas Jr.,23000,WR,JAC,38.6,4.22,31,44,,brian-thomas-jr.php,,,70.4,,,,,4.0,,Brian Thomas,2026-05-08,JAC
/nfl/rankings/best-ball-wr.php,best-wr,bp,Jordan Addison,23107,WR,MIN,40.4,2.65,37,44,,jordan-addison.php,,,68.5,,,,,7.0,,Jordan Addison,2026-05-08,MIN
/nfl/rankings/best-ball-wr.php,best-wr,bp,Michael Wilson,25333,WR,ARI,40.6,2.58,37,45,,michael-wilson.php,,,69.4,,,,,,,Michael Wilson,2026-05-08,ARI
/nfl/rankings/best-ball-wr.php,best-wr,bp,Jakobi Meyers,18598,WR,JAC,40.8,1.94,38,44,,jakobi-meyers.php,,,69.8,,,,,,,Jakobi Meyers,2026-05-08,JAC
/nfl/rankings/best-ball-wr.php,best-wr,bp,Parker Washington,23106,WR,JAC,41.0,5.1,34,47,,parker-washington.php,,,69.0,,,,,,,Parker Washington,2026-05-08,JAC
/nfl/rankings/best-ball-wr.php,best-wr,bp,Chris Godwin Jr.,16406,WR,TB,41.0,1.1,39,42,,chris-godwin.php,,,69.5,,,,,,,Chris Godwin,2026-05-08,TBB
/nfl/rankings/best-ball-wr.php,best-wr,bp,KC Concepcion,27331,WR,CLE,42.6,4.22,37,47,,kevin-concepcion.php,,,56.0,,,,,-6.0,,KC Concepcion,2026-05-08,CLE
/nfl/rankings/best-ball-wr.php,best-wr,bp,Ricky Pearsall,26214,WR,SF,42.6,3.01,38,47,,ricky-pearsall.php,,,67.9,,,,,,,Ricky Pearsall,2026-05-08,SFO
/nfl/rankings/best-ball-wr.php,best-wr,bp,Michael Pittman Jr.,19278,WR,PIT,44.6,1.5,42,46,,michael-pittman.php,,,71.3,,,,,,,Michael Pittman,2026-05-08,PIT
/nfl/rankings/best-ball-wr.php,best-wr,bp,Josh Downs,24706,WR,IND,46.4,3.67,42,50,,josh-downs.php,,,64.7,,,,,,,Josh Downs,2026-05-08,IND
/nfl/rankings/best-ball-wr.php,best-wr,bp,Jayden Reed,23020,WR,GB,46.4,1.85,44,49,,jayden-reed.php,,,63.2,,,,,,,Jayden Reed,2026-05-08,GBP
/nfl/rankings/best-ball-wr.php,best-wr,bp,Wan'Dale Robinson,22985,WR,TEN,47.2,1.33,45,49,,wandale-robinson.php,,,68.9,,,,,,,WanDale Robinson,2026-05-08,TEN
/nfl/rankings/best-ball-wr.php,best-wr,bp,Romeo Doubs,23794,WR,NE,48.8,4.87,42,54,,romeo-doubs.php,,,67.5,,,,,,,Romeo Doubs,2026-05-08,NEP
/nfl/rankings/best-ball-wr.php,best-wr,bp,Jayden Higgins,27077,WR,HOU,49.4,3.77,43,54,,jayden-higgins.php,,,45.0,,,,,,,Jayden Higgins,2026-05-08,HOU
/nfl/rankings/best-ball-wr.php,best-wr,bp,Omar Cooper Jr.,28127,WR,NYJ,52.0,2.83,48,56,,omar-cooper-jr.php,,,34.8,,,,,,,Omar Cooper,2026-05-08,NYJ
/nfl/rankings/best-ball-wr.php,best-wr,bp,Xavier Worthy,23019,WR,KC,52.0,2.0,49,55,,xavier-worthy.php,,,66.7,,,,,,,Xavier Worthy,2026-05-08,KCC
/nfl/rankings/best-ball-wr.php,best-wr,bp,Quentin Johnston,23123,WR,LAC,52.4,3.61,48,57,,quentin-johnston.php,,,72.5,,,,,,,Quentin Johnston,2026-05-08,LAC
/nfl/rankings/best-ball-wr.php,best-wr,bp,Khalil Shakir,23748,WR,BUF,53.6,1.74,51,56,,khalil-shakir.php,,,66.8,,,,,,,Khalil Shakir,2026-05-08,BUF
/nfl/rankings/best-ball-wr.php,best-wr,bp,Jalen Coker,26403,WR,CAR,55.0,3.58,51,61,,jalen-coker.php,,,55.2,,,,,,,Jalen Coker,2026-05-08,CAR
/nfl/rankings/best-ball-wr.php,best-wr,bp,Denzel Boston,27339,WR,CLE,56.4,1.5,55,59,,denzel-boston.php,,,41.5,,,,,,,Denzel Boston,2026-05-08,CLE
/nfl/rankings/best-ball-wr.php,best-wr,bp,Matthew Golden,26024,WR,GB,56.8,3.71,52,62,,matthew-golden.php,,,65.9,,,,,,,Matthew Golden,2026-05-08,GBP
/nfl/rankings/best-ball-wr.php,best-wr,bp,Rashid Shaheed,24687,WR,SEA,60.8,2.23,57,63,,rashid-shaheed.php,,,49.6,,,,,,,Rashid Shaheed,2026-05-08,SEA
/nfl/rankings/best-ball-wr.php,best-wr,bp,Jalen McMillan,23179,WR,TB,62.0,5.66,55,71,,jalen-mcmillan.php,,,45.1,,,,,,,Jalen McMillan,2026-05-08,TBB
/nfl/rankings/best-ball-wr.php,best-wr,bp,Jalen Nailor,24177,WR,LV,65.0,7.69,58,80,,jalen-nailor.php,,,30.0,,,,,,,Jalen Nailor,2026-05-08,LVR
/nfl/rankings/best-ball-wr.php,best-wr,bp,Stefon Diggs,13981,WR,FA,65.4,10.73,58,86,,stefon-diggs.php,,,48.5,,,,,14.0,,Stefon Diggs,2026-05-08,FA
/nfl/rankings/best-ball-wr.php,best-wr,bp,Jerry Jeudy,19201,WR,CLE,65.8,4.02,61,72,,jerry-jeudy.php,,,56.4,,,,,,,Jerry Jeudy,2026-05-08,CLE
/nfl/rankings/best-ball-wr.php,best-wr,bp,Antonio Williams,25418,WR,WAS,67.2,6.71,59,79,,antonio-williams-wr.php,,,25.6,,,,,-6.0,,Antonio Williams,2026-05-08,WAS
/nfl/rankings/best-ball-wr.php,best-wr,bp,Germie Bernard,26039,WR,PIT,68.4,6.56,62,79,,germie-bernard.php,,,32.3,,,,,,,Germie Bernard,2026-05-08,PIT
/nfl/rankings/best-ball-wr.php,best-wr,bp,Kayshon Boutte,22989,WR,NE,69.4,2.73,67,74,,kayshon-boutte.php,,,39.8,,,,,,,Kayshon Boutte,2026-05-08,NEP
/nfl/rankings/best-ball-wr.php,best-wr,bp,Brandon Aiyuk,19252,WR,SF,69.6,3.01,65,72,,brandon-aiyuk.php,,,43.7,,,,,,,Brandon Aiyuk,2026-05-08,SFO
/nfl/rankings/best-ball-wr.php,best-wr,bp,Isaac TeSlaa,27446,WR,DET,72.0,7.24,66,86,,isaac-teslaa.php,,,31.4,,,,,,,Isaac TeSlaa,2026-05-08,DET
/nfl/rankings/best-ball-wr.php,best-wr,bp,Tre Harris,26215,WR,LAC,73.8,3.97,70,81,,tre-harris.php,,,31.6,,,,,,,Tre Harris,2026-05-08,LAC
/nfl/rankings/best-ball-wr.php,best-wr,bp,Darnell Mooney,19810,WR,NYG,74.2,5.19,67,80,,darnell-mooney.php,,,29.6,,,,,,,Darnell Mooney,2026-05-08,NYG
/nfl/rankings/best-ball-wr.php,best-wr,bp,Calvin Ridley,17258,WR,TEN,74.6,8.62,64,90,,calvin-ridley.php,,,49.6,,,,,,,Calvin Ridley,2026-05-08,TEN
/nfl/rankings/best-ball-wr.php,best-wr,bp,Adonai Mitchell,24357,WR,NYJ,74.6,4.32,69,80,,adonai-mitchell.php,,,30.6,,,,,,,Adonai Mitchell,2026-05-08,NYJ
/nfl/rankings/best-ball-wr.php,best-wr,bp,Dontayvion Wicks,24354,WR,PHI,74.8,6.11,68,85,,dontayvion-wicks.php,,,22.3,,,,,-7.0,,Dontayvion Wicks,2026-05-08,PHI
/nfl/rankings/best-ball-wr.php,best-wr,bp,Jauan Jennings,19590,WR,MIN,75.4,22.06,58,118,,jauan-jennings.php,,,44.8,,,,,,,Jauan Jennings,2026-05-08,MIN
/nfl/rankings/best-ball-wr.php,best-wr,bp,Tre Tucker,25337,WR,LV,76.4,11.16,59,90,,tre-tucker.php,,,34.6,,,,,18.0,,Tre Tucker,2026-05-08,LVR
/nfl/rankings/best-ball-wr.php,best-wr,bp,Deebo Samuel Sr.,18244,WR,FA,77.2,7.03,68,89,,deebo-samuel.php,,,44.1,,,,,14.0,,Deebo Samuel,2026-05-08,FA
/nfl/rankings/best-ball-wr.php,best-wr,bp,Jaylin Noel,27122,WR,HOU,78.0,13.93,60,91,,jaylin-noel.php,,,27.7,,,,,-10.0,,Jaylin Noel,2026-05-08,HOU
/nfl/rankings/best-ball-wr.php,best-wr,bp,Travis Hunter,26034,WR,JAC,78.2,9.45,62,87,,travis-hunter.php,,,58.0,,,,,,,Travis Hunter,2026-05-08,JAC
/nfl/rankings/best-ball-wr.php,best-wr,bp,Tyreek Hill,15802,WR,FA,78.4,5.28,73,87,,tyreek-hill.php,,,54.8,,,,,12.0,,Tyreek Hill,2026-05-08,FA
/nfl/rankings/best-ball-wr.php,best-wr,bp,Chris Bell,26038,WR,MIA,81.4,5.95,77,92,,chris-bell.php,,,29.4,,,,,,,Chris Bell,2026-05-08,MIA
/nfl/rankings/best-ball-wr.php,best-wr,bp,Chris Brazzell II,28047,WR,CAR,83.2,5.31,77,93,,chris-brazzell-ii.php,,,25.0,,,,,-12.0,,Chris Brazzell,2026-05-08,CAR
/nfl/rankings/best-ball-wr.php,best-wr,bp,De'Zhaun Stribling,28138,WR,SF,84.2,9.83,69,98,,dezhaun-stribling.php,,,11.2,,,,,,,DeZhaun Stribling,2026-05-08,SFO
/nfl/rankings/best-ball-wr.php,best-wr,bp,Ryan Flournoy,26398,WR,DAL,84.2,8.33,71,95,,ryan-flournoy.php,,,27.7,,,,,20.0,,Ryan Flournoy,2026-05-08,DAL
/nfl/rankings/best-ball-wr.php,best-wr,bp,Elijah Sarratt,27463,WR,BAL,85.8,7.63,74,97,,elijah-sarratt.php,,,26.3,,,,,,,Elijah Sarratt,2026-05-08,BAL
/nfl/rankings/best-ball-wr.php,best-wr,bp,Zachariah Branch,25419,WR,ATL,86.4,5.43,79,95,,zachariah-branch.php,,,28.7,,,,,,,Zachariah Branch,2026-05-08,ATL
/nfl/rankings/best-ball-wr.php,best-wr,bp,Pat Bryant,27211,WR,DEN,86.6,5.12,82,96,,pat-bryant.php,,,30.3,,,,,,,Pat Bryant,2026-05-08,DEN
/nfl/rankings/best-ball-wr.php,best-wr,bp,Tank Dell,25361,WR,HOU,87.0,9.65,73,97,,nathaniel-dell.php,,,40.6,,,,,15.0,,Tank Dell,2026-05-08,HOU
/nfl/rankings/best-ball-wr.php,best-wr,bp,Malik Washington,26314,WR,MIA,89.6,10.38,76,100,,malik-washington.php,,,27.4,,,,,-9.0,,Malik Washington,2026-05-08,MIA
/nfl/rankings/best-ball-wr.php,best-wr,bp,Christian Kirk,17268,WR,SF,90.0,9.7,75,104,,christian-kirk.php,,,31.6,,,,,,,Christian Kirk,2026-05-08,SFO
/nfl/rankings/best-ball-wr.php,best-wr,bp,Rashod Bateman,19794,WR,BAL,90.2,11.27,76,101,,rashod-bateman.php,,,24.4,,,,,,,Rashod Bateman,2026-05-08,BAL
/nfl/rankings/best-ball-wr.php,best-wr,bp,Ted Hurst,28130,WR,TB,90.6,4.72,85,98,,ted-hurst.php,,,18.5,,,,,-11.0,,Ted Hurst,2026-05-08,TBB
/nfl/rankings/best-ball-wr.php,best-wr,bp,Troy Franklin,23092,WR,DEN,90.6,3.83,86,95,,troy-franklin.php,,,30.7,,,,,-9.0,,Troy Franklin,2026-05-08,DEN
/nfl/rankings/best-ball-wr.php,best-wr,bp,Malachi Fields,27994,WR,NYG,92.0,10.16,81,107,,malachi-fields.php,,,20.9,,,,,,,Malachi Fields,2026-05-08,NYG
/nfl/rankings/best-ball-wr.php,best-wr,bp,Cooper Kupp,16433,WR,SEA,92.6,12.69,76,115,,cooper-kupp.php,,,28.1,,,,,,,Cooper Kupp,2026-05-08,SEA
/nfl/rankings/best-ball-wr.php,best-wr,bp,Chimere Dike,27315,WR,TEN,93.0,5.02,86,101,,chimere-dike.php,,,31.8,,,,,-9.0,,Chimere Dike,2026-05-08,TEN
/nfl/rankings/best-ball-wr.php,best-wr,bp,Marvin Mims Jr.,23080,WR,DEN,96.4,7.09,88,107,,marvin-mims.php,,,27.5,,,,,,,Marvin Mims,2026-05-08,DEN
/nfl/rankings/best-ball-wr.php,best-wr,bp,Elic Ayomanor,27059,WR,TEN,96.4,5.61,90,105,,elic-ayomanor.php,,,34.2,,,,,,,Elic Ayomanor,2026-05-08,TEN
/nfl/rankings/best-ball-wr.php,best-wr,bp,Darius Slayton,18706,WR,NYG,96.6,10.11,84,108,,darius-slayton.php,,,16.0,,,,,,,Darius Slayton,2026-05-08,NYG
/nfl/rankings/best-ball-wr.php,best-wr,bp,Tory Horton,26022,WR,SEA,98.2,9.93,85,114,,tory-horton.php,,,30.0,,,,,,,Tory Horton,2026-05-08,SEA
/nfl/rankings/best-ball-wr.php,best-wr,bp,Jahan Dotson,23101,WR,ATL,98.8,20.6,59,117,,jahan-dotson.php,,,12.5,,,,,17.0,,Jahan Dotson,2026-05-08,ATL
/nfl/rankings/best-ball-wr.php,best-wr,bp,Kyle Williams,27487,WR,NE,99.2,7.28,92,109,,kyle-williams-wr-2025.php,,,27.8,,,,,,,Kyle Williams,2026-05-08,NEP
/nfl/rankings/best-ball-wr.php,best-wr,bp,Bryce Lance,28129,WR,NO,99.8,3.76,93,104,,bryce-lance.php,,,8.3,,,,,,,Bryce Lance,2026-05-08,NOS
/nfl/rankings/best-ball-wr.php,best-wr,bp,Devaughn Vele,26409,WR,NO,100.8,8.23,92,115,,devaughn-vele.php,,,26.3,,,,,,,Devaughn Vele,2026-05-08,NOS
/nfl/rankings/best-ball-wr.php,best-wr,bp,Andrei Iosivas,25335,WR,CIN,102.0,11.05,80,109,,andrei-iosivas.php,,,13.4,,,,,15.0,,Andrei Iosivas,2026-05-08,CIN
/nfl/rankings/best-ball-wr.php,best-wr,bp,Ja'Kobi Lane,27337,WR,BAL,102.4,13.06,84,120,,jakobi-lane.php,,,28.7,,,,,,,JaKobi Lane,2026-05-08,BAL
/nfl/rankings/best-ball-wr.php,best-wr,bp,Kendrick Bourne,17066,WR,ARI,103.6,15.83,75,122,,kendrick-bourne.php,,,4.7,,,,,20.0,,Kendrick Bourne,2026-05-08,ARI
/nfl/rankings/best-ball-wr.php,best-wr,bp,Keon Coleman,26019,WR,BUF,103.6,4.88,97,110,,keon-coleman.php,,,24.5,,,,,,,Keon Coleman,2026-05-08,BUF
/nfl/rankings/best-ball-wr.php,best-wr,bp,Skyler Bell,28126,WR,BUF,103.8,17.43,80,129,,skyler-bell.php,,,21.8,,,,,,,Skyler Bell,2026-05-08,BUF
/nfl/rankings/best-ball-wr.php,best-wr,bp,Brenen Thompson,28133,WR,LAC,105.2,11.62,91,120,,brenen-thompson.php,,,12.0,,,,,,,Brenen Thompson,2026-05-08,LAC
/nfl/rankings/best-ball-wr.php,best-wr,bp,Tyquan Thornton,22913,WR,KC,105.2,2.48,103,110,,tyquan-thornton.php,,,10.9,,,,,,,Tyquan Thornton,2026-05-08,KCC
/nfl/rankings/best-ball-wr.php,best-wr,bp,Keenan Allen,11616,WR,LAC,106.6,15.81,94,137,,keenan-allen.php,,,28.0,,,,,,,Keenan Allen,2026-05-08,LAC
/nfl/rankings/best-ball-wr.php,best-wr,bp,Hollywood Brown,18226,WR,PHI,108.2,13.53,88,128,,marquise-brown.php,,,20.0,,,,,-12.0,,Marquise Brown,2026-05-08,PHI
/nfl/rankings/best-ball-wr.php,best-wr,bp,Xavier Legette,26136,WR,CAR,109.4,7.45,100,121,,xavier-legette.php,,,12.9,,,,,,,Xavier Legette,2026-05-08,CAR
/nfl/rankings/best-ball-wr.php,best-wr,bp,Jalen Tolbert,23770,WR,MIA,111.2,11.7,93,126,,jalen-tolbert.php,,,14.7,,,,,,,Jalen Tolbert,2026-05-08,MIA
/nfl/rankings/best-ball-wr.php,best-wr,bp,Jack Bech,27224,WR,LV,111.6,15.98,98,142,,jack-bech.php,,,22.8,,,,,-21.0,,Jack Bech,2026-05-08,LVR
/nfl/rankings/best-ball-wr.php,best-wr,bp,Joshua Palmer,22845,WR,BUF,112.8,24.96,78,156,,josh-palmer.php,,,3.0,,,,,,,Josh Palmer,2026-05-08,BUF
/nfl/rankings/best-ball-wr.php,best-wr,bp,Kevin Coleman Jr.,28067,WR,MIA,101.25,19.12,70,122,,kevin-coleman-jr.php,,,1.8,,,,,-12.0,,Kevin Coleman,2026-05-08,MIA
/nfl/rankings/best-ball-wr.php,best-wr,bp,Cedric Tillman,25287,WR,CLE,114.6,5.57,106,123,,cedric-tillman.php,,,7.2,,,,,,,Cedric Tillman,2026-05-08,CLE
/nfl/rankings/best-ball-wr.php,best-wr,bp,Tutu Atwell,20126,WR,MIA,103.25,23.25,66,130,,tutu-atwell.php,,,4.3,,,,,,,Tutu Atwell,2026-05-08,MIA
/nfl/rankings/best-ball-wr.php,best-wr,bp,Mack Hollins,16489,WR,NE,117.6,13.11,103,139,,mack-hollins.php,,,14.1,,,,,-12.0,,Mack Hollins,2026-05-08,NEP
/nfl/rankings/best-ball-wr.php,best-wr,bp,DeMario Douglas,25304,WR,NE,117.8,12.19,96,131,,demario-douglas.php,,,17.9,,,,,,,Demario Douglas,2026-05-08,NEP
/nfl/rankings/best-ball-wr.php,best-wr,bp,Tez Johnson,27147,WR,TB,118.0,9.27,108,134,,tez-johnson.php,,,14.9,,,,,,,Tez Johnson,2026-05-08,TBB
/nfl/rankings/best-ball-wr.php,best-wr,bp,Caleb Douglas,28135,WR,MIA,110.0,8.75,102,123,,caleb-douglas.php,,,3.3,,,,,,,Caleb Douglas,2026-05-08,MIA
/nfl/rankings/best-ball-wr.php,best-wr,bp,Konata Mumpfield,27449,WR,LAR,111.25,19.54,98,145,,konata-mumpfield.php,,,4.3,,,,,-12.0,,Konata Mumpfield,2026-05-08,LAR
/nfl/rankings/best-ball-wr.php,best-wr,bp,Isaiah Bond,24371,WR,CLE,121.2,9.11,109,131,,isaiah-bond.php,,,13.5,,,,,,,Isaiah Bond,2026-05-08,CLE
/nfl/rankings/best-ball-wr.php,best-wr,bp,CJ Daniels,28125,WR,LAR,115.5,6.8,110,127,,cj-daniels.php,,,8.5,,,,,,,CJ Daniels,2026-05-08,LAR
/nfl/rankings/best-ball-wr.php,best-wr,bp,Luke McCaffrey,26328,WR,WAS,117.25,15.64,94,138,,luke-mccaffrey.php,,,5.8,,,,,,,Luke McCaffrey,2026-05-08,WAS
/nfl/rankings/best-ball-wr.php,best-wr,bp,Kalif Raymond,16081,WR,CHI,120.5,18.28,92,143,,kalif-raymond.php,,,1.5,,,,,,,Kalif Raymond,2026-05-08,CHI
/nfl/rankings/best-ball-wr.php,best-wr,bp,Olamide Zaccheaus,18864,WR,ATL,121.25,7.12,112,132,,olamide-zaccheaus.php,,,9.9,,,,,,,Olamide Zaccheaus,2026-05-08,ATL
/nfl/rankings/best-ball-wr.php,best-wr,bp,Deion Burks,27093,WR,IND,123.25,13.61,111,146,,deion-burks.php,,,0.6,,,,,,,Deion Burks,2026-05-08,IND
/nfl/rankings/best-ball-wr.php,best-wr,bp,Savion Williams,27144,WR,GB,117.33,6.18,112,126,,savion-williams.php,,,2.8,,,,,,,Savion Williams,2026-05-08,GBP
/nfl/rankings/best-ball-wr.php,best-wr,bp,Calvin Austin III,23739,WR,NYG,128.25,8.41,116,137,,calvin-austin.php,,,9.3,,,,,,,Calvin Austin,2026-05-08,NYG
/nfl/rankings/best-ball-wr.php,best-wr,bp,Zavion Thomas,28132,WR,CHI,121.33,14.06,109,141,,zavion-thomas.php,,,2.1,,,,,,,Zavion Thomas,2026-05-08,CHI
/nfl/rankings/best-ball-wr.php,best-wr,bp,Dont'e Thornton Jr.,27288,WR,LV,131.75,14.1,119,153,,donte-thornton-jr.php,,,7.6,,,,,,,Donte Thornton,2026-05-08,LVR
/nfl/rankings/best-ball-wr.php,best-wr,bp,Nick Westbrook-Ikhine,19747,WR,IND,104.0,36.0,68,140,,nick-westbrook.php,,,1.5,,,,,,,Nick Westbrook-Ikhine,2026-05-08,IND
/nfl/rankings/best-ball-wr.php,best-wr,bp,Cyrus Allen,28424,WR,KC,104.0,18.0,86,122,,cyrus-allen.php,,,0.2,,,,,-20.0,,Cyrus Allen,2026-05-08,KCC
/nfl/rankings/best-ball-wr.php,best-wr,bp,Treylon Burks,22905,WR,WAS,108.5,19.5,89,128,,treylon-burks.php,,,4.3,,,,,,,Treylon Burks,2026-05-08,WAS
/nfl/rankings/best-ball-wr.php,best-wr,bp,Xavier Hutchinson,25332,WR,HOU,126.0,19.8,104,152,,xavier-hutchinson.php,,,4.4,,,,,,,Xavier Hutchinson,2026-05-08,HOU
/nfl/rankings/best-ball-wr.php,best-wr,bp,Jordan Whittington,23135,WR,LAR,113.5,5.5,108,119,,jordan-whittington.php,,,1.5,,,,,,,Jordan Whittington,2026-05-08,LAR
/nfl/rankings/best-ball-wr.php,best-wr,bp,KaVontae Turpin,18520,WR,DAL,114.5,24.5,90,139,,kavontae-turpin.php,,,12.3,,,,,,,KaVontae Turpin,2026-05-08,DAL
/nfl/rankings/best-ball-wr.php,best-wr,bp,John Metchie III,22895,WR,CAR,130.33,10.66,118,144,,john-metchie.php,,,5.1,,,,,,,John Metchie,2026-05-08,CAR
/nfl/rankings/best-ball-wr.php,best-wr,bp,Dyami Brown,20113,WR,WAS,135.0,61.0,74,196,,dyami-brown.php,,,1.3,,,,,,,Dyami Brown,2026-05-08,WAS
/nfl/rankings/best-ball-wr.php,best-wr,bp,Tai Felton,27182,WR,MIN,122.0,19.0,103,141,,tai-felton.php,,,2.7,,,,,,,Tai Felton,2026-05-08,MIN
/nfl/rankings/best-ball-wr.php,best-wr,bp,Malik Benson,26012,WR,LV,122.5,2.5,120,125,,malik-benson.php,,,0.9,,,,,,,Malik Benson,2026-05-08,LVR
/nfl/rankings/best-ball-wr.php,best-wr,bp,Jaylin Lane,27454,WR,WAS,127.0,8.0,119,135,,jaylin-lane.php,,,7.1,,,,,,,Jaylin Lane,2026-05-08,WAS
/nfl/rankings/best-ball-wr.php,best-wr,bp,Jalen Royals,27076,WR,KC,132.5,17.5,115,150,,jalen-royals.php,,,5.1,,,,,,,Jalen Royals,2026-05-08,KCC
/nfl/rankings/best-ball-wr.php,best-wr,bp,Mitch Tinsley,24370,WR,CIN,141.5,35.5,106,177,,mitchell-tinsley.php,,,0.6,,,,,,,Mitch Tinsley,2026-05-08,CIN
/nfl/rankings/best-ball-wr.php,best-wr,bp,Roman Wilson,26160,WR,PIT,143.0,30.0,113,173,,roman-wilson.php,,,2.4,,,,,,,Roman Wilson,2026-05-08,PIT
/nfl/rankings/best-ball-wr.php,best-wr,bp,Greg Dortch,18585,WR,DET,138.0,2.0,136,140,,greg-dortch.php,,,2.3,,,,,,,Greg Dortch,2026-05-08,DET
/nfl/rankings/best-ball-wr.php,best-wr,bp,Elijah Moore,20114,WR,PHI,144.5,1.5,143,146,,elijah-moore.php,,,0.6,,,,,,,Elijah Moore,2026-05-08,PHI
/nfl/rankings/best-ball-wr.php,best-wr,bp,Demarcus Robinson,15665,WR,SF,149.5,17.5,132,167,,demarcus-robinson.php,,,1.6,,,,,,,Demarcus Robinson,2026-05-08,SFO
/nfl/rankings/best-ball-wr.php,best-wr,bp,Tyrell Shavers,25813,WR,BUF,153.0,2.0,151,155,,tyrell-shavers.php,,,1.3,,,,,,,Tyrell Shavers,2026-05-08,BUF
/nfl/rankings/best-ball-wr.php,best-wr,bp,Josh Cameron,28137,WR,JAC,154.5,7.5,147,162,,josh-cameron.php,,,0.6,,,,,,,Josh Cameron,2026-05-08,JAC
/nfl/rankings/best-ball-wr.php,best-wr,bp,Barion Brown,25416,WR,NO,167.5,16.5,151,184,,barion-brown.php,,,1.1,,,,,,,Barion Brown,2026-05-08,NOS
/nfl/rankings/best-ball-wr.php,best-wr,bp,DeAndre Hopkins,11606,WR,BAL,159.0,7.0,152,166,,deandre-hopkins.php,,,0.8,,,,,,,DeAndre Hopkins,2026-05-08,BAL
/nfl/rankings/best-ball-wr.php,best-wr,bp,Noah Brown,16443,WR,FA,171.5,17.5,154,189,,noah-brown.php,,,0.7,,,,,,,Noah Brown,2026-05-08,FA
/nfl/rankings/best-ball-wr.php,best-wr,bp,Arian Smith,22965,WR,NYJ,178.0,22.0,156,200,,arian-smith.php,,,0.7,,,,,,,Arian Smith,2026-05-08,NYJ
/nfl/rankings/best-ball-wr.php,best-wr,bp,JuJu Smith-Schuster,16427,WR,FA,168.5,11.5,157,180,,juju-smith-schuster.php,,,0.8,,,,,,,JuJu Smith-Schuster,2026-05-08,FA
/nfl/rankings/best-ball-wr.php,best-wr,bp,Zay Jones,16431,WR,FA,176.5,17.5,159,194,,zay-jones.php,,,1.0,,,,,,,Zay Jones,2026-05-08,FA
/nfl/rankings/best-ball-wr.php,best-wr,bp,Jimmy Horn Jr.,27294,WR,CAR,160.5,0.5,160,161,,jimmy-horn-jr.php,,,1.8,,,,,,,Jimmy Horn,2026-05-08,CAR
/nfl/rankings/dynasty-db.php,dynasty-db,dp,Nick Cross,24198,DB,WAS,1.0,0.0,1,1,,nick-cross.php,,,59.8,,,,,,,Nick Cross,2026-05-08,WAS
/nfl/rankings/dynasty-db.php,dynasty-db,dp,Nick Emmanwori,27053,DB,SEA,2.0,0.0,2,2,,nick-emmanwori.php,,,85.2,,,,,,,Nick Emmanwori,2026-05-08,SEA
/nfl/rankings/dynasty-db.php,dynasty-db,dp,Derwin James Jr.,17310,DB,LAC,3.0,0.0,3,3,,derwin-james.php,,,85.0,,,,,,,Derwin James,2026-05-08,LAC
/nfl/rankings/dynasty-db.php,dynasty-db,dp,Brian Branch,25235,DB,DET,4.0,0.0,4,4,,brian-branch.php,,,76.2,,,,,,,Brian Branch,2026-05-08,DET
/nfl/rankings/dynasty-db.php,dynasty-db,dp,Kyle Hamilton,23494,DB,BAL,5.0,0.0,5,5,,kyle-hamilton.php,,,86.4,,,,,,,Kyle Hamilton,2026-05-08,BAL
/nfl/rankings/dynasty-db.php,dynasty-db,dp,Kam Curl,19459,DB,LAR,6.0,0.0,6,6,,kamren-curl.php,,,65.0,,,,,,,Kam Curl,2026-05-08,LAR
/nfl/rankings/dynasty-db.php,dynasty-db,dp,Jessie Bates III,17544,DB,ATL,7.0,0.0,7,7,,jessie-bates-iii.php,,,46.2,,,,,,,Jessie Bates,2026-05-08,ATL
/nfl/rankings/dynasty-db.php,dynasty-db,dp,Antoine Winfield Jr.,19266,DB,TB,8.0,0.0,8,8,,antoine-winfield-s.php,,,45.7,,,,,,,Antoine Winfield,2026-05-08,TBB
/nfl/rankings/dynasty-db.php,dynasty-db,dp,Jaquan Brisker,23719,DB,PIT,9.0,0.0,9,9,,jaquan-brisker.php,,,40.0,,,,,,,Jaquan Brisker,2026-05-08,PIT
/nfl/rankings/dynasty-db.php,dynasty-db,dp,Tyler Nubin,26117,DB,NYG,10.0,0.0,10,10,,tyler-nubin.php,,,35.8,,,,,,,Tyler Nubin,2026-05-08,NYG
/nfl/rankings/dynasty-db.php,dynasty-db,dp,Joshua Metellus,19580,DB,MIN,11.0,0.0,11,11,,josh-metellus.php,,,34.0,,,,,,,Joshua Metellus,2026-05-08,MIN
/nfl/rankings/dynasty-db.php,dynasty-db,dp,Malachi Moore,24708,DB,NYJ,12.0,0.0,12,12,,malachi-moore.php,,,9.7,,,,,,,Malachi Moore,2026-05-08,NYJ
/nfl/rankings/dynasty-db.php,dynasty-db,dp,Tre'von Moehrig,22699,DB,CAR,13.0,0.0,13,13,,trevon-moehrig.php,,,55.0,,,,,,,Trevon Moehrig,2026-05-08,CAR
/nfl/rankings/dynasty-db.php,dynasty-db,dp,Tykee Smith,23751,DB,TB,14.0,0.0,14,14,,tykee-smith.php,,,79.9,,,,,,,Tykee Smith,2026-05-08,TBB
/nfl/rankings/dynasty-db.php,dynasty-db,dp,DeShon Elliott,17344,DB,PIT,15.0,0.0,15,15,,deshon-elliott.php,,,27.2,,,,,,,DeShon Elliott,2026-05-08,PIT
/nfl/rankings/dynasty-db.php,dynasty-db,dp,Chamarri Conner,25509,DB,KC,16.0,0.0,16,16,,chamarri-conner.php,,,35.0,,,,,,,Chamarri Conner,2026-05-08,KCC
/nfl/rankings/dynasty-db.php,dynasty-db,dp,Xavier Watts,27067,DB,ATL,17.0,0.0,17,17,,xavier-watts.php,,,43.6,,,,,,,Xavier Watts,2026-05-08,ATL
/nfl/rankings/dynasty-db.php,dynasty-db,dp,Kyle Dugger,19337,DB,CIN,18.0,0.0,18,18,,kyle-dugger.php,,,7.8,,,,,,,Kyle Dugger,2026-05-08,CIN
/nfl/rankings/dynasty-db.php,dynasty-db,dp,Cam Bynum,22757,DB,IND,19.0,0.0,19,19,,camryn-bynum.php,,,25.8,,,,,,,Cam Bynum,2026-05-08,IND
/nfl/rankings/dynasty-db.php,dynasty-db,dp,Jeremy Chinn,19429,DB,LV,20.0,0.0,20,20,,jeremy-chinn.php,,,54.9,,,,,,,Jeremy Chinn,2026-05-08,LVR
/nfl/rankings/dynasty-db.php,dynasty-db,dp,Talanoa Hufanga,22817,DB,DEN,21.0,0.0,21,21,,talanoa-hufanga.php,,,75.5,,,,,,,Talanoa Hufanga,2026-05-08,DEN
/nfl/rankings/dynasty-db.php,dynasty-db,dp,Julian Love,18243,DB,SEA,22.0,0.0,22,22,,julian-love.php,,,40.7,,,,,,,Julian Love,2026-05-08,SEA
/nfl/rankings/dynasty-db.php,dynasty-db,dp,Jordan Battle,23471,DB,CIN,23.0,0.0,23,23,,jordan-battle.php,,,38.1,,,,,,,Jordan Battle,2026-05-08,CIN
/nfl/rankings/dynasty-db.php,dynasty-db,dp,Devon Witherspoon,25243,DB,SEA,24.0,0.0,24,24,,devon-witherspoon.php,,,61.7,,,,,,,Devon Witherspoon,2026-05-08,SEA
/nfl/rankings/dynasty-db.php,dynasty-db,dp,Cole Bishop,26229,DB,BUF,25.0,0.0,25,25,,cole-bishop.php,,,26.8,,,,,,,Cole Bishop,2026-05-08,BUF
/nfl/rankings/dynasty-db.php,dynasty-db,dp,Quentin Lake,24302,DB,LAR,26.0,0.0,26,26,,quentin-lake.php,,,61.7,,,,,,,Quentin Lake,2026-05-08,LAR
/nfl/rankings/dynasty-db.php,dynasty-db,dp,Marcus Jones,23890,DB,NE,27.0,0.0,27,27,,marcus-jones.php,,,26.0,,,,,,,Marcus Jones,2026-05-08,NEP
/nfl/rankings/dynasty-db.php,dynasty-db,dp,Kerby Joseph,23800,DB,DET,28.0,0.0,28,28,,kerby-joseph.php,,,29.2,,,,,,,Kerby Joseph,2026-05-08,DET
/nfl/rankings/dynasty-db.php,dynasty-db,dp,Dadrion Taylor-Demerson,26346,DB,ARI,29.0,0.0,29,29,,dadrion-taylor-demerson.php,,,10.2,,,,,,,Dadrion Taylor-Demerson,2026-05-08,ARI
/nfl/rankings/dynasty-db.php,dynasty-db,dp,Jaylinn Hawkins,19769,DB,BAL,30.0,0.0,30,30,,jaylinn-hawkins.php,,,8.0,,,,,,,Jaylinn Hawkins,2026-05-08,BAL
/nfl/rankings/dynasty-dl.php,dynasty-dl,dp,Will Anderson Jr.,24717,DL,HOU,1.0,0.0,1,1,,will-anderson.php,,,87.8,,,,,,,Will Anderson,2026-05-08,HOU
/nfl/rankings/dynasty-dl.php,dynasty-dl,dp,Aidan Hutchinson,22738,DL,DET,2.0,0.0,2,2,,aidan-hutchinson.php,,,86.7,,,,,,,Aidan Hutchinson,2026-05-08,DET
/nfl/rankings/dynasty-dl.php,dynasty-dl,dp,Brian Burns,18223,DL,NYG,3.0,0.0,3,3,,brian-burns.php,,,84.3,,,,,,,Brian Burns,2026-05-08,NYG
/nfl/rankings/dynasty-dl.php,dynasty-dl,dp,Micah Parsons,19784,LB,GB,4.0,0.0,4,4,,micah-parsons.php,,,77.4,,,,,,,Micah Parsons,2026-05-08,GBP
/nfl/rankings/dynasty-dl.php,dynasty-dl,dp,Maxx Crosby,18702,DL,LV,5.0,0.0,5,5,,maxx-crosby.php,,,91.9,,,,,,,Maxx Crosby,2026-05-08,LVR
/nfl/rankings/dynasty-dl.php,dynasty-dl,dp,Myles Garrett,16370,DL,CLE,6.0,0.0,6,6,,myles-garrett.php,,,93.9,,,,,,,Myles Garrett,2026-05-08,CLE
/nfl/rankings/dynasty-dl.php,dynasty-dl,dp,Nik Bonitto,23763,DL,DEN,7.0,0.0,7,7,,nik-bonitto.php,,,61.7,,,,,,,Nik Bonitto,2026-05-08,DEN
/nfl/rankings/dynasty-dl.php,dynasty-dl,dp,Byron Young,25449,DL,LAR,8.0,0.0,8,8,,byron-young-edge.php,,,62.4,,,,,,,Byron Young,2026-05-08,LAR
/nfl/rankings/dynasty-dl.php,dynasty-dl,dp,Laiatu Latu,26096,DL,IND,9.0,0.0,9,9,,laiatu-latu.php,,,43.7,,,,,,,Laiatu Latu,2026-05-08,IND
/nfl/rankings/dynasty-dl.php,dynasty-dl,dp,Jared Verse,25234,DL,LAR,10.0,0.0,10,10,,jared-verse.php,,,66.2,,,,,,,Jared Verse,2026-05-08,LAR
/nfl/rankings/dynasty-dl.php,dynasty-dl,dp,Alex Highsmith,19316,LB,PIT,11.0,0.0,11,11,,alex-highsmith.php,,,59.9,,,,,,,Alex Highsmith,2026-05-08,PIT
/nfl/rankings/dynasty-dl.php,dynasty-dl,dp,Abdul Carter,27022,DL,NYG,12.0,0.0,12,12,,abdul-carter.php,,,53.3,,,,,,,Abdul Carter,2026-05-08,NYG
/nfl/rankings/dynasty-dl.php,dynasty-dl,dp,Nick Bosa,18199,DL,SF,13.0,0.0,13,13,,nick-bosa.php,,,84.6,,,,,,,Nick Bosa,2026-05-08,SFO
/nfl/rankings/dynasty-dl.php,dynasty-dl,dp,Chase Young,19195,DL,NO,14.0,0.0,14,14,,chase-young.php,,,44.0,,,,,,,Chase Young,2026-05-08,NOS
/nfl/rankings/dynasty-dl.php,dynasty-dl,dp,George Karlaftis III,23501,DL,KC,15.0,0.0,15,15,,george-karlaftis-iii.php,,,29.0,,,,,,,George Karlaftis,2026-05-08,KCC
/nfl/rankings/dynasty-dl.php,dynasty-dl,dp,Tuli Tuipulotu,25364,DL,LAC,16.0,0.0,16,16,,tuli-tuipulotu.php,,,62.0,,,,,,,Tuli Tuipulotu,2026-05-08,LAC
/nfl/rankings/dynasty-dl.php,dynasty-dl,dp,T.J. Watt,16469,LB,PIT,17.0,0.0,17,17,,tj-watt.php,,,77.8,,,,,,,TJ Watt,2026-05-08,PIT
/nfl/rankings/dynasty-dl.php,dynasty-dl,dp,Montez Sweat,18213,DL,CHI,18.0,0.0,18,18,,montez-sweat.php,,,47.4,,,,,,,Montez Sweat,2026-05-08,CHI
/nfl/rankings/dynasty-dl.php,dynasty-dl,dp,Jeffery Simmons,18207,DL,TEN,19.0,0.0,19,19,,jeffery-simmons.php,,,77.6,,,,,,,Jeffery Simmons,2026-05-08,TEN
/nfl/rankings/dynasty-dl.php,dynasty-dl,dp,Jaelan Phillips,22734,DL,CAR,20.0,0.0,20,20,,jaelan-phillips.php,,,37.6,,,,,,,Jaelan Phillips,2026-05-08,CAR
/nfl/rankings/dynasty-dl.php,dynasty-dl,dp,Greg Rousseau,19787,DL,BUF,21.0,0.0,21,21,,gregory-rousseau.php,,,50.6,,,,,,,Gregory Rousseau,2026-05-08,BUF
/nfl/rankings/dynasty-dl.php,dynasty-dl,dp,Dallas Turner,26097,DL,MIN,22.0,0.0,22,22,,dallas-turner.php,,,43.0,,,,,,,Dallas Turner,2026-05-08,MIN
/nfl/rankings/dynasty-dl.php,dynasty-dl,dp,DeForest Buckner,15494,DL,IND,23.0,0.0,23,23,,deforest-buckner.php,,,53.2,,,,,,,DeForest Buckner,2026-05-08,IND
/nfl/rankings/dynasty-dl.php,dynasty-dl,dp,Jalon Walker,27027,LB,ATL,24.0,0.0,24,24,,jalon-walker.php,,,30.8,,,,,,,Jalon Walker,2026-05-08,ATL
/nfl/rankings/dynasty-dl.php,dynasty-dl,dp,Trey Hendrickson,16719,DL,BAL,25.0,0.0,25,25,,trey-hendrickson.php,,,61.2,,,,,,,Trey Hendrickson,2026-05-08,BAL
/nfl/rankings/dynasty-dl.php,dynasty-dl,dp,Andrew Van Ginkel,18573,LB,MIN,26.0,0.0,26,26,,andrew-van-ginkel.php,,,78.4,,,,,,,Andrew Van Ginkel,2026-05-08,MIN
/nfl/rankings/dynasty-dl.php,dynasty-dl,dp,Leonard Williams,13892,DL,SEA,27.0,0.0,27,27,,leonard-williams.php,,,35.7,,,,,,,Leonard Williams,2026-05-08,SEA
/nfl/rankings/dynasty-dl.php,dynasty-dl,dp,Nick Herbig,25464,LB,PIT,28.0,0.0,28,28,,nick-herbig.php,,,24.5,,,,,,,Nick Herbig,2026-05-08,PIT
/nfl/rankings/dynasty-dl.php,dynasty-dl,dp,Myles Murphy,24709,DL,CIN,29.0,0.0,29,29,,myles-murphy.php,,,9.3,,,,,,,Myles Murphy,2026-05-08,CIN
/nfl/rankings/dynasty-dl.php,dynasty-dl,dp,Mykel Williams,27013,DL,SF,30.0,0.0,30,30,,mykel-williams.php,,,21.2,,,,,,,Mykel Williams,2026-05-08,SFO
/nfl/rankings/dynasty-dl.php,dynasty-dl,dp,Yaya Diaby,25264,DL,TB,31.0,0.0,31,31,,yaya-diaby.php,,,37.0,,,,,,,YaYa Diaby,2026-05-08,TBB
/nfl/rankings/dynasty-dst.php,dynasty-dst,dp,Denver Broncos,8090,DST,DEN,1.0,0.0,1,1,,denver-defense.php,,,94.6,,,,,1.0,,Denver Broncos,2026-05-08,DEN
/nfl/rankings/dynasty-dst.php,dynasty-dst,dp,Houston Texans,8120,DST,HOU,2.0,0.0,2,2,,houston-defense.php,,,94.4,,,,,1.0,,Houston Texans,2026-05-08,HOU
/nfl/rankings/dynasty-dst.php,dynasty-dst,dp,Philadelphia Eagles,8230,DST,PHI,3.67,0.47,3,4,,philadelphia-defense.php,,,74.2,,,,,2.0,,Philadelphia Eagles,2026-05-08,PHI
/nfl/rankings/dynasty-dst.php,dynasty-dst,dp,Seattle Seahawks,8260,DST,SEA,4.0,1.41,3,6,,seattle-defense.php,,,94.7,,,,,2.0,,Seattle Seahawks,2026-05-08,SEA
/nfl/rankings/dynasty-dst.php,dynasty-dst,dp,Jacksonville Jaguars,8140,DST,JAC,11.5,6.87,1,19,,jacksonville-defense.php,,,51.1,,,,,-4.0,,Jacksonville Jaguars,2026-05-08,JAC
/nfl/rankings/dynasty-dst.php,dynasty-dst,dp,Los Angeles Rams,8280,DST,LAR,5.67,0.94,5,7,,los-angeles-rams-defense.php,,,55.0,,,,,4.0,,Los Angeles Rams,2026-05-08,LAR
/nfl/rankings/dynasty-dst.php,dynasty-dst,dp,Pittsburgh Steelers,8240,DST,PIT,5.67,0.47,5,6,,pittsburgh-defense.php,,,59.3,,,,,2.0,,Pittsburgh Steelers,2026-05-08,PIT
/nfl/rankings/dynasty-dst.php,dynasty-dst,dp,Chicago Bears,8050,DST,CHI,14.25,7.08,2,19,,chicago-defense.php,,,23.1,,,,,-4.0,,Chicago Bears,2026-05-08,CHI
/nfl/rankings/dynasty-dst.php,dynasty-dst,dp,San Francisco 49ers,8270,DST,SF,14.25,6.06,5,22,,san-francisco-defense.php,,,39.9,,,,,,,San Francisco 49ers,2026-05-08,SFO
/nfl/rankings/dynasty-dst.php,dynasty-dst,dp,Green Bay Packers,8110,DST,GB,8.33,1.89,7,11,,green-bay-defense.php,,,36.0,,,,,5.0,,Green Bay Packers,2026-05-08,GBP
/nfl/rankings/dynasty-dst.php,dynasty-dst,dp,Detroit Lions,8100,DST,DET,8.67,0.47,8,9,,detroit-defense.php,,,54.8,,,,,,,Detroit Lions,2026-05-08,DET
/nfl/rankings/dynasty-dst.php,dynasty-dst,dp,New Orleans Saints,8190,DST,NO,14.75,6.42,4,21,,new-orleans-defense.php,,,38.9,,,,,-5.0,,New Orleans Saints,2026-05-08,NOS
/nfl/rankings/dynasty-dst.php,dynasty-dst,dp,Minnesota Vikings,8170,DST,MIN,9.33,1.89,8,12,,minnesota-defense.php,,,62.5,,,,,4.0,,Minnesota Vikings,2026-05-08,MIN
/nfl/rankings/dynasty-dst.php,dynasty-dst,dp,Baltimore Ravens,8020,DST,BAL,9.67,0.47,9,10,,baltimore-defense.php,,,39.4,,,,,2.0,,Baltimore Ravens,2026-05-08,BAL
/nfl/rankings/dynasty-dst.php,dynasty-dst,dp,Kansas City Chiefs,8150,DST,KC,10.0,4.24,4,13,,kansas-city-defense.php,,,35.9,,,,,-4.0,,Kansas City Chiefs,2026-05-08,KCC
/nfl/rankings/dynasty-dst.php,dynasty-dst,dp,Dallas Cowboys,8080,DST,DAL,17.25,8.5,3,25,,dallas-defense.php,,,26.7,,,,,-3.0,,Dallas Cowboys,2026-05-08,DAL
/nfl/rankings/dynasty-dst.php,dynasty-dst,dp,New York Giants,8200,DST,NYG,17.5,4.92,11,24,,new-york-giants-defense.php,,,38.7,,,,,-3.0,,New York Giants,2026-05-08,NYG
/nfl/rankings/dynasty-dst.php,dynasty-dst,dp,New England Patriots,8180,DST,NE,12.67,0.94,12,14,,new-england-defense.php,,,60.3,,,,,,,New England Patriots,2026-05-08,NEP
/nfl/rankings/dynasty-dst.php,dynasty-dst,dp,Cleveland Browns,8070,DST,CLE,13.0,2.83,11,17,,cleveland-defense.php,,,37.3,,,,,2.0,,Cleveland Browns,2026-05-08,CLE
/nfl/rankings/dynasty-dst.php,dynasty-dst,dp,Los Angeles Chargers,8250,DST,LAC,14.67,0.94,14,16,,los-angeles-chargers-defense.php,,,37.7,,,,,4.0,,Los Angeles Chargers,2026-05-08,LAC
/nfl/rankings/dynasty-dst.php,dynasty-dst,dp,New York Jets,8210,DST,NYJ,20.0,8.57,6,29,,new-york-jets-defense.php,,,13.7,,,,,,,New York Jets,2026-05-08,NYJ
/nfl/rankings/dynasty-dst.php,dynasty-dst,dp,Tampa Bay Buccaneers,8290,DST,TB,20.25,7.43,8,28,,tampa-bay-defense.php,,,35.4,,,,,,,Tampa Bay Buccaneers,2026-05-08,TBB
/nfl/rankings/dynasty-dst.php,dynasty-dst,dp,Atlanta Falcons,8010,DST,ATL,21.0,6.67,10,28,,atlanta-defense.php,,,26.2,,,,,,,Atlanta Falcons,2026-05-08,ATL
/nfl/rankings/dynasty-dst.php,dynasty-dst,dp,Buffalo Bills,8030,DST,BUF,17.67,4.64,13,24,,buffalo-defense.php,,,48.8,,,,,,,Buffalo Bills,2026-05-08,BUF
/nfl/rankings/dynasty-dst.php,dynasty-dst,dp,Miami Dolphins,8160,DST,MIA,22.5,9.34,7,32,,miami-defense.php,,,17.6,,,,,,,Miami Dolphins,2026-05-08,MIA
/nfl/rankings/dynasty-dst.php,dynasty-dst,dp,Las Vegas Raiders,8220,DST,LV,23.25,8.58,9,32,,las-vegas-defense.php,,,20.8,,,,,,,Las Vegas Raiders,2026-05-08,LVR
/nfl/rankings/dynasty-dst.php,dynasty-dst,dp,Arizona Cardinals,8000,DST,ARI,22.67,3.09,20,27,,arizona-defense.php,,,9.9,,,,,,,Arizona Cardinals,2026-05-08,ARI
/nfl/rankings/dynasty-dst.php,dynasty-dst,dp,Washington Commanders,8310,DST,WAS,23.67,4.19,18,28,,washington-defense.php,,,26.7,,,,,,,Washington Commanders,2026-05-08,WAS
/nfl/rankings/dynasty-dst.php,dynasty-dst,dp,Carolina Panthers,8040,DST,CAR,24.5,4.5,20,29,,carolina-defense.php,,,19.5,,,,,,,Carolina Panthers,2026-05-08,CAR
/nfl/rankings/dynasty-dst.php,dynasty-dst,dp,Cincinnati Bengals,8060,DST,CIN,28.5,1.5,27,30,,cincinnati-defense.php,,,11.6,,,,,,,Cincinnati Bengals,2026-05-08,CIN
/nfl/rankings/dynasty-dst.php,dynasty-dst,dp,Tennessee Titans,8300,DST,TEN,29.0,2.0,27,31,,tennessee-defense.php,,,20.7,,,,,,,Tennessee Titans,2026-05-08,TEN
/nfl/rankings/dynasty-dst.php,dynasty-dst,dp,Indianapolis Colts,8130,DST,IND,30.5,0.5,30,31,,indianapolis-defense.php,,,31.9,,,,,,,Indianapolis Colts,2026-05-08,IND
/nfl/rankings/dynasty-idp.php,dynasty-idp,do,Will Anderson Jr.,24717,DL,HOU,1.0,0.0,1,1,,will-anderson.php,,,87.8,,,,,,,Will Anderson,2026-05-08,HOU
/nfl/rankings/dynasty-idp.php,dynasty-idp,do,Aidan Hutchinson,22738,DL,DET,2.0,0.0,2,2,,aidan-hutchinson.php,,,86.7,,,,,,,Aidan Hutchinson,2026-05-08,DET
/nfl/rankings/dynasty-idp.php,dynasty-idp,do,Brian Burns,18223,DL,NYG,3.0,0.0,3,3,,brian-burns.php,,,84.3,,,,,,,Brian Burns,2026-05-08,NYG
/nfl/rankings/dynasty-idp.php,dynasty-idp,do,Micah Parsons,19784,LB,GB,4.0,0.0,4,4,,micah-parsons.php,,,77.4,,,,,,,Micah Parsons,2026-05-08,GBP
/nfl/rankings/dynasty-idp.php,dynasty-idp,do,Maxx Crosby,18702,DL,LV,5.0,0.0,5,5,,maxx-crosby.php,,,91.9,,,,,,,Maxx Crosby,2026-05-08,LVR
/nfl/rankings/dynasty-idp.php,dynasty-idp,do,Myles Garrett,16370,DL,CLE,6.0,0.0,6,6,,myles-garrett.php,,,93.9,,,,,,,Myles Garrett,2026-05-08,CLE
/nfl/rankings/dynasty-idp.php,dynasty-idp,do,Nik Bonitto,23763,DL,DEN,7.0,0.0,7,7,,nik-bonitto.php,,,61.7,,,,,,,Nik Bonitto,2026-05-08,DEN
/nfl/rankings/dynasty-idp.php,dynasty-idp,do,Roquan Smith,17311,LB,BAL,8.0,0.0,8,8,,roquan-smith.php,,,72.3,,,,,,,Roquan Smith,2026-05-08,BAL
/nfl/rankings/dynasty-idp.php,dynasty-idp,do,Jordyn Brooks,19292,LB,MIA,9.0,0.0,9,9,,jordyn-brooks.php,,,87.7,,,,,,,Jordyn Brooks,2026-05-08,MIA
/nfl/rankings/dynasty-idp.php,dynasty-idp,do,Ernest Jones IV,23245,LB,SEA,10.0,0.0,10,10,,ernest-jones.php,,,71.9,,,,,,,Ernest Jones,2026-05-08,SEA
/nfl/rankings/dynasty-idp.php,dynasty-idp,do,Cedric Gray,26168,LB,TEN,11.0,0.0,11,11,,cedric-gray.php,,,74.7,,,,,,,Cedric Gray,2026-05-08,TEN
/nfl/rankings/dynasty-idp.php,dynasty-idp,do,Nate Landman,24674,LB,LAR,12.0,0.0,12,12,,nathan-landman.php,,,61.8,,,,,,,Nate Landman,2026-05-08,LAR
/nfl/rankings/dynasty-idp.php,dynasty-idp,do,T.J. Edwards,18281,LB,CHI,13.0,0.0,13,13,,tj-edwards.php,,,39.4,,,,,,,TJ Edwards,2026-05-08,CHI
/nfl/rankings/dynasty-idp.php,dynasty-idp,do,Jack Campbell,25435,LB,DET,14.0,0.0,14,14,,jack-campbell.php,,,89.8,,,,,,,Jack Campbell,2026-05-08,DET
/nfl/rankings/dynasty-idp.php,dynasty-idp,do,Fred Warner,17526,LB,SF,15.0,0.0,15,15,,fred-warner.php,,,94.0,,,,,,,Fred Warner,2026-05-08,SFO
/nfl/rankings/dynasty-idp.php,dynasty-idp,do,Foyesade Oluokun,17607,LB,JAC,16.0,0.0,16,16,,foyesade-oluokun.php,,,82.5,,,,,,,Foyesade Oluokun,2026-05-08,JAC
/nfl/rankings/dynasty-idp.php,dynasty-idp,do,Carson Schwesinger,27236,LB,CLE,17.0,0.0,17,17,,carson-schwesinger.php,,,85.8,,,,,,,Carson Schwesinger,2026-05-08,CLE
/nfl/rankings/dynasty-idp.php,dynasty-idp,do,Zaire Franklin,17563,LB,GB,18.0,0.0,18,18,,zaire-franklin.php,,,55.0,,,,,,,Zaire Franklin,2026-05-08,GBP
/nfl/rankings/dynasty-idp.php,dynasty-idp,do,Nick Bolton,22689,LB,KC,19.0,0.0,19,19,,nick-bolton.php,,,85.5,,,,,,,Nick Bolton,2026-05-08,KCC
/nfl/rankings/dynasty-idp.php,dynasty-idp,do,Alex Singleton,14399,LB,DEN,20.0,0.0,20,20,,alex-singleton.php,,,60.7,,,,,,,Alex Singleton,2026-05-08,DEN
/nfl/rankings/dynasty-idp.php,dynasty-idp,do,Kaden Elliss,18716,LB,NO,21.0,0.0,21,21,,kaden-elliss.php,,,45.7,,,,,,,Kaden Elliss,2026-05-08,NOS
/nfl/rankings/dynasty-idp.php,dynasty-idp,do,Quay Walker,23729,LB,LV,22.0,0.0,22,22,,quay-walker.php,,,70.8,,,,,,,Quay Walker,2026-05-08,LVR
/nfl/rankings/dynasty-idp.php,dynasty-idp,do,Quincy Williams,18679,LB,CLE,23.0,0.0,23,23,,quincy-williams.php,,,39.4,,,,,,,Quincy Williams,2026-05-08,CLE
/nfl/rankings/dynasty-idp.php,dynasty-idp,do,Azeez Al-Shaair,18361,LB,HOU,24.0,0.0,24,24,,azeez-al-shaair.php,,,48.3,,,,,,,Azeez Al-Shaair,2026-05-08,HOU
/nfl/rankings/dynasty-idp.php,dynasty-idp,do,Robert Spillane,18103,LB,NE,25.0,0.0,25,25,,robert-spillane.php,,,52.6,,,,,,,Robert Spillane,2026-05-08,NEP
/nfl/rankings/dynasty-idp.php,dynasty-idp,do,Edgerrin Cooper,26137,LB,GB,26.0,0.0,26,26,,edgerrin-cooper.php,,,57.1,,,,,,,Edgerrin Cooper,2026-05-08,GBP
/nfl/rankings/dynasty-idp.php,dynasty-idp,do,Payton Wilson,26183,LB,PIT,27.0,0.0,27,27,,payton-wilson.php,,,36.3,,,,,,,Payton Wilson,2026-05-08,PIT
/nfl/rankings/dynasty-idp.php,dynasty-idp,do,Daiyan Henley,25436,LB,LAC,28.0,0.0,28,28,,daiyanhenley.php,,,54.6,,,,,,,Daiyan Henley,2026-05-08,LAC
/nfl/rankings/dynasty-idp.php,dynasty-idp,do,Tyrel Dodson,18584,LB,MIA,29.0,0.0,29,29,,tyrel-dodson.php,,,53.3,,,,,,,Tyrel Dodson,2026-05-08,MIA
/nfl/rankings/dynasty-idp.php,dynasty-idp,do,Blake Cashman,18421,LB,MIN,30.0,0.0,30,30,,blake-cashman.php,,,81.8,,,,,,,Blake Cashman,2026-05-08,MIN
/nfl/rankings/dynasty-idp.php,dynasty-idp,do,Bobby Okereke,18678,LB,FA,31.0,0.0,31,31,,bobby-okereke.php,,,36.4,,,,,,,Bobby Okereke,2026-05-08,FA
/nfl/rankings/dynasty-idp.php,dynasty-idp,do,Jihaad Campbell,27051,LB,PHI,32.0,0.0,32,32,,jihaad-campbell.php,,,43.1,,,,,,,Jihaad Campbell,2026-05-08,PHI
/nfl/rankings/dynasty-idp.php,dynasty-idp,do,Dre Greenlaw,18310,LB,SF,33.0,0.0,33,33,,dre-greenlaw.php,,,34.6,,,,,,,Dre Greenlaw,2026-05-08,SFO
/nfl/rankings/dynasty-idp.php,dynasty-idp,do,Zack Baun,19238,LB,PHI,34.0,0.0,34,34,,zack-baun.php,,,69.4,,,,,,,Zack Baun,2026-05-08,PHI
/nfl/rankings/dynasty-idp.php,dynasty-idp,do,Eric Wilson,16691,LB,MIN,35.0,0.0,35,35,,eric-wilson.php,,,28.6,,,,,,,Eric Wilson,2026-05-08,MIN
/nfl/rankings/dynasty-idp.php,dynasty-idp,do,Jamien Sherwood,23194,LB,NYJ,36.0,0.0,36,36,,jamien-sherwood.php,,,74.1,,,,,,,Jamien Sherwood,2026-05-08,NYJ
/nfl/rankings/dynasty-idp.php,dynasty-idp,do,DeMarvion Overshown,25314,LB,DAL,37.0,0.0,37,37,,demarvion-overshown.php,,,36.7,,,,,,,DeMarvion Overshown,2026-05-08,DAL
/nfl/rankings/dynasty-idp.php,dynasty-idp,do,Jack Gibbens,24690,LB,ARI,38.0,0.0,38,38,,jack-gibbens.php,,,11.3,,,,,,,Jack Gibbens,2026-05-08,ARI
/nfl/rankings/dynasty-idp.php,dynasty-idp,do,SirVocea Dennis,23990,LB,TB,39.0,0.0,39,39,,sirvocea-dennis.php,,,31.4,,,,,,,SirVocea Dennis,2026-05-08,TBB
/nfl/rankings/dynasty-idp.php,dynasty-idp,do,Divine Deablo,23208,LB,ATL,40.0,0.0,40,40,,divine-deablo.php,,,33.5,,,,,,,Divine Deablo,2026-05-08,ATL
/nfl/rankings/dynasty-idp.php,dynasty-idp,do,Devin Bush Jr.,18237,LB,CHI,41.0,0.0,41,41,,devin-bush.php,,,43.3,,,,,,,Devin Bush,2026-05-08,CHI
/nfl/rankings/dynasty-idp.php,dynasty-idp,do,Drake Thomas,25905,LB,SEA,42.0,0.0,42,42,,drake-thomas.php,,,24.0,,,,,,,Drake Thomas,2026-05-08,SEA
/nfl/rankings/dynasty-idp.php,dynasty-idp,do,Nakobe Dean,23702,LB,LV,43.0,0.0,43,43,,nakobe-dean.php,,,59.5,,,,,,,Nakobe Dean,2026-05-08,LVR
/nfl/rankings/dynasty-idp.php,dynasty-idp,do,Germaine Pratt,18291,LB,FA,44.0,0.0,44,44,,germaine-pratt.php,,,21.3,,,,,,,Germaine Pratt,2026-05-08,FA
/nfl/rankings/dynasty-idp.php,dynasty-idp,do,Byron Young,25449,DL,LAR,45.0,0.0,45,45,,byron-young-edge.php,,,62.4,,,,,,,Byron Young,2026-05-08,LAR
/nfl/rankings/dynasty-idp.php,dynasty-idp,do,Nick Cross,24198,DB,WAS,46.0,0.0,46,46,,nick-cross.php,,,59.8,,,,,,,Nick Cross,2026-05-08,WAS
/nfl/rankings/dynasty-idp.php,dynasty-idp,do,Nick Emmanwori,27053,DB,SEA,47.0,0.0,47,47,,nick-emmanwori.php,,,85.2,,,,,,,Nick Emmanwori,2026-05-08,SEA
/nfl/rankings/dynasty-idp.php,dynasty-idp,do,Derwin James Jr.,17310,DB,LAC,48.0,0.0,48,48,,derwin-james.php,,,85.0,,,,,,,Derwin James,2026-05-08,LAC
/nfl/rankings/dynasty-idp.php,dynasty-idp,do,Brian Branch,25235,DB,DET,49.0,0.0,49,49,,brian-branch.php,,,76.2,,,,,,,Brian Branch,2026-05-08,DET
/nfl/rankings/dynasty-idp.php,dynasty-idp,do,Kyle Hamilton,23494,DB,BAL,50.0,0.0,50,50,,kyle-hamilton.php,,,86.4,,,,,,,Kyle Hamilton,2026-05-08,BAL
/nfl/rankings/dynasty-idp.php,dynasty-idp,do,Kam Curl,19459,DB,LAR,51.0,0.0,51,51,,kamren-curl.php,,,65.0,,,,,,,Kam Curl,2026-05-08,LAR
/nfl/rankings/dynasty-idp.php,dynasty-idp,do,Jessie Bates III,17544,DB,ATL,52.0,0.0,52,52,,jessie-bates-iii.php,,,46.2,,,,,,,Jessie Bates,2026-05-08,ATL
/nfl/rankings/dynasty-idp.php,dynasty-idp,do,Antoine Winfield Jr.,19266,DB,TB,53.0,0.0,53,53,,antoine-winfield-s.php,,,45.7,,,,,,,Antoine Winfield,2026-05-08,TBB
/nfl/rankings/dynasty-idp.php,dynasty-idp,do,Jaquan Brisker,23719,DB,PIT,54.0,0.0,54,54,,jaquan-brisker.php,,,40.0,,,,,,,Jaquan Brisker,2026-05-08,PIT
/nfl/rankings/dynasty-idp.php,dynasty-idp,do,Tyler Nubin,26117,DB,NYG,55.0,0.0,55,55,,tyler-nubin.php,,,35.8,,,,,,,Tyler Nubin,2026-05-08,NYG
/nfl/rankings/dynasty-idp.php,dynasty-idp,do,Joshua Metellus,19580,DB,MIN,56.0,0.0,56,56,,josh-metellus.php,,,34.0,,,,,,,Joshua Metellus,2026-05-08,MIN
/nfl/rankings/dynasty-idp.php,dynasty-idp,do,Malachi Moore,24708,DB,NYJ,57.0,0.0,57,57,,malachi-moore.php,,,9.7,,,,,,,Malachi Moore,2026-05-08,NYJ
/nfl/rankings/dynasty-idp.php,dynasty-idp,do,Tre'von Moehrig,22699,DB,CAR,58.0,0.0,58,58,,trevon-moehrig.php,,,55.0,,,,,,,Trevon Moehrig,2026-05-08,CAR
/nfl/rankings/dynasty-idp.php,dynasty-idp,do,Tykee Smith,23751,DB,TB,59.0,0.0,59,59,,tykee-smith.php,,,79.9,,,,,,,Tykee Smith,2026-05-08,TBB
/nfl/rankings/dynasty-idp.php,dynasty-idp,do,DeShon Elliott,17344,DB,PIT,60.0,0.0,60,60,,deshon-elliott.php,,,27.2,,,,,,,DeShon Elliott,2026-05-08,PIT
/nfl/rankings/dynasty-idp.php,dynasty-idp,do,Chamarri Conner,25509,DB,KC,61.0,0.0,61,61,,chamarri-conner.php,,,35.0,,,,,,,Chamarri Conner,2026-05-08,KCC
/nfl/rankings/dynasty-idp.php,dynasty-idp,do,Xavier Watts,27067,DB,ATL,62.0,0.0,62,62,,xavier-watts.php,,,43.6,,,,,,,Xavier Watts,2026-05-08,ATL
/nfl/rankings/dynasty-idp.php,dynasty-idp,do,Laiatu Latu,26096,DL,IND,63.0,0.0,63,63,,laiatu-latu.php,,,43.7,,,,,,,Laiatu Latu,2026-05-08,IND
/nfl/rankings/dynasty-idp.php,dynasty-idp,do,Kyle Dugger,19337,DB,CIN,64.0,0.0,64,64,,kyle-dugger.php,,,7.8,,,,,,,Kyle Dugger,2026-05-08,CIN
/nfl/rankings/dynasty-idp.php,dynasty-idp,do,Cam Bynum,22757,DB,IND,65.0,0.0,65,65,,camryn-bynum.php,,,25.8,,,,,,,Cam Bynum,2026-05-08,IND
/nfl/rankings/dynasty-idp.php,dynasty-idp,do,Jeremy Chinn,19429,DB,LV,66.0,0.0,66,66,,jeremy-chinn.php,,,54.9,,,,,,,Jeremy Chinn,2026-05-08,LVR
/nfl/rankings/dynasty-idp.php,dynasty-idp,do,Talanoa Hufanga,22817,DB,DEN,67.0,0.0,67,67,,talanoa-hufanga.php,,,75.5,,,,,,,Talanoa Hufanga,2026-05-08,DEN
/nfl/rankings/dynasty-idp.php,dynasty-idp,do,Julian Love,18243,DB,SEA,68.0,0.0,68,68,,julian-love.php,,,40.7,,,,,,,Julian Love,2026-05-08,SEA
/nfl/rankings/dynasty-idp.php,dynasty-idp,do,Jordan Battle,23471,DB,CIN,69.0,0.0,69,69,,jordan-battle.php,,,38.1,,,,,,,Jordan Battle,2026-05-08,CIN
/nfl/rankings/dynasty-idp.php,dynasty-idp,do,Devon Witherspoon,25243,DB,SEA,70.0,0.0,70,70,,devon-witherspoon.php,,,61.7,,,,,,,Devon Witherspoon,2026-05-08,SEA
/nfl/rankings/dynasty-k.php,dynasty-k,dp,Brandon Aubrey,26068,K,DAL,1.25,0.43,1,2,,brandon-aubrey.php,,,95.6,,,,,1.0,,Brandon Aubrey,2026-05-08,DAL
/nfl/rankings/dynasty-k.php,dynasty-k,dp,Jason Myers,14003,K,SEA,7.0,4.34,1,12,,jason-myers.php,,,90.1,,,,,-1.0,,Jason Myers,2026-05-08,SEA
/nfl/rankings/dynasty-k.php,dynasty-k,dp,Cam Little,26475,K,JAC,2.25,0.83,1,3,,cam-little.php,,,69.1,,,,,,,Cam Little,2026-05-08,JAC
/nfl/rankings/dynasty-k.php,dynasty-k,dp,Cameron Dicker,23901,K,LAC,3.0,1.0,2,4,,cameron-dicker.php,,,77.4,,,,,,,Cameron Dicker,2026-05-08,LAC
/nfl/rankings/dynasty-k.php,dynasty-k,dp,Tyler Loop,27534,K,BAL,8.8,4.83,3,15,,tyler-loop.php,,,32.6,,,,,,,Tyler Loop,2026-05-08,BAL
/nfl/rankings/dynasty-k.php,dynasty-k,dp,Will Reichard,26341,K,MIN,5.0,1.58,3,7,,will-reichard.php,,,30.1,,,,,,,Will Reichard,2026-05-08,MIN
/nfl/rankings/dynasty-k.php,dynasty-k,dp,Ka'imi Fairbairn,15756,K,HOU,6.25,1.79,4,9,,kaimi-fairbairn.php,,,81.2,,,,,,,Kaimi Fairbairn,2026-05-08,HOU
/nfl/rankings/dynasty-k.php,dynasty-k,dp,Chase McLaughlin,19058,K,TB,9.75,3.42,5,13,,chase-mclaughlin.php,,,32.0,,,,,2.0,,Chase McLaughlin,2026-05-08,TBB
/nfl/rankings/dynasty-k.php,dynasty-k,dp,Chris Boswell,13029,K,PIT,9.75,2.77,7,13,,chris-boswell.php,,,32.6,,,,,,,Chris Boswell,2026-05-08,PIT
/nfl/rankings/dynasty-k.php,dynasty-k,dp,Evan McPherson,23297,K,CIN,10.25,2.68,6,13,,evan-mcpherson.php,,,27.4,,,,,4.0,,Evan McPherson,2026-05-08,CIN
/nfl/rankings/dynasty-k.php,dynasty-k,dp,Harrison Butker,16712,K,KC,10.5,5.68,5,18,,harrison-butker.php,,,50.1,,,,,-2.0,,Harrison Butker,2026-05-08,KCC
/nfl/rankings/dynasty-k.php,dynasty-k,dp,Wil Lutz,16026,K,DEN,11.0,0.71,10,12,,wil-lutz.php,,,11.4,,,,,,,Wil Lutz,2026-05-08,DEN
/nfl/rankings/dynasty-k.php,dynasty-k,dp,Andy Borregales,27291,K,NE,14.6,7.45,6,24,,andres-borregales.php,,,12.6,,,,,,,Andy Borregales,2026-05-08,NEP
/nfl/rankings/dynasty-k.php,dynasty-k,dp,Jake Moody,24009,K,WAS,13.0,4.0,9,17,,jake-moody.php,,,5.0,,,,,,,Jake Moody,2026-05-08,WAS
/nfl/rankings/dynasty-k.php,dynasty-k,dp,Jake Bates,26075,K,DET,13.5,4.56,8,18,,jake-bates.php,,,49.2,,,,,,,Jake Bates,2026-05-08,DET
/nfl/rankings/dynasty-k.php,dynasty-k,dp,Daniel Carlson,17420,K,LV,15.0,7.78,2,21,,daniel-carlson.php,,,0.8,,,,,,,Daniel Carlson,2026-05-08,LVR
/nfl/rankings/dynasty-k.php,dynasty-k,dp,Joshua Karty,26478,K,ARI,12.0,4.32,8,18,,joshua-karty.php,,,1.1,,,,,,,Joshua Karty,2026-05-08,ARI
/nfl/rankings/dynasty-k.php,dynasty-k,dp,Jason Sanders,17533,K,NYG,18.0,7.65,5,24,,jason-sanders.php,,,7.8,,,,,,,Jason Sanders,2026-05-08,NYG
/nfl/rankings/dynasty-k.php,dynasty-k,dp,Spencer Shrader,26763,K,IND,15.33,4.19,11,21,,spencer-shrader.php,,,17.3,,,,,,,Spencer Shrader,2026-05-08,IND
/nfl/rankings/dynasty-k.php,dynasty-k,dp,Tyler Bass,19760,K,BUF,15.67,0.47,15,16,,tyler-bass.php,,,13.4,,,,,5.0,,Tyler Bass,2026-05-08,BUF
/nfl/rankings/dynasty-k.php,dynasty-k,dp,Cairo Santos,13731,K,CHI,21.0,6.07,10,27,,cairo-santos.php,,,26.9,,,,,,,Cairo Santos,2026-05-08,CHI
/nfl/rankings/dynasty-k.php,dynasty-k,dp,Jake Elliott,16540,K,PHI,17.0,1.63,15,19,,jake-elliott.php,,,16.0,,,,,,,Jake Elliott,2026-05-08,PHI
/nfl/rankings/dynasty-k.php,dynasty-k,dp,Matt Gay,18545,K,LV,20.0,9.35,4,27,,matt-gay.php,,,9.0,,,,,,,Matt Gay,2026-05-08,LVR
/nfl/rankings/dynasty-k.php,dynasty-k,dp,Brandon McManus,13274,K,GB,20.25,2.17,19,24,,brandon-mcmanus.php,,,4.8,,,,,,,Brandon McManus,2026-05-08,GBP
/nfl/rankings/dynasty-k.php,dynasty-k,dp,Blake Grupe,25533,K,IND,18.67,4.64,14,25,,blake-grupe.php,,,3.9,,,,,,,Blake Grupe,2026-05-08,IND
/nfl/rankings/dynasty-k.php,dynasty-k,dp,Dustin Hopkins,11818,K,FA,7.0,0.0,7,7,,dustin-hopkins.php,,,0.6,,,,,,,Dustin Hopkins,2026-05-08,FA
/nfl/rankings/dynasty-k.php,dynasty-k,dp,Younghoe Koo,16910,K,FA,8.0,0.0,8,8,,younghoe-koo.php,,,1.6,,,,,,,Younghoe Koo,2026-05-08,FA
/nfl/rankings/dynasty-k.php,dynasty-k,dp,Greg Zuerlein,11345,K,FA,9.0,0.0,9,9,,greg-zuerlein.php,,,0.8,,,,,,,Greg Zuerlein,2026-05-08,FA
/nfl/rankings/dynasty-k.php,dynasty-k,dp,Eddy Pineiro,17575,K,SF,23.0,5.1,16,28,,eddy-pineiro.php,,,55.3,,,,,,,Eddy Pineiro,2026-05-08,SFO
/nfl/rankings/dynasty-k.php,dynasty-k,dp,Harrison Mevis,26638,K,LAR,21.0,1.0,20,22,,harrison-mevis.php,,,54.8,,,,,,,Harrison Mevis,2026-05-08,LAR
/nfl/rankings/dynasty-k.php,dynasty-k,dp,Ben Sauls,27798,K,NYG,15.0,0.0,15,15,,ben-sauls.php,,,5.0,,,,,,,Ben Sauls,2026-05-08,NYG
/nfl/rankings/dynasty-k.php,dynasty-k,dp,Riley Patterson,23370,K,MIA,23.5,1.5,22,25,,riley-patterson.php,,,6.7,,,,,,,Riley Patterson,2026-05-08,MIA
/nfl/rankings/dynasty-k.php,dynasty-k,dp,Ryan Fitzgerald,27261,K,CAR,24.0,4.0,20,28,,ryan-fitzgerald.php,,,3.9,,,,,,,Ryan Fitzgerald,2026-05-08,CAR
/nfl/rankings/dynasty-lb.php,dynasty-lb,dp,Brian Burns,18223,DL,NYG,1.0,0.0,1,1,,brian-burns.php,,,84.3,,,,,,,Brian Burns,2026-05-08,NYG
/nfl/rankings/dynasty-lb.php,dynasty-lb,dp,Micah Parsons,19784,LB,GB,2.0,0.0,2,2,,micah-parsons.php,,,77.4,,,,,,,Micah Parsons,2026-05-08,GBP
/nfl/rankings/dynasty-lb.php,dynasty-lb,dp,Nik Bonitto,23763,DL,DEN,3.0,0.0,3,3,,nik-bonitto.php,,,61.7,,,,,,,Nik Bonitto,2026-05-08,DEN
/nfl/rankings/dynasty-lb.php,dynasty-lb,dp,Roquan Smith,17311,LB,BAL,4.0,0.0,4,4,,roquan-smith.php,,,72.3,,,,,,,Roquan Smith,2026-05-08,BAL
/nfl/rankings/dynasty-lb.php,dynasty-lb,dp,Jordyn Brooks,19292,LB,MIA,5.0,0.0,5,5,,jordyn-brooks.php,,,87.7,,,,,,,Jordyn Brooks,2026-05-08,MIA
/nfl/rankings/dynasty-lb.php,dynasty-lb,dp,Ernest Jones IV,23245,LB,SEA,6.0,0.0,6,6,,ernest-jones.php,,,71.9,,,,,,,Ernest Jones,2026-05-08,SEA
/nfl/rankings/dynasty-lb.php,dynasty-lb,dp,Cedric Gray,26168,LB,TEN,7.0,0.0,7,7,,cedric-gray.php,,,74.7,,,,,,,Cedric Gray,2026-05-08,TEN
/nfl/rankings/dynasty-lb.php,dynasty-lb,dp,Nate Landman,24674,LB,LAR,8.0,0.0,8,8,,nathan-landman.php,,,61.8,,,,,,,Nate Landman,2026-05-08,LAR
/nfl/rankings/dynasty-lb.php,dynasty-lb,dp,T.J. Edwards,18281,LB,CHI,9.0,0.0,9,9,,tj-edwards.php,,,39.4,,,,,,,TJ Edwards,2026-05-08,CHI
/nfl/rankings/dynasty-lb.php,dynasty-lb,dp,Jack Campbell,25435,LB,DET,10.0,0.0,10,10,,jack-campbell.php,,,89.8,,,,,,,Jack Campbell,2026-05-08,DET
/nfl/rankings/dynasty-lb.php,dynasty-lb,dp,Fred Warner,17526,LB,SF,11.0,0.0,11,11,,fred-warner.php,,,94.0,,,,,,,Fred Warner,2026-05-08,SFO
/nfl/rankings/dynasty-lb.php,dynasty-lb,dp,Foyesade Oluokun,17607,LB,JAC,12.0,0.0,12,12,,foyesade-oluokun.php,,,82.5,,,,,,,Foyesade Oluokun,2026-05-08,JAC
/nfl/rankings/dynasty-lb.php,dynasty-lb,dp,Carson Schwesinger,27236,LB,CLE,13.0,0.0,13,13,,carson-schwesinger.php,,,85.8,,,,,,,Carson Schwesinger,2026-05-08,CLE
/nfl/rankings/dynasty-lb.php,dynasty-lb,dp,Zaire Franklin,17563,LB,GB,14.0,0.0,14,14,,zaire-franklin.php,,,55.0,,,,,,,Zaire Franklin,2026-05-08,GBP
/nfl/rankings/dynasty-lb.php,dynasty-lb,dp,Nick Bolton,22689,LB,KC,15.0,0.0,15,15,,nick-bolton.php,,,85.5,,,,,,,Nick Bolton,2026-05-08,KCC
/nfl/rankings/dynasty-lb.php,dynasty-lb,dp,Alex Singleton,14399,LB,DEN,16.0,0.0,16,16,,alex-singleton.php,,,60.7,,,,,,,Alex Singleton,2026-05-08,DEN
/nfl/rankings/dynasty-lb.php,dynasty-lb,dp,Kaden Elliss,18716,LB,NO,17.0,0.0,17,17,,kaden-elliss.php,,,45.7,,,,,,,Kaden Elliss,2026-05-08,NOS
/nfl/rankings/dynasty-lb.php,dynasty-lb,dp,Quay Walker,23729,LB,LV,18.0,0.0,18,18,,quay-walker.php,,,70.8,,,,,,,Quay Walker,2026-05-08,LVR
/nfl/rankings/dynasty-lb.php,dynasty-lb,dp,Quincy Williams,18679,LB,CLE,19.0,0.0,19,19,,quincy-williams.php,,,39.4,,,,,,,Quincy Williams,2026-05-08,CLE
/nfl/rankings/dynasty-lb.php,dynasty-lb,dp,Azeez Al-Shaair,18361,LB,HOU,20.0,0.0,20,20,,azeez-al-shaair.php,,,48.3,,,,,,,Azeez Al-Shaair,2026-05-08,HOU
/nfl/rankings/dynasty-lb.php,dynasty-lb,dp,Robert Spillane,18103,LB,NE,21.0,0.0,21,21,,robert-spillane.php,,,52.6,,,,,,,Robert Spillane,2026-05-08,NEP
/nfl/rankings/dynasty-lb.php,dynasty-lb,dp,Edgerrin Cooper,26137,LB,GB,22.0,0.0,22,22,,edgerrin-cooper.php,,,57.1,,,,,,,Edgerrin Cooper,2026-05-08,GBP
/nfl/rankings/dynasty-lb.php,dynasty-lb,dp,Payton Wilson,26183,LB,PIT,23.0,0.0,23,23,,payton-wilson.php,,,36.3,,,,,,,Payton Wilson,2026-05-08,PIT
/nfl/rankings/dynasty-lb.php,dynasty-lb,dp,Daiyan Henley,25436,LB,LAC,24.0,0.0,24,24,,daiyanhenley.php,,,54.6,,,,,,,Daiyan Henley,2026-05-08,LAC
/nfl/rankings/dynasty-lb.php,dynasty-lb,dp,Tyrel Dodson,18584,LB,MIA,25.0,0.0,25,25,,tyrel-dodson.php,,,53.3,,,,,,,Tyrel Dodson,2026-05-08,MIA
/nfl/rankings/dynasty-lb.php,dynasty-lb,dp,Blake Cashman,18421,LB,MIN,26.0,0.0,26,26,,blake-cashman.php,,,81.8,,,,,,,Blake Cashman,2026-05-08,MIN
/nfl/rankings/dynasty-lb.php,dynasty-lb,dp,Bobby Okereke,18678,LB,FA,27.0,0.0,27,27,,bobby-okereke.php,,,36.4,,,,,,,Bobby Okereke,2026-05-08,FA
/nfl/rankings/dynasty-lb.php,dynasty-lb,dp,Jihaad Campbell,27051,LB,PHI,28.0,0.0,28,28,,jihaad-campbell.php,,,43.1,,,,,,,Jihaad Campbell,2026-05-08,PHI
/nfl/rankings/dynasty-lb.php,dynasty-lb,dp,Dre Greenlaw,18310,LB,SF,29.0,0.0,29,29,,dre-greenlaw.php,,,34.6,,,,,,,Dre Greenlaw,2026-05-08,SFO
/nfl/rankings/dynasty-lb.php,dynasty-lb,dp,Zack Baun,19238,LB,PHI,30.0,0.0,30,30,,zack-baun.php,,,69.4,,,,,,,Zack Baun,2026-05-08,PHI
/nfl/rankings/dynasty-lb.php,dynasty-lb,dp,Eric Wilson,16691,LB,MIN,31.0,0.0,31,31,,eric-wilson.php,,,28.6,,,,,,,Eric Wilson,2026-05-08,MIN
/nfl/rankings/dynasty-lb.php,dynasty-lb,dp,Jamien Sherwood,23194,LB,NYJ,32.0,0.0,32,32,,jamien-sherwood.php,,,74.1,,,,,,,Jamien Sherwood,2026-05-08,NYJ
/nfl/rankings/dynasty-lb.php,dynasty-lb,dp,DeMarvion Overshown,25314,LB,DAL,33.0,0.0,33,33,,demarvion-overshown.php,,,36.7,,,,,,,DeMarvion Overshown,2026-05-08,DAL
/nfl/rankings/dynasty-lb.php,dynasty-lb,dp,Jack Gibbens,24690,LB,ARI,34.0,0.0,34,34,,jack-gibbens.php,,,11.3,,,,,,,Jack Gibbens,2026-05-08,ARI
/nfl/rankings/dynasty-lb.php,dynasty-lb,dp,SirVocea Dennis,23990,LB,TB,35.0,0.0,35,35,,sirvocea-dennis.php,,,31.4,,,,,,,SirVocea Dennis,2026-05-08,TBB
/nfl/rankings/dynasty-lb.php,dynasty-lb,dp,Divine Deablo,23208,LB,ATL,36.0,0.0,36,36,,divine-deablo.php,,,33.5,,,,,,,Divine Deablo,2026-05-08,ATL
/nfl/rankings/dynasty-lb.php,dynasty-lb,dp,Devin Bush Jr.,18237,LB,CHI,37.0,0.0,37,37,,devin-bush.php,,,43.3,,,,,,,Devin Bush,2026-05-08,CHI
/nfl/rankings/dynasty-lb.php,dynasty-lb,dp,Drake Thomas,25905,LB,SEA,38.0,0.0,38,38,,drake-thomas.php,,,24.0,,,,,,,Drake Thomas,2026-05-08,SEA
/nfl/rankings/dynasty-lb.php,dynasty-lb,dp,Nakobe Dean,23702,LB,LV,39.0,0.0,39,39,,nakobe-dean.php,,,59.5,,,,,,,Nakobe Dean,2026-05-08,LVR
/nfl/rankings/dynasty-lb.php,dynasty-lb,dp,Germaine Pratt,18291,LB,FA,40.0,0.0,40,40,,germaine-pratt.php,,,21.3,,,,,,,Germaine Pratt,2026-05-08,FA
/nfl/rankings/dynasty-lb.php,dynasty-lb,dp,Byron Young,25449,DL,LAR,41.0,0.0,41,41,,byron-young-edge.php,,,62.4,,,,,,,Byron Young,2026-05-08,LAR
/nfl/rankings/dynasty-lb.php,dynasty-lb,dp,Danny Stutsman,27031,LB,NO,42.0,0.0,42,42,,danny-stutsman.php,,,8.8,,,,,,,Danny Stutsman,2026-05-08,NOS
/nfl/rankings/dynasty-lb.php,dynasty-lb,dp,Pete Werner,22809,LB,NO,43.0,0.0,43,43,,pete-werner.php,,,11.0,,,,,,,Pete Werner,2026-05-08,NOS
/nfl/rankings/dynasty-superflex.php,dynasty-op,dsf,Josh Allen,17298,QB,BUF,1.11,0.31,1,2,,josh-allen-qb.php,,,99.2,,,,,,,Josh Allen,2026-05-08,BUF
/nfl/rankings/dynasty-superflex.php,dynasty-op,dsf,Drake Maye,23046,QB,NE,2.89,2.02,1,10,,drake-maye.php,,,99.1,,,,,,,Drake Maye,2026-05-08,NEP
/nfl/rankings/dynasty-superflex.php,dynasty-op,dsf,Jayden Daniels,22902,QB,WAS,4.44,2.19,2,10,,jayden-daniels.php,,,87.1,,,,,1.0,,Jayden Daniels,2026-05-08,WAS
/nfl/rankings/dynasty-superflex.php,dynasty-op,dsf,Lamar Jackson,17233,QB,BAL,5.5,5.06,2,24,,lamar-jackson.php,,,98.5,,,,,-1.0,,Lamar Jackson,2026-05-08,BAL
/nfl/rankings/dynasty-superflex.php,dynasty-op,dsf,Ja'Marr Chase,19788,WR,CIN,6.72,1.99,3,9,,jamarr-chase.php,,,98.9,,,,,,,JaMarr Chase,2026-05-08,CIN
/nfl/rankings/dynasty-superflex.php,dynasty-op,dsf,Joe Burrow,19196,QB,CIN,8.5,5.78,3,22,,joe-burrow.php,,,85.2,,,,,,,Joe Burrow,2026-05-08,CIN
/nfl/rankings/dynasty-superflex.php,dynasty-op,dsf,Puka Nacua,23180,WR,LAR,9.22,2.39,6,18,,puka-nacua.php,,,99.1,,,,,-1.0,,Puka Nacua,2026-05-08,LAR
/nfl/rankings/dynasty-superflex.php,dynasty-op,dsf,Jaxon Smith-Njigba,23070,WR,SEA,10.5,3.66,5,18,,jaxon-smith-njigba.php,,,99.0,,,,,1.0,,Jaxon Smith-Njigba,2026-05-08,SEA
/nfl/rankings/dynasty-superflex.php,dynasty-op,dsf,Caleb Williams,23084,QB,CHI,11.0,8.49,5,36,,caleb-williams.php,,,83.1,,,,,,,Caleb Williams,2026-05-08,CHI
/nfl/rankings/dynasty-superflex.php,dynasty-op,dsf,Patrick Mahomes II,16413,QB,KC,11.0,5.65,5,24,,patrick-mahomes.php,,,82.7,,,,,,,Patrick Mahomes,2026-05-08,KCC
/nfl/rankings/dynasty-superflex.php,dynasty-op,dsf,Bijan Robinson,23133,RB,ATL,11.83,4.27,5,18,,bijan-robinson.php,,,98.7,,,,,,,Bijan Robinson,2026-05-08,ATL
/nfl/rankings/dynasty-superflex.php,dynasty-op,dsf,Justin Herbert,18635,QB,LAC,11.94,5.33,6,25,,justin-herbert.php,,,79.6,,,,,,,Justin Herbert,2026-05-08,LAC
/nfl/rankings/dynasty-superflex.php,dynasty-op,dsf,Jalen Hurts,19275,QB,PHI,13.11,5.57,6,28,,jalen-hurts.php,,,98.0,,,,,,,Jalen Hurts,2026-05-08,PHI
/nfl/rankings/dynasty-superflex.php,dynasty-op,dsf,Jahmyr Gibbs,22968,RB,DET,13.89,4.03,7,19,,jahmyr-gibbs.php,,,98.7,,,,,,,Jahmyr Gibbs,2026-05-08,DET
/nfl/rankings/dynasty-superflex.php,dynasty-op,dsf,Justin Jefferson,19236,WR,MIN,17.06,3.22,11,22,,justin-jefferson.php,,,87.5,,,,,1.0,,Justin Jefferson,2026-05-08,MIN
/nfl/rankings/dynasty-superflex.php,dynasty-op,dsf,CeeDee Lamb,19202,WR,DAL,17.61,3.25,12,22,,ceedee-lamb.php,,,98.6,,,,,-1.0,,CeeDee Lamb,2026-05-08,DAL
/nfl/rankings/dynasty-superflex.php,dynasty-op,dsf,Amon-Ra St. Brown,19799,WR,DET,18.89,4.67,11,27,,amonra-stbrown.php,,,98.9,,,,,,,Amon-Ra St Brown,2026-05-08,DET
/nfl/rankings/dynasty-superflex.php,dynasty-op,dsf,Trevor Lawrence,19780,QB,JAC,20.06,11.2,11,57,,trevor-lawrence.php,,,87.6,,,,,,,Trevor Lawrence,2026-05-08,JAC
/nfl/rankings/dynasty-superflex.php,dynasty-op,dsf,Brock Purdy,19797,QB,SF,21.0,8.45,14,42,,brock-purdy.php,,,82.8,,,,,,,Brock Purdy,2026-05-08,SFO
/nfl/rankings/dynasty-superflex.php,dynasty-op,dsf,Jaxson Dart,23160,QB,NYG,21.44,10.16,12,49,,jaxson-dart.php,,,84.4,,,,,,,Jaxson Dart,2026-05-08,NYG
/nfl/rankings/dynasty-superflex.php,dynasty-op,dsf,Ashton Jeanty,25989,RB,LV,21.61,5.47,12,35,,ashton-jeanty.php,,,87.7,,,,,,,Ashton Jeanty,2026-05-08,LVR
/nfl/rankings/dynasty-superflex.php,dynasty-op,dsf,Malik Nabers,25409,WR,NYG,21.83,4.59,14,30,,malik-nabers.php,,,98.5,,,,,,,Malik Nabers,2026-05-08,NYG
/nfl/rankings/dynasty-superflex.php,dynasty-op,dsf,Bo Nix,22910,QB,DEN,23.83,8.11,14,51,,bo-nix.php,,,70.7,,,,,,,Bo Nix,2026-05-08,DEN
/nfl/rankings/dynasty-superflex.php,dynasty-op,dsf,Drake London,23163,WR,ATL,25.11,4.27,16,31,,drake-london.php,,,98.3,,,,,,,Drake London,2026-05-08,ATL
/nfl/rankings/dynasty-superflex.php,dynasty-op,dsf,De'Von Achane,23136,RB,MIA,25.56,4.4,18,34,,devon-achane.php,,,98.6,,,,,,,DeVon Achane,2026-05-08,MIA
/nfl/rankings/dynasty-superflex.php,dynasty-op,dsf,Jeremiyah Love,25403,RB,ARI,27.17,6.59,16,42,,jeremiyah-love.php,,,83.2,,,,,,,Jeremiyah Love,2026-05-08,ARI
/nfl/rankings/dynasty-superflex.php,dynasty-op,dsf,Omarion Hampton,25395,RB,LAC,29.11,5.45,18,37,,omarion-hampton.php,,,87.2,,,,,-2.0,,Omarion Hampton,2026-05-08,LAC
/nfl/rankings/dynasty-superflex.php,dynasty-op,dsf,James Cook III,22958,RB,BUF,29.44,5.57,21,41,,james-cook.php,,,98.8,,,,,,,James Cook,2026-05-08,BUF
/nfl/rankings/dynasty-superflex.php,dynasty-op,dsf,Jordan Love,19246,QB,GB,29.94,9.04,17,50,,jordan-love.php,,,47.8,,,,,,,Jordan Love,2026-05-08,GBP
/nfl/rankings/dynasty-superflex.php,dynasty-op,dsf,Dak Prescott,15600,QB,DAL,31.44,12.58,13,56,,dak-prescott.php,,,82.4,,,,,,,Dak Prescott,2026-05-08,DAL
/nfl/rankings/dynasty-superflex.php,dynasty-op,dsf,Tetairoa McMillan,25417,WR,CAR,31.94,4.65,20,40,,tetairoa-mcmillan.php,,,87.0,,,,,,,Tetairoa McMillan,2026-05-08,CAR
/nfl/rankings/dynasty-superflex.php,dynasty-op,dsf,Nico Collins,20130,WR,HOU,32.06,3.54,27,40,,nico-collins.php,,,98.9,,,,,,,Nico Collins,2026-05-08,HOU
/nfl/rankings/dynasty-superflex.php,dynasty-op,dsf,Brock Bowers,22955,TE,LV,33.28,6.68,15,44,,brock-bowers.php,,,98.9,,,,,,,Brock Bowers,2026-05-08,LVR
/nfl/rankings/dynasty-superflex.php,dynasty-op,dsf,George Pickens,22963,WR,DAL,34.78,3.88,28,45,,george-pickens.php,,,98.4,,,,,,,George Pickens,2026-05-08,DAL
/nfl/rankings/dynasty-superflex.php,dynasty-op,dsf,Jonathan Taylor,19217,RB,IND,35.17,6.85,26,49,,jonathan-taylor.php,,,98.5,,,,,,,Jonathan Taylor,2026-05-08,IND
/nfl/rankings/dynasty-superflex.php,dynasty-op,dsf,Chris Olave,20111,WR,NO,38.17,3.53,33,47,,chris-olave.php,,,97.5,,,,,,,Chris Olave,2026-05-08,NOS
/nfl/rankings/dynasty-superflex.php,dynasty-op,dsf,Trey McBride,22936,TE,ARI,38.39,8.87,14,59,,trey-mcbride.php,,,98.4,,,,,,,Trey McBride,2026-05-08,ARI
/nfl/rankings/dynasty-superflex.php,dynasty-op,dsf,Emeka Egbuka,23062,WR,TB,38.39,6.88,27,55,,emeka-egbuka.php,,,79.4,,,,,,,Emeka Egbuka,2026-05-08,TBB
/nfl/rankings/dynasty-superflex.php,dynasty-op,dsf,Garrett Wilson,23072,WR,NYJ,40.78,3.87,33,47,,garrett-wilson.php,,,97.4,,,,,,,Garrett Wilson,2026-05-08,NYJ
/nfl/rankings/dynasty-superflex.php,dynasty-op,dsf,Baker Mayfield,17237,QB,TB,43.39,16.4,24,77,,baker-mayfield.php,,,54.2,,,,,,,Baker Mayfield,2026-05-08,TBB
/nfl/rankings/dynasty-superflex.php,dynasty-op,dsf,Rashee Rice,23113,WR,KC,43.67,13.1,30,80,,rashee-rice.php,,,98.3,,,,,,,Rashee Rice,2026-05-08,KCC
/nfl/rankings/dynasty-superflex.php,dynasty-op,dsf,Kenneth Walker III,23021,RB,KC,44.0,9.99,33,63,,kenneth-walker-rb.php,,,87.4,,,,,,,Kenneth Walker,2026-05-08,KCC
/nfl/rankings/dynasty-superflex.php,dynasty-op,dsf,Ladd McConkey,26122,WR,LAC,44.94,5.75,37,61,,ladd-mcconkey.php,,,85.9,,,,,,,Ladd McConkey,2026-05-08,LAC
/nfl/rankings/dynasty-superflex.php,dynasty-op,dsf,Carnell Tate,26009,WR,TEN,45.0,9.67,30,76,,carnell-tate.php,,,75.1,,,,,,,Carnell Tate,2026-05-08,TEN
/nfl/rankings/dynasty-superflex.php,dynasty-op,dsf,DeVonta Smith,19222,WR,PHI,49.22,6.96,40,63,,devonta-smith.php,,,86.7,,,,,,,DeVonta Smith,2026-05-08,PHI
/nfl/rankings/dynasty-superflex.php,dynasty-op,dsf,Chase Brown,25324,RB,CIN,51.89,7.91,38,63,,chase-brown.php,,,97.7,,,,,,,Chase Brown,2026-05-08,CIN
/nfl/rankings/dynasty-superflex.php,dynasty-op,dsf,Luther Burden III,27016,WR,CHI,52.33,12.24,42,82,,luther-burden-iii.php,,,83.5,,,,,,,Luther Burden,2026-05-08,CHI
/nfl/rankings/dynasty-superflex.php,dynasty-op,dsf,Tee Higgins,19211,WR,CIN,52.78,7.31,41,68,,tee-higgins.php,,,97.0,,,,,,,Tee Higgins,2026-05-08,CIN
/nfl/rankings/dynasty-superflex.php,dynasty-op,dsf,Colston Loveland,26006,TE,CHI,53.06,8.19,31,70,,colston-loveland.php,,,87.3,,,,,,,Colston Loveland,2026-05-08,CHI
/nfl/rankings/dynasty-superflex.php,dynasty-op,dsf,C.J. Stroud,23071,QB,HOU,53.78,18.04,25,97,,cj-stroud.php,,,43.0,,,,,,,CJ Stroud,2026-05-08,HOU
/nfl/rankings/dynasty-superflex.php,dynasty-op,dsf,A.J. Brown,18218,WR,PHI,53.94,11.39,36,77,,aj-brown.php,,,98.3,,,,,3.0,,AJ Brown,2026-05-08,PHI
/nfl/rankings/dynasty-superflex.php,dynasty-op,dsf,Zay Flowers,22916,WR,BAL,54.17,9.58,41,77,,zay-flowers.php,,,97.6,,,,,-3.0,,Zay Flowers,2026-05-08,BAL
/nfl/rankings/dynasty-superflex.php,dynasty-op,dsf,Jordyn Tyson,26035,WR,NO,55.44,12.66,39,89,,jordyn-tyson.php,,,65.3,,,,,,,Jordyn Tyson,2026-05-08,NOS
/nfl/rankings/dynasty-superflex.php,dynasty-op,dsf,Breece Hall,22982,RB,NYJ,56.33,9.96,36,78,,breece-hall.php,,,91.4,,,,,,,Breece Hall,2026-05-08,NYJ
/nfl/rankings/dynasty-superflex.php,dynasty-op,dsf,Rome Odunze,25411,WR,CHI,58.0,10.5,45,84,,rome-odunze.php,,,77.7,,,,,,,Rome Odunze,2026-05-08,CHI
/nfl/rankings/dynasty-superflex.php,dynasty-op,dsf,Jared Goff,15501,QB,DET,58.11,13.75,40,86,,jared-goff.php,,,55.0,,,,,,,Jared Goff,2026-05-08,DET
/nfl/rankings/dynasty-superflex.php,dynasty-op,dsf,Jaylen Waddle,19790,WR,DEN,58.11,7.87,46,80,,jaylen-waddle.php,,,86.0,,,,,,,Jaylen Waddle,2026-05-08,DEN
/nfl/rankings/dynasty-superflex.php,dynasty-op,dsf,Christian McCaffrey,16393,RB,SF,58.61,11.78,33,77,,christian-mccaffrey.php,,,99.0,,,,,,,Christian McCaffrey,2026-05-08,SFO
/nfl/rankings/dynasty-superflex.php,dynasty-op,dsf,Tyler Warren,26434,TE,IND,58.78,4.86,47,71,,tyler-warren.php,,,87.1,,,,,,,Tyler Warren,2026-05-08,IND
/nfl/rankings/dynasty-superflex.php,dynasty-op,dsf,Makai Lemon,25420,WR,PHI,60.33,16.69,37,96,,makai-lemon.php,,,69.4,,,,,,,Makai Lemon,2026-05-08,PHI
/nfl/rankings/dynasty-superflex.php,dynasty-op,dsf,Cam Ward,24755,QB,TEN,62.94,10.97,51,86,,cam-ward.php,,,36.3,,,,,,,Cam Ward,2026-05-08,TEN
/nfl/rankings/dynasty-superflex.php,dynasty-op,dsf,Fernando Mendoza,28013,QB,LV,63.22,23.65,24,129,,fernando-mendoza.php,,,51.0,,,,,,,Fernando Mendoza,2026-05-08,LVR
/nfl/rankings/dynasty-superflex.php,dynasty-op,dsf,Saquon Barkley,17240,RB,PHI,63.22,10.96,32,78,,saquon-barkley.php,,,98.8,,,,,,,Saquon Barkley,2026-05-08,PHI
/nfl/rankings/dynasty-superflex.php,dynasty-op,dsf,Marvin Harrison Jr.,23064,WR,ARI,65.0,14.56,40,105,,marvin-harrison-jr.php,,,71.2,,,,,,,Marvin Harrison,2026-05-08,ARI
/nfl/rankings/dynasty-superflex.php,dynasty-op,dsf,Tucker Kraft,25298,TE,GB,66.28,5.41,57,79,,tucker-kraft.php,,,91.5,,,,,,,Tucker Kraft,2026-05-08,GBP
/nfl/rankings/dynasty-superflex.php,dynasty-op,dsf,Harold Fannin Jr.,27050,TE,CLE,66.5,5.21,60,80,,harold-fannin-jr.php,,,83.9,,,,,,,Harold Fannin,2026-05-08,CLE
/nfl/rankings/dynasty-superflex.php,dynasty-op,dsf,TreVeyon Henderson,23065,RB,NE,66.94,8.39,52,78,,treveyon-henderson.php,,,78.7,,,,,,,TreVeyon Henderson,2026-05-08,NEP
/nfl/rankings/dynasty-superflex.php,dynasty-op,dsf,Bucky Irving,25981,RB,TB,67.56,4.19,61,74,,bucky-irving.php,,,97.1,,,,,,,Bucky Irving,2026-05-08,TBB
/nfl/rankings/dynasty-superflex.php,dynasty-op,dsf,Kyler Murray,18600,QB,MIN,68.72,19.07,25,103,,kyler-murray.php,,,67.6,,,,,,,Kyler Murray,2026-05-08,MIN
/nfl/rankings/dynasty-superflex.php,dynasty-op,dsf,Quinshon Judkins,25391,RB,CLE,69.56,10.63,47,88,,quinshon-judkins.php,,,79.1,,,,,,,Quinshon Judkins,2026-05-08,CLE
/nfl/rankings/dynasty-superflex.php,dynasty-op,dsf,Brian Thomas Jr.,23000,WR,JAC,69.72,12.82,49,91,,brian-thomas-jr.php,,,70.4,,,,,,,Brian Thomas,2026-05-08,JAC
/nfl/rankings/dynasty-superflex.php,dynasty-op,dsf,Jameson Williams,23677,WR,DET,69.83,7.33,56,82,,jameson-williams.php,,,89.8,,,,,,,Jameson Williams,2026-05-08,DET
/nfl/rankings/dynasty-superflex.php,dynasty-op,dsf,Sam LaPorta,22978,TE,DET,70.89,6.05,55,81,,sam-laporta.php,,,94.6,,,,,,,Sam LaPorta,2026-05-08,DET
/nfl/rankings/dynasty-superflex.php,dynasty-op,dsf,Tyler Shough,23096,QB,NO,71.5,15.0,39,90,,tyler-shough.php,,,58.8,,,,,,,Tyler Shough,2026-05-08,NOS
/nfl/rankings/dynasty-superflex.php,dynasty-op,dsf,Sam Darnold,17236,QB,SEA,72.78,11.32,52,94,,sam-darnold.php,,,45.6,,,,,,,Sam Darnold,2026-05-08,SEA
/nfl/rankings/dynasty-superflex.php,dynasty-op,dsf,Josh Jacobs,18269,RB,GB,75.22,10.77,42,91,,josh-jacobs.php,,,98.3,,,,,,,Josh Jacobs,2026-05-08,GBP
/nfl/rankings/dynasty-superflex.php,dynasty-op,dsf,Kyle Pitts Sr.,20164,TE,ATL,75.22,7.0,65,95,,kyle-pitts.php,,,96.0,,,,,,,Kyle Pitts,2026-05-08,ATL
/nfl/rankings/dynasty-superflex.php,dynasty-op,dsf,Travis Etienne Jr.,19231,RB,NO,75.78,8.13,61,96,,travis-etienne.php,,,97.1,,,,,,,Travis Etienne,2026-05-08,NOS
/nfl/rankings/dynasty-superflex.php,dynasty-op,dsf,Kyren Williams,23059,RB,LAR,76.78,12.3,48,99,,kyren-williams.php,,,97.8,,,,,,,Kyren Williams,2026-05-08,LAR
/nfl/rankings/dynasty-superflex.php,dynasty-op,dsf,KC Concepcion,27331,WR,CLE,78.4,13.78,55,102,,kevin-concepcion.php,,,56.0,,,,,,,KC Concepcion,2026-05-08,CLE
/nfl/rankings/dynasty-superflex.php,dynasty-op,dsf,Malik Willis,23499,QB,MIA,79.22,14.68,52,111,,malik-willis.php,,,43.9,,,,,,,Malik Willis,2026-05-08,MIA
/nfl/rankings/dynasty-superflex.php,dynasty-op,dsf,Javonte Williams,22739,RB,DAL,81.11,13.56,54,101,,javonte-williams.php,,,97.1,,,,,,,Javonte Williams,2026-05-08,DAL
/nfl/rankings/dynasty-superflex.php,dynasty-op,dsf,Bryce Young,22900,QB,CAR,84.56,11.98,56,96,,bryce-young.php,,,41.4,,,,,,,Bryce Young,2026-05-08,CAR
/nfl/rankings/dynasty-superflex.php,dynasty-op,dsf,Cam Skattebo,27166,RB,NYG,84.83,11.9,66,111,,cam-skattebo.php,,,97.2,,,,,,,Cam Skattebo,2026-05-08,NYG
/nfl/rankings/dynasty-superflex.php,dynasty-op,dsf,DJ Moore,17265,WR,BUF,89.06,10.85,70,106,,dj-moore-wr.php,,,78.4,,,,,,,DJ Moore,2026-05-08,BUF
/nfl/rankings/dynasty-superflex.php,dynasty-op,dsf,Jordan Addison,23107,WR,MIN,89.11,7.57,77,101,,jordan-addison.php,,,68.5,,,,,,,Jordan Addison,2026-05-08,MIN
/nfl/rankings/dynasty-superflex.php,dynasty-op,dsf,Alec Pierce,23791,WR,IND,89.94,16.96,62,129,,alec-pierce.php,,,70.1,,,,,,,Alec Pierce,2026-05-08,IND
/nfl/rankings/dynasty-superflex.php,dynasty-op,dsf,Christian Watson,23886,WR,GB,90.0,16.75,62,132,,christian-watson.php,,,69.9,,,,,,,Christian Watson,2026-05-08,GBP
/nfl/rankings/dynasty-superflex.php,dynasty-op,dsf,Jadarian Price,27329,RB,SEA,90.45,8.35,73,106,,jadarian-price.php,,,66.4,,,,,,,Jadarian Price,2026-05-08,SEA
/nfl/rankings/dynasty-superflex.php,dynasty-op,dsf,Daniel Jones,18232,QB,IND,90.94,7.19,71,105,,daniel-jones.php,,,50.4,,,,,,,Daniel Jones,2026-05-08,IND
/nfl/rankings/dynasty-superflex.php,dynasty-op,dsf,DK Metcalf,18219,WR,PIT,91.11,10.93,57,108,,dk-metcalf.php,,,72.6,,,,,,,DK Metcalf,2026-05-08,PIT
/nfl/rankings/dynasty-superflex.php,dynasty-op,dsf,Terry McLaurin,18466,WR,WAS,91.44,11.78,76,122,,terry-mclaurin.php,,,84.7,,,,,,,Terry McLaurin,2026-05-08,WAS
/nfl/rankings/dynasty-superflex.php,dynasty-op,dsf,Kenyon Sadiq,26055,TE,NYJ,94.06,17.96,73,140,,kenyon-sadiq.php,,,56.2,,,,,,,Kenyon Sadiq,2026-05-08,NYJ
/nfl/rankings/dynasty-superflex.php,dynasty-op,dsf,Derrick Henry,15514,RB,BAL,94.72,12.48,71,116,,derrick-henry.php,,,97.9,,,,,,,Derrick Henry,2026-05-08,BAL
/nfl/rankings/dynasty-superflex.php,dynasty-op,dsf,Oronde Gadsden II,25997,TE,LAC,94.78,14.92,79,127,,oronde-gadsden-ii.php,,,52.7,,,,,,,Oronde Gadsden,2026-05-08,LAC
/nfl/rankings/dynasty-superflex.php,dynasty-op,dsf,Michael Wilson,25333,WR,ARI,104.44,7.3,91,119,,michael-wilson.php,,,69.4,,,,,,,Michael Wilson,2026-05-08,ARI
/nfl/rankings/dynasty-superflex.php,dynasty-op,dsf,Ricky Pearsall,26214,WR,SF,104.61,10.96,85,121,,ricky-pearsall.php,,,67.9,,,,,,,Ricky Pearsall,2026-05-08,SFO
/nfl/rankings/dynasty-superflex.php,dynasty-op,dsf,RJ Harvey,27142,RB,DEN,105.33,14.45,66,130,,rj-harvey.php,,,69.9,,,,,,,RJ Harvey,2026-05-08,DEN
/nfl/rankings/dynasty-superflex.php,dynasty-op,dsf,Bhayshul Tuten,27297,RB,JAC,106.44,19.39,79,172,,bhayshul-tuten.php,,,70.5,,,,,,,Bhayshul Tuten,2026-05-08,JAC
/nfl/rankings/dynasty-superflex.php,dynasty-op,dsf,Courtland Sutton,17253,WR,DEN,106.94,13.75,84,131,,courtland-sutton.php,,,78.0,,,,,,,Courtland Sutton,2026-05-08,DEN
/nfl/rankings/dynasty-superflex.php,dynasty-op,dsf,Eli Stowers,23144,TE,PHI,107.22,20.13,81,151,,eli-stowers.php,,,34.3,,,,,,,Eli Stowers,2026-05-08,PHI
/nfl/rankings/dynasty-superflex.php,dynasty-op,dsf,Xavier Worthy,23019,WR,KC,108.06,16.08,82,149,,xavier-worthy.php,,,66.7,,,,,,,Xavier Worthy,2026-05-08,KCC
/nfl/rankings/dynasty-superflex.php,dynasty-op,dsf,Jake Ferguson,22718,TE,DAL,108.78,14.32,81,135,,jake-ferguson.php,,,69.6,,,,,,,Jake Ferguson,2026-05-08,DAL
/nfl/rankings/dynasty-superflex.php,dynasty-op,dsf,Matthew Stafford,9451,QB,LAR,92.76,8.71,76,113,,matthew-stafford.php,,,83.5,,,,,,,Matthew Stafford,2026-05-08,LAR
/nfl/rankings/dynasty-superflex.php,dynasty-op,dsf,Mike Evans,12119,WR,SF,109.72,6.75,97,122,,mike-evans.php,,,71.8,,,,,,,Mike Evans,2026-05-08,SFO
/nfl/rankings/dynasty-superflex.php,dynasty-op,dsf,Davante Adams,12123,WR,LAR,110.06,16.94,80,154,,davante-adams.php,,,97.6,,,,,,,Davante Adams,2026-05-08,LAR
/nfl/rankings/dynasty-superflex.php,dynasty-op,dsf,Jakobi Meyers,18598,WR,JAC,110.28,20.29,80,139,,jakobi-meyers.php,,,69.8,,,,,,,Jakobi Meyers,2026-05-08,JAC
/nfl/rankings/dynasty-superflex.php,dynasty-op,dsf,Dalton Kincaid,25247,TE,BUF,111.89,21.1,83,161,,dalton-kincaid.php,,,52.8,,,,,-2.0,,Dalton Kincaid,2026-05-08,BUF
/nfl/rankings/dynasty-superflex.php,dynasty-op,dsf,D'Andre Swift,19210,RB,CHI,111.94,12.7,92,141,,dandre-swift.php,,,88.4,,,,,,,DAndre Swift,2026-05-08,CHI
/nfl/rankings/dynasty-superflex.php,dynasty-op,dsf,Wan'Dale Robinson,22985,WR,TEN,113.28,11.28,89,138,,wandale-robinson.php,,,68.9,,,,,,,WanDale Robinson,2026-05-08,TEN
/nfl/rankings/dynasty-superflex.php,dynasty-op,dsf,Jayden Higgins,27077,WR,HOU,114.06,13.26,87,138,,jayden-higgins.php,,,45.0,,,,,,,Jayden Higgins,2026-05-08,HOU
/nfl/rankings/dynasty-superflex.php,dynasty-op,dsf,Michael Pittman Jr.,19278,WR,PIT,114.06,9.37,91,138,,michael-pittman.php,,,71.3,,,,,,,Michael Pittman,2026-05-08,PIT
/nfl/rankings/dynasty-superflex.php,dynasty-op,dsf,Isaiah Likely,23781,TE,NYG,114.11,23.47,86,184,,isaiah-likely.php,,,70.1,,,,,,,Isaiah Likely,2026-05-08,NYG
/nfl/rankings/dynasty-superflex.php,dynasty-op,dsf,Omar Cooper Jr.,28127,WR,NYJ,114.56,25.26,71,175,,omar-cooper-jr.php,,,34.8,,,,,,,Omar Cooper,2026-05-08,NYJ
/nfl/rankings/dynasty-superflex.php,dynasty-op,dsf,Ty Simpson,25368,QB,LAR,115.6,27.03,87,194,,ty-simpson.php,,,30.3,,,,,,,Ty Simpson,2026-05-08,LAR
/nfl/rankings/dynasty-superflex.php,dynasty-op,dsf,Josh Downs,24706,WR,IND,116.72,13.61,96,152,,josh-downs.php,,,64.7,,,,,,,Josh Downs,2026-05-08,IND
/nfl/rankings/dynasty-superflex.php,dynasty-op,dsf,Denzel Boston,27339,WR,CLE,121.5,24.63,76,175,,denzel-boston.php,,,41.5,,,,,,,Denzel Boston,2026-05-08,CLE
/nfl/rankings/dynasty-superflex.php,dynasty-op,dsf,David Montgomery,18239,RB,HOU,122.22,19.73,82,166,,david-montgomery.php,,,77.0,,,,,,,David Montgomery,2026-05-08,HOU
/nfl/rankings/dynasty-superflex.php,dynasty-op,dsf,Jayden Reed,23020,WR,GB,123.17,13.81,96,155,,jayden-reed.php,,,63.2,,,,,,,Jayden Reed,2026-05-08,GBP
/nfl/rankings/dynasty-superflex.php,dynasty-op,dsf,George Kittle,16499,TE,SF,124.28,23.86,89,193,,george-kittle.php,,,82.3,,,,,,,George Kittle,2026-05-08,SFO
/nfl/rankings/dynasty-superflex.php,dynasty-op,dsf,Kyle Monangai,27131,RB,CHI,124.67,17.29,102,185,,kyle-monangai.php,,,68.6,,,,,,,Kyle Monangai,2026-05-08,CHI
/nfl/rankings/dynasty-superflex.php,dynasty-op,dsf,Matthew Golden,26024,WR,GB,124.72,8.22,105,139,,matthew-golden.php,,,65.9,,,,,,,Matthew Golden,2026-05-08,GBP
/nfl/rankings/dynasty-superflex.php,dynasty-op,dsf,Quentin Johnston,23123,WR,LAC,125.89,12.27,110,154,,quentin-johnston.php,,,72.5,,,,,,,Quentin Johnston,2026-05-08,LAC
/nfl/rankings/dynasty-superflex.php,dynasty-op,dsf,Brenton Strange,25345,TE,JAC,126.22,16.09,88,158,,brenton-strange.php,,,42.6,,,,,,,Brenton Strange,2026-05-08,JAC
/nfl/rankings/dynasty-superflex.php,dynasty-op,dsf,Zach Charbonnet,23152,RB,SEA,126.5,19.55,90,156,,zach-charbonnet.php,,,65.3,,,,,,,Zach Charbonnet,2026-05-08,SEA
/nfl/rankings/dynasty-superflex.php,dynasty-op,dsf,Parker Washington,23106,WR,JAC,126.67,28.36,100,234,,parker-washington.php,,,69.0,,,,,,,Parker Washington,2026-05-08,JAC
/nfl/rankings/dynasty-superflex.php,dynasty-op,dsf,Jaylen Warren,24209,RB,PIT,127.78,13.69,104,158,,jaylen-warren.php,,,69.5,,,,,,,Jaylen Warren,2026-05-08,PIT
/nfl/rankings/dynasty-superflex.php,dynasty-op,dsf,Chris Godwin Jr.,16406,WR,TB,127.89,12.33,100,148,,chris-godwin.php,,,69.5,,,,,,,Chris Godwin,2026-05-08,TBB
/nfl/rankings/dynasty-superflex.php,dynasty-op,dsf,Khalil Shakir,23748,WR,BUF,128.28,9.61,110,149,,khalil-shakir.php,,,66.8,,,,,,,Khalil Shakir,2026-05-08,BUF
/nfl/rankings/dynasty-superflex.php,dynasty-op,dsf,Travis Hunter,26034,WR,JAC,134.22,24.36,83,175,,travis-hunter.php,,,58.0,,,,,,,Travis Hunter,2026-05-08,JAC
/nfl/rankings/dynasty-superflex.php,dynasty-op,dsf,J.J. McCarthy,23018,QB,MIN,124.35,18.77,95,157,,jj-mccarthy.php,,,29.8,,,,,,,JJ McCarthy,2026-05-08,MIN
/nfl/rankings/dynasty-superflex.php,dynasty-op,dsf,Romeo Doubs,23794,WR,NE,139.78,21.43,106,178,,romeo-doubs.php,,,67.5,,,,,,,Romeo Doubs,2026-05-08,NEP
/nfl/rankings/dynasty-superflex.php,dynasty-op,dsf,Chuba Hubbard,19792,RB,CAR,142.11,20.75,100,192,,chuba-hubbard.php,,,77.3,,,,,,,Chuba Hubbard,2026-05-08,CAR
/nfl/rankings/dynasty-superflex.php,dynasty-op,dsf,Michael Penix Jr.,22973,QB,ATL,128.0,19.4,97,168,,michael-penix-jr.php,,,31.8,,,,,,,Michael Penix,2026-05-08,ATL
/nfl/rankings/dynasty-superflex.php,dynasty-op,dsf,Rhamondre Stevenson,22726,RB,NE,143.17,14.12,110,168,,rhamondre-stevenson.php,,,69.8,,,,,,,Rhamondre Stevenson,2026-05-08,NEP
/nfl/rankings/dynasty-superflex.php,dynasty-op,dsf,Brandon Aiyuk,19252,WR,SF,145.94,35.02,110,246,,brandon-aiyuk.php,,,43.7,,,,,,,Brandon Aiyuk,2026-05-08,SFO
/nfl/rankings/dynasty-superflex.php,dynasty-op,dsf,Mark Andrews,17269,TE,BAL,147.44,21.89,120,200,,mark-andrews.php,,,67.5,,,,,,,Mark Andrews,2026-05-08,BAL
/nfl/rankings/dynasty-superflex.php,dynasty-op,dsf,Rico Dowdle,19647,RB,PIT,147.61,16.57,123,198,,rico-dowdle.php,,,69.5,,,,,,,Rico Dowdle,2026-05-08,PIT
/nfl/rankings/dynasty-superflex.php,dynasty-op,dsf,Jalen Coker,26403,WR,CAR,148.56,16.88,129,186,,jalen-coker.php,,,55.2,,,,,,,Jalen Coker,2026-05-08,CAR
/nfl/rankings/dynasty-superflex.php,dynasty-op,dsf,Blake Corum,23013,RB,LAR,148.94,22.27,115,196,,blake-corum.php,,,65.6,,,,,,,Blake Corum,2026-05-08,LAR
/nfl/rankings/dynasty-superflex.php,dynasty-op,dsf,Tony Pollard,18705,RB,TEN,149.78,20.26,112,180,,tony-pollard.php,,,69.8,,,,,,,Tony Pollard,2026-05-08,TEN
/nfl/rankings/dynasty-superflex.php,dynasty-op,dsf,Dallas Goedert,17270,TE,PHI,151.11,25.07,124,211,,dallas-goedert.php,,,87.5,,,,,,,Dallas Goedert,2026-05-08,PHI
/nfl/rankings/dynasty-superflex.php,dynasty-op,dsf,Chris Bell,26038,WR,MIA,151.47,23.53,112,206,,chris-bell.php,,,29.4,,,,,,,Chris Bell,2026-05-08,MIA
/nfl/rankings/dynasty-superflex.php,dynasty-op,dsf,Rashid Shaheed,24687,WR,SEA,155.06,13.07,141,185,,rashid-shaheed.php,,,49.6,,,,,,,Rashid Shaheed,2026-05-08,SEA
/nfl/rankings/dynasty-superflex.php,dynasty-op,dsf,Jalen McMillan,23179,WR,TB,157.17,24.38,112,208,,jalen-mcmillan.php,,,45.1,,,,,,,Jalen McMillan,2026-05-08,TBB
/nfl/rankings/dynasty-superflex.php,dynasty-op,dsf,Antonio Williams,25418,WR,WAS,157.71,29.51,120,225,,antonio-williams-wr.php,,,25.6,,,,,,,Antonio Williams,2026-05-08,WAS
/nfl/rankings/dynasty-superflex.php,dynasty-op,dsf,Chig Okonkwo,23982,TE,WAS,158.61,19.35,132,200,,chigoziem-okonkwo.php,,,34.4,,,,,,,Chigoziem Okonkwo,2026-05-08,WAS
/nfl/rankings/dynasty-superflex.php,dynasty-op,dsf,Jonah Coleman,27320,RB,DEN,158.83,23.16,113,219,,jonah-coleman.php,,,39.6,,,,,,,Jonah Coleman,2026-05-08,DEN
/nfl/rankings/dynasty-superflex.php,dynasty-op,dsf,Kenneth Gainwell,23310,RB,TB,163.83,12.25,145,190,,kenneth-gainwell.php,,,67.8,,,,,,,Kenneth Gainwell,2026-05-08,TBB
/nfl/rankings/dynasty-superflex.php,dynasty-op,dsf,AJ Barner,26335,TE,SEA,164.39,30.41,127,238,,aj-barner.php,,,36.2,,,,,,,AJ Barner,2026-05-08,SEA
/nfl/rankings/dynasty-superflex.php,dynasty-op,dsf,Jacory Croskey-Merritt,27316,RB,WAS,164.5,14.47,141,202,,jacory-croskeymerritt.php,,,54.2,,,,,,,Jacory Croskey-Merritt,2026-05-08,WAS
/nfl/rankings/dynasty-superflex.php,dynasty-op,dsf,Jerry Jeudy,19201,WR,CLE,164.89,25.2,131,243,,jerry-jeudy.php,,,56.4,,,,,,,Jerry Jeudy,2026-05-08,CLE
/nfl/rankings/dynasty-superflex.php,dynasty-op,dsf,Jaylin Noel,27122,WR,HOU,165.67,35.43,135,295,,jaylin-noel.php,,,27.7,,,,,,,Jaylin Noel,2026-05-08,HOU
/nfl/rankings/dynasty-superflex.php,dynasty-op,dsf,Germie Bernard,26039,WR,PIT,166.53,18.31,123,199,,germie-bernard.php,,,32.3,,,,,,,Germie Bernard,2026-05-08,PIT
/nfl/rankings/dynasty-superflex.php,dynasty-op,dsf,Jauan Jennings,19590,WR,MIN,153.65,21.71,128,209,,jauan-jennings.php,,,44.8,,,,,-8.0,,Jauan Jennings,2026-05-08,MIN
/nfl/rankings/dynasty-superflex.php,dynasty-op,dsf,Tyrone Tracy Jr.,22980,RB,NYG,168.67,16.18,136,201,,tyrone-tracy-jr.php,,,41.9,,,,,,,Tyrone Tracy,2026-05-08,NYG
/nfl/rankings/dynasty-superflex.php,dynasty-op,dsf,Terrance Ferguson,23091,TE,LAR,168.94,27.28,131,260,,terrance-ferguson.php,,,31.6,,,,,,,Terrance Ferguson,2026-05-08,LAR
/nfl/rankings/dynasty-superflex.php,dynasty-op,dsf,Ted Hurst,28130,WR,TB,170.46,24.63,143,229,,ted-hurst.php,,,18.5,,,,,,,Ted Hurst,2026-05-08,TBB
/nfl/rankings/dynasty-superflex.php,dynasty-op,dsf,Tyler Allgeier,24172,RB,ARI,170.83,12.82,153,196,,tyler-allgeier.php,,,50.4,,,,,,,Tyler Allgeier,2026-05-08,ARI
/nfl/rankings/dynasty-superflex.php,dynasty-op,dsf,Woody Marks,27520,RB,HOU,171.5,21.61,113,213,,woody-marks.php,,,62.7,,,,,,,Woody Marks,2026-05-08,HOU
/nfl/rankings/dynasty-superflex.php,dynasty-op,dsf,Juwan Johnson,19562,TE,NO,171.78,19.85,134,215,,juwan-johnson.php,,,48.7,,,,,,,Juwan Johnson,2026-05-08,NOS
/nfl/rankings/dynasty-superflex.php,dynasty-op,dsf,J.K. Dobbins,19245,RB,DEN,173.06,21.44,145,224,,jk-dobbins.php,,,68.9,,,,,,,JK Dobbins,2026-05-08,DEN
/nfl/rankings/dynasty-superflex.php,dynasty-op,dsf,De'Zhaun Stribling,28138,WR,SF,173.53,23.69,128,237,,dezhaun-stribling.php,,,11.2,,,,,,,DeZhaun Stribling,2026-05-08,SFO
/nfl/rankings/dynasty-superflex.php,dynasty-op,dsf,Tre Harris,26215,WR,LAC,175.06,32.28,131,256,,tre-harris.php,,,31.6,,,,,,,Tre Harris,2026-05-08,LAC
/nfl/rankings/dynasty-superflex.php,dynasty-op,dsf,Troy Franklin,23092,WR,DEN,175.78,24.56,144,222,,troy-franklin.php,,,30.7,,,,,,,Troy Franklin,2026-05-08,DEN
/nfl/rankings/dynasty-superflex.php,dynasty-op,dsf,Stefon Diggs,13981,WR,FA,164.76,24.07,136,215,,stefon-diggs.php,,,48.5,,,,,-11.0,,Stefon Diggs,2026-05-08,FA
/nfl/rankings/dynasty-superflex.php,dynasty-op,dsf,Jordan Mason,22969,RB,MIN,178.11,14.96,151,210,,jordan-mason.php,,,48.8,,,,,,,Jordan Mason,2026-05-08,MIN
/nfl/rankings/dynasty-superflex.php,dynasty-op,dsf,Travis Kelce,11594,TE,KC,178.72,18.47,135,209,,travis-kelce.php,,,82.1,,,,,,,Travis Kelce,2026-05-08,KCC
/nfl/rankings/dynasty-superflex.php,dynasty-op,dsf,Pat Bryant,27211,WR,DEN,178.94,30.43,141,274,,pat-bryant.php,,,30.3,,,,,,,Pat Bryant,2026-05-08,DEN
/nfl/rankings/dynasty-superflex.php,dynasty-op,dsf,T.J. Hockenson,18290,TE,MIN,179.61,24.12,133,225,,tj-hockenson.php,,,59.0,,,,,,,TJ Hockenson,2026-05-08,MIN
/nfl/rankings/dynasty-superflex.php,dynasty-op,dsf,Deebo Samuel Sr.,18244,WR,FA,182.78,27.31,140,253,,deebo-samuel.php,,,44.1,,,,,,,Deebo Samuel,2026-05-08,FA
/nfl/rankings/dynasty-superflex.php,dynasty-op,dsf,Shedeur Sanders,25968,QB,CLE,142.2,17.33,106,183,,shedeur-sanders.php,,,32.8,,,,,,,Shedeur Sanders,2026-05-08,CLE
/nfl/rankings/dynasty-superflex.php,dynasty-op,dsf,Kayshon Boutte,22989,WR,NE,183.56,24.42,154,237,,kayshon-boutte.php,,,39.8,,,,,,,Kayshon Boutte,2026-05-08,NEP
/nfl/rankings/dynasty-superflex.php,dynasty-op,dsf,Hunter Henry,15561,TE,NE,183.67,26.34,126,251,,hunter-henry.php,,,50.1,,,,,,,Hunter Henry,2026-05-08,NEP
/nfl/rankings/dynasty-superflex.php,dynasty-op,dsf,Tua Tagovailoa,19198,QB,ATL,145.27,18.82,99,182,,tua-tagovailoa.php,,,32.9,,,,,,,Tua Tagovailoa,2026-05-08,ATL
/nfl/rankings/dynasty-superflex.php,dynasty-op,dsf,Chris Brazzell II,28047,WR,CAR,186.38,22.28,153,232,,chris-brazzell-ii.php,,,25.0,,,,,,,Chris Brazzell,2026-05-08,CAR
/nfl/rankings/dynasty-superflex.php,dynasty-op,dsf,Jonathon Brooks,26148,RB,CAR,187.39,41.37,120,274,,jonathon-brooks.php,,,48.7,,,,,,,Jonathon Brooks,2026-05-08,CAR
/nfl/rankings/dynasty-superflex.php,dynasty-op,dsf,Dalton Schultz,17349,TE,HOU,187.83,26.54,151,237,,dalton-schultz.php,,,35.7,,,,,,,Dalton Schultz,2026-05-08,HOU
/nfl/rankings/dynasty-superflex.php,dynasty-op,dsf,Rachaad White,23891,RB,WAS,189.72,22.98,144,251,,rachaad-white.php,,,65.8,,,,,,,Rachaad White,2026-05-08,WAS
/nfl/rankings/dynasty-superflex.php,dynasty-op,dsf,Elijah Sarratt,27463,WR,BAL,189.8,29.96,128,257,,elijah-sarratt.php,,,26.3,,,,,,,Elijah Sarratt,2026-05-08,BAL
/nfl/rankings/dynasty-superflex.php,dynasty-op,dsf,Nick Singleton,24343,RB,TEN,191.41,28.14,149,269,,nick-singleton.php,,,31.8,,,,,,,Nick Singleton,2026-05-08,TEN
/nfl/rankings/dynasty-superflex.php,dynasty-op,dsf,Isaac TeSlaa,27446,WR,DET,192.17,31.07,164,298,,isaac-teslaa.php,,,31.4,,,,,,,Isaac TeSlaa,2026-05-08,DET
/nfl/rankings/dynasty-superflex.php,dynasty-op,dsf,Dylan Sampson,27102,RB,CLE,192.78,14.62,169,227,,dylan-sampson.php,,,39.2,,,,,,,Dylan Sampson,2026-05-08,CLE
/nfl/rankings/dynasty-superflex.php,dynasty-op,dsf,Tyjae Spears,25323,RB,TEN,193.28,23.63,143,235,,tyjae-spears.php,,,56.7,,,,,,,Tyjae Spears,2026-05-08,TEN
/nfl/rankings/dynasty-superflex.php,dynasty-op,dsf,Emmett Johnson,28107,RB,KC,193.47,28.67,144,264,,emmett-johnson.php,,,33.1,,,,,-5.0,,Emmett Johnson,2026-05-08,KCC
/nfl/rankings/dynasty-superflex.php,dynasty-op,dsf,Skyler Bell,28126,WR,BUF,197.79,21.81,154,238,,skyler-bell.php,,,21.8,,,,,,,Skyler Bell,2026-05-08,BUF
/nfl/rankings/dynasty-superflex.php,dynasty-op,dsf,Mason Taylor,26005,TE,NYJ,198.78,34.77,154,297,,mason-taylor.php,,,39.9,,,,,,,Mason Taylor,2026-05-08,NYJ
/nfl/rankings/dynasty-superflex.php,dynasty-op,dsf,Oscar Delp,25430,TE,NO,199.14,36.59,131,264,,oscar-delp.php,,,10.4,,,,,,,Oscar Delp,2026-05-08,NOS
/nfl/rankings/dynasty-superflex.php,dynasty-op,dsf,Aaron Jones Sr.,16673,RB,MIN,199.72,19.12,163,241,,aaron-jones.php,,,68.1,,,,,,,Aaron Jones,2026-05-08,MIN
/nfl/rankings/dynasty-superflex.php,dynasty-op,dsf,Kyle Williams,27487,WR,NE,200.11,31.33,151,299,,kyle-williams-wr-2025.php,,,27.8,,,,,,,Kyle Williams,2026-05-08,NEP
/nfl/rankings/dynasty-superflex.php,dynasty-op,dsf,Adonai Mitchell,24357,WR,NYJ,189.59,29.42,150,292,,adonai-mitchell.php,,,30.6,,,,,,,Adonai Mitchell,2026-05-08,NYJ
/nfl/rankings/dynasty-superflex.php,dynasty-op,dsf,Tyreek Hill,15802,WR,FA,190.53,23.44,157,252,,tyreek-hill.php,,,54.8,,,,,-13.0,,Tyreek Hill,2026-05-08,FA
/nfl/rankings/dynasty-superflex.php,dynasty-op,dsf,Max Klare,27993,TE,LAR,201.73,25.02,164,259,,max-klare.php,,,29.0,,,,,,,Max Klare,2026-05-08,LAR
/nfl/rankings/dynasty-superflex.php,dynasty-op,dsf,Malachi Fields,27994,WR,NYG,202.33,22.63,166,257,,malachi-fields.php,,,20.9,,,,,,,Malachi Fields,2026-05-08,NYG
/nfl/rankings/dynasty-superflex.php,dynasty-op,dsf,Alvin Kamara,16421,RB,NO,202.83,27.6,164,267,,alvin-kamara.php,,,62.6,,,,,,,Alvin Kamara,2026-05-08,NOS
/nfl/rankings/dynasty-superflex.php,dynasty-op,dsf,Chris Rodriguez Jr.,22986,RB,JAC,203.94,32.88,152,298,,chris-rodriguez-jr.php,,,45.4,,,,,,,Chris Rodriguez,2026-05-08,JAC
/nfl/rankings/dynasty-superflex.php,dynasty-op,dsf,Elic Ayomanor,27059,WR,TEN,193.76,25.53,168,265,,elic-ayomanor.php,,,34.2,,,,,,,Elic Ayomanor,2026-05-08,TEN
/nfl/rankings/dynasty-superflex.php,dynasty-op,dsf,Mike Washington Jr.,28108,RB,LV,205.0,23.98,165,279,,mike-washington-jr.php,,,23.2,,,,,,,Mike Washington,2026-05-08,LVR
/nfl/rankings/dynasty-superflex.php,dynasty-op,dsf,Theo Johnson,23104,TE,NYG,205.39,20.69,165,254,,theo-johnson.php,,,31.2,,,,,,,Theo Johnson,2026-05-08,NYG
/nfl/rankings/dynasty-superflex.php,dynasty-op,dsf,Tank Dell,25361,WR,HOU,207.06,17.11,176,245,,nathaniel-dell.php,,,40.6,,,,,,,Tank Dell,2026-05-08,HOU
/nfl/rankings/dynasty-superflex.php,dynasty-op,dsf,Zachariah Branch,25419,WR,ATL,207.13,27.56,159,268,,zachariah-branch.php,,,28.7,,,,,,,Zachariah Branch,2026-05-08,ATL
/nfl/rankings/dynasty-superflex.php,dynasty-op,dsf,Gunnar Helm,27109,TE,TEN,196.59,25.72,158,270,,gunnar-helm.php,,,32.4,,,,,,,Gunnar Helm,2026-05-08,TEN
/nfl/rankings/dynasty-superflex.php,dynasty-op,dsf,Kaytron Allen,24362,RB,WAS,210.19,32.1,162,268,,kaytron-allen.php,,,28.7,,,,,,,Kaytron Allen,2026-05-08,WAS
/nfl/rankings/dynasty-superflex.php,dynasty-op,dsf,Ja'Kobi Lane,27337,WR,BAL,210.42,26.57,153,245,,jakobi-lane.php,,,28.7,,,,,,,JaKobi Lane,2026-05-08,BAL
/nfl/rankings/dynasty-superflex.php,dynasty-op,dsf,Chimere Dike,27315,WR,TEN,204.76,22.41,160,256,,chimere-dike.php,,,31.8,,,,,,,Chimere Dike,2026-05-08,TEN
/nfl/rankings/dynasty-superflex.php,dynasty-op,dsf,Cade Otton,23181,TE,TB,207.65,27.5,156,262,,cade-otton.php,,,32.8,,,,,,,Cade Otton,2026-05-08,TBB
/nfl/rankings/dynasty-superflex.php,dynasty-op,dsf,Tory Horton,26022,WR,SEA,207.94,37.68,163,344,,tory-horton.php,,,30.0,,,,,,,Tory Horton,2026-05-08,SEA
/nfl/rankings/dynasty-superflex.php,dynasty-op,dsf,Tank Bigsby,22908,RB,PHI,219.33,24.39,177,280,,tank-bigsby.php,,,37.7,,,,,,,Tank Bigsby,2026-05-08,PHI
/nfl/rankings/dynasty-superflex.php,dynasty-op,dsf,Calvin Ridley,17258,WR,TEN,209.94,40.14,128,303,,calvin-ridley.php,,,49.6,,,,,,,Calvin Ridley,2026-05-08,TEN
/nfl/rankings/dynasty-superflex.php,dynasty-op,dsf,Pat Freiermuth,20163,TE,PIT,214.24,24.92,169,254,,pat-freiermuth.php,,,32.0,,,,,,,Pat Freiermuth,2026-05-08,PIT
/nfl/rankings/dynasty-superflex.php,dynasty-op,dsf,Isiah Pacheco,24333,RB,DET,215.82,21.86,171,278,,isiah-pacheco.php,,,54.9,,,,,,,Isiah Pacheco,2026-05-08,DET
/nfl/rankings/dynasty-superflex.php,dynasty-op,dsf,David Njoku,16399,TE,FA,216.12,23.67,162,261,,david-njoku.php,,,32.7,,,,,,,David Njoku,2026-05-08,FA
/nfl/rankings/dynasty-superflex.php,dynasty-op,dsf,Darnell Mooney,19810,WR,NYG,206.13,19.84,171,244,,darnell-mooney.php,,,29.6,,,,,,,Darnell Mooney,2026-05-08,NYG
/nfl/rankings/dynasty-superflex.php,dynasty-op,dsf,Demond Claiborne,28084,RB,MIN,226.64,33.05,179,294,,demond-claiborne.php,,,26.5,,,,,,,Demond Claiborne,2026-05-08,MIN
/nfl/rankings/dynasty-superflex.php,dynasty-op,dsf,Marvin Mims Jr.,23080,WR,DEN,221.35,21.75,192,270,,marvin-mims.php,,,27.5,,,,,,,Marvin Mims,2026-05-08,DEN
/nfl/rankings/dynasty-superflex.php,dynasty-op,dsf,Jack Bech,27224,WR,LV,211.06,36.82,148,309,,jack-bech.php,,,22.8,,,,,,,Jack Bech,2026-05-08,LVR
/nfl/rankings/dynasty-superflex.php,dynasty-op,dsf,Keon Coleman,26019,WR,BUF,222.65,29.28,177,296,,keon-coleman.php,,,24.5,,,,,,,Keon Coleman,2026-05-08,BUF
/nfl/rankings/dynasty-superflex.php,dynasty-op,dsf,Braelon Allen,24346,RB,NYJ,223.71,27.27,190,299,,braelon-allen.php,,,38.3,,,,,-11.0,,Braelon Allen,2026-05-08,NYJ
/nfl/rankings/dynasty-superflex.php,dynasty-op,dsf,Brian Robinson Jr.,20094,RB,ATL,227.12,23.08,184,280,,brian-robinson-jr.php,,,41.9,,,,,-7.0,,Brian Robinson,2026-05-08,ATL
/nfl/rankings/dynasty-superflex.php,dynasty-op,dsf,Trey Benson,25388,RB,ARI,229.12,45.7,167,316,,trey-benson.php,,,40.2,,,,,-8.0,,Trey Benson,2026-05-08,ARI
/nfl/rankings/dynasty-superflex.php,dynasty-op,dsf,Tre Tucker,25337,WR,LV,229.59,29.09,180,280,,tre-tucker.php,,,34.6,,,,,,,Tre Tucker,2026-05-08,LVR
/nfl/rankings/dynasty-superflex.php,dynasty-op,dsf,Dontayvion Wicks,24354,WR,PHI,220.0,20.52,184,271,,dontayvion-wicks.php,,,22.3,,,,,,,Dontayvion Wicks,2026-05-08,PHI
/nfl/rankings/dynasty-superflex.php,dynasty-op,dsf,Malik Washington,26314,WR,MIA,230.12,19.92,177,267,,malik-washington.php,,,27.4,,,,,,,Malik Washington,2026-05-08,MIA
/nfl/rankings/dynasty-superflex.php,dynasty-op,dsf,Rashod Bateman,19794,WR,BAL,220.63,23.08,182,273,,rashod-bateman.php,,,24.4,,,,,,,Rashod Bateman,2026-05-08,BAL
/nfl/rankings/dynasty-superflex.php,dynasty-op,dsf,Ray Davis,26191,RB,BUF,232.41,19.73,213,276,,ray-davis.php,,,26.3,,,,,7.0,,Ray Davis,2026-05-08,BUF
/nfl/rankings/dynasty-superflex.php,dynasty-op,dsf,Elijah Arroyo,23004,TE,SEA,222.94,28.88,182,303,,elijah-arroyo.php,,,24.2,,,,,,,Elijah Arroyo,2026-05-08,SEA
/nfl/rankings/dynasty-superflex.php,dynasty-op,dsf,Anthony Richardson Sr.,24347,QB,IND,168.5,28.06,139,228,,anthony-richardson.php,,,31.1,,,,,,,Anthony Richardson,2026-05-08,IND
/nfl/rankings/dynasty-superflex.php,dynasty-op,dsf,Keaton Mitchell,25360,RB,LAC,234.0,30.99,187,299,,keaton-mitchell.php,,,36.7,,,,,,,Keaton Mitchell,2026-05-08,LAC
/nfl/rankings/dynasty-superflex.php,dynasty-op,dsf,Kaleb Johnson,27165,RB,PIT,226.25,16.4,197,253,,kaleb-johnson-rb.php,,,26.8,,,,,-9.0,,Kaleb Johnson,2026-05-08,PIT
/nfl/rankings/dynasty-superflex.php,dynasty-op,dsf,Adam Randall,24367,RB,BAL,245.15,25.21,217,299,,adam-randall.php,,,10.7,,,,,8.0,,Adam Randall,2026-05-08,BAL
/nfl/rankings/dynasty-superflex.php,dynasty-op,dsf,Kimani Vidal,26355,RB,LAC,227.81,26.26,190,303,,kimani-vidal.php,,,32.3,,,,,-13.0,,Kimani Vidal,2026-05-08,LAC
/nfl/rankings/dynasty-superflex.php,dynasty-op,dsf,Ollie Gordon II,25984,RB,MIA,237.53,20.78,219,295,,ollie-gordon.php,,,19.1,,,,,,,Ollie Gordon,2026-05-08,MIA
/nfl/rankings/dynasty-superflex.php,dynasty-op,dsf,Geno Smith,11687,QB,NYJ,160.09,24.88,143,234,,geno-smith.php,,,31.4,,,,,,,Geno Smith,2026-05-08,NYJ
/nfl/rankings/dynasty-superflex.php,dynasty-op,dsf,Jaylen Wright,25987,RB,MIA,242.0,24.0,203,293,,jaylen-wright.php,,,29.1,,,,,,,Jaylen Wright,2026-05-08,MIA
/nfl/rankings/dynasty-superflex.php,dynasty-op,dsf,James Conner,16447,RB,ARI,242.53,38.95,189,322,,james-conner.php,,,53.8,,,,,,,James Conner,2026-05-08,ARI
/nfl/rankings/dynasty-superflex.php,dynasty-op,dsf,Devin Neal,23682,RB,NO,235.44,26.86,189,281,,devin-neal.php,,,29.2,,,,,9.0,,Devin Neal,2026-05-08,NOS
/nfl/rankings/dynasty-superflex.php,dynasty-op,dsf,Xavier Legette,26136,WR,CAR,237.69,17.98,209,279,,xavier-legette.php,,,12.9,,,,,,,Xavier Legette,2026-05-08,CAR
/nfl/rankings/dynasty-superflex.php,dynasty-op,dsf,Aaron Rodgers,9001,QB,FA,173.45,48.1,106,278,,aaron-rodgers.php,,,31.0,,,,,,,Aaron Rodgers,2026-05-08,FA
/nfl/rankings/dynasty-superflex.php,dynasty-op,dsf,Sean Tucker,23679,RB,TB,250.59,19.42,208,280,,sean-tucker.php,,,29.9,,,,,7.0,,Sean Tucker,2026-05-08,TBB
/nfl/rankings/dynasty-superflex.php,dynasty-op,dsf,Emanuel Wilson,25885,RB,SEA,242.44,28.84,181,308,,emanuel-wilson.php,,,36.8,,,,,,,Emanuel Wilson,2026-05-08,SEA
/nfl/rankings/dynasty-superflex.php,dynasty-op,dsf,Christian Kirk,17268,WR,SF,243.81,29.33,206,310,,christian-kirk.php,,,31.6,,,,,,,Christian Kirk,2026-05-08,SFO
/nfl/rankings/dynasty-superflex.php,dynasty-op,dsf,Jaydon Blue,24344,RB,DAL,253.12,18.94,216,282,,jaydon-blue.php,,,28.5,,,,,,,Jaydon Blue,2026-05-08,DAL
/nfl/rankings/dynasty-superflex.php,dynasty-op,dsf,Cooper Kupp,16433,WR,SEA,248.63,31.76,210,313,,cooper-kupp.php,,,28.1,,,,,,,Cooper Kupp,2026-05-08,SEA
/nfl/rankings/dynasty-superflex.php,dynasty-op,dsf,DeMario Douglas,25304,WR,NE,248.94,27.33,217,333,,demario-douglas.php,,,17.9,,,,,,,Demario Douglas,2026-05-08,NEP
/nfl/rankings/dynasty-superflex.php,dynasty-op,dsf,Keenan Allen,11616,WR,LAC,243.73,27.29,208,310,,keenan-allen.php,,,28.0,,,,,,,Keenan Allen,2026-05-08,LAC
/nfl/rankings/dynasty-superflex.php,dynasty-op,dsf,Seth McGowan,23079,RB,IND,268.77,30.18,225,336,,seth-mcgowan.php,,,1.6,,,,,,,Seth McGowan,2026-05-08,IND
/nfl/rankings/dynasty-superflex.php,dynasty-op,dsf,J'Mari Taylor,28109,RB,JAC,270.83,21.38,252,305,,jmari-taylor.php,,,5.3,,,,,,,JMari Taylor,2026-05-08,JAC
/nfl/rankings/dynasty-superflex.php,dynasty-op,dsf,Cedric Tillman,25287,WR,CLE,248.0,26.43,206,302,,cedric-tillman.php,,,7.2,,,,,,,Cedric Tillman,2026-05-08,CLE
/nfl/rankings/dynasty-superflex.php,dynasty-op,dsf,Devaughn Vele,26409,WR,NO,258.81,26.98,237,336,,devaughn-vele.php,,,26.3,,,,,,,Devaughn Vele,2026-05-08,NOS
/nfl/rankings/dynasty-superflex.php,dynasty-op,dsf,Tez Johnson,27147,WR,TB,251.2,19.46,229,300,,tez-johnson.php,,,14.9,,,,,,,Tez Johnson,2026-05-08,TBB
/nfl/rankings/dynasty-superflex.php,dynasty-op,dsf,Jalen Nailor,24177,WR,LV,240.92,30.18,194,319,,jalen-nailor.php,,,30.0,,,,,,,Jalen Nailor,2026-05-08,LVR
/nfl/rankings/dynasty-superflex.php,dynasty-op,dsf,Jalen Royals,27076,WR,KC,261.13,35.98,212,357,,jalen-royals.php,,,5.1,,,,,,,Jalen Royals,2026-05-08,KCC
/nfl/rankings/dynasty-superflex.php,dynasty-op,dsf,Brashard Smith,27259,RB,KC,269.0,27.28,218,322,,brashard-smith.php,,,22.5,,,,,,,Brashard Smith,2026-05-08,KCC
/nfl/rankings/dynasty-superflex.php,dynasty-op,dsf,Roman Hemby,25387,RB,LV,284.17,27.21,258,332,,roman-hemby.php,,,0.0,,,,,,,Roman Hemby,2026-05-08,LVR
/nfl/rankings/dynasty-superflex.php,dynasty-op,dsf,Najee Harris,19302,RB,LAC,271.5,23.64,222,319,,najee-harris-rb.php,,,31.8,,,,,10.0,,Najee Harris,2026-05-08,LAC
/nfl/rankings/dynasty-superflex.php,dynasty-op,dsf,Jacoby Brissett,15642,QB,ARI,156.13,26.68,118,215,,jacoby-brissett.php,,,33.6,,,,,,,Jacoby Brissett,2026-05-08,ARI
/nfl/rankings/dynasty-superflex.php,dynasty-op,dsf,Isaiah Davis,25977,RB,NYJ,264.4,12.56,250,295,,isaiah-davis.php,,,10.8,,,,,,,Isaiah Davis,2026-05-08,NYJ
/nfl/rankings/dynasty-superflex.php,dynasty-op,dsf,MarShawn Lloyd,23118,RB,GB,267.4,11.68,241,293,,marshawn-lloyd.php,,,6.4,,,,,,,MarShawn Lloyd,2026-05-08,GBP
/nfl/rankings/dynasty-superflex.php,dynasty-op,dsf,Jarquez Hunter,24335,RB,LAR,267.93,18.35,247,314,,jarquez-hunter.php,,,8.4,,,,,,,Jarquez Hunter,2026-05-08,LAR
/nfl/rankings/dynasty-superflex.php,dynasty-op,dsf,Hollywood Brown,18226,WR,PHI,261.0,30.93,230,330,,marquise-brown.php,,,20.0,,,,,,,Marquise Brown,2026-05-08,PHI
/nfl/rankings/dynasty-superflex.php,dynasty-op,dsf,Isaiah Bond,24371,WR,CLE,273.4,36.61,234,342,,isaiah-bond.php,,,13.5,,,,,,,Isaiah Bond,2026-05-08,CLE
/nfl/rankings/dynasty-superflex.php,dynasty-op,dsf,Kendre Miller,24360,RB,NO,281.81,26.78,252,340,,kendre-miller.php,,,14.7,,,,,,,Kendre Miller,2026-05-08,NOS
/nfl/rankings/dynasty-superflex.php,dynasty-op,dsf,Ben Sinnott,26310,TE,WAS,247.08,28.58,198,299,,ben-sinnott.php,,,11.1,,,,,,,Ben Sinnott,2026-05-08,WAS
/nfl/rankings/dynasty-superflex.php,dynasty-op,dsf,DJ Giddens,27097,RB,IND,267.14,16.61,243,298,,dj-giddens.php,,,12.5,,,,,10.0,,DJ Giddens,2026-05-08,IND
/nfl/rankings/dynasty-superflex.php,dynasty-op,dsf,Michael Mayer,23056,TE,LV,250.17,37.88,210,359,,michael-mayer.php,,,30.0,,,,,,,Michael Mayer,2026-05-08,LVR
/nfl/rankings/dynasty-superflex.php,dynasty-op,dsf,Eli Raridon,28154,TE,NE,205.56,36.91,127,265,,eli-raridon.php,,,2.7,,,,,,,Eli Raridon,2026-05-08,NEP
/nfl/rankings/dynasty-superflex.php,dynasty-op,dsf,Isaac Guerendo,26392,RB,SF,270.64,20.9,228,320,,isaac-guerendo.php,,,7.4,,,,,,,Isaac Guerendo,2026-05-08,SFO
/nfl/rankings/dynasty-superflex.php,dynasty-op,dsf,Evan Engram,16411,TE,DEN,255.92,31.59,207,327,,evan-engram.php,,,34.6,,,,,,,Evan Engram,2026-05-08,DEN
/nfl/rankings/dynasty-superflex.php,dynasty-op,dsf,Darius Slayton,18706,WR,NYG,257.5,27.91,227,312,,darius-slayton.php,,,16.0,,,,,,,Darius Slayton,2026-05-08,NYG
/nfl/rankings/dynasty-superflex.php,dynasty-op,dsf,Trevor Etienne,25393,RB,CAR,274.31,20.88,235,323,,trevor-etienne.php,,,6.4,,,,,,,Trevor Etienne,2026-05-08,CAR
/nfl/rankings/dynasty-superflex.php,dynasty-op,dsf,Jerome Ford,22921,RB,WAS,282.5,25.23,257,341,,jerome-ford.php,,,10.5,,,,,,,Jerome Ford,2026-05-08,WAS
/nfl/rankings/dynasty-superflex.php,dynasty-op,dsf,Tahj Brooks,26212,RB,CIN,276.92,13.55,251,306,,tahj-brooks.php,,,4.0,,,,,,,Tahj Brooks,2026-05-08,CIN
/nfl/rankings/dynasty-superflex.php,dynasty-op,dsf,Ryan Flournoy,26398,WR,DAL,258.36,31.65,212,319,,ryan-flournoy.php,,,27.7,,,,,,,Ryan Flournoy,2026-05-08,DAL
/nfl/rankings/dynasty-superflex.php,dynasty-op,dsf,Devin Singletary,18280,RB,NYG,270.67,19.22,227,305,,devin-singletary.php,,,5.3,,,,,,,Devin Singletary,2026-05-08,NYG
/nfl/rankings/dynasty-superflex.php,dynasty-op,dsf,Kaelon Black,28401,RB,SF,247.8,38.08,198,308,,kaelon-black.php,,,6.1,,,,,,,Kaelon Black,2026-05-08,SFO
/nfl/rankings/dynasty-superflex.php,dynasty-op,dsf,Justin Joly,28079,TE,DEN,238.56,42.69,173,290,,justin-joly.php,,,7.5,,,,,,,Justin Joly,2026-05-08,DEN
/nfl/rankings/dynasty-superflex.php,dynasty-op,dsf,Michael Trigg,23167,TE,DAL,313.33,39.14,238,362,,michael-trigg.php,,,34.5,,,,,,,Michael Trigg,2026-05-08,DAL
/nfl/rankings/dynasty-superflex.php,dynasty-op,dsf,Will Shipley,22930,RB,PHI,277.0,13.85,259,307,,will-shipley.php,,,4.6,,,,,,,Will Shipley,2026-05-08,PHI
/nfl/rankings/dynasty-superflex.php,dynasty-op,dsf,LeQuint Allen Jr.,27285,RB,JAC,287.0,27.54,234,325,,lequint-allen-jr.php,,,20.3,,,,,,,LeQuint Allen,2026-05-08,JAC
/nfl/rankings/dynasty-superflex.php,dynasty-op,dsf,Jordan James,27310,RB,SF,271.36,27.37,220,303,,jordan-james.php,,,24.6,,,,,,,Jordan James,2026-05-08,SFO
/nfl/rankings/dynasty-superflex.php,dynasty-op,dsf,Mike Gesicki,17272,TE,CIN,260.6,26.44,221,295,,mike-gesicki.php,,,32.2,,,,,,,Mike Gesicki,2026-05-08,CIN
/nfl/rankings/dynasty-superflex.php,dynasty-op,dsf,Bryce Lance,28129,WR,NO,229.13,30.86,182,278,,bryce-lance.php,,,8.3,,,,,,,Bryce Lance,2026-05-08,NOS
/nfl/rankings/dynasty-superflex.php,dynasty-op,dsf,Andrei Iosivas,25335,WR,CIN,272.45,30.81,237,345,,andrei-iosivas.php,,,13.4,,,,,,,Andrei Iosivas,2026-05-08,CIN
/nfl/rankings/dynasty-superflex.php,dynasty-op,dsf,Cole Kmet,19229,TE,CHI,261.6,34.49,204,335,,cole-kmet.php,,,24.6,,,,,,,Cole Kmet,2026-05-08,CHI
/nfl/rankings/dynasty-superflex.php,dynasty-op,dsf,Ja'Tavion Sanders,24334,TE,CAR,263.8,23.46,226,301,,jatavion-sanders.php,,,17.1,,,,,,,JaTavion Sanders,2026-05-08,CAR
/nfl/rankings/dynasty-superflex.php,dynasty-op,dsf,Joshua Palmer,22845,WR,BUF,275.73,35.52,210,323,,josh-palmer.php,,,3.0,,,,,,,Josh Palmer,2026-05-08,BUF
/nfl/rankings/dynasty-superflex.php,dynasty-op,dsf,Greg Dulcich,23153,TE,MIA,241.25,26.43,207,276,,greg-dulcich.php,,,22.4,,,,,,,Greg Dulcich,2026-05-08,MIA
/nfl/rankings/dynasty-superflex.php,dynasty-op,dsf,Dont'e Thornton Jr.,27288,WR,LV,281.09,34.55,240,347,,donte-thornton-jr.php,,,7.6,,,,,,,Donte Thornton,2026-05-08,LVR
/nfl/rankings/dynasty-superflex.php,dynasty-op,dsf,Eli Heidenreich,28297,RB,PIT,272.7,26.36,227,331,,eli-heidenreich.php,,,3.5,,,,,,,Eli Heidenreich,2026-05-08,PIT
/nfl/rankings/dynasty-superflex.php,dynasty-op,dsf,Darnell Washington,22967,TE,PIT,266.22,37.8,217,316,,darnell-washington.php,,,26.0,,,,,,,Darnell Washington,2026-05-08,PIT
/nfl/rankings/dynasty-superflex.php,dynasty-op,dsf,Mac Jones,20156,QB,SF,210.67,56.54,138,286,,mac-jones.php,,,33.6,,,,,,,Mac Jones,2026-05-08,SFO
/nfl/rankings/dynasty-superflex.php,dynasty-op,dsf,Luke McCaffrey,26328,WR,WAS,292.09,34.96,243,338,,luke-mccaffrey.php,,,5.8,,,,,,,Luke McCaffrey,2026-05-08,WAS
/nfl/rankings/dynasty-superflex.php,dynasty-op,dsf,Carson Beck,22953,QB,ARI,181.0,44.27,147,262,,carson-beck.php,,,18.0,,,,,,,Carson Beck,2026-05-08,ARI
/nfl/rankings/dynasty-superflex.php,dynasty-op,dsf,Brenen Thompson,28133,WR,LAC,241.57,34.78,183,298,,brenen-thompson.php,,,12.0,,,,,,,Brenen Thompson,2026-05-08,LAC
/nfl/rankings/dynasty-superflex.php,dynasty-op,dsf,Justin Fields,19781,QB,KC,184.4,40.61,138,248,,justin-fields.php,,,32.3,,,,,,,Justin Fields,2026-05-08,KCC
/nfl/rankings/dynasty-superflex.php,dynasty-op,dsf,Justice Hill,18256,RB,BAL,285.7,23.87,240,320,,justice-hill.php,,,19.0,,,,,,,Justice Hill,2026-05-08,BAL
/nfl/rankings/dynasty-superflex.php,dynasty-op,dsf,Colby Parkinson,19372,TE,LAR,261.38,34.76,220,332,,colby-parkinson.php,,,31.8,,,,,,,Colby Parkinson,2026-05-08,LAR
/nfl/rankings/dynasty-superflex.php,dynasty-op,dsf,Chris Brooks,25823,RB,GB,287.8,21.45,260,339,,christopher-brooks.php,,,7.2,,,,,,,Chris Brooks,2026-05-08,GBP
/nfl/rankings/dynasty-superflex.php,dynasty-op,dsf,Savion Williams,27144,WR,GB,280.11,24.47,246,324,,savion-williams.php,,,2.8,,,,,,,Savion Williams,2026-05-08,GBP
/nfl/rankings/dynasty-superflex.php,dynasty-op,dsf,Sam Roush,28161,TE,CHI,273.38,17.85,243,298,,sam-roush.php,,,1.8,,,,,,,Sam Roush,2026-05-08,CHI
/nfl/rankings/dynasty-superflex.php,dynasty-op,dsf,Caleb Douglas,28135,WR,MIA,258.14,20.76,226,288,,caleb-douglas.php,,,3.3,,,,,,,Caleb Douglas,2026-05-08,MIA
/nfl/rankings/dynasty-superflex.php,dynasty-op,dsf,Jordan Whittington,23135,WR,LAR,306.82,34.27,257,364,,jordan-whittington.php,,,1.5,,,,,,,Jordan Whittington,2026-05-08,LAR
/nfl/rankings/dynasty-superflex.php,dynasty-op,dsf,Jaylin Lane,27454,WR,WAS,290.67,32.29,249,353,,jaylin-lane.php,,,7.1,,,,,,,Jaylin Lane,2026-05-08,WAS
/nfl/rankings/dynasty-superflex.php,dynasty-op,dsf,Kevin Coleman Jr.,28067,WR,MIA,244.83,21.85,227,286,,kevin-coleman-jr.php,,,1.8,,,,,,,Kevin Coleman,2026-05-08,MIA
/nfl/rankings/dynasty-superflex.php,dynasty-op,dsf,Deshaun Watson,16398,QB,CLE,224.0,57.51,150,302,,deshaun-watson.php,,,24.7,,,,,,,Deshaun Watson,2026-05-08,CLE
/nfl/rankings/dynasty-superflex.php,dynasty-op,dsf,Jalen Tolbert,23770,WR,MIA,290.0,28.5,244,327,,jalen-tolbert.php,,,14.7,,,,,,,Jalen Tolbert,2026-05-08,MIA
/nfl/rankings/dynasty-superflex.php,dynasty-op,dsf,Calvin Austin III,23739,WR,NYG,277.29,30.52,244,334,,calvin-austin.php,,,9.3,,,,,,,Calvin Austin,2026-05-08,NYG
/nfl/rankings/dynasty-superflex.php,dynasty-op,dsf,Tanner Koziol,27499,TE,JAC,281.71,18.4,261,307,,tanner-koziol.php,,,0.1,,,,,,,Tanner Koziol,2026-05-08,JAC
/nfl/rankings/dynasty-superflex.php,dynasty-op,dsf,Jalen Milroe,22884,QB,SEA,241.4,52.79,177,290,,jalen-milroe.php,,,15.3,,,,,,,Jalen Milroe,2026-05-08,SEA
/nfl/rankings/dynasty-superflex.php,dynasty-op,dsf,Jahan Dotson,23101,WR,ATL,283.86,20.64,250,305,,jahan-dotson.php,,,12.5,,,,,,,Jahan Dotson,2026-05-08,ATL
/nfl/rankings/dynasty-superflex.php,dynasty-op,dsf,Jaleel McLaughlin,25876,RB,DEN,296.88,29.57,266,354,,jaleel-mclaughlin.php,,,2.9,,,,,,,Jaleel McLaughlin,2026-05-08,DEN
/nfl/rankings/dynasty-superflex.php,dynasty-op,dsf,Audric Estime,23054,RB,NO,298.38,36.73,266,381,,audric-estime.php,,,10.3,,,,,,,Audric Estime,2026-05-08,NOS
/nfl/rankings/dynasty-superflex.php,dynasty-op,dsf,Tyler Higbee,15623,TE,LAR,298.5,24.48,267,334,,tyler-higbee.php,,,12.2,,,,,,,Tyler Higbee,2026-05-08,LAR
/nfl/rankings/dynasty-superflex.php,dynasty-op,dsf,Kirk Cousins,11177,QB,LV,211.0,65.8,129,293,,kirk-cousins.php,,,28.6,,,,,,,Kirk Cousins,2026-05-08,LVR
/nfl/rankings/dynasty-superflex.php,dynasty-op,dsf,Kareem Hunt,16425,RB,FA,301.5,27.22,266,353,,kareem-hunt.php,,,6.9,,,,,,,Kareem Hunt,2026-05-08,FA
/nfl/rankings/dynasty-superflex.php,dynasty-op,dsf,Roman Wilson,26160,WR,PIT,276.67,28.88,242,314,,roman-wilson.php,,,2.4,,,,,,,Roman Wilson,2026-05-08,PIT
/nfl/rankings/dynasty-superflex.php,dynasty-op,dsf,John Metchie III,22895,WR,CAR,294.0,27.72,257,332,,john-metchie.php,,,5.1,,,,,,,John Metchie,2026-05-08,CAR
/nfl/rankings/dynasty-superflex.php,dynasty-op,dsf,Marlin Klein,28157,TE,HOU,280.17,16.2,259,301,,marlin-klein.php,,,3.1,,,,,,,Marlin Klein,2026-05-08,HOU
/nfl/rankings/dynasty-superflex.php,dynasty-op,dsf,Jake Tonges,24778,TE,SF,284.5,31.37,237,318,,jake-tonges.php,,,31.6,,,,,,,Jake Tonges,2026-05-08,SFO
/nfl/rankings/dynasty-superflex.php,dynasty-op,dsf,Jonnu Smith,16460,TE,FA,286.17,46.2,246,374,,jonnu-smith.php,,,14.1,,,,,-5.0,,Jonnu Smith,2026-05-08,FA
/nfl/rankings/dynasty-superflex.php,dynasty-op,dsf,Joe Mixon,16420,RB,FA,287.33,19.96,254,319,,joe-mixon.php,,,28.6,,,,,,,Joe Mixon,2026-05-08,FA
/nfl/rankings/dynasty-superflex.php,dynasty-op,dsf,Konata Mumpfield,27449,WR,LAR,271.2,44.27,211,336,,konata-mumpfield.php,,,4.3,,,,,,,Konata Mumpfield,2026-05-08,LAR
/nfl/rankings/dynasty-superflex.php,dynasty-op,dsf,Noah Gray,19539,TE,KC,293.5,16.85,271,315,,noah-gray.php,,,16.1,,,,,,,Noah Gray,2026-05-08,KCC
/nfl/rankings/dynasty-superflex.php,dynasty-op,dsf,Tyquan Thornton,22913,WR,KC,297.0,32.8,255,337,,tyquan-thornton.php,,,10.9,,,,,,,Tyquan Thornton,2026-05-08,KCC
/nfl/rankings/dynasty-superflex.php,dynasty-op,dsf,Quinn Ewers,23680,QB,MIA,253.75,62.82,149,312,,quinn-ewers.php,,,14.3,,,,,,,Quinn Ewers,2026-05-08,MIA
/nfl/rankings/dynasty-superflex.php,dynasty-op,dsf,Elijah Moore,20114,WR,PHI,298.67,33.06,248,344,,elijah-moore.php,,,0.6,,,,,,,Elijah Moore,2026-05-08,PHI
/nfl/rankings/dynasty-superflex.php,dynasty-op,dsf,Cade Klubnik,24361,QB,NYJ,255.25,47.5,184,314,,cade-klubnik.php,,,5.7,,,,,,,Cade Klubnik,2026-05-08,NYJ
/nfl/rankings/dynasty-superflex.php,dynasty-op,dsf,Ty Johnson,18406,RB,BUF,282.0,25.9,254,323,,ty-johnson.php,,,12.2,,,,,,,Ty Johnson,2026-05-08,BUF
/nfl/rankings/dynasty-superflex.php,dynasty-op,dsf,Tutu Atwell,20126,WR,MIA,314.71,33.34,252,359,,tutu-atwell.php,,,4.3,,,,,,,Tutu Atwell,2026-05-08,MIA
/nfl/rankings/dynasty-superflex.php,dynasty-op,dsf,Drew Allar,24345,QB,PIT,221.33,65.37,157,311,,drew-allar.php,,,8.8,,,,,,,Drew Allar,2026-05-08,PIT
/nfl/rankings/dynasty-superflex.php,dynasty-op,dsf,Jack Endries,27501,TE,CIN,289.6,21.7,250,310,,jack-endries.php,,,6.8,,,,,,,Jack Endries,2026-05-08,CIN
/nfl/rankings/dynasty-superflex.php,dynasty-op,dsf,Nick Chubb,17246,RB,FA,292.0,31.43,235,329,,nick-chubb.php,,,3.4,,,,,,,Nick Chubb,2026-05-08,FA
/nfl/rankings/dynasty-superflex.php,dynasty-op,dsf,Noah Fant,17527,TE,NO,292.6,21.78,269,328,,noah-fant.php,,,8.7,,,,,,,Noah Fant,2026-05-08,NOS
/nfl/rankings/dynasty-superflex.php,dynasty-op,dsf,Barion Brown,25416,WR,NO,294.8,29.44,252,330,,barion-brown.php,,,1.1,,,,,,,Barion Brown,2026-05-08,NOS
/nfl/rankings/dynasty-superflex.php,dynasty-op,dsf,DeAndre Hopkins,11606,WR,BAL,295.8,50.02,213,346,,deandre-hopkins.php,,,0.8,,,,,,,DeAndre Hopkins,2026-05-08,BAL
/nfl/rankings/dynasty-superflex.php,dynasty-op,dsf,Luke Musgrave,25282,TE,GB,312.67,12.54,294,332,,luke-musgrave.php,,,11.5,,,,,,,Luke Musgrave,2026-05-08,GBP
/nfl/rankings/dynasty-superflex.php,dynasty-op,dsf,Deion Burks,27093,WR,IND,276.25,43.18,208,327,,deion-burks.php,,,0.6,,,,,,,Deion Burks,2026-05-08,IND
/nfl/rankings/dynasty-superflex.php,dynasty-op,dsf,Matthew Hibner,28168,TE,BAL,277.75,52.5,194,339,,matthew-hibner.php,,,0.6,,,,,,,Matthew Hibner,2026-05-08,BAL
/nfl/rankings/dynasty-superflex.php,dynasty-op,dsf,KeAndre Lambert-Smith,24372,WR,LAC,315.5,28.98,253,344,,keandre-lambert-smith.php,,,3.2,,,,,,,KeAndre Lambert-Smith,2026-05-08,LAC
/nfl/rankings/dynasty-superflex.php,dynasty-op,dsf,Raheim Sanders,24351,RB,CLE,306.4,24.29,269,340,,raheim-sanders.php,,,1.7,,,,,,,Raheim Sanders,2026-05-08,CLE
/nfl/rankings/dynasty-superflex.php,dynasty-op,dsf,Dyami Brown,20113,WR,WAS,320.83,23.13,285,343,,dyami-brown.php,,,1.3,,,,,,,Dyami Brown,2026-05-08,WAS
/nfl/rankings/dynasty-superflex.php,dynasty-op,dsf,CJ Daniels,28125,WR,LAR,288.25,39.21,246,338,,cj-daniels.php,,,8.5,,,,,,,CJ Daniels,2026-05-08,LAR
/nfl/rankings/dynasty-superflex.php,dynasty-op,dsf,Erick All Jr.,23837,TE,CIN,308.6,14.79,292,335,,erick-all.php,,,1.8,,,,,-7.0,,Erick All,2026-05-08,CIN
/nfl/rankings/dynasty-superflex.php,dynasty-op,dsf,Russell Wilson,11180,QB,FA,258.67,71.68,161,331,,russell-wilson.php,,,2.6,,,,,,,Russell Wilson,2026-05-08,FA
/nfl/rankings/dynasty-superflex.php,dynasty-op,dsf,Dawson Knox,18631,TE,BUF,315.2,31.47,286,358,,dawson-knox.php,,,21.7,,,,,,,Dawson Knox,2026-05-08,BUF
/nfl/rankings/dynasty-superflex.php,dynasty-op,dsf,Roschon Johnson,25322,RB,CHI,315.6,49.81,265,383,,roschon-johnson.php,,,0.8,,,,,,,Roschon Johnson,2026-05-08,CHI
/nfl/rankings/dynasty-superflex.php,dynasty-op,dsf,Tyler Conklin,17598,TE,DET,298.75,36.1,267,360,,tyler-conklin.php,,,1.8,,,,,,,Tyler Conklin,2026-05-08,DET
/nfl/rankings/dynasty-superflex.php,dynasty-op,dsf,Cole Payton,28302,QB,PHI,270.67,82.54,187,383,,cole-payton.php,,,1.0,,,,,,,Cole Payton,2026-05-08,PHI
/nfl/rankings/dynasty-superflex.php,dynasty-op,dsf,KaVontae Turpin,18520,WR,DAL,300.25,49.18,236,365,,kavontae-turpin.php,,,12.3,,,,,,,KaVontae Turpin,2026-05-08,DAL
/nfl/rankings/dynasty-superflex.php,dynasty-op,dsf,Miles Sanders,18283,RB,FA,303.5,25.63,283,347,,miles-sanders.php,,,0.6,,,,,,,Miles Sanders,2026-05-08,FA
/nfl/rankings/dynasty-superflex.php,dynasty-op,dsf,Mack Hollins,16489,WR,NE,304.25,34.16,261,348,,mack-hollins.php,,,14.1,,,,,,,Mack Hollins,2026-05-08,NEP
/nfl/rankings/dynasty-superflex.php,dynasty-op,dsf,Tyler Lockett,13971,WR,LV,305.0,44.87,246,350,,tyler-lockett.php,,,0.8,,,,,,,Tyler Lockett,2026-05-08,LVR
/nfl/rankings/dynasty-superflex.php,dynasty-op,dsf,Tai Felton,27182,WR,MIN,305.25,35.74,257,351,,tai-felton.php,,,2.7,,,,,,,Tai Felton,2026-05-08,MIN
/nfl/rankings/dynasty-superflex.php,dynasty-op,dsf,Mitchell Evans,27138,TE,CAR,322.2,29.69,289,371,,mitchell-evans.php,,,1.4,,,,,6.0,,Mitchell Evans,2026-05-08,CAR
/nfl/rankings/dynasty-superflex.php,dynasty-op,dsf,Jameis Winston,13891,QB,NYG,281.0,71.28,181,342,,jameis-winston.php,,,16.8,,,,,,,Jameis Winston,2026-05-08,NYG
/nfl/rankings/dynasty-superflex.php,dynasty-op,dsf,Marcus Mariota,13890,QB,WAS,281.33,70.28,183,343,,marcus-mariota.php,,,18.0,,,,,,,Marcus Mariota,2026-05-08,WAS
/nfl/rankings/dynasty-superflex.php,dynasty-op,dsf,George Holani,22915,RB,SEA,308.75,42.65,243,358,,george-holani.php,,,29.2,,,,,,,George Holani,2026-05-08,SEA
/nfl/rankings/dynasty-superflex.php,dynasty-op,dsf,Malik Benson,26012,WR,LV,283.33,45.89,235,345,,malik-benson.php,,,0.9,,,,,,,Malik Benson,2026-05-08,LVR
/nfl/rankings/dynasty-superflex.php,dynasty-op,dsf,Eric Rivers,28128,WR,TB,310.25,29.34,277,357,,eric-rivers.php,,,0.0,,,,,,,Eric Rivers,2026-05-08,TBB
/nfl/rankings/dynasty-superflex.php,dynasty-op,dsf,Zach Ertz,11689,TE,FA,326.2,30.58,286,373,,zach-ertz.php,,,11.4,,,,,-8.0,,Zach Ertz,2026-05-08,FA
/nfl/rankings/dynasty-superflex.php,dynasty-op,dsf,Kendrick Bourne,17066,WR,ARI,311.5,39.07,268,374,,kendrick-bourne.php,,,4.7,,,,,,,Kendrick Bourne,2026-05-08,ARI
/nfl/rankings/dynasty-superflex.php,dynasty-op,dsf,Jalin Hyatt,25251,WR,NYG,318.75,51.27,260,399,,jalin-hyatt.php,,,2.8,,,,,,,Jalin Hyatt,2026-05-08,NYG
/nfl/rankings/dynasty-superflex.php,dynasty-op,dsf,Cyrus Allen,28424,WR,KC,292.67,46.31,239,352,,cyrus-allen.php,,,0.2,,,,,,,Cyrus Allen,2026-05-08,KCC
/nfl/rankings/dynasty-superflex.php,dynasty-op,dsf,Nate Boerkircher,28427,TE,JAC,318.25,29.32,285,364,,nate-boerkircher.php,,,0.7,,,,,,,Nate Boerkircher,2026-05-08,JAC
/nfl/rankings/dynasty-superflex.php,dynasty-op,dsf,Daniel Bellinger,24238,TE,TEN,319.0,61.62,245,389,,daniel-bellinger.php,,,5.9,,,,,,,Daniel Bellinger,2026-05-08,TEN
/nfl/rankings/dynasty-superflex.php,dynasty-op,dsf,Will Howard,25972,QB,PIT,296.33,45.21,245,355,,will-howard.php,,,19.8,,,,,,,Will Howard,2026-05-08,PIT
/nfl/rankings/dynasty-superflex.php,dynasty-op,dsf,Demarcus Robinson,15665,WR,SF,321.0,42.85,254,373,,demarcus-robinson.php,,,1.6,,,,,,,Demarcus Robinson,2026-05-08,SFO
/nfl/rankings/dynasty-superflex.php,dynasty-op,dsf,Jeff Caldwell,28425,WR,KC,321.0,30.72,284,369,,jeff-caldwell.php,,,1.4,,,,,,,Jeff Caldwell,2026-05-08,KCC
/nfl/rankings/dynasty-superflex.php,dynasty-op,dsf,Curtis Samuel,16434,WR,FA,301.67,64.6,254,393,,curtis-samuel.php,,,1.1,,,,,,,Curtis Samuel,2026-05-08,FA
/nfl/rankings/dynasty-superflex.php,dynasty-op,dsf,Devontez Walker,26011,WR,BAL,322.25,43.57,272,368,,devontez-walker.php,,,1.7,,,,,,,Devontez Walker,2026-05-08,BAL
/nfl/rankings/dynasty-superflex.php,dynasty-op,dsf,Tyren Montgomery,28423,WR,TEN,324.0,29.27,291,371,,tyren-montgomery.php,,,0.0,,,,,,,Tyren Montgomery,2026-05-08,TEN
/nfl/rankings/dynasty-superflex.php,dynasty-op,dsf,Joe Royer,27312,TE,CLE,324.25,38.47,289,386,,joe-royer.php,,,1.1,,,,,,,Joe Royer,2026-05-08,CLE
/nfl/rankings/dynasty-superflex.php,dynasty-op,dsf,Joe Milton III,25967,QB,DAL,268.0,86.0,182,354,,joe-milton.php,,,10.1,,,,,,,Joe Milton,2026-05-08,DAL
/nfl/rankings/dynasty-superflex.php,dynasty-op,dsf,Emari Demercado,25654,RB,KC,343.0,31.48,319,404,,emari-demercado.php,,,8.2,,,,,,,Emari Demercado,2026-05-08,KCC
/nfl/rankings/dynasty-superflex.php,dynasty-op,dsf,Gabe Davis,19398,WR,FA,308.67,58.02,236,378,,gabriel-davis.php,,,0.6,,,,,,,Gabriel Davis,2026-05-08,FA
/nfl/rankings/dynasty-superflex.php,dynasty-op,dsf,Tyson Bagent,25321,QB,CHI,270.5,85.5,185,356,,tyson-bagent.php,,,7.3,,,,,,,Tyson Bagent,2026-05-08,CHI
/nfl/rankings/dynasty-superflex.php,dynasty-op,dsf,Josh Cameron,28137,WR,JAC,309.33,40.2,277,366,,josh-cameron.php,,,0.6,,,,,,,Josh Cameron,2026-05-08,JAC
/nfl/rankings/dynasty-superflex.php,dynasty-op,dsf,Taysom Hill,17115,TE,FA,312.67,61.32,253,397,,taysom-hill.php,,,1.0,,,,,,,Taysom Hill,2026-05-08,FA
/nfl/rankings/dynasty-superflex.php,dynasty-op,dsf,Xavier Restrepo,27066,WR,TEN,331.0,45.23,260,381,,xavier-restrepo.php,,,1.3,,,,,,,Xavier Restrepo,2026-05-08,TEN
/nfl/rankings/dynasty-superflex.php,dynasty-op,dsf,Damien Martinez,25976,RB,GB,314.33,44.78,271,376,,damien-martinez.php,,,0.6,,,,,,,Damien Martinez,2026-05-08,GBP
/nfl/rankings/dynasty-superflex.php,dynasty-op,dsf,Jordan Watkins,27486,WR,SF,315.33,45.76,258,370,,jordan-watkins.php,,,0.6,,,,,,,Jordan Watkins,2026-05-08,SFO
/nfl/rankings/dynasty-superflex.php,dynasty-op,dsf,Robert Henry Jr.,28404,RB,WAS,319.67,49.13,257,377,,robert-henry-jr.php,,,0.0,,,,,,,Robert Henry,2026-05-08,WAS
/nfl/rankings/dynasty-superflex.php,dynasty-op,dsf,Terion Stewart,28111,RB,KC,320.67,49.86,258,380,,terion-stewart.php,,,0.0,,,,,,,Terion Stewart,2026-05-08,KCC
/nfl/rankings/dynasty-superflex.php,dynasty-op,dsf,Zavion Thomas,28132,WR,CHI,337.5,40.52,290,387,,zavion-thomas.php,,,2.1,,,,,,,Zavion Thomas,2026-05-08,CHI
/nfl/rankings/dynasty-superflex.php,dynasty-op,dsf,Dameon Pierce,22947,RB,PHI,334.33,66.37,271,426,,dameon-pierce.php,,,1.1,,,,,,,Dameon Pierce,2026-05-08,PHI
/nfl/rankings/dynasty-superflex.php,dynasty-op,dsf,Brandin Cooks,12122,WR,FA,324.67,60.27,242,384,,brandin-cooks.php,,,0.9,,,,,,,Brandin Cooks,2026-05-08,FA
/nfl/rankings/dynasty-superflex.php,dynasty-op,dsf,Samaje Perine,16423,RB,CIN,327.0,49.48,276,394,,samaje-perine.php,,,7.3,,,,,,,Samaje Perine,2026-05-08,CIN
/nfl/rankings/dynasty-superflex.php,dynasty-op,dsf,Ja'Lynn Polk,26205,WR,NO,325.33,50.73,261,385,,jalynn-polk.php,,,2.8,,,,,,,JaLynn Polk,2026-05-08,NOS
/nfl/rankings/dynasty-superflex.php,dynasty-op,dsf,Will Kacmarek,28403,TE,MIA,327.0,28.71,301,367,,will-kacmarek.php,,,1.9,,,,,,,Will Kacmarek,2026-05-08,MIA
/nfl/rankings/dynasty-superflex.php,dynasty-op,dsf,Phil Mafah,22928,RB,DAL,298.5,62.5,236,361,,phil-mafah.php,,,1.8,,,,,,,Phil Mafah,2026-05-08,DAL
/nfl/rankings/dynasty-superflex.php,dynasty-op,dsf,Le'Veon Moss,27323,RB,MIA,345.0,67.47,280,438,,leveon-moss.php,,,10.8,,,,,,,LeVeon Moss,2026-05-08,MIA
/nfl/rankings/dynasty-superflex.php,dynasty-op,dsf,Nick Westbrook-Ikhine,19747,WR,IND,347.75,51.31,270,401,,nick-westbrook.php,,,1.5,,,,,,,Nick Westbrook-Ikhine,2026-05-08,IND
/nfl/rankings/dynasty-superflex.php,dynasty-op,dsf,Dillon Gabriel,23150,QB,CLE,331.67,43.48,288,391,,dillon-gabriel.php,,,0.8,,,,,,,Dillon Gabriel,2026-05-08,CLE
/nfl/rankings/dynasty-superflex.php,dynasty-op,dsf,Diontae Johnson,18615,WR,FA,302.5,72.5,230,375,,diontae-johnson.php,,,0.6,,,,,,,Diontae Johnson,2026-05-08,FA
/nfl/rankings/dynasty-superflex.php,dynasty-op,dsf,Garrett Nussmeier,22998,QB,KC,302.5,69.5,233,372,,garrett-nussmeier.php,,,14.6,,,,,,,Garrett Nussmeier,2026-05-08,KCC
/nfl/rankings/dynasty-superflex.php,dynasty-op,dsf,Eric McAlister,28134,WR,FA,332.67,44.19,286,392,,eric-mcalister.php,,,9.5,,,,,,,Eric McAlister,2026-05-08,FA
/nfl/rankings/dynasty-superflex.php,dynasty-op,dsf,Jermaine Burton,22956,WR,FA,308.5,70.5,238,379,,jermaine-burton.php,,,0.6,,,,,,,Jermaine Burton,2026-05-08,FA
/nfl/rankings/dynasty-superflex.php,dynasty-op,dsf,Josh Oliver,18487,TE,MIN,359.25,45.59,315,433,,josh-oliver.php,,,1.1,,,,,,,Josh Oliver,2026-05-08,MIN
/nfl/rankings/dynasty-superflex.php,dynasty-op,dsf,Bam Knight,24901,RB,ARI,354.5,46.24,289,412,,zonovan-bam-knight.php,,,1.3,,,,,,,Bam Knight,2026-05-08,ARI
/nfl/rankings/dynasty-superflex.php,dynasty-op,dsf,Jam Miller,27326,RB,NE,343.0,55.15,274,409,,jam-miller.php,,,2.3,,,,,,,Jam Miller,2026-05-08,NEP
/nfl/rankings/dynasty-superflex.php,dynasty-op,dsf,Taylen Green,28094,QB,CLE,311.5,70.5,241,382,,taylen-green.php,,,6.6,,,,,,,Taylen Green,2026-05-08,CLE
/nfl/rankings/dynasty-superflex.php,dynasty-op,dsf,Dallen Bentley,28352,TE,DEN,344.67,44.97,308,408,,dallen-bentley.php,,,1.1,,,,,,,Dallen Bentley,2026-05-08,DEN
/nfl/rankings/dynasty-superflex.php,dynasty-op,dsf,Antonio Gibson,19624,RB,FA,349.67,52.93,300,423,,antonio-gibson.php,,,0.7,,,,,,,Antonio Gibson,2026-05-08,FA
/nfl/rankings/dynasty-superflex.php,dynasty-op,dsf,Isaiah Hodgins,19375,WR,NYG,358.33,66.01,291,448,,isaiah-hodgins.php,,,0.1,,,,,,,Isaiah Hodgins,2026-05-08,NYG
/nfl/rankings/dynasty-superflex.php,dynasty-op,dsf,Van Jefferson,19483,WR,WAS,352.33,54.27,311,429,,van-jefferson.php,,,1.1,,,,,,,Van Jefferson,2026-05-08,WAS
/nfl/rankings/dynasty-superflex.php,dynasty-op,dsf,Josh Cuevas,28155,TE,BAL,348.67,49.37,293,413,,josh-cuevas.php,,,0.9,,,,,,,Josh Cuevas,2026-05-08,BAL
/nfl/rankings/dynasty-superflex.php,dynasty-op,dsf,Javon Baker,22885,WR,FA,318.0,70.0,248,388,,javon-baker.php,,,1.0,,,,,,,Javon Baker,2026-05-08,FA
/nfl/rankings/dynasty-superflex.php,dynasty-op,dsf,Tommy Tremble,22795,TE,CAR,319.5,70.5,249,390,,tommy-tremble.php,,,2.1,,,,,,,Tommy Tremble,2026-05-08,CAR
/nfl/rankings/dynasty-superflex.php,dynasty-op,dsf,Trey Palmer,25331,WR,NO,255.0,0.0,255,255,,trey-palmer.php,,,1.8,,,,,,,Trey Palmer,2026-05-08,NOS
/nfl/rankings/dynasty-superflex.php,dynasty-op,dsf,Austin Hooper,15581,TE,ATL,354.33,46.76,310,419,,austin-hooper.php,,,2.1,,,,,,,Austin Hooper,2026-05-08,ATL
/nfl/rankings/dynasty-superflex.php,dynasty-op,dsf,Dae'Quan Wright,28159,TE,PHI,355.0,45.96,322,420,,daequan-wright.php,,,0.0,,,,,,,DaeQuan Wright,2026-05-08,PHI
/nfl/rankings/dynasty-superflex.php,dynasty-op,dsf,Luke Schoonmaker,25267,TE,DAL,364.67,58.73,314,447,,luke-schoonmaker.php,,,1.4,,,,,,,Luke Schoonmaker,2026-05-08,DAL
/nfl/rankings/dynasty-superflex.php,dynasty-op,dsf,Jeremy McNichols,16445,RB,WAS,329.5,66.5,263,396,,jeremy-mcnichols.php,,,0.9,,,,,,,Jeremy McNichols,2026-05-08,WAS
/nfl/rankings/dynasty-superflex.php,dynasty-op,dsf,Spencer Rattler,23081,QB,NO,330.0,65.0,265,395,,spencer-rattler.php,,,4.5,,,,,,,Spencer Rattler,2026-05-08,NOS
/nfl/rankings/dynasty-superflex.php,dynasty-op,dsf,Cade Stover,25269,TE,HOU,331.5,66.5,265,398,,cade-stover.php,,,2.7,,,,,,,Cade Stover,2026-05-08,HOU
/nfl/rankings/dynasty-superflex.php,dynasty-op,dsf,Kendrick Law,26044,WR,DET,335.0,65.0,270,400,,kendrick-law.php,,,0.8,,,,,,,Kendrick Law,2026-05-08,DET
/nfl/rankings/dynasty-superflex.php,dynasty-op,dsf,Jacob Cowing,25289,WR,SF,336.5,65.5,271,402,,jacob-cowing.php,,,0.6,,,,,,,Jacob Cowing,2026-05-08,SFO
/nfl/rankings/dynasty-superflex.php,dynasty-op,dsf,Reggie Virgil,28141,WR,ARI,337.0,66.0,271,403,,reggie-virgil.php,,,0.7,,,,,,,Reggie Virgil,2026-05-08,ARI
/nfl/rankings/dynasty-superflex.php,dynasty-op,dsf,Riley Nowakowski,28437,TE,PIT,338.5,66.5,272,405,,riley-nowakowski.php,,,0.6,,,,,,,Riley Nowakowski,2026-05-08,PIT
/nfl/rankings/dynasty-superflex.php,dynasty-op,dsf,Olamide Zaccheaus,18864,WR,ATL,362.33,46.44,329,428,,olamide-zaccheaus.php,,,9.9,,,,,,,Olamide Zaccheaus,2026-05-08,ATL
/nfl/rankings/dynasty-superflex.php,dynasty-op,dsf,Will Dissly,18049,TE,FA,340.0,66.0,274,406,,will-dissly.php,,,0.6,,,,,,,Will Dissly,2026-05-08,FA
/nfl/rankings/dynasty-superflex.php,dynasty-op,dsf,Malachi Corley,26023,WR,CLE,341.0,66.0,275,407,,malachi-corley.php,,,0.6,,,,,,,Malachi Corley,2026-05-08,CLE
/nfl/rankings/dynasty-superflex.php,dynasty-op,dsf,Darren Waller,14104,TE,FA,374.33,69.83,290,461,,darren-waller.php,,,11.6,,,,,,,Darren Waller,2026-05-08,FA
/nfl/rankings/dynasty-superflex.php,dynasty-op,dsf,Rasheen Ali,25983,RB,BAL,385.5,108.5,277,494,,rasheen-ali.php,,,3.2,,,,,,,Rasheen Ali,2026-05-08,BAL
/nfl/rankings/dynasty-superflex.php,dynasty-op,dsf,Mason Rudolph,17234,QB,PIT,344.5,65.5,279,410,,mason-rudolph.php,,,3.0,,,,,,,Mason Rudolph,2026-05-08,PIT
/nfl/rankings/dynasty-superflex.php,dynasty-op,dsf,Seydou Traore,28163,TE,MIA,345.0,66.0,279,411,,seydou-traore.php,,,0.0,,,,,,,Seydou Traore,2026-05-08,MIA
/nfl/rankings/dynasty-superflex.php,dynasty-op,dsf,Efton Chism III,27445,WR,NE,368.33,49.88,320,437,,efton-chismi.php,,,1.1,,,,,,,Efton Chism,2026-05-08,NEP
/nfl/rankings/dynasty-superflex.php,dynasty-op,dsf,Joe Flacco,9300,QB,CIN,359.5,74.5,285,434,,joe-flacco.php,,,18.2,,,,,,,Joe Flacco,2026-05-08,CIN
/nfl/rankings/dynasty-superflex.php,dynasty-op,dsf,Austin Ekeler,16483,RB,FA,354.0,68.0,286,422,,austin-ekeler.php,,,4.3,,,,,,,Austin Ekeler,2026-05-08,FA
/nfl/rankings/dynasty-superflex.php,dynasty-op,dsf,Colbie Young,26037,WR,CIN,351.5,63.5,288,415,,colbie-young.php,,,0.8,,,,,,,Colbie Young,2026-05-08,CIN
/nfl/rankings/dynasty-superflex.php,dynasty-op,dsf,RJ Maryland,27341,TE,GB,352.5,63.5,289,416,,rj-maryland.php,,,0.0,,,,,,,RJ Maryland,2026-05-08,GBP
/nfl/rankings/dynasty-superflex.php,dynasty-op,dsf,Riley Leonard,25373,QB,IND,352.5,61.5,291,414,,riley-leonard.php,,,11.2,,,,,,,Riley Leonard,2026-05-08,IND
/nfl/rankings/dynasty-superflex.php,dynasty-op,dsf,Carsen Ryan,28399,TE,CLE,356.5,61.5,295,418,,carsen-ryan.php,,,0.6,,,,,,,Carsen Ryan,2026-05-08,CLE
/nfl/rankings/dynasty-superflex.php,dynasty-op,dsf,Foster Moreau,18397,TE,HOU,403.0,108.0,295,511,,foster-moreau.php,,,0.7,,,,,,,Foster Moreau,2026-05-08,HOU
/nfl/rankings/dynasty-superflex.php,dynasty-op,dsf,Aaron Anderson,27500,WR,CLE,359.0,62.0,297,421,,aaron-anderson.php,,,1.2,,,,,,,Aaron Anderson,2026-05-08,CLE
/nfl/rankings/dynasty-superflex.php,dynasty-op,dsf,Adam Trautman,19423,TE,DEN,388.5,90.5,298,479,,adam-trautman.php,,,1.1,,,,,,,Adam Trautman,2026-05-08,DEN
/nfl/rankings/dynasty-superflex.php,dynasty-op,dsf,Elijah Higgins,23119,TE,ARI,376.33,48.58,326,442,,elijah-higgins.php,,,3.6,,,,,,,Elijah Higgins,2026-05-08,ARI
/nfl/rankings/dynasty-superflex.php,dynasty-op,dsf,Jaren Kanak,28160,TE,TEN,362.5,61.5,301,424,,jaren-kanak.php,,,0.0,,,,,,,Jaren Kanak,2026-05-08,TEN
/nfl/rankings/dynasty-superflex.php,dynasty-op,dsf,Khalil Herbert,22763,RB,FA,363.5,61.5,302,425,,khalil-herbert.php,,,1.1,,,,,,,Khalil Herbert,2026-05-08,FA
/nfl/rankings/dynasty-superflex.php,dynasty-op,dsf,Jimmy Horn Jr.,27294,WR,CAR,385.0,63.83,310,466,,jimmy-horn-jr.php,,,1.8,,,,,,,Jimmy Horn,2026-05-08,CAR
/nfl/rankings/dynasty-superflex.php,dynasty-op,dsf,Kaden Wetjen,28435,WR,PIT,366.5,60.5,306,427,,kaden-wetjen.php,,,0.8,,,,,,,Kaden Wetjen,2026-05-08,PIT
/nfl/rankings/dynasty-superflex.php,dynasty-op,dsf,Jared Wiley,26343,TE,KC,371.0,59.0,312,430,,jared-wiley.php,,,0.6,,,,,,,Jared Wiley,2026-05-08,KCC
/nfl/rankings/dynasty-superflex.php,dynasty-op,dsf,Chase Roberts,28131,WR,LV,371.5,59.5,312,431,,chase-roberts.php,,,0.0,,,,,,,Chase Roberts,2026-05-08,LVR
/nfl/rankings/dynasty-superflex.php,dynasty-op,dsf,Raheem Mostert,14338,RB,LV,374.5,60.5,314,435,,raheem-mostert.php,,,0.6,,,,,,,Raheem Mostert,2026-05-08,LVR
/nfl/rankings/dynasty-superflex.php,dynasty-op,dsf,Brevin Jordan,20162,TE,HOU,414.0,98.0,316,512,,brevin-jordan.php,,,0.6,,,,,,,Brevin Jordan,2026-05-08,HOU
/nfl/rankings/dynasty-superflex.php,dynasty-op,dsf,Trey Lance,20082,QB,LAC,367.0,50.0,317,417,,trey-lance.php,,,4.5,,,,,,,Trey Lance,2026-05-08,LAC
/nfl/rankings/dynasty-superflex.php,dynasty-op,dsf,Tyler Huntley,19297,QB,BAL,377.5,58.5,319,436,,tyler-huntley.php,,,5.2,,,,,-7.0,,Tyler Huntley,2026-05-08,BAL
/nfl/rankings/dynasty-superflex.php,dynasty-op,dsf,Dean Connors,28113,RB,LAR,382.5,62.5,320,445,,dean-connors.php,,,0.0,,,,,-14.0,,Dean Connors,2026-05-08,LAR
/nfl/rankings/dynasty-superflex.php,dynasty-op,dsf,Davis Mills,22799,QB,HOU,380.0,59.0,321,439,,davis-mills.php,,,6.0,,,,,,,Davis Mills,2026-05-08,HOU
/nfl/rankings/dynasty-superflex.php,dynasty-op,dsf,Mitchell Trubisky,16381,QB,TEN,381.0,59.0,322,440,,mitch-trubisky.php,,,1.2,,,,,,,Mitchell Trubisky,2026-05-08,TEN
/nfl/rankings/dynasty-superflex.php,dynasty-op,dsf,Jeremy Ruckert,23742,TE,NYJ,383.5,57.5,326,441,,jeremy-ruckert.php,,,1.2,,,,,,,Jeremy Ruckert,2026-05-08,NYJ
/nfl/rankings/dynasty-superflex.php,dynasty-op,dsf,Kalif Raymond,16081,WR,CHI,385.5,57.5,328,443,,kalif-raymond.php,,,1.5,,,,,,,Kalif Raymond,2026-05-08,CHI
/nfl/rankings/dynasty-superflex.php,dynasty-op,dsf,Thomas Fidone II,23039,TE,NYG,386.5,57.5,329,444,,thomas-fidone.php,,,0.6,,,,,,,Thomas Fidone,2026-05-08,NYG
/nfl/rankings/dynasty-superflex.php,dynasty-op,dsf,Jaydn Ott,25394,RB,KC,398.0,69.0,329,467,,jaydn-ott.php,,,1.5,,,,,,,Jaydn Ott,2026-05-08,KCC
/nfl/rankings/dynasty-superflex.php,dynasty-op,dsf,Ty Chandler,19471,RB,NO,330.0,0.0,330,330,,ty-chandler.php,,,0.6,,,,,,,Ty Chandler,2026-05-08,NOS
/nfl/rankings/dynasty-superflex.php,dynasty-op,dsf,Treylon Burks,22905,WR,WAS,388.5,57.5,331,446,,treylon-burks.php,,,4.3,,,,,,,Treylon Burks,2026-05-08,WAS
/nfl/rankings/dynasty-superflex.php,dynasty-op,dsf,Bo Melton,24049,WR,GB,337.0,0.0,337,337,,bo-melton.php,,,0.6,,,,,,,Bo Melton,2026-05-08,GBP
/nfl/rankings/dynasty-superflex.php,dynasty-op,dsf,Grant Calcaterra,24180,TE,PHI,393.5,55.5,338,449,,grant-calcaterra.php,,,1.4,,,,,,,Grant Calcaterra,2026-05-08,PHI
/nfl/rankings/dynasty-superflex.php,dynasty-op,dsf,Isaiah Williams,26379,WR,NYJ,395.5,54.5,341,450,,isaiah-williams-wr.php,,,2.2,,,,,,,Isaiah Williams,2026-05-08,NYJ
/nfl/rankings/dynasty-superflex.php,dynasty-op,dsf,Noah Brown,16443,WR,FA,400.0,51.0,349,451,,noah-brown.php,,,0.7,,,,,,,Noah Brown,2026-05-08,FA
/nfl/rankings/dynasty-superflex.php,dynasty-op,dsf,Josh Reynolds,16439,WR,FA,401.0,51.0,350,452,,josh-reynolds.php,,,2.1,,,,,,,Josh Reynolds,2026-05-08,FA
/nfl/rankings/dynasty-superflex.php,dynasty-op,dsf,JuJu Smith-Schuster,16427,WR,FA,402.0,51.0,351,453,,juju-smith-schuster.php,,,0.8,,,,,,,JuJu Smith-Schuster,2026-05-08,FA
/nfl/rankings/dynasty-superflex.php,dynasty-op,dsf,Sterling Shepard,15569,WR,FA,403.0,51.0,352,454,,sterling-shepard.php,,,1.0,,,,,,,Sterling Shepard,2026-05-08,FA
/nfl/rankings/dynasty-superflex.php,dynasty-op,dsf,Tyrell Shavers,25813,WR,BUF,405.0,50.0,355,455,,tyrell-shavers.php,,,1.3,,,,,,,Tyrell Shavers,2026-05-08,BUF
/nfl/rankings/dynasty-superflex.php,dynasty-op,dsf,Theo Wease Jr.,27222,WR,MIA,409.0,47.0,362,456,,theo-wease-jr.php,,,4.8,,,,,,,Theo Wease,2026-05-08,MIA
/nfl/rankings/dynasty-superflex.php,dynasty-op,dsf,Xavier Hutchinson,25332,WR,HOU,410.0,47.0,363,457,,xavier-hutchinson.php,,,4.4,,,,,,,Xavier Hutchinson,2026-05-08,HOU
/nfl/rankings/dynasty-superflex.php,dynasty-op,dsf,Dohnte Meyers,28178,WR,CIN,411.5,46.5,365,458,,dohnte-meyers.php,,,0.0,,,,,,,Dohnte Meyers,2026-05-08,CIN
/nfl/rankings/dynasty-superflex.php,dynasty-op,dsf,Damien Alford,28451,WR,NO,412.5,46.5,366,459,,damien-alford.php,,,1.5,,,,,,,Damien Alford,2026-05-08,NOS
/nfl/rankings/dynasty-superflex.php,dynasty-op,dsf,Charlie Kolar,22756,TE,LAC,414.5,45.5,369,460,,charlie-kolar.php,,,5.5,,,,,,,Charlie Kolar,2026-05-08,LAC
/nfl/rankings/dynasty-superflex.php,dynasty-op,dsf,Jared Wayne,25495,WR,HOU,418.5,43.5,375,462,,jared-wayne.php,,,0.0,,,,,,,Jared Wayne,2026-05-08,HOU
/nfl/rankings/dynasty-superflex.php,dynasty-op,dsf,Kevin Austin Jr.,23049,WR,NO,419.5,43.5,376,463,,kevin-austin.php,,,1.2,,,,,,,Kevin Austin,2026-05-08,NOS
/nfl/rankings/dynasty-superflex.php,dynasty-op,dsf,Jahdae Walker,27810,WR,CHI,420.5,43.5,377,464,,jahdae-walker.php,,,2.6,,,,,,,Jahdae Walker,2026-05-08,CHI
/nfl/rankings/dynasty-superflex.php,dynasty-op,dsf,Lil'Jordan Humphrey,18590,WR,DEN,421.5,43.5,378,465,,liljordan-humphrey.php,,,1.1,,,,,,,LilJordan Humphrey,2026-05-08,DEN
/nfl/rankings/dynasty-superflex.php,dynasty-op,dsf,Malik Davis,24205,RB,DAL,426.0,44.0,382,470,,malik-davis.php,,,5.7,,,,,,,Malik Davis,2026-05-08,DAL
/nfl/rankings/dynasty-superflex.php,dynasty-op,dsf,Jamari Thrash,26162,WR,CLE,426.0,42.0,384,468,,jamari-thrash.php,,,0.6,,,,,,,Jamari Thrash,2026-05-08,CLE
/nfl/rankings/dynasty-superflex.php,dynasty-op,dsf,Greg Dortch,18585,WR,DET,427.0,42.0,385,469,,greg-dortch.php,,,2.3,,,,,,,Greg Dortch,2026-05-08,DET
/nfl/rankings/dynasty-superflex.php,dynasty-op,dsf,Cam Akers,19268,RB,FA,432.0,0.0,432,432,,cam-akers.php,,,0.6,,,,,,,Cam Akers,2026-05-08,FA
/nfl/rankings/dynasty-superflex.php,dynasty-op,dsf,Marquez Valdes-Scantling,17528,WR,DAL,471.0,0.0,471,471,,marquez-valdesscantling.php,,,0.7,,,,,,,Marquez Valdes-Scantling,2026-05-08,DAL
/nfl/rankings/dynasty-superflex.php,dynasty-op,dsf,Arian Smith,22965,WR,NYJ,472.0,0.0,472,472,,arian-smith.php,,,0.7,,,,,,,Arian Smith,2026-05-08,NYJ
/nfl/rankings/dynasty-superflex.php,dynasty-op,dsf,John Michael Gyllenborg,28158,TE,KC,473.0,0.0,473,473,,john-michael-gyllenborg.php,,,1.8,,,,,,,John Michael Gyllenborg,2026-05-08,KCC
/nfl/rankings/dynasty-superflex.php,dynasty-op,dsf,Hunter Long,22783,TE,JAC,474.0,0.0,474,474,,hunter-long.php,,,0.6,,,,,,,Hunter Long,2026-05-08,JAC
/nfl/rankings/dynasty-superflex.php,dynasty-op,dsf,Jackson Hawes,27469,TE,BUF,475.0,0.0,475,475,,jackson-hawes.php,,,1.4,,,,,12.0,,Jackson Hawes,2026-05-08,BUF
/nfl/rankings/dynasty-superflex.php,dynasty-op,dsf,Tim Patrick,16556,WR,FA,476.0,0.0,476,476,,tim-patrick.php,,,1.8,,,,,,,Tim Patrick,2026-05-08,FA
/nfl/rankings/dynasty-superflex.php,dynasty-op,dsf,Mitch Tinsley,24370,WR,CIN,477.0,0.0,477,477,,mitchell-tinsley.php,,,0.6,,,,,,,Mitch Tinsley,2026-05-08,CIN
/nfl/rankings/dynasty-superflex.php,dynasty-op,dsf,Tanner Hudson,17826,TE,CIN,478.0,0.0,478,478,,tanner-hudson.php,,,1.2,,,,,,,Tanner Hudson,2026-05-08,CIN
/nfl/rankings/dynasty-superflex.php,dynasty-op,dsf,Zay Jones,16431,WR,FA,480.0,0.0,480,480,,zay-jones.php,,,1.0,,,,,,,Zay Jones,2026-05-08,FA
/nfl/rankings/dynasty-superflex.php,dynasty-op,dsf,Darius Cooper,27866,WR,PHI,481.0,0.0,481,481,,darius-cooper.php,,,1.6,,,,,,,Darius Cooper,2026-05-08,PHI
/nfl/rankings/dynasty-superflex.php,dynasty-op,dsf,Michael Carter,22728,RB,TEN,482.0,0.0,482,482,,michael-carter-rb.php,,,3.0,,,,,,,Michael Carter,2026-05-08,TEN
/nfl/rankings/dynasty-superflex.php,dynasty-op,dsf,Jonathan Mingo,23030,WR,DAL,483.0,0.0,483,483,,jonathan-mingo.php,,,0.6,,,,,,,Jonathan Mingo,2026-05-08,DAL
/nfl/rankings/dynasty-superflex.php,dynasty-op,dsf,Romello Brinson,28152,WR,MIA,484.0,0.0,484,484,,romello-brinson.php,,,0.0,,,,,,,Romello Brinson,2026-05-08,MIA
/nfl/rankings/dynasty-superflex.php,dynasty-op,dsf,Harrison Wallace III,28143,WR,ARI,485.0,0.0,485,485,,harrison-wallace-iii.php,,,0.0,,,,,,,Harrison Wallace,2026-05-08,ARI
/nfl/rankings/dynasty-superflex.php,dynasty-op,dsf,Tyler Johnson,18633,WR,DAL,486.0,0.0,486,486,,tyler-johnson.php,,,1.1,,,,,,,Tyler Johnson,2026-05-08,DAL
/nfl/rankings/dynasty-superflex.php,dynasty-op,dsf,Vinny Anthony II,28150,WR,ATL,487.0,0.0,487,487,,vinny-anthony-ii.php,,,0.0,,,,,,,Vinny Anthony,2026-05-08,ATL
/nfl/rankings/dynasty-superflex.php,dynasty-op,dsf,Nick Nash,27263,WR,WAS,488.0,0.0,488,488,,nick-nash.php,,,0.6,,,,,,,Nick Nash,2026-05-08,WAS
/nfl/rankings/dynasty-superflex.php,dynasty-op,dsf,Tyler Scott,25442,WR,LAR,489.0,0.0,489,489,,tyler-scott-wr.php,,,1.6,,,,,,,Tyler Scott,2026-05-08,LAR
/nfl/rankings/dynasty-superflex.php,dynasty-op,dsf,David Moore,16757,WR,CAR,490.0,0.0,490,490,,david-moore.php,,,0.8,,,,,,,David Moore,2026-05-08,CAR
/nfl/rankings/dynasty-superflex.php,dynasty-op,dsf,Allen Lazard,17301,WR,FA,491.0,0.0,491,491,,allen-lazard.php,,,0.7,,,,,,,Allen Lazard,2026-05-08,FA
/nfl/rankings/dynasty-superflex.php,dynasty-op,dsf,Davis Allen,23761,TE,LAR,492.0,0.0,492,492,,davis-allen.php,,,0.8,,,,,,,Davis Allen,2026-05-08,LAR
/nfl/rankings/dynasty-superflex.php,dynasty-op,dsf,Cedrick Wilson Jr.,17262,WR,FA,493.0,0.0,493,493,,cedrick-wilson.php,,,1.1,,,,,,,Cedrick Wilson,2026-05-08,FA
/nfl/rankings/dynasty-superflex.php,dynasty-op,dsf,Dane Key,26015,WR,DEN,495.0,0.0,495,495,,dane-key.php,,,1.2,,,,,,,Dane Key,2026-05-08,DEN
/nfl/rankings/dynasty-superflex.php,dynasty-op,dsf,Jawhar Jordan,26329,RB,HOU,496.0,0.0,496,496,,jawhar-jordan.php,,,1.6,,,,,,,Jawhar Jordan,2026-05-08,HOU
/nfl/rankings/dynasty-superflex.php,dynasty-op,dsf,Jake Bobo,25339,WR,SEA,497.0,0.0,497,497,,jake-bobo.php,,,0.6,,,,,22.0,,Jake Bobo,2026-05-08,SEA
/nfl/rankings/dynasty-superflex.php,dynasty-op,dsf,Casey Washington,26413,WR,ATL,498.0,0.0,498,498,,casey-washington.php,,,0.1,,,,,,,Casey Washington,2026-05-08,ATL
/nfl/rankings/dynasty-superflex.php,dynasty-op,dsf,Isaiah Williams,10977,WR,FA,499.0,0.0,499,499,,isaiah-williams.php,,,0.0,,,,,,,Isaiah Williams,2026-05-08,FA
/nfl/rankings/dynasty-superflex.php,dynasty-op,dsf,Chris Moore,15654,WR,FA,500.0,0.0,500,500,,chris-moore.php,,,0.0,,,,,,,Chris Moore,2026-05-08,FA
/nfl/rankings/dynasty-superflex.php,dynasty-op,dsf,Ricky White III,27186,WR,SEA,501.0,0.0,501,501,,ricky-white-iii.php,,,1.0,,,,,,,Ricky White,2026-05-08,SEA
/nfl/rankings/dynasty-superflex.php,dynasty-op,dsf,Ray-Ray McCloud III,17530,WR,FA,502.0,0.0,502,502,,ray-ray-mccloud.php,,,1.0,,,,,,,Ray-Ray McCloud,2026-05-08,FA
/nfl/rankings/dynasty-superflex.php,dynasty-op,dsf,Dante Pettis,17264,WR,NO,503.0,0.0,503,503,,dante-pettis.php,,,1.0,,,,,,,Dante Pettis,2026-05-08,NOS
/nfl/rankings/dynasty-superflex.php,dynasty-op,dsf,Scotty Miller,18714,WR,FA,504.0,0.0,504,504,,scott-miller.php,,,0.0,,,,,,,Scott Miller,2026-05-08,FA
/nfl/rankings/dynasty-superflex.php,dynasty-op,dsf,Ben Skowronek,22843,WR,PIT,505.0,0.0,505,505,,ben-skowronek.php,,,0.1,,,,,,,Ben Skowronek,2026-05-08,PIT
/nfl/rankings/dynasty-superflex.php,dynasty-op,dsf,Michael Bandy,23531,WR,DEN,506.0,0.0,506,506,,michael-bandy.php,,,0.6,,,,,,,Michael Bandy,2026-05-08,DEN
/nfl/rankings/dynasty-superflex.php,dynasty-op,dsf,Shedrick Jackson,25709,WR,LV,507.0,0.0,507,507,,shedrick-jackson.php,,,0.6,,,,,,,Shedrick Jackson,2026-05-08,LVR
/nfl/rankings/dynasty-superflex.php,dynasty-op,dsf,Xavier Smith,25627,WR,LAR,508.0,0.0,508,508,,xavier-smith.php,,,0.6,,,,,,,Xavier Smith,2026-05-08,LAR
/nfl/rankings/dynasty-superflex.php,dynasty-op,dsf,Johnny Wilson,25295,WR,PHI,509.0,0.0,509,509,,johnny-wilson.php,,,0.6,,,,,,,Johnny Wilson,2026-05-08,PHI
/nfl/rankings/dynasty-superflex.php,dynasty-op,dsf,Brock Wright,23341,TE,DET,510.0,0.0,510,510,,brock-wright.php,,,0.8,,,,,,,Brock Wright,2026-05-08,DET
/nfl/rankings/dynasty-superflex.php,dynasty-op,dsf,David Sills V,18566,WR,TB,513.0,0.0,513,513,,david-sills.php,,,0.0,,,,,,,David Sills,2026-05-08,TBB
/nfl/rankings/dynasty-superflex.php,dynasty-op,dsf,Henry Ruggs III,19207,WR,FA,514.0,0.0,514,514,,henry-ruggs.php,,,7.6,,,,,,,Henry Ruggs,2026-05-08,FA
/nfl/rankings/dynasty-superflex.php,dynasty-op,dsf,Skyy Moore,23905,WR,GB,515.0,0.0,515,515,,skyy-moore.php,,,1.0,,,,,,,Skyy Moore,2026-05-08,GBP
/nfl/rankings/dynasty-overall.php,dynasty-overall,do,Ja'Marr Chase,19788,WR,CIN,1.17,0.37,1,2,,jamarr-chase.php,,,98.9,,,,,,,JaMarr Chase,2026-05-08,CIN
/nfl/rankings/dynasty-overall.php,dynasty-overall,do,Puka Nacua,23180,WR,LAR,3.0,1.0,1,5,,puka-nacua.php,,,99.1,,,,,-1.0,,Puka Nacua,2026-05-08,LAR
/nfl/rankings/dynasty-overall.php,dynasty-overall,do,Jaxon Smith-Njigba,23070,WR,SEA,3.17,1.3,2,6,,jaxon-smith-njigba.php,,,99.0,,,,,1.0,,Jaxon Smith-Njigba,2026-05-08,SEA
/nfl/rankings/dynasty-overall.php,dynasty-overall,do,Bijan Robinson,23133,RB,ATL,3.78,1.31,1,5,,bijan-robinson.php,,,98.7,,,,,,,Bijan Robinson,2026-05-08,ATL
/nfl/rankings/dynasty-overall.php,dynasty-overall,do,Jahmyr Gibbs,22968,RB,DET,5.17,0.96,3,6,,jahmyr-gibbs.php,,,98.7,,,,,,,Jahmyr Gibbs,2026-05-08,DET
/nfl/rankings/dynasty-overall.php,dynasty-overall,do,Justin Jefferson,19236,WR,MIN,6.61,1.95,4,11,,justin-jefferson.php,,,87.5,,,,,1.0,,Justin Jefferson,2026-05-08,MIN
/nfl/rankings/dynasty-overall.php,dynasty-overall,do,CeeDee Lamb,19202,WR,DAL,7.17,1.57,4,10,,ceedee-lamb.php,,,98.6,,,,,-1.0,,CeeDee Lamb,2026-05-08,DAL
/nfl/rankings/dynasty-overall.php,dynasty-overall,do,Amon-Ra St. Brown,19799,WR,DET,8.0,1.63,5,11,,amonra-stbrown.php,,,98.9,,,,,,,Amon-Ra St Brown,2026-05-08,DET
/nfl/rankings/dynasty-overall.php,dynasty-overall,do,Malik Nabers,25409,WR,NYG,9.72,1.99,6,14,,malik-nabers.php,,,98.5,,,,,,,Malik Nabers,2026-05-08,NYG
/nfl/rankings/dynasty-overall.php,dynasty-overall,do,Ashton Jeanty,25989,RB,LV,10.06,2.5,8,19,,ashton-jeanty.php,,,87.7,,,,,,,Ashton Jeanty,2026-05-08,LVR
/nfl/rankings/dynasty-overall.php,dynasty-overall,do,Drake London,23163,WR,ATL,12.56,1.71,10,15,,drake-london.php,,,98.3,,,,,,,Drake London,2026-05-08,ATL
/nfl/rankings/dynasty-overall.php,dynasty-overall,do,De'Von Achane,23136,RB,MIA,13.0,2.19,9,18,,devon-achane.php,,,98.6,,,,,,,DeVon Achane,2026-05-08,MIA
/nfl/rankings/dynasty-overall.php,dynasty-overall,do,Jeremiyah Love,25403,RB,ARI,14.61,4.81,9,27,,jeremiyah-love.php,,,83.2,,,,,,,Jeremiyah Love,2026-05-08,ARI
/nfl/rankings/dynasty-overall.php,dynasty-overall,do,James Cook III,22958,RB,BUF,15.72,4.19,9,26,,james-cook.php,,,98.8,,,,,,,James Cook,2026-05-08,BUF
/nfl/rankings/dynasty-overall.php,dynasty-overall,do,Omarion Hampton,25395,RB,LAC,16.11,4.12,10,24,,omarion-hampton.php,,,87.2,,,,,-2.0,,Omarion Hampton,2026-05-08,LAC
/nfl/rankings/dynasty-overall.php,dynasty-overall,do,Nico Collins,20130,WR,HOU,17.72,3.19,13,25,,nico-collins.php,,,98.9,,,,,,,Nico Collins,2026-05-08,HOU
/nfl/rankings/dynasty-overall.php,dynasty-overall,do,Tetairoa McMillan,25417,WR,CAR,18.44,3.74,13,26,,tetairoa-mcmillan.php,,,87.0,,,,,,,Tetairoa McMillan,2026-05-08,CAR
/nfl/rankings/dynasty-overall.php,dynasty-overall,do,Brock Bowers,22955,TE,LV,19.83,5.2,9,31,,brock-bowers.php,,,98.9,,,,,,,Brock Bowers,2026-05-08,LVR
/nfl/rankings/dynasty-overall.php,dynasty-overall,do,George Pickens,22963,WR,DAL,20.28,3.57,14,28,,george-pickens.php,,,98.4,,,,,,,George Pickens,2026-05-08,DAL
/nfl/rankings/dynasty-overall.php,dynasty-overall,do,Jonathan Taylor,19217,RB,IND,20.83,7.74,12,37,,jonathan-taylor.php,,,98.5,,,,,,,Jonathan Taylor,2026-05-08,IND
/nfl/rankings/dynasty-overall.php,dynasty-overall,do,Josh Allen,17298,QB,BUF,20.89,2.79,19,28,,josh-allen-qb.php,,,99.2,,,,,,,Josh Allen,2026-05-08,BUF
/nfl/rankings/dynasty-overall.php,dynasty-overall,do,Chris Olave,20111,WR,NO,24.83,4.09,18,32,,chris-olave.php,,,97.5,,,,,,,Chris Olave,2026-05-08,NOS
/nfl/rankings/dynasty-overall.php,dynasty-overall,do,Emeka Egbuka,23062,WR,TB,25.17,6.06,17,40,,emeka-egbuka.php,,,79.4,,,,,,,Emeka Egbuka,2026-05-08,TBB
/nfl/rankings/dynasty-overall.php,dynasty-overall,do,Trey McBride,22936,TE,ARI,25.72,7.69,8,44,,trey-mcbride.php,,,98.4,,,,,,,Trey McBride,2026-05-08,ARI
/nfl/rankings/dynasty-overall.php,dynasty-overall,do,Garrett Wilson,23072,WR,NYJ,27.17,3.34,21,33,,garrett-wilson.php,,,97.4,,,,,,,Garrett Wilson,2026-05-08,NYJ
/nfl/rankings/dynasty-overall.php,dynasty-overall,do,Rashee Rice,23113,WR,KC,29.83,13.87,17,67,,rashee-rice.php,,,98.3,,,,,,,Rashee Rice,2026-05-08,KCC
/nfl/rankings/dynasty-overall.php,dynasty-overall,do,Kenneth Walker III,23021,RB,KC,30.11,11.39,21,50,,kenneth-walker-rb.php,,,87.4,,,,,,,Kenneth Walker,2026-05-08,KCC
/nfl/rankings/dynasty-overall.php,dynasty-overall,do,Drake Maye,23046,QB,NE,31.17,9.44,19,53,,drake-maye.php,,,99.1,,,,,,,Drake Maye,2026-05-08,NEP
/nfl/rankings/dynasty-overall.php,dynasty-overall,do,Carnell Tate,26009,WR,TEN,31.56,9.4,19,61,,carnell-tate.php,,,75.1,,,,,,,Carnell Tate,2026-05-08,TEN
/nfl/rankings/dynasty-overall.php,dynasty-overall,do,Ladd McConkey,26122,WR,LAC,31.61,5.64,26,50,,ladd-mcconkey.php,,,85.9,,,,,,,Ladd McConkey,2026-05-08,LAC
/nfl/rankings/dynasty-overall.php,dynasty-overall,do,Lamar Jackson,17233,QB,BAL,34.78,7.96,25,56,,lamar-jackson.php,,,98.5,,,,,-1.0,,Lamar Jackson,2026-05-08,BAL
/nfl/rankings/dynasty-overall.php,dynasty-overall,do,Jayden Daniels,22902,QB,WAS,34.78,8.63,25,56,,jayden-daniels.php,,,87.1,,,,,1.0,,Jayden Daniels,2026-05-08,WAS
/nfl/rankings/dynasty-overall.php,dynasty-overall,do,DeVonta Smith,19222,WR,PHI,36.0,6.76,27,57,,devonta-smith.php,,,86.7,,,,,,,DeVonta Smith,2026-05-08,PHI
/nfl/rankings/dynasty-overall.php,dynasty-overall,do,Chase Brown,25324,RB,CIN,38.28,8.79,24,55,,chase-brown.php,,,97.7,,,,,,,Chase Brown,2026-05-08,CIN
/nfl/rankings/dynasty-overall.php,dynasty-overall,do,Tee Higgins,19211,WR,CIN,39.22,6.6,31,57,,tee-higgins.php,,,97.0,,,,,,,Tee Higgins,2026-05-08,CIN
/nfl/rankings/dynasty-overall.php,dynasty-overall,do,Luther Burden III,27016,WR,CHI,39.28,13.28,26,71,,luther-burden-iii.php,,,83.5,,,,,,,Luther Burden,2026-05-08,CHI
/nfl/rankings/dynasty-overall.php,dynasty-overall,do,Colston Loveland,26006,TE,CHI,39.83,7.94,23,60,,colston-loveland.php,,,87.3,,,,,,,Colston Loveland,2026-05-08,CHI
/nfl/rankings/dynasty-overall.php,dynasty-overall,do,A.J. Brown,18218,WR,PHI,40.33,11.59,21,69,,aj-brown.php,,,98.3,,,,,3.0,,AJ Brown,2026-05-08,PHI
/nfl/rankings/dynasty-overall.php,dynasty-overall,do,Zay Flowers,22916,WR,BAL,41.0,10.7,27,67,,zay-flowers.php,,,97.6,,,,,-3.0,,Zay Flowers,2026-05-08,BAL
/nfl/rankings/dynasty-overall.php,dynasty-overall,do,Jordyn Tyson,26035,WR,NO,42.44,13.41,26,77,,jordyn-tyson.php,,,65.3,,,,,,,Jordyn Tyson,2026-05-08,NOS
/nfl/rankings/dynasty-overall.php,dynasty-overall,do,Joe Burrow,19196,QB,CIN,43.06,6.48,28,57,,joe-burrow.php,,,85.2,,,,,,,Joe Burrow,2026-05-08,CIN
/nfl/rankings/dynasty-overall.php,dynasty-overall,do,Breece Hall,22982,RB,NYJ,43.11,10.21,27,68,,breece-hall.php,,,91.4,,,,,,,Breece Hall,2026-05-08,NYJ
/nfl/rankings/dynasty-overall.php,dynasty-overall,do,Jaylen Waddle,19790,WR,DEN,44.11,8.02,33,70,,jaylen-waddle.php,,,86.0,,,,,,,Jaylen Waddle,2026-05-08,DEN
/nfl/rankings/dynasty-overall.php,dynasty-overall,do,Rome Odunze,25411,WR,CHI,44.17,10.61,32,76,,rome-odunze.php,,,77.7,,,,,,,Rome Odunze,2026-05-08,CHI
/nfl/rankings/dynasty-overall.php,dynasty-overall,do,Tyler Warren,26434,TE,IND,45.61,4.52,33,55,,tyler-warren.php,,,87.1,,,,,,,Tyler Warren,2026-05-08,IND
/nfl/rankings/dynasty-overall.php,dynasty-overall,do,Christian McCaffrey,16393,RB,SF,45.89,13.45,17,66,,christian-mccaffrey.php,,,99.0,,,,,,,Christian McCaffrey,2026-05-08,SFO
/nfl/rankings/dynasty-overall.php,dynasty-overall,do,Makai Lemon,25420,WR,PHI,47.06,16.17,24,82,,makai-lemon.php,,,69.4,,,,,,,Makai Lemon,2026-05-08,PHI
/nfl/rankings/dynasty-overall.php,dynasty-overall,do,Saquon Barkley,17240,RB,PHI,50.83,11.93,16,66,,saquon-barkley.php,,,98.8,,,,,,,Saquon Barkley,2026-05-08,PHI
/nfl/rankings/dynasty-overall.php,dynasty-overall,do,Justin Herbert,18635,QB,LAC,51.5,6.09,45,65,,justin-herbert.php,,,79.6,,,,,,,Justin Herbert,2026-05-08,LAC
/nfl/rankings/dynasty-overall.php,dynasty-overall,do,Patrick Mahomes II,16413,QB,KC,51.72,11.46,42,89,,patrick-mahomes.php,,,82.7,,,,,,,Patrick Mahomes,2026-05-08,KCC
/nfl/rankings/dynasty-overall.php,dynasty-overall,do,Marvin Harrison Jr.,23064,WR,ARI,52.22,14.64,31,90,,marvin-harrison-jr.php,,,71.2,,,,,,,Marvin Harrison,2026-05-08,ARI
/nfl/rankings/dynasty-overall.php,dynasty-overall,do,Jalen Hurts,19275,QB,PHI,52.61,6.0,41,63,,jalen-hurts.php,,,98.0,,,,,,,Jalen Hurts,2026-05-08,PHI
/nfl/rankings/dynasty-overall.php,dynasty-overall,do,Tucker Kraft,25298,TE,GB,53.0,4.85,44,62,,tucker-kraft.php,,,91.5,,,,,,,Tucker Kraft,2026-05-08,GBP
/nfl/rankings/dynasty-overall.php,dynasty-overall,do,TreVeyon Henderson,23065,RB,NE,54.11,9.97,35,68,,treveyon-henderson.php,,,78.7,,,,,,,TreVeyon Henderson,2026-05-08,NEP
/nfl/rankings/dynasty-overall.php,dynasty-overall,do,Harold Fannin Jr.,27050,TE,CLE,54.28,5.87,47,68,,harold-fannin-jr.php,,,83.9,,,,,,,Harold Fannin,2026-05-08,CLE
/nfl/rankings/dynasty-overall.php,dynasty-overall,do,Caleb Williams,23084,QB,CHI,54.78,18.58,41,113,,caleb-williams.php,,,83.1,,,,,,,Caleb Williams,2026-05-08,CHI
/nfl/rankings/dynasty-overall.php,dynasty-overall,do,Bucky Irving,25981,RB,TB,55.89,6.48,43,66,,bucky-irving.php,,,97.1,,,,,,,Bucky Irving,2026-05-08,TBB
/nfl/rankings/dynasty-overall.php,dynasty-overall,do,Quinshon Judkins,25391,RB,CLE,57.17,11.71,34,80,,quinshon-judkins.php,,,79.1,,,,,,,Quinshon Judkins,2026-05-08,CLE
/nfl/rankings/dynasty-overall.php,dynasty-overall,do,Jameson Williams,23677,WR,DET,57.22,7.38,43,70,,jameson-williams.php,,,89.8,,,,,,,Jameson Williams,2026-05-08,DET
/nfl/rankings/dynasty-overall.php,dynasty-overall,do,Brian Thomas Jr.,23000,WR,JAC,57.44,13.68,36,78,,brian-thomas-jr.php,,,70.4,,,,,,,Brian Thomas,2026-05-08,JAC
/nfl/rankings/dynasty-overall.php,dynasty-overall,do,Sam LaPorta,22978,TE,DET,59.11,6.95,48,73,,sam-laporta.php,,,94.6,,,,,,,Sam LaPorta,2026-05-08,DET
/nfl/rankings/dynasty-overall.php,dynasty-overall,do,Kyle Pitts Sr.,20164,TE,ATL,63.33,4.65,53,70,,kyle-pitts.php,,,96.0,,,,,,,Kyle Pitts,2026-05-08,ATL
/nfl/rankings/dynasty-overall.php,dynasty-overall,do,Josh Jacobs,18269,RB,GB,63.39,10.72,27,77,,josh-jacobs.php,,,98.3,,,,,,,Josh Jacobs,2026-05-08,GBP
/nfl/rankings/dynasty-overall.php,dynasty-overall,do,Travis Etienne Jr.,19231,RB,NO,64.72,8.68,46,86,,travis-etienne.php,,,97.1,,,,,,,Travis Etienne,2026-05-08,NOS
/nfl/rankings/dynasty-overall.php,dynasty-overall,do,Kyren Williams,23059,RB,LAR,65.0,13.09,35,85,,kyren-williams.php,,,97.8,,,,,,,Kyren Williams,2026-05-08,LAR
/nfl/rankings/dynasty-overall.php,dynasty-overall,do,Trevor Lawrence,19780,QB,JAC,65.39,13.98,51,96,,trevor-lawrence.php,,,87.6,,,,,,,Trevor Lawrence,2026-05-08,JAC
/nfl/rankings/dynasty-overall.php,dynasty-overall,do,KC Concepcion,27331,WR,CLE,66.0,15.92,37,93,,kevin-concepcion.php,,,56.0,,,,,,,KC Concepcion,2026-05-08,CLE
/nfl/rankings/dynasty-overall.php,dynasty-overall,do,Brock Purdy,19797,QB,SF,66.39,7.45,60,85,,brock-purdy.php,,,82.8,,,,,,,Brock Purdy,2026-05-08,SFO
/nfl/rankings/dynasty-overall.php,dynasty-overall,do,Jaxson Dart,23160,QB,NYG,66.67,14.82,51,111,,jaxson-dart.php,,,84.4,,,,,,,Jaxson Dart,2026-05-08,NYG
/nfl/rankings/dynasty-overall.php,dynasty-overall,do,Javonte Williams,22739,RB,DAL,68.83,14.02,40,87,,javonte-williams.php,,,97.1,,,,,,,Javonte Williams,2026-05-08,DAL
/nfl/rankings/dynasty-overall.php,dynasty-overall,do,Cam Skattebo,27166,RB,NYG,71.72,12.34,53,98,,cam-skattebo.php,,,97.2,,,,,,,Cam Skattebo,2026-05-08,NYG
/nfl/rankings/dynasty-overall.php,dynasty-overall,do,Christian Watson,23886,WR,GB,76.5,14.69,49,103,,christian-watson.php,,,69.9,,,,,,,Christian Watson,2026-05-08,GBP
/nfl/rankings/dynasty-overall.php,dynasty-overall,do,Alec Pierce,23791,WR,IND,76.83,16.75,49,119,,alec-pierce.php,,,70.1,,,,,,,Alec Pierce,2026-05-08,IND
/nfl/rankings/dynasty-overall.php,dynasty-overall,do,DJ Moore,17265,WR,BUF,76.83,9.86,57,92,,dj-moore-wr.php,,,78.4,,,,,,,DJ Moore,2026-05-08,BUF
/nfl/rankings/dynasty-overall.php,dynasty-overall,do,Jordan Addison,23107,WR,MIN,76.89,7.36,66,93,,jordan-addison.php,,,68.5,,,,,,,Jordan Addison,2026-05-08,MIN
/nfl/rankings/dynasty-overall.php,dynasty-overall,do,DK Metcalf,18219,WR,PIT,77.61,11.16,41,94,,dk-metcalf.php,,,72.6,,,,,,,DK Metcalf,2026-05-08,PIT
/nfl/rankings/dynasty-overall.php,dynasty-overall,do,Jadarian Price,27329,RB,SEA,78.55,9.24,57,94,,jadarian-price.php,,,66.4,,,,,,,Jadarian Price,2026-05-08,SEA
/nfl/rankings/dynasty-overall.php,dynasty-overall,do,Terry McLaurin,18466,WR,WAS,78.89,9.79,66,106,,terry-mclaurin.php,,,84.7,,,,,,,Terry McLaurin,2026-05-08,WAS
/nfl/rankings/dynasty-overall.php,dynasty-overall,do,Bo Nix,22910,QB,DEN,79.22,14.08,56,109,,bo-nix.php,,,70.7,,,,,,,Bo Nix,2026-05-08,DEN
/nfl/rankings/dynasty-overall.php,dynasty-overall,do,Derrick Henry,15514,RB,BAL,81.06,10.84,55,104,,derrick-henry.php,,,97.9,,,,,,,Derrick Henry,2026-05-08,BAL
/nfl/rankings/dynasty-overall.php,dynasty-overall,do,Kenyon Sadiq,26055,TE,NYJ,81.78,18.97,63,130,,kenyon-sadiq.php,,,56.2,,,,,,,Kenyon Sadiq,2026-05-08,NYJ
/nfl/rankings/dynasty-overall.php,dynasty-overall,do,Oronde Gadsden II,25997,TE,LAC,82.83,15.07,63,117,,oronde-gadsden-ii.php,,,52.7,,,,,,,Oronde Gadsden,2026-05-08,LAC
/nfl/rankings/dynasty-overall.php,dynasty-overall,do,Jordan Love,19246,QB,GB,85.89,13.64,61,109,,jordan-love.php,,,47.8,,,,,,,Jordan Love,2026-05-08,GBP
/nfl/rankings/dynasty-overall.php,dynasty-overall,do,Dak Prescott,15600,QB,DAL,88.78,15.08,56,115,,dak-prescott.php,,,82.4,,,,,,,Dak Prescott,2026-05-08,DAL
/nfl/rankings/dynasty-overall.php,dynasty-overall,do,Michael Wilson,25333,WR,ARI,90.89,9.02,77,107,,michael-wilson.php,,,69.4,,,,,,,Michael Wilson,2026-05-08,ARI
/nfl/rankings/dynasty-overall.php,dynasty-overall,do,Ricky Pearsall,26214,WR,SF,91.06,9.91,76,110,,ricky-pearsall.php,,,67.9,,,,,,,Ricky Pearsall,2026-05-08,SFO
/nfl/rankings/dynasty-overall.php,dynasty-overall,do,RJ Harvey,27142,RB,DEN,92.11,15.94,49,120,,rj-harvey.php,,,69.9,,,,,,,RJ Harvey,2026-05-08,DEN
/nfl/rankings/dynasty-overall.php,dynasty-overall,do,Bhayshul Tuten,27297,RB,JAC,93.56,20.62,58,163,,bhayshul-tuten.php,,,70.5,,,,,,,Bhayshul Tuten,2026-05-08,JAC
/nfl/rankings/dynasty-overall.php,dynasty-overall,do,Courtland Sutton,17253,WR,DEN,94.67,12.61,75,115,,courtland-sutton.php,,,78.0,,,,,,,Courtland Sutton,2026-05-08,DEN
/nfl/rankings/dynasty-overall.php,dynasty-overall,do,Eli Stowers,23144,TE,PHI,95.11,22.39,62,144,,eli-stowers.php,,,34.3,,,,,,,Eli Stowers,2026-05-08,PHI
/nfl/rankings/dynasty-overall.php,dynasty-overall,do,Xavier Worthy,23019,WR,KC,95.56,17.1,69,145,,xavier-worthy.php,,,66.7,,,,,,,Xavier Worthy,2026-05-08,KCC
/nfl/rankings/dynasty-overall.php,dynasty-overall,do,Jake Ferguson,22718,TE,DAL,95.61,14.36,74,123,,jake-ferguson.php,,,69.6,,,,,,,Jake Ferguson,2026-05-08,DAL
/nfl/rankings/dynasty-overall.php,dynasty-overall,do,Mike Evans,12119,WR,SF,95.78,6.14,85,106,,mike-evans.php,,,71.8,,,,,,,Mike Evans,2026-05-08,SFO
/nfl/rankings/dynasty-overall.php,dynasty-overall,do,Davante Adams,12123,WR,LAR,96.78,18.2,70,148,,davante-adams.php,,,97.6,,,,,,,Davante Adams,2026-05-08,LAR
/nfl/rankings/dynasty-overall.php,dynasty-overall,do,Jakobi Meyers,18598,WR,JAC,97.61,20.58,67,128,,jakobi-meyers.php,,,69.8,,,,,,,Jakobi Meyers,2026-05-08,JAC
/nfl/rankings/dynasty-overall.php,dynasty-overall,do,D'Andre Swift,19210,RB,CHI,98.44,14.77,80,131,,dandre-swift.php,,,88.4,,,,,,,DAndre Swift,2026-05-08,CHI
/nfl/rankings/dynasty-overall.php,dynasty-overall,do,Dalton Kincaid,25247,TE,BUF,100.0,23.78,74,157,,dalton-kincaid.php,,,52.8,,,,,-2.0,,Dalton Kincaid,2026-05-08,BUF
/nfl/rankings/dynasty-overall.php,dynasty-overall,do,Wan'Dale Robinson,22985,WR,TEN,100.06,13.7,73,131,,wandale-robinson.php,,,68.9,,,,,,,WanDale Robinson,2026-05-08,TEN
/nfl/rankings/dynasty-overall.php,dynasty-overall,do,Michael Pittman Jr.,19278,WR,PIT,100.56,11.12,82,128,,michael-pittman.php,,,71.3,,,,,,,Michael Pittman,2026-05-08,PIT
/nfl/rankings/dynasty-overall.php,dynasty-overall,do,Jayden Higgins,27077,WR,HOU,101.11,14.34,75,128,,jayden-higgins.php,,,45.0,,,,,,,Jayden Higgins,2026-05-08,HOU
/nfl/rankings/dynasty-overall.php,dynasty-overall,do,Isaiah Likely,23781,TE,NYG,102.28,23.37,78,176,,isaiah-likely.php,,,70.1,,,,,,,Isaiah Likely,2026-05-08,NYG
/nfl/rankings/dynasty-overall.php,dynasty-overall,do,Omar Cooper Jr.,28127,WR,NYJ,102.67,25.8,67,170,,omar-cooper-jr.php,,,34.8,,,,,,,Omar Cooper,2026-05-08,NYJ
/nfl/rankings/dynasty-overall.php,dynasty-overall,do,Josh Downs,24706,WR,IND,103.94,16.3,75,145,,josh-downs.php,,,64.7,,,,,,,Josh Downs,2026-05-08,IND
/nfl/rankings/dynasty-overall.php,dynasty-overall,do,Baker Mayfield,17237,QB,TB,105.39,11.79,90,139,,baker-mayfield.php,,,54.2,,,,,,,Baker Mayfield,2026-05-08,TBB
/nfl/rankings/dynasty-overall.php,dynasty-overall,do,David Montgomery,18239,RB,HOU,109.39,20.14,72,157,,david-montgomery.php,,,77.0,,,,,,,David Montgomery,2026-05-08,HOU
/nfl/rankings/dynasty-overall.php,dynasty-overall,do,Denzel Boston,27339,WR,CLE,109.56,25.73,68,166,,denzel-boston.php,,,41.5,,,,,,,Denzel Boston,2026-05-08,CLE
/nfl/rankings/dynasty-overall.php,dynasty-overall,do,Jayden Reed,23020,WR,GB,111.17,13.06,82,128,,jayden-reed.php,,,63.2,,,,,,,Jayden Reed,2026-05-08,GBP
/nfl/rankings/dynasty-overall.php,dynasty-overall,do,Kyle Monangai,27131,RB,CHI,111.78,19.72,88,181,,kyle-monangai.php,,,68.6,,,,,,,Kyle Monangai,2026-05-08,CHI
/nfl/rankings/dynasty-overall.php,dynasty-overall,do,George Kittle,16499,TE,SF,112.78,25.18,78,188,,george-kittle.php,,,82.3,,,,,,,George Kittle,2026-05-08,SFO
/nfl/rankings/dynasty-overall.php,dynasty-overall,do,Matthew Golden,26024,WR,GB,112.78,9.0,92,128,,matthew-golden.php,,,65.9,,,,,,,Matthew Golden,2026-05-08,GBP
/nfl/rankings/dynasty-overall.php,dynasty-overall,do,Quentin Johnston,23123,WR,LAC,114.06,12.11,96,143,,quentin-johnston.php,,,72.5,,,,,,,Quentin Johnston,2026-05-08,LAC
/nfl/rankings/dynasty-overall.php,dynasty-overall,do,Zach Charbonnet,23152,RB,SEA,114.39,20.76,79,149,,zach-charbonnet.php,,,65.3,,,,,,,Zach Charbonnet,2026-05-08,SEA
/nfl/rankings/dynasty-overall.php,dynasty-overall,do,Parker Washington,23106,WR,JAC,115.11,30.79,79,230,,parker-washington.php,,,69.0,,,,,,,Parker Washington,2026-05-08,JAC
/nfl/rankings/dynasty-overall.php,dynasty-overall,do,Brenton Strange,25345,TE,JAC,115.28,18.85,77,157,,brenton-strange.php,,,42.6,,,,,,,Brenton Strange,2026-05-08,JAC
/nfl/rankings/dynasty-overall.php,dynasty-overall,do,Jaylen Warren,24209,RB,PIT,115.44,16.9,90,156,,jaylen-warren.php,,,69.5,,,,,,,Jaylen Warren,2026-05-08,PIT
/nfl/rankings/dynasty-overall.php,dynasty-overall,do,Jared Goff,15501,QB,DET,116.17,13.35,91,140,,jared-goff.php,,,55.0,,,,,,,Jared Goff,2026-05-08,DET
/nfl/rankings/dynasty-overall.php,dynasty-overall,do,Chris Godwin Jr.,16406,WR,TB,116.22,13.69,93,138,,chris-godwin.php,,,69.5,,,,,,,Chris Godwin,2026-05-08,TBB
/nfl/rankings/dynasty-overall.php,dynasty-overall,do,C.J. Stroud,23071,QB,HOU,116.28,16.02,91,153,,cj-stroud.php,,,43.0,,,,,,,CJ Stroud,2026-05-08,HOU
/nfl/rankings/dynasty-overall.php,dynasty-overall,do,Khalil Shakir,23748,WR,BUF,116.33,11.6,97,145,,khalil-shakir.php,,,66.8,,,,,,,Khalil Shakir,2026-05-08,BUF
/nfl/rankings/dynasty-overall.php,dynasty-overall,do,Fernando Mendoza,28013,QB,LV,121.88,20.94,89,159,,fernando-mendoza.php,,,51.0,,,,,,,Fernando Mendoza,2026-05-08,LVR
/nfl/rankings/dynasty-overall.php,dynasty-overall,do,Cam Ward,24755,QB,TEN,122.78,16.77,93,157,,cam-ward.php,,,36.3,,,,,,,Cam Ward,2026-05-08,TEN
/nfl/rankings/dynasty-overall.php,dynasty-overall,do,Travis Hunter,26034,WR,JAC,123.89,28.27,74,176,,travis-hunter.php,,,58.0,,,,,,,Travis Hunter,2026-05-08,JAC
/nfl/rankings/dynasty-overall.php,dynasty-overall,do,Kyler Murray,18600,QB,MIN,126.28,15.57,96,150,,kyler-murray.php,,,67.6,,,,,,,Kyler Murray,2026-05-08,MIN
/nfl/rankings/dynasty-overall.php,dynasty-overall,do,Romeo Doubs,23794,WR,NE,130.17,24.79,87,170,,romeo-doubs.php,,,67.5,,,,,,,Romeo Doubs,2026-05-08,NEP
/nfl/rankings/dynasty-overall.php,dynasty-overall,do,Chuba Hubbard,19792,RB,CAR,130.89,23.12,90,184,,chuba-hubbard.php,,,77.3,,,,,,,Chuba Hubbard,2026-05-08,CAR
/nfl/rankings/dynasty-overall.php,dynasty-overall,do,Rhamondre Stevenson,22726,RB,NE,132.17,15.64,98,164,,rhamondre-stevenson.php,,,69.8,,,,,,,Rhamondre Stevenson,2026-05-08,NEP
/nfl/rankings/dynasty-overall.php,dynasty-overall,do,Tyler Shough,23096,QB,NO,132.44,12.8,96,150,,tyler-shough.php,,,58.8,,,,,,,Tyler Shough,2026-05-08,NOS
/nfl/rankings/dynasty-overall.php,dynasty-overall,do,Sam Darnold,17236,QB,SEA,133.22,10.6,110,151,,sam-darnold.php,,,45.6,,,,,,,Sam Darnold,2026-05-08,SEA
/nfl/rankings/dynasty-overall.php,dynasty-overall,do,Brandon Aiyuk,19252,WR,SF,136.5,39.51,97,246,,brandon-aiyuk.php,,,43.7,,,,,,,Brandon Aiyuk,2026-05-08,SFO
/nfl/rankings/dynasty-overall.php,dynasty-overall,do,Malik Willis,23499,QB,MIA,136.94,12.72,110,163,,malik-willis.php,,,43.9,,,,,,,Malik Willis,2026-05-08,MIA
/nfl/rankings/dynasty-overall.php,dynasty-overall,do,Rico Dowdle,19647,RB,PIT,137.11,17.7,114,193,,rico-dowdle.php,,,69.5,,,,,,,Rico Dowdle,2026-05-08,PIT
/nfl/rankings/dynasty-overall.php,dynasty-overall,do,Mark Andrews,17269,TE,BAL,137.61,22.21,114,188,,mark-andrews.php,,,67.5,,,,,,,Mark Andrews,2026-05-08,BAL
/nfl/rankings/dynasty-overall.php,dynasty-overall,do,Blake Corum,23013,RB,LAR,137.72,21.68,102,191,,blake-corum.php,,,65.6,,,,,,,Blake Corum,2026-05-08,LAR
/nfl/rankings/dynasty-overall.php,dynasty-overall,do,Jalen Coker,26403,WR,CAR,139.22,18.17,119,178,,jalen-coker.php,,,55.2,,,,,,,Jalen Coker,2026-05-08,CAR
/nfl/rankings/dynasty-overall.php,dynasty-overall,do,Tony Pollard,18705,RB,TEN,139.5,21.25,95,168,,tony-pollard.php,,,69.8,,,,,,,Tony Pollard,2026-05-08,TEN
/nfl/rankings/dynasty-overall.php,dynasty-overall,do,Dallas Goedert,17270,TE,PHI,140.39,24.82,114,195,,dallas-goedert.php,,,87.5,,,,,,,Dallas Goedert,2026-05-08,PHI
/nfl/rankings/dynasty-overall.php,dynasty-overall,do,Bryce Young,22900,QB,CAR,141.67,13.53,110,166,,bryce-young.php,,,41.4,,,,,,,Bryce Young,2026-05-08,CAR
/nfl/rankings/dynasty-overall.php,dynasty-overall,do,Chris Bell,26038,WR,MIA,143.35,24.22,102,194,,chris-bell.php,,,29.4,,,,,,,Chris Bell,2026-05-08,MIA
/nfl/rankings/dynasty-overall.php,dynasty-overall,do,Daniel Jones,18232,QB,IND,146.44,15.28,110,185,,daniel-jones.php,,,50.4,,,,,,,Daniel Jones,2026-05-08,IND
/nfl/rankings/dynasty-overall.php,dynasty-overall,do,Rashid Shaheed,24687,WR,SEA,146.94,15.68,131,180,,rashid-shaheed.php,,,49.6,,,,,,,Rashid Shaheed,2026-05-08,SEA
/nfl/rankings/dynasty-overall.php,dynasty-overall,do,Jalen McMillan,23179,WR,TB,147.83,27.05,98,192,,jalen-mcmillan.php,,,45.1,,,,,,,Jalen McMillan,2026-05-08,TBB
/nfl/rankings/dynasty-overall.php,dynasty-overall,do,Antonio Williams,25418,WR,WAS,150.0,31.49,107,215,,antonio-williams-wr.php,,,25.6,,,,,,,Antonio Williams,2026-05-08,WAS
/nfl/rankings/dynasty-overall.php,dynasty-overall,do,Chig Okonkwo,23982,TE,WAS,150.06,21.94,121,195,,chigoziem-okonkwo.php,,,34.4,,,,,,,Chigoziem Okonkwo,2026-05-08,WAS
/nfl/rankings/dynasty-overall.php,dynasty-overall,do,Jonah Coleman,27320,RB,DEN,150.22,27.28,95,219,,jonah-coleman.php,,,39.6,,,,,,,Jonah Coleman,2026-05-08,DEN
/nfl/rankings/dynasty-overall.php,dynasty-overall,do,Jerry Jeudy,19201,WR,CLE,155.44,20.63,124,200,,jerry-jeudy.php,,,56.4,,,,,,,Jerry Jeudy,2026-05-08,CLE
/nfl/rankings/dynasty-overall.php,dynasty-overall,do,Kenneth Gainwell,23310,RB,TB,155.5,12.93,134,185,,kenneth-gainwell.php,,,67.8,,,,,,,Kenneth Gainwell,2026-05-08,TBB
/nfl/rankings/dynasty-overall.php,dynasty-overall,do,Jacory Croskey-Merritt,27316,RB,WAS,156.11,16.59,128,200,,jacory-croskeymerritt.php,,,54.2,,,,,,,Jacory Croskey-Merritt,2026-05-08,WAS
/nfl/rankings/dynasty-overall.php,dynasty-overall,do,Jaylin Noel,27122,WR,HOU,156.5,33.39,125,283,,jaylin-noel.php,,,27.7,,,,,,,Jaylin Noel,2026-05-08,HOU
/nfl/rankings/dynasty-overall.php,dynasty-overall,do,AJ Barner,26335,TE,SEA,157.33,32.91,115,237,,aj-barner.php,,,36.2,,,,,,,AJ Barner,2026-05-08,SEA
/nfl/rankings/dynasty-overall.php,dynasty-overall,do,Jauan Jennings,19590,WR,MIN,144.12,21.57,118,209,,jauan-jennings.php,,,44.8,,,,,-8.0,,Jauan Jennings,2026-05-08,MIN
/nfl/rankings/dynasty-overall.php,dynasty-overall,do,Tyrone Tracy Jr.,22980,RB,NYG,159.94,18.31,121,202,,tyrone-tracy-jr.php,,,41.9,,,,,,,Tyrone Tracy,2026-05-08,NYG
/nfl/rankings/dynasty-overall.php,dynasty-overall,do,Germie Bernard,26039,WR,PIT,160.35,20.2,112,194,,germie-bernard.php,,,32.3,,,,,,,Germie Bernard,2026-05-08,PIT
/nfl/rankings/dynasty-overall.php,dynasty-overall,do,Terrance Ferguson,23091,TE,LAR,161.33,29.95,121,260,,terrance-ferguson.php,,,31.6,,,,,,,Terrance Ferguson,2026-05-08,LAR
/nfl/rankings/dynasty-overall.php,dynasty-overall,do,Ted Hurst,28130,WR,TB,161.77,27.07,114,228,,ted-hurst.php,,,18.5,,,,,,,Ted Hurst,2026-05-08,TBB
/nfl/rankings/dynasty-overall.php,dynasty-overall,do,Tyler Allgeier,24172,RB,ARI,162.78,15.71,140,197,,tyler-allgeier.php,,,50.4,,,,,,,Tyler Allgeier,2026-05-08,ARI
/nfl/rankings/dynasty-overall.php,dynasty-overall,do,Woody Marks,27520,RB,HOU,163.83,24.92,100,197,,woody-marks.php,,,62.7,,,,,,,Woody Marks,2026-05-08,HOU
/nfl/rankings/dynasty-overall.php,dynasty-overall,do,Juwan Johnson,19562,TE,NO,164.33,21.34,125,216,,juwan-johnson.php,,,48.7,,,,,,,Juwan Johnson,2026-05-08,NOS
/nfl/rankings/dynasty-overall.php,dynasty-overall,do,J.K. Dobbins,19245,RB,DEN,165.28,23.64,135,220,,jk-dobbins.php,,,68.9,,,,,,,JK Dobbins,2026-05-08,DEN
/nfl/rankings/dynasty-overall.php,dynasty-overall,do,Matthew Stafford,9451,QB,LAR,152.88,21.91,136,235,,matthew-stafford.php,,,83.5,,,,,,,Matthew Stafford,2026-05-08,LAR
/nfl/rankings/dynasty-overall.php,dynasty-overall,do,Tre Harris,26215,WR,LAC,167.11,34.94,121,259,,tre-harris.php,,,31.6,,,,,,,Tre Harris,2026-05-08,LAC
/nfl/rankings/dynasty-overall.php,dynasty-overall,do,De'Zhaun Stribling,28138,WR,SF,167.93,27.26,119,243,,dezhaun-stribling.php,,,11.2,,,,,,,DeZhaun Stribling,2026-05-08,SFO
/nfl/rankings/dynasty-overall.php,dynasty-overall,do,Troy Franklin,23092,WR,DEN,168.0,27.38,113,213,,troy-franklin.php,,,30.7,,,,,,,Troy Franklin,2026-05-08,DEN
/nfl/rankings/dynasty-overall.php,dynasty-overall,do,Stefon Diggs,13981,WR,FA,155.47,23.17,128,201,,stefon-diggs.php,,,48.5,,,,,-11.0,,Stefon Diggs,2026-05-08,FA
/nfl/rankings/dynasty-overall.php,dynasty-overall,do,Ty Simpson,25368,QB,LAR,169.64,26.66,142,241,,ty-simpson.php,,,30.3,,,,,,,Ty Simpson,2026-05-08,LAR
/nfl/rankings/dynasty-overall.php,dynasty-overall,do,Jordan Mason,22969,RB,MIN,170.39,17.22,140,202,,jordan-mason.php,,,48.8,,,,,,,Jordan Mason,2026-05-08,MIN
/nfl/rankings/dynasty-overall.php,dynasty-overall,do,Travis Kelce,11594,TE,KC,171.33,19.77,125,206,,travis-kelce.php,,,82.1,,,,,,,Travis Kelce,2026-05-08,KCC
/nfl/rankings/dynasty-overall.php,dynasty-overall,do,Pat Bryant,27211,WR,DEN,171.94,34.31,131,274,,pat-bryant.php,,,30.3,,,,,,,Pat Bryant,2026-05-08,DEN
/nfl/rankings/dynasty-overall.php,dynasty-overall,do,T.J. Hockenson,18290,TE,MIN,172.72,26.79,123,223,,tj-hockenson.php,,,59.0,,,,,,,TJ Hockenson,2026-05-08,MIN
/nfl/rankings/dynasty-overall.php,dynasty-overall,do,Deebo Samuel Sr.,18244,WR,FA,176.0,28.44,130,254,,deebo-samuel.php,,,44.1,,,,,,,Deebo Samuel,2026-05-08,FA
/nfl/rankings/dynasty-overall.php,dynasty-overall,do,Kayshon Boutte,22989,WR,NE,176.83,26.26,140,233,,kayshon-boutte.php,,,39.8,,,,,,,Kayshon Boutte,2026-05-08,NEP
/nfl/rankings/dynasty-overall.php,dynasty-overall,do,Hunter Henry,15561,TE,NE,177.0,27.88,116,262,,hunter-henry.php,,,50.1,,,,,,,Hunter Henry,2026-05-08,NEP
/nfl/rankings/dynasty-overall.php,dynasty-overall,do,Chris Brazzell II,28047,WR,CAR,180.0,26.24,122,232,,chris-brazzell-ii.php,,,25.0,,,,,,,Chris Brazzell,2026-05-08,CAR
/nfl/rankings/dynasty-overall.php,dynasty-overall,do,Dalton Schultz,17349,TE,HOU,181.72,29.58,120,235,,dalton-schultz.php,,,35.7,,,,,,,Dalton Schultz,2026-05-08,HOU
/nfl/rankings/dynasty-overall.php,dynasty-overall,do,Jonathon Brooks,26148,RB,CAR,183.5,49.46,101,310,,jonathon-brooks.php,,,48.7,,,,,,,Jonathon Brooks,2026-05-08,CAR
/nfl/rankings/dynasty-overall.php,dynasty-overall,do,Rachaad White,23891,RB,WAS,184.5,27.42,133,261,,rachaad-white.php,,,65.8,,,,,,,Rachaad White,2026-05-08,WAS
/nfl/rankings/dynasty-overall.php,dynasty-overall,do,Elijah Sarratt,27463,WR,BAL,185.0,36.58,122,282,,elijah-sarratt.php,,,26.3,,,,,,,Elijah Sarratt,2026-05-08,BAL
/nfl/rankings/dynasty-overall.php,dynasty-overall,do,Isaac TeSlaa,27446,WR,DET,185.22,28.21,150,286,,isaac-teslaa.php,,,31.4,,,,,,,Isaac TeSlaa,2026-05-08,DET
/nfl/rankings/dynasty-overall.php,dynasty-overall,do,Dylan Sampson,27102,RB,CLE,185.78,15.57,165,226,,dylan-sampson.php,,,39.2,,,,,,,Dylan Sampson,2026-05-08,CLE
/nfl/rankings/dynasty-overall.php,dynasty-overall,do,Tyjae Spears,25323,RB,TEN,186.78,26.49,133,245,,tyjae-spears.php,,,56.7,,,,,,,Tyjae Spears,2026-05-08,TEN
/nfl/rankings/dynasty-overall.php,dynasty-overall,do,Nick Singleton,24343,RB,TEN,187.24,38.94,128,303,,nick-singleton.php,,,31.8,,,,,,,Nick Singleton,2026-05-08,TEN
/nfl/rankings/dynasty-overall.php,dynasty-overall,do,Emmett Johnson,28107,RB,KC,190.06,40.08,131,298,,emmett-johnson.php,,,33.1,,,,,-5.0,,Emmett Johnson,2026-05-08,KCC
/nfl/rankings/dynasty-overall.php,dynasty-overall,do,Oscar Delp,25430,TE,NO,192.57,40.6,121,264,,oscar-delp.php,,,10.4,,,,,,,Oscar Delp,2026-05-08,NOS
/nfl/rankings/dynasty-overall.php,dynasty-overall,do,Kyle Williams,27487,WR,NE,193.94,32.65,142,287,,kyle-williams-wr-2025.php,,,27.8,,,,,,,Kyle Williams,2026-05-08,NEP
/nfl/rankings/dynasty-overall.php,dynasty-overall,do,Mason Taylor,26005,TE,NYJ,193.94,41.11,144,320,,mason-taylor.php,,,39.9,,,,,,,Mason Taylor,2026-05-08,NYJ
/nfl/rankings/dynasty-overall.php,dynasty-overall,do,Skyler Bell,28126,WR,BUF,194.0,22.11,148,240,,skyler-bell.php,,,21.8,,,,,,,Skyler Bell,2026-05-08,BUF
/nfl/rankings/dynasty-overall.php,dynasty-overall,do,Adonai Mitchell,24357,WR,NYJ,181.94,28.28,143,280,,adonai-mitchell.php,,,30.6,,,,,,,Adonai Mitchell,2026-05-08,NYJ
/nfl/rankings/dynasty-overall.php,dynasty-overall,do,J.J. McCarthy,23018,QB,MIN,182.71,28.3,150,241,,jj-mccarthy.php,,,29.8,,,,,,,JJ McCarthy,2026-05-08,MIN
/nfl/rankings/dynasty-overall.php,dynasty-overall,do,Aaron Jones Sr.,16673,RB,MIN,194.83,23.59,158,263,,aaron-jones.php,,,68.1,,,,,,,Aaron Jones,2026-05-08,MIN
/nfl/rankings/dynasty-overall.php,dynasty-overall,do,Michael Penix Jr.,22973,QB,ATL,183.0,22.34,166,237,,michael-penix-jr.php,,,31.8,,,,,,,Michael Penix,2026-05-08,ATL
/nfl/rankings/dynasty-overall.php,dynasty-overall,do,Tyreek Hill,15802,WR,FA,184.65,27.15,143,264,,tyreek-hill.php,,,54.8,,,,,-13.0,,Tyreek Hill,2026-05-08,FA
/nfl/rankings/dynasty-overall.php,dynasty-overall,do,Max Klare,27993,TE,LAR,196.87,28.22,157,263,,max-klare.php,,,29.0,,,,,,,Max Klare,2026-05-08,LAR
/nfl/rankings/dynasty-overall.php,dynasty-overall,do,Malachi Fields,27994,WR,NYG,198.53,30.36,145,280,,malachi-fields.php,,,20.9,,,,,,,Malachi Fields,2026-05-08,NYG
/nfl/rankings/dynasty-overall.php,dynasty-overall,do,Theo Johnson,23104,TE,NYG,199.06,19.7,153,255,,theo-johnson.php,,,31.2,,,,,,,Theo Johnson,2026-05-08,NYG
/nfl/rankings/dynasty-overall.php,dynasty-overall,do,Alvin Kamara,16421,RB,NO,199.39,33.28,162,306,,alvin-kamara.php,,,62.6,,,,,,,Alvin Kamara,2026-05-08,NOS
/nfl/rankings/dynasty-overall.php,dynasty-overall,do,Chris Rodriguez Jr.,22986,RB,JAC,200.11,40.5,140,298,,chris-rodriguez-jr.php,,,45.4,,,,,,,Chris Rodriguez,2026-05-08,JAC
/nfl/rankings/dynasty-overall.php,dynasty-overall,do,Elic Ayomanor,27059,WR,TEN,189.82,30.42,151,277,,elic-ayomanor.php,,,34.2,,,,,,,Elic Ayomanor,2026-05-08,TEN
/nfl/rankings/dynasty-overall.php,dynasty-overall,do,Mike Washington Jr.,28108,RB,LV,201.73,35.57,164,326,,mike-washington-jr.php,,,23.2,,,,,,,Mike Washington,2026-05-08,LVR
/nfl/rankings/dynasty-overall.php,dynasty-overall,do,Tank Dell,25361,WR,HOU,202.78,21.11,161,245,,nathaniel-dell.php,,,40.6,,,,,,,Tank Dell,2026-05-08,HOU
/nfl/rankings/dynasty-overall.php,dynasty-overall,do,Gunnar Helm,27109,TE,TEN,192.12,35.41,153,304,,gunnar-helm.php,,,32.4,,,,,,,Gunnar Helm,2026-05-08,TEN
/nfl/rankings/dynasty-overall.php,dynasty-overall,do,Zachariah Branch,25419,WR,ATL,205.75,35.76,145,285,,zachariah-branch.php,,,28.7,,,,,,,Zachariah Branch,2026-05-08,ATL
/nfl/rankings/dynasty-overall.php,dynasty-overall,do,Ja'Kobi Lane,27337,WR,BAL,207.25,31.49,143,259,,jakobi-lane.php,,,28.7,,,,,,,JaKobi Lane,2026-05-08,BAL
/nfl/rankings/dynasty-overall.php,dynasty-overall,do,Kaytron Allen,24362,RB,WAS,208.88,41.85,135,299,,kaytron-allen.php,,,28.7,,,,,,,Kaytron Allen,2026-05-08,WAS
/nfl/rankings/dynasty-overall.php,dynasty-overall,do,Chimere Dike,27315,WR,TEN,200.18,29.27,136,270,,chimere-dike.php,,,31.8,,,,,,,Chimere Dike,2026-05-08,TEN
/nfl/rankings/dynasty-overall.php,dynasty-overall,do,Calvin Ridley,17258,WR,TEN,204.12,37.87,118,260,,calvin-ridley.php,,,49.6,,,,,,,Calvin Ridley,2026-05-08,TEN
/nfl/rankings/dynasty-overall.php,dynasty-overall,do,Tank Bigsby,22908,RB,PHI,215.39,25.31,178,291,,tank-bigsby.php,,,37.7,,,,,,,Tank Bigsby,2026-05-08,PHI
/nfl/rankings/dynasty-overall.php,dynasty-overall,do,Shedeur Sanders,25968,QB,CLE,205.12,29.25,166,269,,shedeur-sanders.php,,,32.8,,,,,,,Shedeur Sanders,2026-05-08,CLE
/nfl/rankings/dynasty-overall.php,dynasty-overall,do,Cade Otton,23181,TE,TB,205.35,36.56,125,286,,cade-otton.php,,,32.8,,,,,,,Cade Otton,2026-05-08,TBB
/nfl/rankings/dynasty-overall.php,dynasty-overall,do,Tory Horton,26022,WR,SEA,205.59,51.77,152,394,,tory-horton.php,,,30.0,,,,,,,Tory Horton,2026-05-08,SEA
/nfl/rankings/dynasty-overall.php,dynasty-overall,do,Darnell Mooney,19810,WR,NYG,199.69,19.19,162,232,,darnell-mooney.php,,,29.6,,,,,,,Darnell Mooney,2026-05-08,NYG
/nfl/rankings/dynasty-overall.php,dynasty-overall,do,Pat Freiermuth,20163,TE,PIT,211.65,31.14,160,272,,pat-freiermuth.php,,,32.0,,,,,,,Pat Freiermuth,2026-05-08,PIT
/nfl/rankings/dynasty-overall.php,dynasty-overall,do,Isiah Pacheco,24333,RB,DET,213.06,34.25,165,327,,isiah-pacheco.php,,,54.9,,,,,,,Isiah Pacheco,2026-05-08,DET
/nfl/rankings/dynasty-overall.php,dynasty-overall,do,David Njoku,16399,TE,FA,214.76,33.72,157,294,,david-njoku.php,,,32.7,,,,,,,David Njoku,2026-05-08,FA
/nfl/rankings/dynasty-overall.php,dynasty-overall,do,Tua Tagovailoa,19198,QB,ATL,205.63,25.0,154,242,,tua-tagovailoa.php,,,32.9,,,,,,,Tua Tagovailoa,2026-05-08,ATL
/nfl/rankings/dynasty-overall.php,dynasty-overall,do,Jack Bech,27224,WR,LV,205.75,38.26,137,297,,jack-bech.php,,,22.8,,,,,,,Jack Bech,2026-05-08,LVR
/nfl/rankings/dynasty-overall.php,dynasty-overall,do,Marvin Mims Jr.,23080,WR,DEN,217.47,23.68,176,270,,marvin-mims.php,,,27.5,,,,,,,Marvin Mims,2026-05-08,DEN
/nfl/rankings/dynasty-overall.php,dynasty-overall,do,Keon Coleman,26019,WR,BUF,219.35,31.99,172,284,,keon-coleman.php,,,24.5,,,,,,,Keon Coleman,2026-05-08,BUF
/nfl/rankings/dynasty-overall.php,dynasty-overall,do,Braelon Allen,24346,RB,NYJ,222.76,39.03,181,322,,braelon-allen.php,,,38.3,,,,,-11.0,,Braelon Allen,2026-05-08,NYJ
/nfl/rankings/dynasty-overall.php,dynasty-overall,do,Demond Claiborne,28084,RB,MIN,233.14,49.19,172,341,,demond-claiborne.php,,,26.5,,,,,,,Demond Claiborne,2026-05-08,MIN
/nfl/rankings/dynasty-overall.php,dynasty-overall,do,Dontayvion Wicks,24354,WR,PHI,214.63,19.11,180,271,,dontayvion-wicks.php,,,22.3,,,,,,,Dontayvion Wicks,2026-05-08,PHI
/nfl/rankings/dynasty-overall.php,dynasty-overall,do,Rashod Bateman,19794,WR,BAL,216.06,20.48,179,258,,rashod-bateman.php,,,24.4,,,,,,,Rashod Bateman,2026-05-08,BAL
/nfl/rankings/dynasty-overall.php,dynasty-overall,do,Brian Robinson Jr.,20094,RB,ATL,227.29,33.71,182,295,,brian-robinson-jr.php,,,41.9,,,,,-7.0,,Brian Robinson,2026-05-08,ATL
/nfl/rankings/dynasty-overall.php,dynasty-overall,do,Elijah Arroyo,23004,TE,SEA,218.75,30.04,177,291,,elijah-arroyo.php,,,24.2,,,,,,,Elijah Arroyo,2026-05-08,SEA
/nfl/rankings/dynasty-overall.php,dynasty-overall,do,Malik Washington,26314,WR,MIA,230.06,27.91,172,278,,malik-washington.php,,,27.4,,,,,,,Malik Washington,2026-05-08,MIA
/nfl/rankings/dynasty-overall.php,dynasty-overall,do,Tre Tucker,25337,WR,LV,230.29,34.34,175,299,,tre-tucker.php,,,34.6,,,,,,,Tre Tucker,2026-05-08,LVR
/nfl/rankings/dynasty-overall.php,dynasty-overall,do,Kimani Vidal,26355,RB,LAC,223.69,26.43,182,303,,kimani-vidal.php,,,32.3,,,,,-13.0,,Kimani Vidal,2026-05-08,LAC
/nfl/rankings/dynasty-overall.php,dynasty-overall,do,Ray Davis,26191,RB,BUF,234.18,28.84,210,314,,ray-davis.php,,,26.3,,,,,7.0,,Ray Davis,2026-05-08,BUF
/nfl/rankings/dynasty-overall.php,dynasty-overall,do,Keaton Mitchell,25360,RB,LAC,234.94,36.77,178,313,,keaton-mitchell.php,,,36.7,,,,,,,Keaton Mitchell,2026-05-08,LAC
/nfl/rankings/dynasty-overall.php,dynasty-overall,do,Kaleb Johnson,27165,RB,PIT,226.81,27.32,161,274,,kaleb-johnson-rb.php,,,26.8,,,,,-9.0,,Kaleb Johnson,2026-05-08,PIT
/nfl/rankings/dynasty-overall.php,dynasty-overall,do,Trey Benson,25388,RB,ARI,237.53,64.84,160,363,,trey-benson.php,,,40.2,,,,,-8.0,,Trey Benson,2026-05-08,ARI
/nfl/rankings/dynasty-overall.php,dynasty-overall,do,Ollie Gordon II,25984,RB,MIA,242.35,32.1,209,333,,ollie-gordon.php,,,19.1,,,,,,,Ollie Gordon,2026-05-08,MIA
/nfl/rankings/dynasty-overall.php,dynasty-overall,do,Adam Randall,24367,RB,BAL,254.38,44.68,186,346,,adam-randall.php,,,10.7,,,,,8.0,,Adam Randall,2026-05-08,BAL
/nfl/rankings/dynasty-overall.php,dynasty-overall,do,Jaylen Wright,25987,RB,MIA,246.35,35.49,199,328,,jaylen-wright.php,,,29.1,,,,,,,Jaylen Wright,2026-05-08,MIA
/nfl/rankings/dynasty-overall.php,dynasty-overall,do,Devin Neal,23682,RB,NO,238.88,39.63,181,318,,devin-neal.php,,,29.2,,,,,9.0,,Devin Neal,2026-05-08,NOS
/nfl/rankings/dynasty-overall.php,dynasty-overall,do,Xavier Legette,26136,WR,CAR,239.13,20.45,209,280,,xavier-legette.php,,,12.9,,,,,,,Xavier Legette,2026-05-08,CAR
/nfl/rankings/dynasty-overall.php,dynasty-overall,do,James Conner,16447,RB,ARI,250.06,56.57,190,386,,james-conner.php,,,53.8,,,,,,,James Conner,2026-05-08,ARI
/nfl/rankings/dynasty-overall.php,dynasty-overall,do,Emanuel Wilson,25885,RB,SEA,246.88,39.17,178,333,,emanuel-wilson.php,,,36.8,,,,,,,Emanuel Wilson,2026-05-08,SEA
/nfl/rankings/dynasty-overall.php,dynasty-overall,do,Christian Kirk,17268,WR,SF,247.88,38.48,201,349,,christian-kirk.php,,,31.6,,,,,,,Christian Kirk,2026-05-08,SFO
/nfl/rankings/dynasty-overall.php,dynasty-overall,do,Anthony Richardson Sr.,24347,QB,IND,227.57,18.06,204,261,,anthony-richardson.php,,,31.1,,,,,,,Anthony Richardson,2026-05-08,IND
/nfl/rankings/dynasty-overall.php,dynasty-overall,do,Geno Smith,11687,QB,NYJ,228.43,15.29,205,261,,geno-smith.php,,,31.4,,,,,,,Geno Smith,2026-05-08,NYJ
/nfl/rankings/dynasty-overall.php,dynasty-overall,do,Sean Tucker,23679,RB,TB,259.59,34.0,203,321,,sean-tucker.php,,,29.9,,,,,7.0,,Sean Tucker,2026-05-08,TBB
/nfl/rankings/dynasty-overall.php,dynasty-overall,do,DeMario Douglas,25304,WR,NE,254.5,42.79,214,399,,demario-douglas.php,,,17.9,,,,,,,Demario Douglas,2026-05-08,NEP
/nfl/rankings/dynasty-overall.php,dynasty-overall,do,Cooper Kupp,16433,WR,SEA,254.69,45.13,208,372,,cooper-kupp.php,,,28.1,,,,,,,Cooper Kupp,2026-05-08,SEA
/nfl/rankings/dynasty-overall.php,dynasty-overall,do,Keenan Allen,11616,WR,LAC,245.6,37.25,201,373,,keenan-allen.php,,,28.0,,,,,,,Keenan Allen,2026-05-08,LAC
/nfl/rankings/dynasty-overall.php,dynasty-overall,do,Aaron Rodgers,9001,QB,FA,249.47,45.32,166,350,,aaron-rodgers.php,,,31.0,,,,,,,Aaron Rodgers,2026-05-08,FA
/nfl/rankings/dynasty-overall.php,dynasty-overall,do,Jaydon Blue,24344,RB,DAL,267.41,36.06,205,328,,jaydon-blue.php,,,28.5,,,,,,,Jaydon Blue,2026-05-08,DAL
/nfl/rankings/dynasty-overall.php,dynasty-overall,do,Cedric Tillman,25287,WR,CLE,251.87,33.65,201,326,,cedric-tillman.php,,,7.2,,,,,,,Cedric Tillman,2026-05-08,CLE
/nfl/rankings/dynasty-overall.php,dynasty-overall,do,Tez Johnson,27147,WR,TB,256.93,30.01,209,343,,tez-johnson.php,,,14.9,,,,,,,Tez Johnson,2026-05-08,TBB
/nfl/rankings/dynasty-overall.php,dynasty-overall,do,Devaughn Vele,26409,WR,NO,267.31,37.19,243,364,,devaughn-vele.php,,,26.3,,,,,,,Devaughn Vele,2026-05-08,NOS
/nfl/rankings/dynasty-overall.php,dynasty-overall,do,Jalen Royals,27076,WR,KC,267.0,35.87,211,352,,jalen-royals.php,,,5.1,,,,,,,Jalen Royals,2026-05-08,KCC
/nfl/rankings/dynasty-overall.php,dynasty-overall,do,Jalen Nailor,24177,WR,LV,246.46,40.4,187,344,,jalen-nailor.php,,,30.0,,,,,,,Jalen Nailor,2026-05-08,LVR
/nfl/rankings/dynasty-overall.php,dynasty-overall,do,Seth McGowan,23079,RB,IND,289.54,39.94,229,385,,seth-mcgowan.php,,,1.6,,,,,,,Seth McGowan,2026-05-08,IND
/nfl/rankings/dynasty-overall.php,dynasty-overall,do,Mac Jones,20156,QB,SF,241.25,41.79,167,350,,mac-jones.php,,,33.6,,,,,,,Mac Jones,2026-05-08,SFO
/nfl/rankings/dynasty-overall.php,dynasty-overall,do,Justin Fields,19781,QB,KC,242.42,21.14,204,282,,justin-fields.php,,,32.3,,,,,,,Justin Fields,2026-05-08,KCC
/nfl/rankings/dynasty-overall.php,dynasty-overall,do,Denver Broncos,8090,DST,DEN,231.82,5.65,223,246,,denver-defense.php,,,94.6,,,,,1.0,,Denver Broncos,2026-05-08,DEN
/nfl/rankings/dynasty-overall.php,dynasty-overall,do,Eli Raridon,28154,TE,NE,198.33,42.94,117,265,,eli-raridon.php,,,2.7,,,,,,,Eli Raridon,2026-05-08,NEP
/nfl/rankings/dynasty-overall.php,dynasty-overall,do,Jacoby Brissett,15642,QB,ARI,235.18,15.34,205,258,,jacoby-brissett.php,,,33.6,,,,,,,Jacoby Brissett,2026-05-08,ARI
/nfl/rankings/dynasty-overall.php,dynasty-overall,do,Michael Mayer,23056,TE,LV,250.5,38.76,207,341,,michael-mayer.php,,,30.0,,,,,,,Michael Mayer,2026-05-08,LVR
/nfl/rankings/dynasty-overall.php,dynasty-overall,do,Hollywood Brown,18226,WR,PHI,272.36,49.54,229,395,,marquise-brown.php,,,20.0,,,,,,,Marquise Brown,2026-05-08,PHI
/nfl/rankings/dynasty-overall.php,dynasty-overall,do,Brashard Smith,27259,RB,KC,288.44,45.2,207,363,,brashard-smith.php,,,22.5,,,,,,,Brashard Smith,2026-05-08,KCC
/nfl/rankings/dynasty-overall.php,dynasty-overall,do,Ben Sinnott,26310,TE,WAS,252.33,41.96,195,341,,ben-sinnott.php,,,11.1,,,,,,,Ben Sinnott,2026-05-08,WAS
/nfl/rankings/dynasty-overall.php,dynasty-overall,do,Isaiah Davis,25977,RB,NYJ,282.4,23.68,227,320,,isaiah-davis.php,,,10.8,,,,,,,Isaiah Davis,2026-05-08,NYJ
/nfl/rankings/dynasty-overall.php,dynasty-overall,do,Houston Texans,8120,DST,HOU,240.91,11.31,226,266,,houston-defense.php,,,94.4,,,,,1.0,,Houston Texans,2026-05-08,HOU
/nfl/rankings/dynasty-overall.php,dynasty-overall,do,Najee Harris,19302,RB,LAC,290.94,36.96,224,382,,najee-harris-rb.php,,,31.8,,,,,10.0,,Najee Harris,2026-05-08,LAC
/nfl/rankings/dynasty-overall.php,dynasty-overall,do,MarShawn Lloyd,23118,RB,GB,285.0,25.38,234,327,,marshawn-lloyd.php,,,6.4,,,,,,,MarShawn Lloyd,2026-05-08,GBP
/nfl/rankings/dynasty-overall.php,dynasty-overall,do,Isaiah Bond,24371,WR,CLE,285.07,45.69,243,382,,isaiah-bond.php,,,13.5,,,,,,,Isaiah Bond,2026-05-08,CLE
/nfl/rankings/dynasty-overall.php,dynasty-overall,do,J'Mari Taylor,28109,RB,JAC,305.0,37.59,262,368,,jmari-taylor.php,,,5.3,,,,,,,JMari Taylor,2026-05-08,JAC
/nfl/rankings/dynasty-overall.php,dynasty-overall,do,Philadelphia Eagles,8230,DST,PHI,244.64,13.58,231,278,,philadelphia-defense.php,,,74.2,,,,,2.0,,Philadelphia Eagles,2026-05-08,PHI
/nfl/rankings/dynasty-overall.php,dynasty-overall,do,Jarquez Hunter,24335,RB,LAR,287.33,34.51,226,361,,jarquez-hunter.php,,,8.4,,,,,,,Jarquez Hunter,2026-05-08,LAR
/nfl/rankings/dynasty-overall.php,dynasty-overall,do,Carson Beck,22953,QB,ARI,252.18,18.01,217,274,,carson-beck.php,,,18.0,,,,,,,Carson Beck,2026-05-08,ARI
/nfl/rankings/dynasty-overall.php,dynasty-overall,do,Garrett Nussmeier,22998,QB,KC,310.2,26.28,276,341,,garrett-nussmeier.php,,,14.6,,,,,,,Garrett Nussmeier,2026-05-08,KCC
/nfl/rankings/dynasty-overall.php,dynasty-overall,do,Kirk Cousins,11177,QB,LV,252.73,13.32,236,289,,kirk-cousins.php,,,28.6,,,,,,,Kirk Cousins,2026-05-08,LVR
/nfl/rankings/dynasty-overall.php,dynasty-overall,do,Evan Engram,16411,TE,DEN,266.92,48.41,202,354,,evan-engram.php,,,34.6,,,,,,,Evan Engram,2026-05-08,DEN
/nfl/rankings/dynasty-overall.php,dynasty-overall,do,DJ Giddens,27097,RB,IND,289.64,34.81,232,357,,dj-giddens.php,,,12.5,,,,,10.0,,DJ Giddens,2026-05-08,IND
/nfl/rankings/dynasty-overall.php,dynasty-overall,do,Roman Hemby,25387,RB,LV,315.17,46.39,272,398,,roman-hemby.php,,,0.0,,,,,,,Roman Hemby,2026-05-08,LVR
/nfl/rankings/dynasty-overall.php,dynasty-overall,do,Kendre Miller,24360,RB,NO,305.0,34.27,238,364,,kendre-miller.php,,,14.7,,,,,,,Kendre Miller,2026-05-08,NOS
/nfl/rankings/dynasty-overall.php,dynasty-overall,do,Isaac Guerendo,26392,RB,SF,291.64,34.87,224,345,,isaac-guerendo.php,,,7.4,,,,,,,Isaac Guerendo,2026-05-08,SFO
/nfl/rankings/dynasty-overall.php,dynasty-overall,do,Ryan Flournoy,26398,WR,DAL,261.91,33.78,196,308,,ryan-flournoy.php,,,27.7,,,,,,,Ryan Flournoy,2026-05-08,DAL
/nfl/rankings/dynasty-overall.php,dynasty-overall,do,Pittsburgh Steelers,8240,DST,PIT,263.27,23.88,234,323,,pittsburgh-defense.php,,,59.3,,,,,2.0,,Pittsburgh Steelers,2026-05-08,PIT
/nfl/rankings/dynasty-overall.php,dynasty-overall,do,Darius Slayton,18706,WR,NYG,275.08,47.65,225,375,,darius-slayton.php,,,16.0,,,,,,,Darius Slayton,2026-05-08,NYG
/nfl/rankings/dynasty-overall.php,dynasty-overall,do,Brandon Aubrey,26068,K,DAL,250.7,12.67,237,287,,brandon-aubrey.php,,,95.6,,,,,1.0,,Brandon Aubrey,2026-05-08,DAL
/nfl/rankings/dynasty-overall.php,dynasty-overall,do,Jalen Milroe,22884,QB,SEA,264.82,27.8,246,351,,jalen-milroe.php,,,15.3,,,,,,,Jalen Milroe,2026-05-08,SEA
/nfl/rankings/dynasty-overall.php,dynasty-overall,do,Kaelon Black,28401,RB,SF,251.3,49.73,191,327,,kaelon-black.php,,,6.1,,,,,,,Kaelon Black,2026-05-08,SFO
/nfl/rankings/dynasty-overall.php,dynasty-overall,do,Los Angeles Rams,8280,DST,LAR,265.36,17.36,248,303,,los-angeles-rams-defense.php,,,55.0,,,,,4.0,,Los Angeles Rams,2026-05-08,LAR
/nfl/rankings/dynasty-overall.php,dynasty-overall,do,Cam Little,26475,K,JAC,258.2,20.87,240,308,,cam-little.php,,,69.1,,,,,,,Cam Little,2026-05-08,JAC
/nfl/rankings/dynasty-overall.php,dynasty-overall,do,Bryce Lance,28129,WR,NO,224.38,40.43,162,291,,bryce-lance.php,,,8.3,,,,,,,Bryce Lance,2026-05-08,NOS
/nfl/rankings/dynasty-overall.php,dynasty-overall,do,Justin Joly,28079,TE,DEN,247.33,64.25,137,325,,justin-joly.php,,,7.5,,,,,,,Justin Joly,2026-05-08,DEN
/nfl/rankings/dynasty-overall.php,dynasty-overall,do,Seattle Seahawks,8260,DST,SEA,263.3,26.22,234,314,,seattle-defense.php,,,94.7,,,,,2.0,,Seattle Seahawks,2026-05-08,SEA
/nfl/rankings/dynasty-overall.php,dynasty-overall,do,Trevor Etienne,25393,RB,CAR,295.46,39.33,228,388,,trevor-etienne.php,,,6.4,,,,,,,Trevor Etienne,2026-05-08,CAR
/nfl/rankings/dynasty-overall.php,dynasty-overall,do,Minnesota Vikings,8170,DST,MIN,276.91,15.57,239,297,,minnesota-defense.php,,,62.5,,,,,4.0,,Minnesota Vikings,2026-05-08,MIN
/nfl/rankings/dynasty-overall.php,dynasty-overall,do,Detroit Lions,8100,DST,DET,279.27,29.93,245,347,,detroit-defense.php,,,54.8,,,,,,,Detroit Lions,2026-05-08,DET
/nfl/rankings/dynasty-overall.php,dynasty-overall,do,Tahj Brooks,26212,RB,CIN,298.92,25.48,251,339,,tahj-brooks.php,,,4.0,,,,,,,Tahj Brooks,2026-05-08,CIN
/nfl/rankings/dynasty-overall.php,dynasty-overall,do,Andrei Iosivas,25335,WR,CIN,280.91,24.74,238,327,,andrei-iosivas.php,,,13.4,,,,,,,Andrei Iosivas,2026-05-08,CIN
/nfl/rankings/dynasty-overall.php,dynasty-overall,do,Cameron Dicker,23901,K,LAC,269.5,25.69,239,324,,cameron-dicker.php,,,77.4,,,,,,,Cameron Dicker,2026-05-08,LAC
/nfl/rankings/dynasty-overall.php,dynasty-overall,do,Mike Gesicki,17272,TE,CIN,269.7,39.35,219,335,,mike-gesicki.php,,,32.2,,,,,,,Mike Gesicki,2026-05-08,CIN
/nfl/rankings/dynasty-overall.php,dynasty-overall,do,Jerome Ford,22921,RB,WAS,308.79,44.4,241,393,,jerome-ford.php,,,10.5,,,,,,,Jerome Ford,2026-05-08,WAS
/nfl/rankings/dynasty-overall.php,dynasty-overall,do,Devin Singletary,18280,RB,NYG,293.5,29.41,226,332,,devin-singletary.php,,,5.3,,,,,,,Devin Singletary,2026-05-08,NYG
/nfl/rankings/dynasty-overall.php,dynasty-overall,do,Cole Kmet,19229,TE,CHI,272.6,36.18,199,317,,cole-kmet.php,,,24.6,,,,,,,Cole Kmet,2026-05-08,CHI
/nfl/rankings/dynasty-overall.php,dynasty-overall,do,Deshaun Watson,16398,QB,CLE,272.7,33.3,224,345,,deshaun-watson.php,,,24.7,,,,,,,Deshaun Watson,2026-05-08,CLE
/nfl/rankings/dynasty-overall.php,dynasty-overall,do,Will Reichard,26341,K,MIN,259.78,21.38,241,318,,will-reichard.php,,,30.1,,,,,,,Will Reichard,2026-05-08,MIN
/nfl/rankings/dynasty-overall.php,dynasty-overall,do,Joshua Palmer,22845,WR,BUF,288.82,48.79,213,377,,josh-palmer.php,,,3.0,,,,,,,Josh Palmer,2026-05-08,BUF
/nfl/rankings/dynasty-overall.php,dynasty-overall,do,Greg Dulcich,23153,TE,MIA,247.5,34.18,207,295,,greg-dulcich.php,,,22.4,,,,,,,Greg Dulcich,2026-05-08,MIA
/nfl/rankings/dynasty-overall.php,dynasty-overall,do,Kansas City Chiefs,8150,DST,KC,290.0,26.17,236,330,,kansas-city-defense.php,,,35.9,,,,,-4.0,,Kansas City Chiefs,2026-05-08,KCC
/nfl/rankings/dynasty-overall.php,dynasty-overall,do,Will Shipley,22930,RB,PHI,299.58,18.17,257,328,,will-shipley.php,,,4.6,,,,,,,Will Shipley,2026-05-08,PHI
/nfl/rankings/dynasty-overall.php,dynasty-overall,do,Ja'Tavion Sanders,24334,TE,CAR,280.3,40.19,216,344,,jatavion-sanders.php,,,17.1,,,,,,,JaTavion Sanders,2026-05-08,CAR
/nfl/rankings/dynasty-overall.php,dynasty-overall,do,Harrison Butker,16712,K,KC,284.5,38.58,250,359,,harrison-butker.php,,,50.1,,,,,-2.0,,Harrison Butker,2026-05-08,KCC
/nfl/rankings/dynasty-overall.php,dynasty-overall,do,Chris Boswell,13029,K,PIT,285.2,23.89,256,343,,chris-boswell.php,,,32.6,,,,,,,Chris Boswell,2026-05-08,PIT
/nfl/rankings/dynasty-overall.php,dynasty-overall,do,Darnell Washington,22967,TE,PIT,272.56,37.72,218,324,,darnell-washington.php,,,26.0,,,,,,,Darnell Washington,2026-05-08,PIT
/nfl/rankings/dynasty-overall.php,dynasty-overall,do,Jordan James,27310,RB,SF,296.64,46.04,218,362,,jordan-james.php,,,24.6,,,,,,,Jordan James,2026-05-08,SFO
/nfl/rankings/dynasty-overall.php,dynasty-overall,do,Dont'e Thornton Jr.,27288,WR,LV,298.09,49.97,241,398,,donte-thornton-jr.php,,,7.6,,,,,,,Donte Thornton,2026-05-08,LVR
/nfl/rankings/dynasty-overall.php,dynasty-overall,do,Baltimore Ravens,8020,DST,BAL,299.0,24.24,264,345,,baltimore-defense.php,,,39.4,,,,,2.0,,Baltimore Ravens,2026-05-08,BAL
/nfl/rankings/dynasty-overall.php,dynasty-overall,do,Jason Myers,14003,K,SEA,290.1,31.66,243,353,,jason-myers.php,,,90.1,,,,,-1.0,,Jason Myers,2026-05-08,SEA
/nfl/rankings/dynasty-overall.php,dynasty-overall,do,Ka'imi Fairbairn,15756,K,HOU,278.0,21.82,251,324,,kaimi-fairbairn.php,,,81.2,,,,,,,Kaimi Fairbairn,2026-05-08,HOU
/nfl/rankings/dynasty-overall.php,dynasty-overall,do,Wil Lutz,16026,K,DEN,290.6,24.07,266,340,,wil-lutz.php,,,11.4,,,,,,,Wil Lutz,2026-05-08,DEN
/nfl/rankings/dynasty-overall.php,dynasty-overall,do,Brenen Thompson,28133,WR,LAC,243.57,52.98,179,345,,brenen-thompson.php,,,12.0,,,,,,,Brenen Thompson,2026-05-08,LAC
/nfl/rankings/dynasty-overall.php,dynasty-overall,do,Quinn Ewers,23680,QB,MIA,280.22,27.39,258,354,,quinn-ewers.php,,,14.3,,,,,,,Quinn Ewers,2026-05-08,MIA
/nfl/rankings/dynasty-overall.php,dynasty-overall,do,Eli Heidenreich,28297,RB,PIT,292.5,37.9,225,358,,eli-heidenreich.php,,,3.5,,,,,,,Eli Heidenreich,2026-05-08,PIT
/nfl/rankings/dynasty-overall.php,dynasty-overall,do,Green Bay Packers,8110,DST,GB,292.6,20.37,266,337,,green-bay-defense.php,,,36.0,,,,,5.0,,Green Bay Packers,2026-05-08,GBP
/nfl/rankings/dynasty-overall.php,dynasty-overall,do,Chase McLaughlin,19058,K,TB,294.9,20.24,269,326,,chase-mclaughlin.php,,,32.0,,,,,2.0,,Chase McLaughlin,2026-05-08,TBB
/nfl/rankings/dynasty-overall.php,dynasty-overall,do,LeQuint Allen Jr.,27285,RB,JAC,320.77,42.19,227,367,,lequint-allen-jr.php,,,20.3,,,,,,,LeQuint Allen,2026-05-08,JAC
/nfl/rankings/dynasty-overall.php,dynasty-overall,do,Evan McPherson,23297,K,CIN,297.5,19.56,263,339,,evan-mcpherson.php,,,27.4,,,,,4.0,,Evan McPherson,2026-05-08,CIN
/nfl/rankings/dynasty-overall.php,dynasty-overall,do,Luke McCaffrey,26328,WR,WAS,307.91,42.88,257,377,,luke-mccaffrey.php,,,5.8,,,,,,,Luke McCaffrey,2026-05-08,WAS
/nfl/rankings/dynasty-overall.php,dynasty-overall,do,Colby Parkinson,19372,TE,LAR,275.63,45.37,213,359,,colby-parkinson.php,,,31.8,,,,,,,Colby Parkinson,2026-05-08,LAR
/nfl/rankings/dynasty-overall.php,dynasty-overall,do,Jake Moody,24009,K,WAS,289.56,32.25,251,364,,jake-moody.php,,,5.0,,,,,,,Jake Moody,2026-05-08,WAS
/nfl/rankings/dynasty-overall.php,dynasty-overall,do,Chris Brooks,25823,RB,GB,302.3,23.88,242,336,,christopher-brooks.php,,,7.2,,,,,,,Chris Brooks,2026-05-08,GBP
/nfl/rankings/dynasty-overall.php,dynasty-overall,do,Marcus Mariota,13890,QB,WAS,279.25,31.29,254,357,,marcus-mariota.php,,,18.0,,,,,,,Marcus Mariota,2026-05-08,WAS
/nfl/rankings/dynasty-overall.php,dynasty-overall,do,Michael Trigg,23167,TE,DAL,347.33,56.11,232,393,,michael-trigg.php,,,34.5,,,,,,,Michael Trigg,2026-05-08,DAL
/nfl/rankings/dynasty-overall.php,dynasty-overall,do,Kevin Coleman Jr.,28067,WR,MIA,241.0,37.07,190,300,,kevin-coleman-jr.php,,,1.8,,,,,,,Kevin Coleman,2026-05-08,MIA
/nfl/rankings/dynasty-overall.php,dynasty-overall,do,Savion Williams,27144,WR,GB,294.44,32.18,251,352,,savion-williams.php,,,2.8,,,,,,,Savion Williams,2026-05-08,GBP
/nfl/rankings/dynasty-overall.php,dynasty-overall,do,Jameis Winston,13891,QB,NYG,281.75,33.58,257,359,,jameis-winston.php,,,16.8,,,,,,,Jameis Winston,2026-05-08,NYG
/nfl/rankings/dynasty-overall.php,dynasty-overall,do,Drew Allar,24345,QB,PIT,288.38,31.16,243,334,,drew-allar.php,,,8.8,,,,,,,Drew Allar,2026-05-08,PIT
/nfl/rankings/dynasty-overall.php,dynasty-overall,do,Sam Roush,28161,TE,CHI,289.0,35.54,221,322,,sam-roush.php,,,1.8,,,,,,,Sam Roush,2026-05-08,CHI
/nfl/rankings/dynasty-overall.php,dynasty-overall,do,Jake Bates,26075,K,DET,302.22,15.58,285,331,,jake-bates.php,,,49.2,,,,,,,Jake Bates,2026-05-08,DET
/nfl/rankings/dynasty-overall.php,dynasty-overall,do,Caleb Douglas,28135,WR,MIA,274.57,29.81,228,310,,caleb-douglas.php,,,3.3,,,,,,,Caleb Douglas,2026-05-08,MIA
/nfl/rankings/dynasty-overall.php,dynasty-overall,do,Tyler Loop,27534,K,BAL,278.43,21.37,253,315,,tyler-loop.php,,,32.6,,,,,,,Tyler Loop,2026-05-08,BAL
/nfl/rankings/dynasty-overall.php,dynasty-overall,do,Joshua Karty,26478,K,ARI,294.13,29.0,257,365,,joshua-karty.php,,,1.1,,,,,,,Joshua Karty,2026-05-08,ARI
/nfl/rankings/dynasty-overall.php,dynasty-overall,do,Buffalo Bills,8030,DST,BUF,279.71,25.1,247,323,,buffalo-defense.php,,,48.8,,,,,,,Buffalo Bills,2026-05-08,BUF
/nfl/rankings/dynasty-overall.php,dynasty-overall,do,Justice Hill,18256,RB,BAL,316.1,33.31,262,369,,justice-hill.php,,,19.0,,,,,,,Justice Hill,2026-05-08,BAL
/nfl/rankings/dynasty-overall.php,dynasty-overall,do,Cade Klubnik,24361,QB,NYJ,280.14,29.63,252,344,,cade-klubnik.php,,,5.7,,,,,,,Cade Klubnik,2026-05-08,NYJ
/nfl/rankings/dynasty-overall.php,dynasty-overall,do,Jaylin Lane,27454,WR,WAS,307.78,26.78,274,337,,jaylin-lane.php,,,7.1,,,,,,,Jaylin Lane,2026-05-08,WAS
/nfl/rankings/dynasty-overall.php,dynasty-overall,do,Taylen Green,28094,QB,CLE,281.57,28.39,256,338,,taylen-green.php,,,6.6,,,,,,,Taylen Green,2026-05-08,CLE
/nfl/rankings/dynasty-overall.php,dynasty-overall,do,New England Patriots,8180,DST,NE,297.0,11.74,279,309,,new-england-defense.php,,,60.3,,,,,,,New England Patriots,2026-05-08,NEP
/nfl/rankings/dynasty-overall.php,dynasty-overall,do,Jacksonville Jaguars,8140,DST,JAC,285.0,41.25,228,337,,jacksonville-defense.php,,,51.1,,,,,-4.0,,Jacksonville Jaguars,2026-05-08,JAC
/nfl/rankings/dynasty-overall.php,dynasty-overall,do,Cole Payton,28302,QB,PHI,266.83,19.68,238,293,,cole-payton.php,,,1.0,,,,,,,Cole Payton,2026-05-08,PHI
/nfl/rankings/dynasty-overall.php,dynasty-overall,do,Jalen Tolbert,23770,WR,MIA,302.75,38.27,243,358,,jalen-tolbert.php,,,14.7,,,,,,,Jalen Tolbert,2026-05-08,MIA
/nfl/rankings/dynasty-overall.php,dynasty-overall,do,Jordan Whittington,23135,WR,LAR,329.73,47.39,262,400,,jordan-whittington.php,,,1.5,,,,,,,Jordan Whittington,2026-05-08,LAR
/nfl/rankings/dynasty-overall.php,dynasty-overall,do,Los Angeles Chargers,8250,DST,LAC,305.75,15.1,278,327,,los-angeles-chargers-defense.php,,,37.7,,,,,4.0,,Los Angeles Chargers,2026-05-08,LAC
/nfl/rankings/dynasty-overall.php,dynasty-overall,do,Roman Wilson,26160,WR,PIT,277.5,21.62,254,318,,roman-wilson.php,,,2.4,,,,,,,Roman Wilson,2026-05-08,PIT
/nfl/rankings/dynasty-overall.php,dynasty-overall,do,Will Howard,25972,QB,PIT,308.88,33.9,262,357,,will-howard.php,,,19.8,,,,,,,Will Howard,2026-05-08,PIT
/nfl/rankings/dynasty-overall.php,dynasty-overall,do,Calvin Austin III,23739,WR,NYG,297.29,42.9,248,382,,calvin-austin.php,,,9.3,,,,,,,Calvin Austin,2026-05-08,NYG
/nfl/rankings/dynasty-overall.php,dynasty-overall,do,Cleveland Browns,8070,DST,CLE,311.5,11.74,288,330,,cleveland-defense.php,,,37.3,,,,,2.0,,Cleveland Browns,2026-05-08,CLE
/nfl/rankings/dynasty-overall.php,dynasty-overall,do,Jahan Dotson,23101,WR,ATL,303.0,31.09,261,346,,jahan-dotson.php,,,12.5,,,,,,,Jahan Dotson,2026-05-08,ATL
/nfl/rankings/dynasty-overall.php,dynasty-overall,do,Jaleel McLaughlin,25876,RB,DEN,321.25,24.51,294,370,,jaleel-mclaughlin.php,,,2.9,,,,,,,Jaleel McLaughlin,2026-05-08,DEN
/nfl/rankings/dynasty-overall.php,dynasty-overall,do,Audric Estime,23054,RB,NO,324.88,32.93,284,382,,audric-estime.php,,,10.3,,,,,,,Audric Estime,2026-05-08,NOS
/nfl/rankings/dynasty-overall.php,dynasty-overall,do,Joe Mixon,16420,RB,FA,300.17,29.92,252,334,,joe-mixon.php,,,28.6,,,,,,,Joe Mixon,2026-05-08,FA
/nfl/rankings/dynasty-overall.php,dynasty-overall,do,Kareem Hunt,16425,RB,FA,325.5,32.95,278,381,,kareem-hunt.php,,,6.9,,,,,,,Kareem Hunt,2026-05-08,FA
/nfl/rankings/dynasty-overall.php,dynasty-overall,do,Tanner Koziol,27499,TE,JAC,315.0,24.78,278,352,,tanner-koziol.php,,,0.1,,,,,,,Tanner Koziol,2026-05-08,JAC
/nfl/rankings/dynasty-overall.php,dynasty-overall,do,Elijah Moore,20114,WR,PHI,300.83,22.96,270,331,,elijah-moore.php,,,0.6,,,,,,,Elijah Moore,2026-05-08,PHI
/nfl/rankings/dynasty-overall.php,dynasty-overall,do,Jonnu Smith,16460,TE,FA,301.17,45.79,255,375,,jonnu-smith.php,,,14.1,,,,,-5.0,,Jonnu Smith,2026-05-08,FA
/nfl/rankings/dynasty-overall.php,dynasty-overall,do,John Metchie III,22895,WR,CAR,315.43,31.72,265,370,,john-metchie.php,,,5.1,,,,,,,John Metchie,2026-05-08,CAR
/nfl/rankings/dynasty-overall.php,dynasty-overall,do,Tyler Higbee,15623,TE,LAR,326.13,35.93,284,380,,tyler-higbee.php,,,12.2,,,,,,,Tyler Higbee,2026-05-08,LAR
/nfl/rankings/dynasty-overall.php,dynasty-overall,do,Konata Mumpfield,27449,WR,LAR,285.2,59.19,211,356,,konata-mumpfield.php,,,4.3,,,,,,,Konata Mumpfield,2026-05-08,LAR
/nfl/rankings/dynasty-overall.php,dynasty-overall,do,Jake Elliott,16540,K,PHI,320.0,26.53,284,372,,jake-elliott.php,,,16.0,,,,,,,Jake Elliott,2026-05-08,PHI
/nfl/rankings/dynasty-overall.php,dynasty-overall,do,Nick Chubb,17246,RB,FA,288.8,42.48,231,344,,nick-chubb.php,,,3.4,,,,,,,Nick Chubb,2026-05-08,FA
/nfl/rankings/dynasty-overall.php,dynasty-overall,do,Jake Tonges,24778,TE,SF,307.83,39.32,257,353,,jake-tonges.php,,,31.6,,,,,,,Jake Tonges,2026-05-08,SFO
/nfl/rankings/dynasty-overall.php,dynasty-overall,do,Blake Grupe,25533,K,IND,289.4,12.18,276,311,,blake-grupe.php,,,3.9,,,,,,,Blake Grupe,2026-05-08,IND
/nfl/rankings/dynasty-overall.php,dynasty-overall,do,Marlin Klein,28157,TE,HOU,312.0,28.01,264,351,,marlin-klein.php,,,3.1,,,,,,,Marlin Klein,2026-05-08,HOU
/nfl/rankings/dynasty-overall.php,dynasty-overall,do,Riley Leonard,25373,QB,IND,313.33,28.16,269,355,,riley-leonard.php,,,11.2,,,,,,,Riley Leonard,2026-05-08,IND
/nfl/rankings/dynasty-overall.php,dynasty-overall,do,Spencer Rattler,23081,QB,NO,297.6,36.85,267,366,,spencer-rattler.php,,,4.5,,,,,,,Spencer Rattler,2026-05-08,NOS
/nfl/rankings/dynasty-overall.php,dynasty-overall,do,San Francisco 49ers,8270,DST,SF,298.8,33.39,258,328,,san-francisco-defense.php,,,39.9,,,,,,,San Francisco 49ers,2026-05-08,SFO
/nfl/rankings/dynasty-overall.php,dynasty-overall,do,Andy Borregales,27291,K,NE,299.4,24.49,274,332,,andres-borregales.php,,,12.6,,,,,,,Andy Borregales,2026-05-08,NEP
/nfl/rankings/dynasty-overall.php,dynasty-overall,do,Ty Johnson,18406,RB,BUF,301.8,38.35,254,347,,ty-johnson.php,,,12.2,,,,,,,Ty Johnson,2026-05-08,BUF
/nfl/rankings/dynasty-overall.php,dynasty-overall,do,Tyler Bass,19760,K,BUF,318.83,25.6,283,360,,tyler-bass.php,,,13.4,,,,,5.0,,Tyler Bass,2026-05-08,BUF
/nfl/rankings/dynasty-overall.php,dynasty-overall,do,Tyquan Thornton,22913,WR,KC,319.17,30.6,285,377,,tyquan-thornton.php,,,10.9,,,,,,,Tyquan Thornton,2026-05-08,KCC
/nfl/rankings/dynasty-overall.php,dynasty-overall,do,Raheim Sanders,24351,RB,CLE,304.4,33.83,266,356,,raheim-sanders.php,,,1.7,,,,,,,Raheim Sanders,2026-05-08,CLE
/nfl/rankings/dynasty-overall.php,dynasty-overall,do,Tyson Bagent,25321,QB,CHI,280.75,32.92,244,334,,tyson-bagent.php,,,7.3,,,,,,,Tyson Bagent,2026-05-08,CHI
/nfl/rankings/dynasty-overall.php,dynasty-overall,do,Russell Wilson,11180,QB,FA,321.67,36.26,260,352,,russell-wilson.php,,,2.6,,,,,,,Russell Wilson,2026-05-08,FA
/nfl/rankings/dynasty-overall.php,dynasty-overall,do,New Orleans Saints,8190,DST,NO,307.0,41.68,257,349,,new-orleans-defense.php,,,38.9,,,,,-5.0,,New Orleans Saints,2026-05-08,NOS
/nfl/rankings/dynasty-overall.php,dynasty-overall,do,Noah Gray,19539,TE,KC,322.67,32.81,271,366,,noah-gray.php,,,16.1,,,,,,,Noah Gray,2026-05-08,KCC
/nfl/rankings/dynasty-overall.php,dynasty-overall,do,DeAndre Hopkins,11606,WR,BAL,307.2,57.81,207,371,,deandre-hopkins.php,,,0.8,,,,,,,DeAndre Hopkins,2026-05-08,BAL
/nfl/rankings/dynasty-overall.php,dynasty-overall,do,Chicago Bears,8050,DST,CHI,285.75,46.8,242,353,,chicago-defense.php,,,23.1,,,,,-4.0,,Chicago Bears,2026-05-08,CHI
/nfl/rankings/dynasty-overall.php,dynasty-overall,do,Joe Milton III,25967,QB,DAL,309.0,37.45,267,362,,joe-milton.php,,,10.1,,,,,,,Joe Milton,2026-05-08,DAL
/nfl/rankings/dynasty-overall.php,dynasty-overall,do,Washington Commanders,8310,DST,WAS,309.4,11.07,290,323,,washington-defense.php,,,26.7,,,,,,,Washington Commanders,2026-05-08,WAS
/nfl/rankings/dynasty-overall.php,dynasty-overall,do,Noah Fant,17527,TE,NO,310.0,23.96,286,343,,noah-fant.php,,,8.7,,,,,,,Noah Fant,2026-05-08,NOS
/nfl/rankings/dynasty-overall.php,dynasty-overall,do,Joe Flacco,9300,QB,CIN,326.5,23.75,282,349,,joe-flacco.php,,,18.2,,,,,,,Joe Flacco,2026-05-08,CIN
/nfl/rankings/dynasty-overall.php,dynasty-overall,do,Deion Burks,27093,WR,IND,291.5,72.27,170,350,,deion-burks.php,,,0.6,,,,,,,Deion Burks,2026-05-08,IND
/nfl/rankings/dynasty-overall.php,dynasty-overall,do,Barion Brown,25416,WR,NO,314.0,62.24,206,379,,barion-brown.php,,,1.1,,,,,,,Barion Brown,2026-05-08,NOS
/nfl/rankings/dynasty-overall.php,dynasty-overall,do,Tutu Atwell,20126,WR,MIA,340.29,45.29,274,396,,tutu-atwell.php,,,4.3,,,,,,,Tutu Atwell,2026-05-08,MIA
/nfl/rankings/dynasty-overall.php,dynasty-overall,do,Will Levis,22987,QB,TEN,296.5,31.44,249,332,,will-levis.php,,,4.5,,,,,,,Will Levis,2026-05-08,TEN
/nfl/rankings/dynasty-overall.php,dynasty-overall,do,KaVontae Turpin,18520,WR,DAL,304.25,48.95,240,377,,kavontae-turpin.php,,,12.3,,,,,,,KaVontae Turpin,2026-05-08,DAL
/nfl/rankings/dynasty-overall.php,dynasty-overall,do,New York Giants,8200,DST,NYG,304.25,33.34,285,362,,new-york-giants-defense.php,,,38.7,,,,,-3.0,,New York Giants,2026-05-08,NYG
/nfl/rankings/dynasty-overall.php,dynasty-overall,do,Tai Felton,27182,WR,MIN,305.25,35.76,274,366,,tai-felton.php,,,2.7,,,,,,,Tai Felton,2026-05-08,MIN
/nfl/rankings/dynasty-overall.php,dynasty-overall,do,Matthew Hibner,28168,TE,BAL,306.0,64.7,195,355,,matthew-hibner.php,,,0.6,,,,,,,Matthew Hibner,2026-05-08,BAL
/nfl/rankings/dynasty-overall.php,dynasty-overall,do,Jack Endries,27501,TE,CIN,325.6,33.92,263,360,,jack-endries.php,,,6.8,,,,,,,Jack Endries,2026-05-08,CIN
/nfl/rankings/dynasty-overall.php,dynasty-overall,do,Davis Mills,22799,QB,HOU,326.6,52.66,241,387,,davis-mills.php,,,6.0,,,,,,,Davis Mills,2026-05-08,HOU
/nfl/rankings/dynasty-overall.php,dynasty-overall,do,Daniel Carlson,17420,K,LV,308.75,31.84,286,363,,daniel-carlson.php,,,0.8,,,,,,,Daniel Carlson,2026-05-08,LVR
/nfl/rankings/dynasty-overall.php,dynasty-overall,do,KeAndre Lambert-Smith,24372,WR,LAC,340.5,48.32,270,390,,keandre-lambert-smith.php,,,3.2,,,,,,,KeAndre Lambert-Smith,2026-05-08,LAC
/nfl/rankings/dynasty-overall.php,dynasty-overall,do,Dyami Brown,20113,WR,WAS,340.67,35.13,285,383,,dyami-brown.php,,,1.3,,,,,,,Dyami Brown,2026-05-08,WAS
/nfl/rankings/dynasty-overall.php,dynasty-overall,do,Jalin Hyatt,25251,WR,NYG,312.0,54.92,271,406,,jalin-hyatt.php,,,2.8,,,,,,,Jalin Hyatt,2026-05-08,NYG
/nfl/rankings/dynasty-overall.php,dynasty-overall,do,Tyler Lockett,13971,WR,LV,311.75,43.6,245,365,,tyler-lockett.php,,,0.8,,,,,,,Tyler Lockett,2026-05-08,LVR
/nfl/rankings/dynasty-overall.php,dynasty-overall,do,Jason Sanders,17533,K,NYG,312.5,19.5,293,332,,jason-sanders.php,,,7.8,,,,,,,Jason Sanders,2026-05-08,NYG
/nfl/rankings/dynasty-overall.php,dynasty-overall,do,Dallas Cowboys,8080,DST,DAL,312.75,34.54,280,361,,dallas-defense.php,,,26.7,,,,,-3.0,,Dallas Cowboys,2026-05-08,DAL
/nfl/rankings/dynasty-overall.php,dynasty-overall,do,CJ Daniels,28125,WR,LAR,313.25,56.17,236,378,,cj-daniels.php,,,8.5,,,,,,,CJ Daniels,2026-05-08,LAR
/nfl/rankings/dynasty-overall.php,dynasty-overall,do,Luke Musgrave,25282,TE,GB,343.17,24.66,294,373,,luke-musgrave.php,,,11.5,,,,,,,Luke Musgrave,2026-05-08,GBP
/nfl/rankings/dynasty-overall.php,dynasty-overall,do,Miles Sanders,18283,RB,FA,314.75,30.76,279,361,,miles-sanders.php,,,0.6,,,,,,,Miles Sanders,2026-05-08,FA
/nfl/rankings/dynasty-overall.php,dynasty-overall,do,Tyler Conklin,17598,TE,DET,314.75,34.43,281,372,,tyler-conklin.php,,,1.8,,,,,,,Tyler Conklin,2026-05-08,DET
/nfl/rankings/dynasty-overall.php,dynasty-overall,do,Trey Lance,20082,QB,LAC,333.0,34.64,276,379,,trey-lance.php,,,4.5,,,,,,,Trey Lance,2026-05-08,LAC
/nfl/rankings/dynasty-overall.php,dynasty-overall,do,Xavier Restrepo,27066,WR,TEN,316.5,52.43,260,392,,xavier-restrepo.php,,,1.3,,,,,,,Xavier Restrepo,2026-05-08,TEN
/nfl/rankings/dynasty-overall.php,dynasty-overall,do,Mack Hollins,16489,WR,NE,316.75,33.21,271,363,,mack-hollins.php,,,14.1,,,,,,,Mack Hollins,2026-05-08,NEP
/nfl/rankings/dynasty-overall.php,dynasty-overall,do,Kendrick Bourne,17066,WR,ARI,317.0,42.97,268,385,,kendrick-bourne.php,,,4.7,,,,,,,Kendrick Bourne,2026-05-08,ARI
/nfl/rankings/dynasty-overall.php,dynasty-overall,do,Roschon Johnson,25322,RB,CHI,334.2,44.15,265,384,,roschon-johnson.php,,,0.8,,,,,,,Roschon Johnson,2026-05-08,CHI
/nfl/rankings/dynasty-overall.php,dynasty-overall,do,Brandon McManus,13274,K,GB,290.67,8.65,281,302,,brandon-mcmanus.php,,,4.8,,,,,,,Brandon McManus,2026-05-08,GBP
/nfl/rankings/dynasty-overall.php,dynasty-overall,do,Eric Rivers,28128,WR,TB,318.25,48.43,248,369,,eric-rivers.php,,,0.0,,,,,,,Eric Rivers,2026-05-08,TBB
/nfl/rankings/dynasty-overall.php,dynasty-overall,do,Zach Ertz,11689,TE,FA,334.8,38.64,263,374,,zach-ertz.php,,,11.4,,,,,-8.0,,Zach Ertz,2026-05-08,FA
/nfl/rankings/dynasty-overall.php,dynasty-overall,do,Malik Benson,26012,WR,LV,295.0,49.0,240,359,,malik-benson.php,,,0.9,,,,,,,Malik Benson,2026-05-08,LVR
/nfl/rankings/dynasty-overall.php,dynasty-overall,do,Tanner McKee,24740,QB,PHI,299.67,28.19,260,323,,tanner-mckee.php,,,3.8,,,,,,,Tanner McKee,2026-05-08,PHI
/nfl/rankings/dynasty-overall.php,dynasty-overall,do,Dillon Gabriel,23150,QB,CLE,340.8,48.69,268,396,,dillon-gabriel.php,,,0.8,,,,,,,Dillon Gabriel,2026-05-08,CLE
/nfl/rankings/dynasty-overall.php,dynasty-overall,do,Demarcus Robinson,15665,WR,SF,326.0,50.26,254,384,,demarcus-robinson.php,,,1.6,,,,,,,Demarcus Robinson,2026-05-08,SFO
/nfl/rankings/dynasty-overall.php,dynasty-overall,do,Dawson Knox,18631,TE,BUF,341.6,15.68,317,364,,dawson-knox.php,,,21.7,,,,,,,Dawson Knox,2026-05-08,BUF
/nfl/rankings/dynasty-overall.php,dynasty-overall,do,Daniel Bellinger,24238,TE,TEN,330.25,55.85,263,398,,daniel-bellinger.php,,,5.9,,,,,,,Daniel Bellinger,2026-05-08,TEN
/nfl/rankings/dynasty-overall.php,dynasty-overall,do,Cyrus Allen,28424,WR,KC,308.67,59.49,227,367,,cyrus-allen.php,,,0.2,,,,,,,Cyrus Allen,2026-05-08,KCC
/nfl/rankings/dynasty-overall.php,dynasty-overall,do,Curtis Samuel,16434,WR,FA,308.67,65.39,258,401,,curtis-samuel.php,,,1.1,,,,,,,Curtis Samuel,2026-05-08,FA
/nfl/rankings/dynasty-overall.php,dynasty-overall,do,Erick All Jr.,23837,TE,CIN,345.8,15.25,331,374,,erick-all.php,,,1.8,,,,,-7.0,,Erick All,2026-05-08,CIN
/nfl/rankings/dynasty-overall.php,dynasty-overall,do,Mitchell Evans,27138,TE,CAR,348.6,19.62,319,372,,mitchell-evans.php,,,1.4,,,,,6.0,,Mitchell Evans,2026-05-08,CAR
/nfl/rankings/dynasty-overall.php,dynasty-overall,do,George Holani,22915,RB,SEA,337.5,58.82,236,379,,george-holani.php,,,29.2,,,,,,,George Holani,2026-05-08,SEA
/nfl/rankings/dynasty-overall.php,dynasty-overall,do,Arizona Cardinals,8000,DST,ARI,275.0,27.0,248,302,,arizona-defense.php,,,9.9,,,,,,,Arizona Cardinals,2026-05-08,ARI
/nfl/rankings/dynasty-overall.php,dynasty-overall,do,Damien Martinez,25976,RB,GB,318.67,49.22,273,387,,damien-martinez.php,,,0.6,,,,,,,Damien Martinez,2026-05-08,GBP
/nfl/rankings/dynasty-overall.php,dynasty-overall,do,Gabe Davis,19398,WR,FA,319.33,65.3,232,389,,gabriel-davis.php,,,0.6,,,,,,,Gabriel Davis,2026-05-08,FA
/nfl/rankings/dynasty-overall.php,dynasty-overall,do,Brandin Cooks,12122,WR,FA,321.0,62.79,240,393,,brandin-cooks.php,,,0.9,,,,,,,Brandin Cooks,2026-05-08,FA
/nfl/rankings/dynasty-overall.php,dynasty-overall,do,Taysom Hill,17115,TE,FA,322.67,62.2,253,404,,taysom-hill.php,,,1.0,,,,,,,Taysom Hill,2026-05-08,FA
/nfl/rankings/dynasty-overall.php,dynasty-overall,do,Robert Henry Jr.,28404,RB,WAS,324.33,81.02,210,388,,robert-henry-jr.php,,,0.0,,,,,,,Robert Henry,2026-05-08,WAS
/nfl/rankings/dynasty-overall.php,dynasty-overall,do,Terion Stewart,28111,RB,KC,325.33,81.14,211,391,,terion-stewart.php,,,0.0,,,,,,,Terion Stewart,2026-05-08,KCC
/nfl/rankings/dynasty-overall.php,dynasty-overall,do,Gardner Minshew II,18562,QB,ARI,326.67,56.33,247,367,,gardner-minshew.php,,,6.5,,,,,,,Gardner Minshew,2026-05-08,ARI
/nfl/rankings/dynasty-overall.php,dynasty-overall,do,Devontez Walker,26011,WR,BAL,348.5,26.81,307,375,,devontez-walker.php,,,1.7,,,,,,,Devontez Walker,2026-05-08,BAL
/nfl/rankings/dynasty-overall.php,dynasty-overall,do,Aidan O'Connell,24330,QB,LV,331.67,51.39,259,369,,aidan-oconnell.php,,,0.6,,,,,,,Aidan OConnell,2026-05-08,LVR
/nfl/rankings/dynasty-overall.php,dynasty-overall,do,Dameon Pierce,22947,RB,PHI,341.33,63.13,288,430,,dameon-pierce.php,,,1.1,,,,,,,Dameon Pierce,2026-05-08,PHI
/nfl/rankings/dynasty-overall.php,dynasty-overall,do,Mason Rudolph,17234,QB,PIT,332.0,16.51,309,347,,mason-rudolph.php,,,3.0,,,,,,,Mason Rudolph,2026-05-08,PIT
/nfl/rankings/dynasty-overall.php,dynasty-overall,do,Phil Mafah,22928,RB,DAL,301.0,72.0,229,373,,phil-mafah.php,,,1.8,,,,,,,Phil Mafah,2026-05-08,DAL
/nfl/rankings/dynasty-overall.php,dynasty-overall,do,Eric McAlister,28134,WR,FA,335.0,70.52,237,400,,eric-mcalister.php,,,9.5,,,,,,,Eric McAlister,2026-05-08,FA
/nfl/rankings/dynasty-overall.php,dynasty-overall,do,Diontae Johnson,18615,WR,FA,306.0,80.0,226,386,,diontae-johnson.php,,,0.6,,,,,,,Diontae Johnson,2026-05-08,FA
/nfl/rankings/dynasty-overall.php,dynasty-overall,do,Josh Cameron,28137,WR,JAC,339.33,27.64,315,378,,josh-cameron.php,,,0.6,,,,,,,Josh Cameron,2026-05-08,JAC
/nfl/rankings/dynasty-overall.php,dynasty-overall,do,Nick Westbrook-Ikhine,19747,WR,IND,356.5,52.64,270,408,,nick-westbrook.php,,,1.5,,,,,,,Nick Westbrook-Ikhine,2026-05-08,IND
/nfl/rankings/dynasty-overall.php,dynasty-overall,do,Jermaine Burton,22956,WR,FA,312.0,78.0,234,390,,jermaine-burton.php,,,0.6,,,,,,,Jermaine Burton,2026-05-08,FA
/nfl/rankings/dynasty-overall.php,dynasty-overall,do,Mitchell Trubisky,16381,QB,TEN,342.67,26.64,305,362,,mitch-trubisky.php,,,1.2,,,,,,,Mitchell Trubisky,2026-05-08,TEN
/nfl/rankings/dynasty-overall.php,dynasty-overall,do,Eddy Pineiro,17575,K,SF,314.0,6.0,308,320,,eddy-pineiro.php,,,55.3,,,,,,,Eddy Pineiro,2026-05-08,SFO
/nfl/rankings/dynasty-overall.php,dynasty-overall,do,Jarrett Stidham,18604,QB,DEN,343.67,69.16,246,397,,jarrett-stidham.php,,,3.7,,,,,,,Jarrett Stidham,2026-05-08,DEN
/nfl/rankings/dynasty-overall.php,dynasty-overall,do,Ja'Lynn Polk,26205,WR,NO,344.33,59.29,261,394,,jalynn-polk.php,,,2.8,,,,,,,JaLynn Polk,2026-05-08,NOS
/nfl/rankings/dynasty-overall.php,dynasty-overall,do,Isaiah Hodgins,19375,WR,NYG,360.0,62.25,314,448,,isaiah-hodgins.php,,,0.1,,,,,,,Isaiah Hodgins,2026-05-08,NYG
/nfl/rankings/dynasty-overall.php,dynasty-overall,do,Jordan Watkins,27486,WR,SF,344.67,41.99,286,382,,jordan-watkins.php,,,0.6,,,,,,,Jordan Watkins,2026-05-08,SFO
/nfl/rankings/dynasty-overall.php,dynasty-overall,do,Jeff Caldwell,28425,WR,KC,359.0,28.18,313,383,,jeff-caldwell.php,,,1.4,,,,,,,Jeff Caldwell,2026-05-08,KCC
/nfl/rankings/dynasty-overall.php,dynasty-overall,do,Nate Boerkircher,28427,TE,JAC,359.0,14.82,341,376,,nate-boerkircher.php,,,0.7,,,,,,,Nate Boerkircher,2026-05-08,JAC
/nfl/rankings/dynasty-overall.php,dynasty-overall,do,RJ Maryland,27341,TE,GB,330.5,90.5,240,421,,rj-maryland.php,,,0.0,,,,,,,RJ Maryland,2026-05-08,GBP
/nfl/rankings/dynasty-overall.php,dynasty-overall,do,Van Jefferson,19483,WR,WAS,358.0,55.86,299,433,,van-jefferson.php,,,1.1,,,,,,,Van Jefferson,2026-05-08,WAS
/nfl/rankings/dynasty-overall.php,dynasty-overall,do,Will Kacmarek,28403,TE,MIA,348.0,41.74,289,379,,will-kacmarek.php,,,1.9,,,,,,,Will Kacmarek,2026-05-08,MIA
/nfl/rankings/dynasty-overall.php,dynasty-overall,do,Javon Baker,22885,WR,FA,322.0,75.0,247,397,,javon-baker.php,,,1.0,,,,,,,Javon Baker,2026-05-08,FA
/nfl/rankings/dynasty-overall.php,dynasty-overall,do,Tommy Tremble,22795,TE,CAR,324.0,75.0,249,399,,tommy-tremble.php,,,2.1,,,,,,,Tommy Tremble,2026-05-08,CAR
/nfl/rankings/dynasty-overall.php,dynasty-overall,do,Aaron Anderson,27500,WR,CLE,336.0,89.0,247,425,,aaron-anderson.php,,,1.2,,,,,,,Aaron Anderson,2026-05-08,CLE
/nfl/rankings/dynasty-overall.php,dynasty-overall,do,Tyren Montgomery,28423,WR,TEN,363.25,23.92,325,384,,tyren-montgomery.php,,,0.0,,,,,,,Tyren Montgomery,2026-05-08,TEN
/nfl/rankings/dynasty-overall.php,dynasty-overall,do,Antonio Gibson,19624,RB,FA,360.0,52.08,300,427,,antonio-gibson.php,,,0.7,,,,,,,Antonio Gibson,2026-05-08,FA
/nfl/rankings/dynasty-overall.php,dynasty-overall,do,Luke Schoonmaker,25267,TE,DAL,367.0,57.41,315,447,,luke-schoonmaker.php,,,1.4,,,,,,,Luke Schoonmaker,2026-05-08,DAL
/nfl/rankings/dynasty-overall.php,dynasty-overall,do,Joe Royer,27312,TE,CLE,365.0,21.32,342,395,,joe-royer.php,,,1.1,,,,,,,Joe Royer,2026-05-08,CLE
/nfl/rankings/dynasty-overall.php,dynasty-overall,do,Josh Oliver,18487,TE,MIN,374.5,36.87,342,437,,josh-oliver.php,,,1.1,,,,,,,Josh Oliver,2026-05-08,MIN
/nfl/rankings/dynasty-overall.php,dynasty-overall,do,Zavion Thomas,28132,WR,CHI,366.75,18.27,349,396,,zavion-thomas.php,,,2.1,,,,,,,Zavion Thomas,2026-05-08,CHI
/nfl/rankings/dynasty-overall.php,dynasty-overall,do,Efton Chism III,27445,WR,NE,369.0,72.57,269,439,,efton-chismi.php,,,1.1,,,,,,,Efton Chism,2026-05-08,NEP
/nfl/rankings/dynasty-overall.php,dynasty-overall,do,Samaje Perine,16423,RB,CIN,358.33,35.52,315,402,,samaje-perine.php,,,7.3,,,,,,,Samaje Perine,2026-05-08,CIN
/nfl/rankings/dynasty-overall.php,dynasty-overall,do,Austin Hooper,15581,TE,ATL,365.67,44.02,316,423,,austin-hooper.php,,,2.1,,,,,,,Austin Hooper,2026-05-08,ATL
/nfl/rankings/dynasty-overall.php,dynasty-overall,do,Emari Demercado,25654,RB,KC,377.4,29.98,324,411,,emari-demercado.php,,,8.2,,,,,,,Emari Demercado,2026-05-08,KCC
/nfl/rankings/dynasty-overall.php,dynasty-overall,do,Will Dissly,18049,TE,FA,343.5,69.5,274,413,,will-dissly.php,,,0.6,,,,,,,Will Dissly,2026-05-08,FA
/nfl/rankings/dynasty-overall.php,dynasty-overall,do,Malachi Corley,26023,WR,CLE,344.5,69.5,275,414,,malachi-corley.php,,,0.6,,,,,,,Malachi Corley,2026-05-08,CLE
/nfl/rankings/dynasty-overall.php,dynasty-overall,do,Darren Waller,14104,TE,FA,382.33,60.78,313,461,,darren-waller.php,,,11.6,,,,,,,Darren Waller,2026-05-08,FA
/nfl/rankings/dynasty-overall.php,dynasty-overall,do,Austin Ekeler,16483,RB,FA,356.0,70.0,286,426,,austin-ekeler.php,,,4.3,,,,,,,Austin Ekeler,2026-05-08,FA
/nfl/rankings/dynasty-overall.php,dynasty-overall,do,Bam Knight,24901,RB,ARI,377.5,33.93,324,418,,zonovan-bam-knight.php,,,1.3,,,,,,,Bam Knight,2026-05-08,ARI
/nfl/rankings/dynasty-overall.php,dynasty-overall,do,Jeremy McNichols,16445,RB,WAS,347.0,56.0,291,403,,jeremy-mcnichols.php,,,0.9,,,,,,,Jeremy McNichols,2026-05-08,WAS
/nfl/rankings/dynasty-overall.php,dynasty-overall,do,Olamide Zaccheaus,18864,WR,ATL,374.67,49.6,311,432,,olamide-zaccheaus.php,,,9.9,,,,,,,Olamide Zaccheaus,2026-05-08,ATL
/nfl/rankings/dynasty-overall.php,dynasty-overall,do,Cade Stover,25269,TE,HOU,349.5,55.5,294,405,,cade-stover.php,,,2.7,,,,,,,Cade Stover,2026-05-08,HOU
/nfl/rankings/dynasty-overall.php,dynasty-overall,do,Khalil Herbert,22763,RB,FA,365.5,63.5,302,429,,khalil-herbert.php,,,1.1,,,,,,,Khalil Herbert,2026-05-08,FA
/nfl/rankings/dynasty-overall.php,dynasty-overall,do,Raheem Mostert,14338,RB,LV,370.0,68.0,302,438,,raheem-mostert.php,,,0.6,,,,,,,Raheem Mostert,2026-05-08,LVR
/nfl/rankings/dynasty-overall.php,dynasty-overall,do,Le'Veon Moss,27323,RB,MIA,381.67,46.96,325,440,,leveon-moss.php,,,10.8,,,,,,,LeVeon Moss,2026-05-08,MIA
/nfl/rankings/dynasty-overall.php,dynasty-overall,do,Jacob Cowing,25289,WR,SF,357.0,52.0,305,409,,jacob-cowing.php,,,0.6,,,,,,,Jacob Cowing,2026-05-08,SFO
/nfl/rankings/dynasty-overall.php,dynasty-overall,do,Tyler Huntley,19297,QB,BAL,354.0,4.0,350,358,,tyler-huntley.php,,,5.2,,,,,-7.0,,Tyler Huntley,2026-05-08,BAL
/nfl/rankings/dynasty-overall.php,dynasty-overall,do,Kalif Raymond,16081,WR,CHI,376.5,66.5,310,443,,kalif-raymond.php,,,1.5,,,,,,,Kalif Raymond,2026-05-08,CHI
/nfl/rankings/dynasty-overall.php,dynasty-overall,do,Kendrick Law,26044,WR,DET,360.0,47.0,313,407,,kendrick-law.php,,,0.8,,,,,,,Kendrick Law,2026-05-08,DET
/nfl/rankings/dynasty-overall.php,dynasty-overall,do,Treylon Burks,22905,WR,WAS,379.5,66.5,313,446,,treylon-burks.php,,,4.3,,,,,,,Treylon Burks,2026-05-08,WAS
/nfl/rankings/dynasty-overall.php,dynasty-overall,do,Jimmy Horn Jr.,27294,WR,CAR,393.67,54.35,335,466,,jimmy-horn-jr.php,,,1.8,,,,,,,Jimmy Horn,2026-05-08,CAR
/nfl/rankings/dynasty-overall.php,dynasty-overall,do,Reggie Virgil,28141,WR,ARI,362.5,47.5,315,410,,reggie-virgil.php,,,0.7,,,,,,,Reggie Virgil,2026-05-08,ARI
/nfl/rankings/dynasty-overall.php,dynasty-overall,do,Jam Miller,27326,RB,NE,377.67,41.51,320,416,,jam-miller.php,,,2.3,,,,,,,Jam Miller,2026-05-08,NEP
/nfl/rankings/dynasty-overall.php,dynasty-overall,do,Riley Nowakowski,28437,TE,PIT,364.5,47.5,317,412,,riley-nowakowski.php,,,0.6,,,,,,,Riley Nowakowski,2026-05-08,PIT
/nfl/rankings/dynasty-overall.php,dynasty-overall,do,Foster Moreau,18397,TE,HOU,414.5,96.5,318,511,,foster-moreau.php,,,0.7,,,,,,,Foster Moreau,2026-05-08,HOU
/nfl/rankings/dynasty-overall.php,dynasty-overall,do,Seydou Traore,28163,TE,MIA,368.5,48.5,320,417,,seydou-traore.php,,,0.0,,,,,,,Seydou Traore,2026-05-08,MIA
/nfl/rankings/dynasty-overall.php,dynasty-overall,do,Adam Trautman,19423,TE,DEN,400.0,79.0,321,479,,adam-trautman.php,,,1.1,,,,,,,Adam Trautman,2026-05-08,DEN
/nfl/rankings/dynasty-overall.php,dynasty-overall,do,Rasheen Ali,25983,RB,BAL,408.0,86.0,322,494,,rasheen-ali.php,,,3.2,,,,,,,Rasheen Ali,2026-05-08,BAL
/nfl/rankings/dynasty-overall.php,dynasty-overall,do,Isaiah Williams,26379,WR,NYJ,386.5,63.5,323,450,,isaiah-williams-wr.php,,,2.2,,,,,,,Isaiah Williams,2026-05-08,NYJ
/nfl/rankings/dynasty-overall.php,dynasty-overall,do,Noah Brown,16443,WR,FA,391.0,60.0,331,451,,noah-brown.php,,,0.7,,,,,,,Noah Brown,2026-05-08,FA
/nfl/rankings/dynasty-overall.php,dynasty-overall,do,Josh Reynolds,16439,WR,FA,392.0,60.0,332,452,,josh-reynolds.php,,,2.1,,,,,,,Josh Reynolds,2026-05-08,FA
/nfl/rankings/dynasty-overall.php,dynasty-overall,do,Elijah Higgins,23119,TE,ARI,392.0,40.42,343,442,,elijah-higgins.php,,,3.6,,,,,,,Elijah Higgins,2026-05-08,ARI
/nfl/rankings/dynasty-overall.php,dynasty-overall,do,JuJu Smith-Schuster,16427,WR,FA,393.0,60.0,333,453,,juju-smith-schuster.php,,,0.8,,,,,,,JuJu Smith-Schuster,2026-05-08,FA
/nfl/rankings/dynasty-overall.php,dynasty-overall,do,Dallen Bentley,28352,TE,DEN,383.33,24.96,354,415,,dallen-bentley.php,,,1.1,,,,,,,Dallen Bentley,2026-05-08,DEN
/nfl/rankings/dynasty-overall.php,dynasty-overall,do,Sterling Shepard,15569,WR,FA,394.0,60.0,334,454,,sterling-shepard.php,,,1.0,,,,,,,Sterling Shepard,2026-05-08,FA
/nfl/rankings/dynasty-overall.php,dynasty-overall,do,Tyrell Shavers,25813,WR,BUF,396.0,59.0,337,455,,tyrell-shavers.php,,,1.3,,,,,,,Tyrell Shavers,2026-05-08,BUF
/nfl/rankings/dynasty-overall.php,dynasty-overall,do,Josh Cuevas,28155,TE,BAL,387.0,27.43,352,419,,josh-cuevas.php,,,0.9,,,,,,,Josh Cuevas,2026-05-08,BAL
/nfl/rankings/dynasty-overall.php,dynasty-overall,do,Brevin Jordan,20162,TE,HOU,426.5,85.5,341,512,,brevin-jordan.php,,,0.6,,,,,,,Brevin Jordan,2026-05-08,HOU
/nfl/rankings/dynasty-overall.php,dynasty-overall,do,Dae'Quan Wright,28159,TE,PHI,389.0,24.78,370,424,,daequan-wright.php,,,0.0,,,,,,,DaeQuan Wright,2026-05-08,PHI
/nfl/rankings/dynasty-overall.php,dynasty-overall,do,Jimmy Garoppolo,12208,QB,LAR,373.0,11.0,362,384,,jimmy-garoppolo.php,,,1.4,,,,,,,Jimmy Garoppolo,2026-05-08,LAR
/nfl/rankings/dynasty-overall.php,dynasty-overall,do,Colbie Young,26037,WR,CIN,383.0,37.0,346,420,,colbie-young.php,,,0.8,,,,,,,Colbie Young,2026-05-08,CIN
/nfl/rankings/dynasty-overall.php,dynasty-overall,do,Jaren Kanak,28160,TE,TEN,388.0,40.0,348,428,,jaren-kanak.php,,,0.0,,,,,,,Jaren Kanak,2026-05-08,TEN
/nfl/rankings/dynasty-overall.php,dynasty-overall,do,Carsen Ryan,28399,TE,CLE,389.0,33.0,356,422,,carsen-ryan.php,,,0.6,,,,,,,Carsen Ryan,2026-05-08,CLE
/nfl/rankings/dynasty-overall.php,dynasty-overall,do,Jared Wiley,26343,TE,KC,396.5,37.5,359,434,,jared-wiley.php,,,0.6,,,,,,,Jared Wiley,2026-05-08,KCC
/nfl/rankings/dynasty-overall.php,dynasty-overall,do,Chase Roberts,28131,WR,LV,397.5,37.5,360,435,,chase-roberts.php,,,0.0,,,,,,,Chase Roberts,2026-05-08,LVR
/nfl/rankings/dynasty-overall.php,dynasty-overall,do,Theo Wease Jr.,27222,WR,MIA,409.5,46.5,363,456,,theo-wease-jr.php,,,4.8,,,,,,,Theo Wease,2026-05-08,MIA
/nfl/rankings/dynasty-overall.php,dynasty-overall,do,Xavier Hutchinson,25332,WR,HOU,410.5,46.5,364,457,,xavier-hutchinson.php,,,4.4,,,,,,,Xavier Hutchinson,2026-05-08,HOU
/nfl/rankings/dynasty-overall.php,dynasty-overall,do,Dohnte Meyers,28178,WR,CIN,412.0,46.0,366,458,,dohnte-meyers.php,,,0.0,,,,,,,Dohnte Meyers,2026-05-08,CIN
/nfl/rankings/dynasty-overall.php,dynasty-overall,do,Damien Alford,28451,WR,NO,413.0,46.0,367,459,,damien-alford.php,,,1.5,,,,,,,Damien Alford,2026-05-08,NOS
/nfl/rankings/dynasty-overall.php,dynasty-overall,do,Kaden Wetjen,28435,WR,PIT,400.0,31.0,369,431,,kaden-wetjen.php,,,0.8,,,,,,,Kaden Wetjen,2026-05-08,PIT
/nfl/rankings/dynasty-overall.php,dynasty-overall,do,Dean Connors,28113,RB,LAR,407.5,37.5,370,445,,dean-connors.php,,,0.0,,,,,-14.0,,Dean Connors,2026-05-08,LAR
/nfl/rankings/dynasty-overall.php,dynasty-overall,do,Charlie Kolar,22756,TE,LAC,415.0,45.0,370,460,,charlie-kolar.php,,,5.5,,,,,,,Charlie Kolar,2026-05-08,LAC
/nfl/rankings/dynasty-overall.php,dynasty-overall,do,Jeremy Ruckert,23742,TE,NYJ,408.5,32.5,376,441,,jeremy-ruckert.php,,,1.2,,,,,,,Jeremy Ruckert,2026-05-08,NYJ
/nfl/rankings/dynasty-overall.php,dynasty-overall,do,Jared Wayne,25495,WR,HOU,419.0,43.0,376,462,,jared-wayne.php,,,0.0,,,,,,,Jared Wayne,2026-05-08,HOU
/nfl/rankings/dynasty-overall.php,dynasty-overall,do,Kevin Austin Jr.,23049,WR,NO,420.0,43.0,377,463,,kevin-austin.php,,,1.2,,,,,,,Kevin Austin,2026-05-08,NOS
/nfl/rankings/dynasty-overall.php,dynasty-overall,do,Jahdae Walker,27810,WR,CHI,421.0,43.0,378,464,,jahdae-walker.php,,,2.6,,,,,,,Jahdae Walker,2026-05-08,CHI
/nfl/rankings/dynasty-overall.php,dynasty-overall,do,Lil'Jordan Humphrey,18590,WR,DEN,422.0,43.0,379,465,,liljordan-humphrey.php,,,1.1,,,,,,,LilJordan Humphrey,2026-05-08,DEN
/nfl/rankings/dynasty-overall.php,dynasty-overall,do,Jaydn Ott,25394,RB,KC,423.5,43.5,380,467,,jaydn-ott.php,,,1.5,,,,,,,Jaydn Ott,2026-05-08,KCC
/nfl/rankings/dynasty-overall.php,dynasty-overall,do,Malik Davis,24205,RB,DAL,426.5,43.5,383,470,,malik-davis.php,,,5.7,,,,,,,Malik Davis,2026-05-08,DAL
/nfl/rankings/dynasty-overall.php,dynasty-overall,do,Jamari Thrash,26162,WR,CLE,426.5,41.5,385,468,,jamari-thrash.php,,,0.6,,,,,,,Jamari Thrash,2026-05-08,CLE
/nfl/rankings/dynasty-overall.php,dynasty-overall,do,Greg Dortch,18585,WR,DET,427.5,41.5,386,469,,greg-dortch.php,,,2.3,,,,,,,Greg Dortch,2026-05-08,DET
/nfl/rankings/dynasty-overall.php,dynasty-overall,do,Grant Calcaterra,24180,TE,PHI,418.5,30.5,388,449,,grant-calcaterra.php,,,1.4,,,,,,,Grant Calcaterra,2026-05-08,PHI
/nfl/rankings/dynasty-overall.php,dynasty-overall,do,Thomas Fidone II,23039,TE,NYG,419.0,25.0,394,444,,thomas-fidone.php,,,0.6,,,,,,,Thomas Fidone,2026-05-08,NYG
/nfl/rankings/dynasty-qb.php,dynasty-qb,dp,Josh Allen,17298,QB,BUF,1.05,0.22,1,2,,josh-allen-qb.php,,,99.2,,,,,,,Josh Allen,2026-05-08,BUF
/nfl/rankings/dynasty-qb.php,dynasty-qb,dp,Drake Maye,23046,QB,NE,2.63,1.18,1,5,,drake-maye.php,,,99.1,,,,,,,Drake Maye,2026-05-08,NEP
/nfl/rankings/dynasty-qb.php,dynasty-qb,dp,Jayden Daniels,22902,QB,WAS,3.68,1.17,2,6,,jayden-daniels.php,,,87.1,,,,,1.0,,Jayden Daniels,2026-05-08,WAS
/nfl/rankings/dynasty-qb.php,dynasty-qb,dp,Lamar Jackson,17233,QB,BAL,3.84,1.31,2,8,,lamar-jackson.php,,,98.5,,,,,-1.0,,Lamar Jackson,2026-05-08,BAL
/nfl/rankings/dynasty-qb.php,dynasty-qb,dp,Joe Burrow,19196,QB,CIN,5.47,1.57,3,10,,joe-burrow.php,,,85.2,,,,,,,Joe Burrow,2026-05-08,CIN
/nfl/rankings/dynasty-qb.php,dynasty-qb,dp,Patrick Mahomes II,16413,QB,KC,6.84,1.69,3,10,,patrick-mahomes.php,,,82.7,,,,,,,Patrick Mahomes,2026-05-08,KCC
/nfl/rankings/dynasty-qb.php,dynasty-qb,dp,Caleb Williams,23084,QB,CHI,6.95,2.33,4,14,,caleb-williams.php,,,83.1,,,,,,,Caleb Williams,2026-05-08,CHI
/nfl/rankings/dynasty-qb.php,dynasty-qb,dp,Justin Herbert,18635,QB,LAC,7.95,1.36,6,11,,justin-herbert.php,,,79.6,,,,,,,Justin Herbert,2026-05-08,LAC
/nfl/rankings/dynasty-qb.php,dynasty-qb,dp,Jalen Hurts,19275,QB,PHI,8.16,1.9,4,11,,jalen-hurts.php,,,98.0,,,,,,,Jalen Hurts,2026-05-08,PHI
/nfl/rankings/dynasty-qb.php,dynasty-qb,dp,Trevor Lawrence,19780,QB,JAC,10.58,1.73,7,15,,trevor-lawrence.php,,,87.6,,,,,,,Trevor Lawrence,2026-05-08,JAC
/nfl/rankings/dynasty-qb.php,dynasty-qb,dp,Jaxson Dart,23160,QB,NYG,10.79,2.02,7,14,,jaxson-dart.php,,,84.4,,,,,,,Jaxson Dart,2026-05-08,NYG
/nfl/rankings/dynasty-qb.php,dynasty-qb,dp,Brock Purdy,19797,QB,SF,11.47,1.09,9,13,,brock-purdy.php,,,82.8,,,,,,,Brock Purdy,2026-05-08,SFO
/nfl/rankings/dynasty-qb.php,dynasty-qb,dp,Bo Nix,22910,QB,DEN,12.89,1.77,9,16,,bo-nix.php,,,70.7,,,,,,,Bo Nix,2026-05-08,DEN
/nfl/rankings/dynasty-qb.php,dynasty-qb,dp,Dak Prescott,15600,QB,DAL,14.16,2.23,10,18,,dak-prescott.php,,,82.4,,,,,,,Dak Prescott,2026-05-08,DAL
/nfl/rankings/dynasty-qb.php,dynasty-qb,dp,Jordan Love,19246,QB,GB,14.32,1.42,12,17,,jordan-love.php,,,47.8,,,,,,,Jordan Love,2026-05-08,GBP
/nfl/rankings/dynasty-qb.php,dynasty-qb,dp,Baker Mayfield,17237,QB,TB,16.58,1.46,15,19,,baker-mayfield.php,,,54.2,,,,,,,Baker Mayfield,2026-05-08,TBB
/nfl/rankings/dynasty-qb.php,dynasty-qb,dp,C.J. Stroud,23071,QB,HOU,18.32,1.89,16,23,,cj-stroud.php,,,43.0,,,,,,,CJ Stroud,2026-05-08,HOU
/nfl/rankings/dynasty-qb.php,dynasty-qb,dp,Jared Goff,15501,QB,DET,18.84,2.16,15,23,,jared-goff.php,,,55.0,,,,,,,Jared Goff,2026-05-08,DET
/nfl/rankings/dynasty-qb.php,dynasty-qb,dp,Fernando Mendoza,28013,QB,LV,19.74,3.48,15,26,,fernando-mendoza.php,,,51.0,,,,,,,Fernando Mendoza,2026-05-08,LVR
/nfl/rankings/dynasty-qb.php,dynasty-qb,dp,Cam Ward,24755,QB,TEN,19.95,1.73,16,23,,cam-ward.php,,,36.3,,,,,,,Cam Ward,2026-05-08,TEN
/nfl/rankings/dynasty-qb.php,dynasty-qb,dp,Kyler Murray,18600,QB,MIN,21.42,3.07,16,27,,kyler-murray.php,,,67.6,,,,,,,Kyler Murray,2026-05-08,MIN
/nfl/rankings/dynasty-qb.php,dynasty-qb,dp,Sam Darnold,17236,QB,SEA,21.84,1.31,19,24,,sam-darnold.php,,,45.6,,,,,,,Sam Darnold,2026-05-08,SEA
/nfl/rankings/dynasty-qb.php,dynasty-qb,dp,Tyler Shough,23096,QB,NO,22.0,1.81,18,25,,tyler-shough.php,,,58.8,,,,,,,Tyler Shough,2026-05-08,NOS
/nfl/rankings/dynasty-qb.php,dynasty-qb,dp,Malik Willis,23499,QB,MIA,23.32,2.25,20,27,,malik-willis.php,,,43.9,,,,,,,Malik Willis,2026-05-08,MIA
/nfl/rankings/dynasty-qb.php,dynasty-qb,dp,Bryce Young,22900,QB,CAR,24.42,2.06,19,27,,bryce-young.php,,,41.4,,,,,,,Bryce Young,2026-05-08,CAR
/nfl/rankings/dynasty-qb.php,dynasty-qb,dp,Daniel Jones,18232,QB,IND,25.26,1.97,21,28,,daniel-jones.php,,,50.4,,,,,,,Daniel Jones,2026-05-08,IND
/nfl/rankings/dynasty-qb.php,dynasty-qb,dp,Matthew Stafford,9451,QB,LAR,26.84,3.57,23,41,,matthew-stafford.php,,,83.5,,,,,,,Matthew Stafford,2026-05-08,LAR
/nfl/rankings/dynasty-qb.php,dynasty-qb,dp,Ty Simpson,25368,QB,LAR,28.81,2.6,25,37,,ty-simpson.php,,,30.3,,,,,,,Ty Simpson,2026-05-08,LAR
/nfl/rankings/dynasty-qb.php,dynasty-qb,dp,Michael Penix Jr.,22973,QB,ATL,30.11,1.62,28,33,,michael-penix-jr.php,,,31.8,,,,,,,Michael Penix,2026-05-08,ATL
/nfl/rankings/dynasty-qb.php,dynasty-qb,dp,J.J. McCarthy,23018,QB,MIN,30.26,2.24,27,35,,jj-mccarthy.php,,,29.8,,,,,,,JJ McCarthy,2026-05-08,MIN
/nfl/rankings/dynasty-qb.php,dynasty-qb,dp,Tua Tagovailoa,19198,QB,ATL,32.21,2.33,28,36,,tua-tagovailoa.php,,,32.9,,,,,,,Tua Tagovailoa,2026-05-08,ATL
/nfl/rankings/dynasty-qb.php,dynasty-qb,dp,Shedeur Sanders,25968,QB,CLE,33.37,4.42,29,45,,shedeur-sanders.php,,,32.8,,,,,,,Shedeur Sanders,2026-05-08,CLE
/nfl/rankings/dynasty-qb.php,dynasty-qb,dp,Geno Smith,11687,QB,NYJ,34.78,2.59,30,41,,geno-smith.php,,,31.4,,,,,,,Geno Smith,2026-05-08,NYJ
/nfl/rankings/dynasty-qb.php,dynasty-qb,dp,Anthony Richardson Sr.,24347,QB,IND,36.22,4.43,31,50,,anthony-richardson.php,,,31.1,,,,,,,Anthony Richardson,2026-05-08,IND
/nfl/rankings/dynasty-qb.php,dynasty-qb,dp,Aaron Rodgers,9001,QB,FA,38.72,7.38,29,61,,aaron-rodgers.php,,,31.0,,,,,,,Aaron Rodgers,2026-05-08,FA
/nfl/rankings/dynasty-qb.php,dynasty-qb,dp,Jacoby Brissett,15642,QB,ARI,35.4,3.63,30,44,,jacoby-brissett.php,,,33.6,,,,,,,Jacoby Brissett,2026-05-08,ARI
/nfl/rankings/dynasty-qb.php,dynasty-qb,dp,Mac Jones,20156,QB,SF,36.67,4.42,30,46,,mac-jones.php,,,33.6,,,,,,,Mac Jones,2026-05-08,SFO
/nfl/rankings/dynasty-qb.php,dynasty-qb,dp,Justin Fields,19781,QB,KC,37.93,4.12,31,49,,justin-fields.php,,,32.3,,,,,,,Justin Fields,2026-05-08,KCC
/nfl/rankings/dynasty-qb.php,dynasty-qb,dp,Garrett Nussmeier,22998,QB,KC,53.78,6.49,42,67,,garrett-nussmeier.php,,,14.6,,,,,,,Garrett Nussmeier,2026-05-08,KCC
/nfl/rankings/dynasty-qb.php,dynasty-qb,dp,Kirk Cousins,11177,QB,LV,39.57,4.34,32,50,,kirk-cousins.php,,,28.6,,,,,,,Kirk Cousins,2026-05-08,LVR
/nfl/rankings/dynasty-qb.php,dynasty-qb,dp,Jalen Milroe,22884,QB,SEA,43.36,4.92,37,54,,jalen-milroe.php,,,15.3,,,,,,,Jalen Milroe,2026-05-08,SEA
/nfl/rankings/dynasty-qb.php,dynasty-qb,dp,Carson Beck,22953,QB,ARI,40.85,5.91,33,52,,carson-beck.php,,,18.0,,,,,,,Carson Beck,2026-05-08,ARI
/nfl/rankings/dynasty-qb.php,dynasty-qb,dp,Deshaun Watson,16398,QB,CLE,42.33,5.69,34,53,,deshaun-watson.php,,,24.7,,,,,,,Deshaun Watson,2026-05-08,CLE
/nfl/rankings/dynasty-qb.php,dynasty-qb,dp,Quinn Ewers,23680,QB,MIA,50.33,7.5,43,71,,quinn-ewers.php,,,14.3,,,,,,,Quinn Ewers,2026-05-08,MIA
/nfl/rankings/dynasty-qb.php,dynasty-qb,dp,Drew Allar,24345,QB,PIT,46.36,6.77,38,59,,drew-allar.php,,,8.8,,,,,,,Drew Allar,2026-05-08,PIT
/nfl/rankings/dynasty-qb.php,dynasty-qb,dp,Jameis Winston,13891,QB,NYG,47.4,5.24,40,56,,jameis-winston.php,,,16.8,,,,,,,Jameis Winston,2026-05-08,NYG
/nfl/rankings/dynasty-qb.php,dynasty-qb,dp,Cade Klubnik,24361,QB,NYJ,44.67,1.83,41,47,,cade-klubnik.php,,,5.7,,,,,,,Cade Klubnik,2026-05-08,NYJ
/nfl/rankings/dynasty-qb.php,dynasty-qb,dp,Will Howard,25972,QB,PIT,50.1,5.39,42,59,,will-howard.php,,,19.8,,,,,,,Will Howard,2026-05-08,PIT
/nfl/rankings/dynasty-qb.php,dynasty-qb,dp,Marcus Mariota,13890,QB,WAS,46.67,4.42,40,53,,marcus-mariota.php,,,18.0,,,,,,,Marcus Mariota,2026-05-08,WAS
/nfl/rankings/dynasty-qb.php,dynasty-qb,dp,Taylen Green,28094,QB,CLE,47.22,5.14,39,57,,taylen-green.php,,,6.6,,,,,,,Taylen Green,2026-05-08,CLE
/nfl/rankings/dynasty-qb.php,dynasty-qb,dp,Spencer Rattler,23081,QB,NO,51.56,7.85,41,66,,spencer-rattler.php,,,4.5,,,,,,,Spencer Rattler,2026-05-08,NOS
/nfl/rankings/dynasty-qb.php,dynasty-qb,dp,Russell Wilson,11180,QB,FA,56.11,10.83,44,83,,russell-wilson.php,,,2.6,,,,,,,Russell Wilson,2026-05-08,FA
/nfl/rankings/dynasty-qb.php,dynasty-qb,dp,Cole Payton,28302,QB,PHI,45.43,6.95,35,55,,cole-payton.php,,,1.0,,,,,,,Cole Payton,2026-05-08,PHI
/nfl/rankings/dynasty-qb.php,dynasty-qb,dp,Riley Leonard,25373,QB,IND,52.13,6.99,40,64,,riley-leonard.php,,,11.2,,,,,,,Riley Leonard,2026-05-08,IND
/nfl/rankings/dynasty-qb.php,dynasty-qb,dp,Dillon Gabriel,23150,QB,CLE,57.33,7.35,48,68,,dillon-gabriel.php,,,0.8,,,,,,,Dillon Gabriel,2026-05-08,CLE
/nfl/rankings/dynasty-qb.php,dynasty-qb,dp,Mason Rudolph,17234,QB,PIT,60.56,9.43,43,74,,mason-rudolph.php,,,3.0,,,,,,,Mason Rudolph,2026-05-08,PIT
/nfl/rankings/dynasty-qb.php,dynasty-qb,dp,Joe Flacco,9300,QB,CIN,56.29,5.6,49,66,,joe-flacco.php,,,18.2,,,,,,,Joe Flacco,2026-05-08,CIN
/nfl/rankings/dynasty-qb.php,dynasty-qb,dp,Joe Milton III,25967,QB,DAL,53.5,6.29,43,62,,joe-milton.php,,,10.1,,,,,,,Joe Milton,2026-05-08,DAL
/nfl/rankings/dynasty-qb.php,dynasty-qb,dp,Trey Lance,20082,QB,LAC,56.0,4.62,49,63,,trey-lance.php,,,4.5,,,,,,,Trey Lance,2026-05-08,LAC
/nfl/rankings/dynasty-qb.php,dynasty-qb,dp,Tyson Bagent,25321,QB,CHI,56.2,6.97,47,67,,tyson-bagent.php,,,7.3,,,,,,,Tyson Bagent,2026-05-08,CHI
/nfl/rankings/dynasty-qb.php,dynasty-qb,dp,Will Levis,22987,QB,TEN,56.2,5.53,50,65,,will-levis.php,,,4.5,,,,,,,Will Levis,2026-05-08,TEN
/nfl/rankings/dynasty-qb.php,dynasty-qb,dp,Davis Mills,22799,QB,HOU,59.8,4.12,54,65,,davis-mills.php,,,6.0,,,,,,,Davis Mills,2026-05-08,HOU
/nfl/rankings/dynasty-qb.php,dynasty-qb,dp,Kenny Pickett,22722,QB,CAR,66.83,5.15,59,75,,kenny-pickett.php,,,1.6,,,,,,,Kenny Pickett,2026-05-08,CAR
/nfl/rankings/dynasty-qb.php,dynasty-qb,dp,Aidan O'Connell,24330,QB,LV,61.0,8.99,45,72,,aidan-oconnell.php,,,0.6,,,,,,,Aidan OConnell,2026-05-08,LVR
/nfl/rankings/dynasty-qb.php,dynasty-qb,dp,Gardner Minshew II,18562,QB,ARI,63.6,4.08,60,71,,gardner-minshew.php,,,6.5,,,,,,,Gardner Minshew,2026-05-08,ARI
/nfl/rankings/dynasty-qb.php,dynasty-qb,dp,Jimmy Garoppolo,12208,QB,LAR,65.2,3.31,61,70,,jimmy-garoppolo.php,,,1.4,,,,,,,Jimmy Garoppolo,2026-05-08,LAR
/nfl/rankings/dynasty-qb.php,dynasty-qb,dp,Tanner McKee,24740,QB,PHI,58.25,6.38,53,69,,tanner-mckee.php,,,3.8,,,,,,,Tanner McKee,2026-05-08,PHI
/nfl/rankings/dynasty-qb.php,dynasty-qb,dp,Jarrett Stidham,18604,QB,DEN,66.6,5.12,59,73,,jarrett-stidham.php,,,3.7,,,,,,,Jarrett Stidham,2026-05-08,DEN
/nfl/rankings/dynasty-qb.php,dynasty-qb,dp,Mitchell Trubisky,16381,QB,TEN,67.4,10.4,57,86,,mitch-trubisky.php,,,1.2,,,,,,,Mitchell Trubisky,2026-05-08,TEN
/nfl/rankings/dynasty-qb.php,dynasty-qb,dp,Zach Wilson,22679,QB,NO,67.8,5.38,62,78,,zach-wilson.php,,,0.6,,,,,,,Zach Wilson,2026-05-08,NOS
/nfl/rankings/dynasty-qb.php,dynasty-qb,dp,Tyler Huntley,19297,QB,BAL,62.25,5.76,54,70,,tyler-huntley.php,,,5.2,,,,,-7.0,,Tyler Huntley,2026-05-08,BAL
/nfl/rankings/dynasty-qb.php,dynasty-qb,dp,Andy Dalton,9907,QB,PHI,71.4,9.81,55,82,,andy-dalton.php,,,1.7,,,,,,,Andy Dalton,2026-05-08,PHI
/nfl/rankings/dynasty-qb.php,dynasty-qb,dp,Jake Browning,18557,QB,TB,72.2,6.11,65,79,,jake-browning.php,,,0.9,,,,,,,Jake Browning,2026-05-08,TBB
/nfl/rankings/dynasty-qb.php,dynasty-qb,dp,Sam Howell,23045,QB,DAL,67.0,11.34,48,77,,sam-howell.php,,,0.8,,,,,,,Sam Howell,2026-05-08,DAL
/nfl/rankings/dynasty-qb.php,dynasty-qb,dp,Tyrod Taylor,10007,QB,GB,66.33,1.7,64,68,,tyrod-taylor.php,,,1.4,,,,,,,Tyrod Taylor,2026-05-08,GBP
/nfl/rankings/dynasty-qb.php,dynasty-qb,dp,Drew Lock,18225,QB,SEA,78.75,1.3,77,80,,drew-lock.php,,,0.9,,,,,,,Drew Lock,2026-05-08,SEA
/nfl/rankings/dynasty-qb.php,dynasty-qb,dp,Carson Wentz,15520,QB,MIN,78.0,23.37,51,108,,carson-wentz.php,,,0.8,,,,,,,Carson Wentz,2026-05-08,MIN
/nfl/rankings/dynasty-qb.php,dynasty-qb,dp,Joshua Dobbs,16417,QB,FA,76.0,4.9,70,82,,joshua-dobbs.php,,,0.6,,,,,,,Joshua Dobbs,2026-05-08,FA
/nfl/rankings/dynasty-qb.php,dynasty-qb,dp,Haynes King,23141,QB,CAR,65.5,19.5,46,85,,haynes-king.php,,,0.0,,,,,,,Haynes King,2026-05-08,CAR
/nfl/rankings/dynasty-qb.php,dynasty-qb,dp,Kyle McCord,23066,QB,GB,77.67,8.65,68,89,,kyle-mccord.php,,,0.6,,,,,,,Kyle McCord,2026-05-08,GBP
/nfl/rankings/dynasty-qb.php,dynasty-qb,dp,Nick Mullens,16726,QB,JAC,78.0,4.24,75,84,,nick-mullens.php,,,0.7,,,,,,,Nick Mullens,2026-05-08,JAC
/nfl/rankings/dynasty-qb.php,dynasty-qb,dp,Joey Aguilar,28299,QB,JAC,69.5,14.5,55,84,,joey-aguilar.php,,,0.0,,,,,,,Joey Aguilar,2026-05-08,JAC
/nfl/rankings/dynasty-qb.php,dynasty-qb,dp,Stetson Bennett IV,23927,QB,LAR,80.33,7.72,73,91,,stetson-bennett.php,,,0.6,,,,,,,Stetson Bennett,2026-05-08,LAR
/nfl/rankings/dynasty-qb.php,dynasty-qb,dp,Brady Cook,27161,QB,NYJ,72.5,0.5,72,73,,brady-cook.php,,,0.6,,,,,,,Brady Cook,2026-05-08,NYJ
/nfl/rankings/dynasty-qb.php,dynasty-qb,dp,Hendon Hooker,24332,QB,TEN,79.5,1.5,78,81,,hendon-hooker.php,,,2.0,,,,,,,Hendon Hooker,2026-05-08,TEN
/nfl/rankings/dynasty-qb.php,dynasty-qb,dp,Bailey Zappe,24027,QB,NYJ,87.67,9.74,74,96,,bailey-zappe.php,,,0.6,,,,,,,Bailey Zappe,2026-05-08,NYJ
/nfl/rankings/dynasty-qb.php,dynasty-qb,dp,Max Brosmer,27580,QB,MIN,83.0,7.0,76,90,,max-brosmer.php,,,0.6,,,,,,,Max Brosmer,2026-05-08,MIN
/nfl/rankings/dynasty-qb.php,dynasty-qb,dp,Kyle Allen,17869,QB,BUF,83.5,3.5,80,87,,kyle-allen.php,,,0.8,,,,,,,Kyle Allen,2026-05-08,BUF
/nfl/rankings/dynasty-qb.php,dynasty-qb,dp,Kurtis Rourke,27129,QB,SF,84.0,5.0,79,89,,kurtis-rourke.php,,,0.6,,,,,,,Kurtis Rourke,2026-05-08,SFO
/nfl/rankings/dynasty-qb.php,dynasty-qb,dp,Cooper Rush,16477,QB,FA,85.5,6.5,79,92,,cooper-rush.php,,,1.2,,,,,,,Cooper Rush,2026-05-08,FA
/nfl/rankings/dynasty-qb.php,dynasty-qb,dp,Desmond Ridder,20080,QB,FA,87.0,11.0,76,98,,desmond-ridder.php,,,0.9,,,,,,,Desmond Ridder,2026-05-08,FA
/nfl/rankings/dynasty-qb.php,dynasty-qb,dp,Skylar Thompson,24170,QB,BAL,92.0,13.0,79,105,,skylar-thompson.php,,,0.6,,,,,,,Skylar Thompson,2026-05-08,BAL
/nfl/rankings/dynasty-qb.php,dynasty-qb,dp,Sam Ehlinger,19803,QB,DEN,91.0,6.0,85,97,,sam-ehlinger.php,,,0.7,,,,,,,Sam Ehlinger,2026-05-08,DEN
/nfl/rankings/dynasty-qb.php,dynasty-qb,dp,Case Keenum,11425,QB,CHI,100.0,12.0,88,112,,case-keenum.php,,,0.6,,,,,,,Case Keenum,2026-05-08,CHI
/nfl/rankings/dynasty-qb.php,dynasty-qb,dp,Josh Johnson,9326,QB,CIN,95.0,4.0,91,99,,josh-johnson.php,,,0.8,,,,,,,Josh Johnson,2026-05-08,CIN
/nfl/rankings/dynasty-qb.php,dynasty-qb,dp,Tommy DeVito,25746,QB,NE,97.0,3.0,94,100,,tommy-devito.php,,,0.7,,,,,,,Tommy DeVito,2026-05-08,NEP
/nfl/rankings/dynasty-qb.php,dynasty-qb,dp,Sean Clifford,20073,QB,CIN,106.0,11.0,95,117,,sean-clifford.php,,,1.0,,,,,,,Sean Clifford,2026-05-08,CIN
/nfl/rankings/dynasty-rb.php,dynasty-rb,dp,Bijan Robinson,23133,RB,ATL,1.05,0.22,1,2,,bijan-robinson.php,,,98.7,,,,,,,Bijan Robinson,2026-05-08,ATL
/nfl/rankings/dynasty-rb.php,dynasty-rb,dp,Jahmyr Gibbs,22968,RB,DET,1.95,0.22,1,2,,jahmyr-gibbs.php,,,98.7,,,,,,,Jahmyr Gibbs,2026-05-08,DET
/nfl/rankings/dynasty-rb.php,dynasty-rb,dp,Ashton Jeanty,25989,RB,LV,3.74,1.41,3,9,,ashton-jeanty.php,,,87.7,,,,,,,Ashton Jeanty,2026-05-08,LVR
/nfl/rankings/dynasty-rb.php,dynasty-rb,dp,De'Von Achane,23136,RB,MIA,5.05,1.32,3,9,,devon-achane.php,,,98.6,,,,,,,DeVon Achane,2026-05-08,MIA
/nfl/rankings/dynasty-rb.php,dynasty-rb,dp,James Cook III,22958,RB,BUF,5.89,1.25,3,8,,james-cook.php,,,98.8,,,,,,,James Cook,2026-05-08,BUF
/nfl/rankings/dynasty-rb.php,dynasty-rb,dp,Jeremiyah Love,25403,RB,ARI,5.95,2.21,3,11,,jeremiyah-love.php,,,83.2,,,,,,,Jeremiyah Love,2026-05-08,ARI
/nfl/rankings/dynasty-rb.php,dynasty-rb,dp,Omarion Hampton,25395,RB,LAC,6.21,1.36,4,8,,omarion-hampton.php,,,87.2,,,,,-2.0,,Omarion Hampton,2026-05-08,LAC
/nfl/rankings/dynasty-rb.php,dynasty-rb,dp,Jonathan Taylor,19217,RB,IND,7.32,1.59,4,10,,jonathan-taylor.php,,,98.5,,,,,,,Jonathan Taylor,2026-05-08,IND
/nfl/rankings/dynasty-rb.php,dynasty-rb,dp,Kenneth Walker III,23021,RB,KC,10.26,2.71,8,16,,kenneth-walker-rb.php,,,87.4,,,,,,,Kenneth Walker,2026-05-08,KCC
/nfl/rankings/dynasty-rb.php,dynasty-rb,dp,Chase Brown,25324,RB,CIN,11.0,1.52,9,14,,chase-brown.php,,,97.7,,,,,,,Chase Brown,2026-05-08,CIN
/nfl/rankings/dynasty-rb.php,dynasty-rb,dp,Christian McCaffrey,16393,RB,SF,12.32,2.81,8,18,,christian-mccaffrey.php,,,99.0,,,,,,,Christian McCaffrey,2026-05-08,SFO
/nfl/rankings/dynasty-rb.php,dynasty-rb,dp,Breece Hall,22982,RB,NYJ,12.68,3.28,9,20,,breece-hall.php,,,91.4,,,,,,,Breece Hall,2026-05-08,NYJ
/nfl/rankings/dynasty-rb.php,dynasty-rb,dp,Saquon Barkley,17240,RB,PHI,13.47,2.78,7,18,,saquon-barkley.php,,,98.8,,,,,,,Saquon Barkley,2026-05-08,PHI
/nfl/rankings/dynasty-rb.php,dynasty-rb,dp,Bucky Irving,25981,RB,TB,14.79,1.85,12,18,,bucky-irving.php,,,97.1,,,,,,,Bucky Irving,2026-05-08,TBB
/nfl/rankings/dynasty-rb.php,dynasty-rb,dp,TreVeyon Henderson,23065,RB,NE,15.16,3.3,10,22,,treveyon-henderson.php,,,78.7,,,,,,,TreVeyon Henderson,2026-05-08,NEP
/nfl/rankings/dynasty-rb.php,dynasty-rb,dp,Quinshon Judkins,25391,RB,CLE,15.79,2.63,10,21,,quinshon-judkins.php,,,79.1,,,,,,,Quinshon Judkins,2026-05-08,CLE
/nfl/rankings/dynasty-rb.php,dynasty-rb,dp,Josh Jacobs,18269,RB,GB,17.53,3.05,11,23,,josh-jacobs.php,,,98.3,,,,,,,Josh Jacobs,2026-05-08,GBP
/nfl/rankings/dynasty-rb.php,dynasty-rb,dp,Kyren Williams,23059,RB,LAR,17.58,3.12,12,23,,kyren-williams.php,,,97.8,,,,,,,Kyren Williams,2026-05-08,LAR
/nfl/rankings/dynasty-rb.php,dynasty-rb,dp,Travis Etienne Jr.,19231,RB,NO,17.68,1.75,15,22,,travis-etienne.php,,,97.1,,,,,,,Travis Etienne,2026-05-08,NOS
/nfl/rankings/dynasty-rb.php,dynasty-rb,dp,Javonte Williams,22739,RB,DAL,19.16,3.12,11,24,,javonte-williams.php,,,97.1,,,,,,,Javonte Williams,2026-05-08,DAL
/nfl/rankings/dynasty-rb.php,dynasty-rb,dp,Cam Skattebo,27166,RB,NYG,20.16,3.12,13,26,,cam-skattebo.php,,,97.2,,,,,,,Cam Skattebo,2026-05-08,NYG
/nfl/rankings/dynasty-rb.php,dynasty-rb,dp,Derrick Henry,15514,RB,BAL,21.63,3.36,14,28,,derrick-henry.php,,,97.9,,,,,,,Derrick Henry,2026-05-08,BAL
/nfl/rankings/dynasty-rb.php,dynasty-rb,dp,Jadarian Price,27329,RB,SEA,22.27,2.93,19,30,,jadarian-price.php,,,66.4,,,,,,,Jadarian Price,2026-05-08,SEA
/nfl/rankings/dynasty-rb.php,dynasty-rb,dp,Bhayshul Tuten,27297,RB,JAC,25.37,4.51,20,41,,bhayshul-tuten.php,,,70.5,,,,,,,Bhayshul Tuten,2026-05-08,JAC
/nfl/rankings/dynasty-rb.php,dynasty-rb,dp,RJ Harvey,27142,RB,DEN,25.84,2.8,21,32,,rj-harvey.php,,,69.9,,,,,,,RJ Harvey,2026-05-08,DEN
/nfl/rankings/dynasty-rb.php,dynasty-rb,dp,D'Andre Swift,19210,RB,CHI,26.26,2.45,23,31,,dandre-swift.php,,,88.4,,,,,,,DAndre Swift,2026-05-08,CHI
/nfl/rankings/dynasty-rb.php,dynasty-rb,dp,David Montgomery,18239,RB,HOU,28.74,3.6,24,38,,david-montgomery.php,,,77.0,,,,,,,David Montgomery,2026-05-08,HOU
/nfl/rankings/dynasty-rb.php,dynasty-rb,dp,Kyle Monangai,27131,RB,CHI,29.63,4.73,24,46,,kyle-monangai.php,,,68.6,,,,,,,Kyle Monangai,2026-05-08,CHI
/nfl/rankings/dynasty-rb.php,dynasty-rb,dp,Zach Charbonnet,23152,RB,SEA,30.0,4.1,22,37,,zach-charbonnet.php,,,65.3,,,,,,,Zach Charbonnet,2026-05-08,SEA
/nfl/rankings/dynasty-rb.php,dynasty-rb,dp,Jaylen Warren,24209,RB,PIT,30.21,3.17,25,38,,jaylen-warren.php,,,69.5,,,,,,,Jaylen Warren,2026-05-08,PIT
/nfl/rankings/dynasty-rb.php,dynasty-rb,dp,Chuba Hubbard,19792,RB,CAR,33.58,5.03,25,47,,chuba-hubbard.php,,,77.3,,,,,,,Chuba Hubbard,2026-05-08,CAR
/nfl/rankings/dynasty-rb.php,dynasty-rb,dp,Rhamondre Stevenson,22726,RB,NE,33.79,4.61,26,47,,rhamondre-stevenson.php,,,69.8,,,,,,,Rhamondre Stevenson,2026-05-08,NEP
/nfl/rankings/dynasty-rb.php,dynasty-rb,dp,Rico Dowdle,19647,RB,PIT,34.53,4.68,30,51,,rico-dowdle.php,,,69.5,,,,,,,Rico Dowdle,2026-05-08,PIT
/nfl/rankings/dynasty-rb.php,dynasty-rb,dp,Tony Pollard,18705,RB,TEN,35.79,4.65,29,44,,tony-pollard.php,,,69.8,,,,,,,Tony Pollard,2026-05-08,TEN
/nfl/rankings/dynasty-rb.php,dynasty-rb,dp,Blake Corum,23013,RB,LAR,35.89,7.89,27,58,,blake-corum.php,,,65.6,,,,,,,Blake Corum,2026-05-08,LAR
/nfl/rankings/dynasty-rb.php,dynasty-rb,dp,Jonah Coleman,27320,RB,DEN,38.42,6.96,27,59,,jonah-coleman.php,,,39.6,,,,,,,Jonah Coleman,2026-05-08,DEN
/nfl/rankings/dynasty-rb.php,dynasty-rb,dp,Kenneth Gainwell,23310,RB,TB,39.89,4.06,33,48,,kenneth-gainwell.php,,,67.8,,,,,,,Kenneth Gainwell,2026-05-08,TBB
/nfl/rankings/dynasty-rb.php,dynasty-rb,dp,Jacory Croskey-Merritt,27316,RB,WAS,40.42,4.76,33,53,,jacory-croskeymerritt.php,,,54.2,,,,,,,Jacory Croskey-Merritt,2026-05-08,WAS
/nfl/rankings/dynasty-rb.php,dynasty-rb,dp,Tyrone Tracy Jr.,22980,RB,NYG,41.37,4.89,34,54,,tyrone-tracy-jr.php,,,41.9,,,,,,,Tyrone Tracy,2026-05-08,NYG
/nfl/rankings/dynasty-rb.php,dynasty-rb,dp,Woody Marks,27520,RB,HOU,41.74,6.66,26,52,,woody-marks.php,,,62.7,,,,,,,Woody Marks,2026-05-08,HOU
/nfl/rankings/dynasty-rb.php,dynasty-rb,dp,Tyler Allgeier,24172,RB,ARI,42.37,5.13,36,52,,tyler-allgeier.php,,,50.4,,,,,,,Tyler Allgeier,2026-05-08,ARI
/nfl/rankings/dynasty-rb.php,dynasty-rb,dp,J.K. Dobbins,19245,RB,DEN,43.05,6.66,34,60,,jk-dobbins.php,,,68.9,,,,,,,JK Dobbins,2026-05-08,DEN
/nfl/rankings/dynasty-rb.php,dynasty-rb,dp,Jordan Mason,22969,RB,MIN,44.84,4.52,35,54,,jordan-mason.php,,,48.8,,,,,,,Jordan Mason,2026-05-08,MIN
/nfl/rankings/dynasty-rb.php,dynasty-rb,dp,Rachaad White,23891,RB,WAS,47.58,7.51,32,66,,rachaad-white.php,,,65.8,,,,,,,Rachaad White,2026-05-08,WAS
/nfl/rankings/dynasty-rb.php,dynasty-rb,dp,Jonathon Brooks,26148,RB,CAR,49.47,15.19,28,81,,jonathon-brooks.php,,,48.7,,,,,,,Jonathon Brooks,2026-05-08,CAR
/nfl/rankings/dynasty-rb.php,dynasty-rb,dp,Dylan Sampson,27102,RB,CLE,49.74,5.95,43,64,,dylan-sampson.php,,,39.2,,,,,,,Dylan Sampson,2026-05-08,CLE
/nfl/rankings/dynasty-rb.php,dynasty-rb,dp,Tyjae Spears,25323,RB,TEN,50.32,7.99,33,65,,tyjae-spears.php,,,56.7,,,,,,,Tyjae Spears,2026-05-08,TEN
/nfl/rankings/dynasty-rb.php,dynasty-rb,dp,Aaron Jones Sr.,16673,RB,MIN,52.05,7.3,41,75,,aaron-jones.php,,,68.1,,,,,,,Aaron Jones,2026-05-08,MIN
/nfl/rankings/dynasty-rb.php,dynasty-rb,dp,Nick Singleton,24343,RB,TEN,52.53,16.46,35,110,,nick-singleton.php,,,31.8,,,,,,,Nick Singleton,2026-05-08,TEN
/nfl/rankings/dynasty-rb.php,dynasty-rb,dp,Emmett Johnson,28107,RB,KC,52.68,15.67,40,109,,emmett-johnson.php,,,33.1,,,,,-5.0,,Emmett Johnson,2026-05-08,KCC
/nfl/rankings/dynasty-rb.php,dynasty-rb,dp,Chris Rodriguez Jr.,22986,RB,JAC,53.68,11.57,36,84,,chris-rodriguez-jr.php,,,45.4,,,,,,,Chris Rodriguez,2026-05-08,JAC
/nfl/rankings/dynasty-rb.php,dynasty-rb,dp,Mike Washington Jr.,28108,RB,LV,56.83,15.03,42,111,,mike-washington-jr.php,,,23.2,,,,,,,Mike Washington,2026-05-08,LVR
/nfl/rankings/dynasty-rb.php,dynasty-rb,dp,Isiah Pacheco,24333,RB,DET,57.26,8.2,43,76,,isiah-pacheco.php,,,54.9,,,,,,,Isiah Pacheco,2026-05-08,DET
/nfl/rankings/dynasty-rb.php,dynasty-rb,dp,Kaytron Allen,24362,RB,WAS,59.68,16.69,42,112,,kaytron-allen.php,,,28.7,,,,,,,Kaytron Allen,2026-05-08,WAS
/nfl/rankings/dynasty-rb.php,dynasty-rb,dp,Alvin Kamara,16421,RB,NO,53.06,8.32,41,72,,alvin-kamara.php,,,62.6,,,,,,,Alvin Kamara,2026-05-08,NOS
/nfl/rankings/dynasty-rb.php,dynasty-rb,dp,Demond Claiborne,28084,RB,MIN,62.93,10.84,45,83,,demond-claiborne.php,,,26.5,,,,,,,Demond Claiborne,2026-05-08,MIN
/nfl/rankings/dynasty-rb.php,dynasty-rb,dp,Ray Davis,26191,RB,BUF,63.74,5.66,56,77,,ray-davis.php,,,26.3,,,,,7.0,,Ray Davis,2026-05-08,BUF
/nfl/rankings/dynasty-rb.php,dynasty-rb,dp,Keaton Mitchell,25360,RB,LAC,63.89,11.34,45,89,,keaton-mitchell.php,,,36.7,,,,,,,Keaton Mitchell,2026-05-08,LAC
/nfl/rankings/dynasty-rb.php,dynasty-rb,dp,Devin Neal,23682,RB,NO,64.53,7.66,50,78,,devin-neal.php,,,29.2,,,,,9.0,,Devin Neal,2026-05-08,NOS
/nfl/rankings/dynasty-rb.php,dynasty-rb,dp,Ollie Gordon II,25984,RB,MIA,65.21,4.59,60,78,,ollie-gordon.php,,,19.1,,,,,,,Ollie Gordon,2026-05-08,MIA
/nfl/rankings/dynasty-rb.php,dynasty-rb,dp,James Conner,16447,RB,ARI,65.63,10.97,51,89,,james-conner.php,,,53.8,,,,,,,James Conner,2026-05-08,ARI
/nfl/rankings/dynasty-rb.php,dynasty-rb,dp,Adam Randall,24367,RB,BAL,68.15,6.81,60,84,,adam-randall.php,,,10.7,,,,,8.0,,Adam Randall,2026-05-08,BAL
/nfl/rankings/dynasty-rb.php,dynasty-rb,dp,Tank Bigsby,22908,RB,PHI,59.17,8.77,45,80,,tank-bigsby.php,,,37.7,,,,,,,Tank Bigsby,2026-05-08,PHI
/nfl/rankings/dynasty-rb.php,dynasty-rb,dp,Sean Tucker,23679,RB,TB,68.79,5.43,55,75,,sean-tucker.php,,,29.9,,,,,7.0,,Sean Tucker,2026-05-08,TBB
/nfl/rankings/dynasty-rb.php,dynasty-rb,dp,Emanuel Wilson,25885,RB,SEA,68.89,13.28,45,107,,emanuel-wilson.php,,,36.8,,,,,,,Emanuel Wilson,2026-05-08,SEA
/nfl/rankings/dynasty-rb.php,dynasty-rb,dp,Braelon Allen,24346,RB,NYJ,60.0,7.51,49,80,,braelon-allen.php,,,38.3,,,,,-11.0,,Braelon Allen,2026-05-08,NYJ
/nfl/rankings/dynasty-rb.php,dynasty-rb,dp,Brian Robinson Jr.,20094,RB,ATL,61.67,8.58,47,89,,brian-robinson-jr.php,,,41.9,,,,,-7.0,,Brian Robinson,2026-05-08,ATL
/nfl/rankings/dynasty-rb.php,dynasty-rb,dp,Jaydon Blue,24344,RB,DAL,71.21,5.3,59,81,,jaydon-blue.php,,,28.5,,,,,,,Jaydon Blue,2026-05-08,DAL
/nfl/rankings/dynasty-rb.php,dynasty-rb,dp,Trey Benson,25388,RB,ARI,62.39,13.98,40,84,,trey-benson.php,,,40.2,,,,,-8.0,,Trey Benson,2026-05-08,ARI
/nfl/rankings/dynasty-rb.php,dynasty-rb,dp,Kimani Vidal,26355,RB,LAC,63.33,9.04,51,89,,kimani-vidal.php,,,32.3,,,,,-13.0,,Kimani Vidal,2026-05-08,LAC
/nfl/rankings/dynasty-rb.php,dynasty-rb,dp,Kaleb Johnson,27165,RB,PIT,63.67,10.93,51,101,,kaleb-johnson-rb.php,,,26.8,,,,,-9.0,,Kaleb Johnson,2026-05-08,PIT
/nfl/rankings/dynasty-rb.php,dynasty-rb,dp,Jaylen Wright,25987,RB,MIA,66.56,5.93,53,77,,jaylen-wright.php,,,29.1,,,,,,,Jaylen Wright,2026-05-08,MIA
/nfl/rankings/dynasty-rb.php,dynasty-rb,dp,Seth McGowan,23079,RB,IND,76.5,8.43,65,95,,seth-mcgowan.php,,,1.6,,,,,,,Seth McGowan,2026-05-08,IND
/nfl/rankings/dynasty-rb.php,dynasty-rb,dp,DJ Giddens,27097,RB,IND,76.72,8.14,64,99,,dj-giddens.php,,,12.5,,,,,10.0,,DJ Giddens,2026-05-08,IND
/nfl/rankings/dynasty-rb.php,dynasty-rb,dp,Isaiah Davis,25977,RB,NYJ,76.72,6.32,67,95,,isaiah-davis.php,,,10.8,,,,,,,Isaiah Davis,2026-05-08,NYJ
/nfl/rankings/dynasty-rb.php,dynasty-rb,dp,Najee Harris,19302,RB,LAC,76.94,8.82,63,96,,najee-harris-rb.php,,,31.8,,,,,10.0,,Najee Harris,2026-05-08,LAC
/nfl/rankings/dynasty-rb.php,dynasty-rb,dp,Brashard Smith,27259,RB,KC,77.72,8.09,67,100,,brashard-smith.php,,,22.5,,,,,,,Brashard Smith,2026-05-08,KCC
/nfl/rankings/dynasty-rb.php,dynasty-rb,dp,Jarquez Hunter,24335,RB,LAR,77.83,10.28,65,109,,jarquez-hunter.php,,,8.4,,,,,,,Jarquez Hunter,2026-05-08,LAR
/nfl/rankings/dynasty-rb.php,dynasty-rb,dp,J'Mari Taylor,28109,RB,JAC,86.13,7.2,76,97,,jmari-taylor.php,,,5.3,,,,,,,JMari Taylor,2026-05-08,JAC
/nfl/rankings/dynasty-rb.php,dynasty-rb,dp,Roman Hemby,25387,RB,LV,86.67,7.69,77,98,,roman-hemby.php,,,0.0,,,,,,,Roman Hemby,2026-05-08,LVR
/nfl/rankings/dynasty-rb.php,dynasty-rb,dp,Will Shipley,22930,RB,PHI,86.83,11.36,70,109,,will-shipley.php,,,4.6,,,,,,,Will Shipley,2026-05-08,PHI
/nfl/rankings/dynasty-rb.php,dynasty-rb,dp,Kendre Miller,24360,RB,NO,79.76,8.51,66,101,,kendre-miller.php,,,14.7,,,,,,,Kendre Miller,2026-05-08,NOS
/nfl/rankings/dynasty-rb.php,dynasty-rb,dp,Devin Singletary,18280,RB,NYG,88.28,10.92,63,111,,devin-singletary.php,,,5.3,,,,,,,Devin Singletary,2026-05-08,NYG
/nfl/rankings/dynasty-rb.php,dynasty-rb,dp,Isaac Guerendo,26392,RB,SF,81.18,8.62,63,98,,isaac-guerendo.php,,,7.4,,,,,,,Isaac Guerendo,2026-05-08,SFO
/nfl/rankings/dynasty-rb.php,dynasty-rb,dp,Jerome Ford,22921,RB,WAS,83.12,11.74,52,97,,jerome-ford.php,,,10.5,,,,,,,Jerome Ford,2026-05-08,WAS
/nfl/rankings/dynasty-rb.php,dynasty-rb,dp,Trevor Etienne,25393,RB,CAR,86.47,9.54,76,112,,trevor-etienne.php,,,6.4,,,,,,,Trevor Etienne,2026-05-08,CAR
/nfl/rankings/dynasty-rb.php,dynasty-rb,dp,Tahj Brooks,26212,RB,CIN,86.71,10.08,72,117,,tahj-brooks.php,,,4.0,,,,,,,Tahj Brooks,2026-05-08,CIN
/nfl/rankings/dynasty-rb.php,dynasty-rb,dp,MarShawn Lloyd,23118,RB,GB,79.75,6.69,69,93,,marshawn-lloyd.php,,,6.4,,,,,,,MarShawn Lloyd,2026-05-08,GBP
/nfl/rankings/dynasty-rb.php,dynasty-rb,dp,LeQuint Allen Jr.,27285,RB,JAC,88.75,6.78,73,100,,lequint-allen-jr.php,,,20.3,,,,,,,LeQuint Allen,2026-05-08,JAC
/nfl/rankings/dynasty-rb.php,dynasty-rb,dp,Justice Hill,18256,RB,BAL,92.0,7.24,74,106,,justice-hill.php,,,19.0,,,,,,,Justice Hill,2026-05-08,BAL
/nfl/rankings/dynasty-rb.php,dynasty-rb,dp,Audric Estime,23054,RB,NO,93.69,6.87,77,104,,audric-estime.php,,,10.3,,,,,,,Audric Estime,2026-05-08,NOS
/nfl/rankings/dynasty-rb.php,dynasty-rb,dp,Jordan James,27310,RB,SF,84.6,9.8,60,97,,jordan-james.php,,,24.6,,,,,,,Jordan James,2026-05-08,SFO
/nfl/rankings/dynasty-rb.php,dynasty-rb,dp,Jaleel McLaughlin,25876,RB,DEN,93.33,7.46,75,104,,jaleel-mclaughlin.php,,,2.9,,,,,,,Jaleel McLaughlin,2026-05-08,DEN
/nfl/rankings/dynasty-rb.php,dynasty-rb,dp,Joe Mixon,16420,RB,FA,91.86,12.02,64,112,,joe-mixon.php,,,28.6,,,,,,,Joe Mixon,2026-05-08,FA
/nfl/rankings/dynasty-rb.php,dynasty-rb,dp,Kareem Hunt,16425,RB,FA,94.79,10.9,85,128,,kareem-hunt.php,,,6.9,,,,,,,Kareem Hunt,2026-05-08,FA
/nfl/rankings/dynasty-rb.php,dynasty-rb,dp,Ty Johnson,18406,RB,BUF,96.0,9.09,81,113,,ty-johnson.php,,,12.2,,,,,,,Ty Johnson,2026-05-08,BUF
/nfl/rankings/dynasty-rb.php,dynasty-rb,dp,Kaelon Black,28401,RB,SF,73.25,15.96,51,95,,kaelon-black.php,,,6.1,,,,,,,Kaelon Black,2026-05-08,SFO
/nfl/rankings/dynasty-rb.php,dynasty-rb,dp,Chris Brooks,25823,RB,GB,88.46,10.51,68,104,,christopher-brooks.php,,,7.2,,,,,,,Chris Brooks,2026-05-08,GBP
/nfl/rankings/dynasty-rb.php,dynasty-rb,dp,Eli Heidenreich,28297,RB,PIT,82.25,10.63,63,98,,eli-heidenreich.php,,,3.5,,,,,,,Eli Heidenreich,2026-05-08,PIT
/nfl/rankings/dynasty-rb.php,dynasty-rb,dp,Nick Chubb,17246,RB,FA,100.0,8.95,90,125,,nick-chubb.php,,,3.4,,,,,,,Nick Chubb,2026-05-08,FA
/nfl/rankings/dynasty-rb.php,dynasty-rb,dp,Roschon Johnson,25322,RB,CHI,101.73,10.63,82,120,,roschon-johnson.php,,,0.8,,,,,,,Roschon Johnson,2026-05-08,CHI
/nfl/rankings/dynasty-rb.php,dynasty-rb,dp,Raheim Sanders,24351,RB,CLE,100.44,6.58,93,115,,raheim-sanders.php,,,1.7,,,,,,,Raheim Sanders,2026-05-08,CLE
/nfl/rankings/dynasty-rb.php,dynasty-rb,dp,Samaje Perine,16423,RB,CIN,97.88,8.49,81,109,,samaje-perine.php,,,7.3,,,,,,,Samaje Perine,2026-05-08,CIN
/nfl/rankings/dynasty-rb.php,dynasty-rb,dp,Emari Demercado,25654,RB,KC,98.25,6.94,89,111,,emari-demercado.php,,,8.2,,,,,,,Emari Demercado,2026-05-08,KCC
/nfl/rankings/dynasty-rb.php,dynasty-rb,dp,Antonio Gibson,19624,RB,FA,106.5,11.58,90,129,,antonio-gibson.php,,,0.7,,,,,,,Antonio Gibson,2026-05-08,FA
/nfl/rankings/dynasty-rb.php,dynasty-rb,dp,Bam Knight,24901,RB,ARI,101.57,8.83,90,114,,zonovan-bam-knight.php,,,1.3,,,,,,,Bam Knight,2026-05-08,ARI
/nfl/rankings/dynasty-rb.php,dynasty-rb,dp,Phil Mafah,22928,RB,DAL,105.0,12.0,94,125,,phil-mafah.php,,,1.8,,,,,,,Phil Mafah,2026-05-08,DAL
/nfl/rankings/dynasty-rb.php,dynasty-rb,dp,Miles Sanders,18283,RB,FA,107.43,13.06,89,126,,miles-sanders.php,,,0.6,,,,,,,Miles Sanders,2026-05-08,FA
/nfl/rankings/dynasty-rb.php,dynasty-rb,dp,Michael Carter,22728,RB,TEN,107.86,10.97,94,124,,michael-carter-rb.php,,,3.0,,,,,,,Michael Carter,2026-05-08,TEN
/nfl/rankings/dynasty-rb.php,dynasty-rb,dp,Damien Martinez,25976,RB,GB,108.33,11.79,92,130,,damien-martinez.php,,,0.6,,,,,,,Damien Martinez,2026-05-08,GBP
/nfl/rankings/dynasty-rb.php,dynasty-rb,dp,Dameon Pierce,22947,RB,PHI,108.83,10.32,92,119,,dameon-pierce.php,,,1.1,,,,,,,Dameon Pierce,2026-05-08,PHI
/nfl/rankings/dynasty-rb.php,dynasty-rb,dp,Rasheen Ali,25983,RB,BAL,112.17,16.46,87,137,,rasheen-ali.php,,,3.2,,,,,,,Rasheen Ali,2026-05-08,BAL
/nfl/rankings/dynasty-rb.php,dynasty-rb,dp,George Holani,22915,RB,SEA,88.2,7.57,82,103,,george-holani.php,,,29.2,,,,,,,George Holani,2026-05-08,SEA
/nfl/rankings/dynasty-rb.php,dynasty-rb,dp,Le'Veon Moss,27323,RB,MIA,97.4,11.72,87,120,,leveon-moss.php,,,10.8,,,,,,,LeVeon Moss,2026-05-08,MIA
/nfl/rankings/dynasty-rb.php,dynasty-rb,dp,Robert Henry Jr.,28404,RB,WAS,97.8,5.19,92,107,,robert-henry-jr.php,,,0.0,,,,,,,Robert Henry,2026-05-08,WAS
/nfl/rankings/dynasty-rb.php,dynasty-rb,dp,Austin Ekeler,16483,RB,FA,106.0,15.71,77,124,,austin-ekeler.php,,,4.3,,,,,,,Austin Ekeler,2026-05-08,FA
/nfl/rankings/dynasty-rb.php,dynasty-rb,dp,Raheem Mostert,14338,RB,LV,113.6,10.01,101,124,,raheem-mostert.php,,,0.6,,,,,,,Raheem Mostert,2026-05-08,LVR
/nfl/rankings/dynasty-rb.php,dynasty-rb,dp,Elijah Mitchell,22813,RB,FA,114.2,11.3,104,129,,elijah-mitchell-rb.php,,,0.7,,,,,,,Elijah Mitchell,2026-05-08,FA
/nfl/rankings/dynasty-rb.php,dynasty-rb,dp,Dylan Laube,26194,RB,LV,120.2,18.02,97,147,,dylan-laube.php,,,0.8,,,,,,,Dylan Laube,2026-05-08,LVR
/nfl/rankings/dynasty-rb.php,dynasty-rb,dp,Terion Stewart,28111,RB,KC,94.0,16.63,68,109,,terion-stewart.php,,,0.0,,,,,,,Terion Stewart,2026-05-08,KCC
/nfl/rankings/dynasty-rb.php,dynasty-rb,dp,Jam Miller,27326,RB,NE,97.25,15.32,74,112,,jam-miller.php,,,2.3,,,,,,,Jam Miller,2026-05-08,NEP
/nfl/rankings/dynasty-rb.php,dynasty-rb,dp,Jeremy McNichols,16445,RB,WAS,102.0,18.04,71,116,,jeremy-mcnichols.php,,,0.9,,,,,,,Jeremy McNichols,2026-05-08,WAS
/nfl/rankings/dynasty-rb.php,dynasty-rb,dp,Jaydn Ott,25394,RB,KC,106.5,10.45,93,122,,jaydn-ott.php,,,1.5,,,,,,,Jaydn Ott,2026-05-08,KCC
/nfl/rankings/dynasty-rb.php,dynasty-rb,dp,Khalil Herbert,22763,RB,FA,111.75,14.43,88,127,,khalil-herbert.php,,,1.1,,,,,,,Khalil Herbert,2026-05-08,FA
/nfl/rankings/dynasty-rb.php,dynasty-rb,dp,Ty Chandler,19471,RB,NO,113.25,18.09,91,133,,ty-chandler.php,,,0.6,,,,,,,Ty Chandler,2026-05-08,NOS
/nfl/rankings/dynasty-rb.php,dynasty-rb,dp,Malik Davis,24205,RB,DAL,121.0,35.92,79,177,,malik-davis.php,,,5.7,,,,,,,Malik Davis,2026-05-08,DAL
/nfl/rankings/dynasty-rb.php,dynasty-rb,dp,Jawhar Jordan,26329,RB,HOU,127.25,24.77,105,168,,jawhar-jordan.php,,,1.6,,,,,,,Jawhar Jordan,2026-05-08,HOU
/nfl/rankings/dynasty-rb.php,dynasty-rb,dp,Trey Sermon,19425,RB,FA,129.0,20.99,104,154,,trey-sermon.php,,,1.0,,,,,20.0,,Trey Sermon,2026-05-08,FA
/nfl/rankings/dynasty-rb.php,dynasty-rb,dp,Cam Akers,19268,RB,FA,112.33,14.06,93,126,,cam-akers.php,,,0.6,,,,,,,Cam Akers,2026-05-08,FA
/nfl/rankings/dynasty-rb.php,dynasty-rb,dp,Tyler Badie,23812,RB,DEN,115.0,12.33,101,131,,tyler-badie.php,,,1.2,,,,,,,Tyler Badie,2026-05-08,DEN
/nfl/rankings/dynasty-rb.php,dynasty-rb,dp,Desmond Reid,28110,RB,BUF,115.0,16.99,102,139,,desmond-reid.php,,,0.0,,,,,,,Desmond Reid,2026-05-08,BUF
/nfl/rankings/dynasty-rb.php,dynasty-rb,dp,Zamir White,20095,RB,LV,118.0,10.8,103,128,,zamir-white.php,,,0.9,,,,,,,Zamir White,2026-05-08,LVR
/nfl/rankings/dynasty-rb.php,dynasty-rb,dp,Zack Moss,19263,RB,FA,119.33,17.21,95,132,,zack-moss.php,,,1.6,,,,,,,Zack Moss,2026-05-08,FA
/nfl/rankings/dynasty-rb.php,dynasty-rb,dp,Alexander Mattison,18621,RB,FA,120.67,17.46,96,134,,alexander-mattison.php,,,0.6,,,,,,,Alexander Mattison,2026-05-08,FA
/nfl/rankings/dynasty-rb.php,dynasty-rb,dp,AJ Dillon,19358,RB,CAR,122.67,16.34,103,143,,aj-dillon.php,,,1.3,,,,,,,AJ Dillon,2026-05-08,CAR
/nfl/rankings/dynasty-rb.php,dynasty-rb,dp,Hassan Haskins,23798,RB,LAC,123.0,12.36,111,140,,hassan-haskins.php,,,0.6,,,,,,,Hassan Haskins,2026-05-08,LAC
/nfl/rankings/dynasty-rb.php,dynasty-rb,dp,Sincere McCormick,23172,RB,SF,127.33,21.51,98,149,,sincere-mccormick.php,,,1.0,,,,,,,Sincere McCormick,2026-05-08,SFO
/nfl/rankings/dynasty-rb.php,dynasty-rb,dp,Gus Edwards,17687,RB,FA,130.67,23.98,97,151,,gus-edwards.php,,,1.0,,,,,,,Gus Edwards,2026-05-08,FA
/nfl/rankings/dynasty-rb.php,dynasty-rb,dp,Eric Gray,23075,RB,NYG,130.67,21.85,101,153,,eric-gray.php,,,0.6,,,,,,,Eric Gray,2026-05-08,NYG
/nfl/rankings/dynasty-rb.php,dynasty-rb,dp,Evan Hull,25325,RB,FA,139.0,8.83,127,148,,evan-hull.php,,,1.4,,,,,,,Evan Hull,2026-05-08,FA
/nfl/rankings/dynasty-rb.php,dynasty-rb,dp,Kenny McIntosh,25329,RB,SEA,145.67,33.31,108,189,,kenny-mcintosh.php,,,3.8,,,,,19.0,,Kenny McIntosh,2026-05-08,SEA
/nfl/rankings/dynasty-rb.php,dynasty-rb,dp,DeeJay Dallas,19521,RB,JAC,147.33,26.85,110,172,,deejay-dallas.php,,,0.2,,,,,21.0,,DeeJay Dallas,2026-05-08,JAC
/nfl/rankings/dynasty-rb.php,dynasty-rb,dp,Dean Connors,28113,RB,LAR,105.5,15.5,90,121,,dean-connors.php,,,0.0,,,,,-14.0,,Dean Connors,2026-05-08,LAR
/nfl/rankings/dynasty-rb.php,dynasty-rb,dp,Chase Edmonds,17496,RB,WAS,157.67,32.29,112,181,,chase-edmonds.php,,,0.1,,,,,33.0,,Chase Edmonds,2026-05-08,WAS
/nfl/rankings/dynasty-rb.php,dynasty-rb,dp,Terrell Jennings,26964,RB,NE,122.5,15.5,107,138,,terrell-jennings.php,,,0.6,,,,,,,Terrell Jennings,2026-05-08,NEP
/nfl/rankings/dynasty-rb.php,dynasty-rb,dp,Ameer Abdullah,13924,RB,FA,130.0,20.0,110,150,,ameer-abdullah.php,,,1.1,,,,,,,Ameer Abdullah,2026-05-08,FA
/nfl/rankings/dynasty-rb.php,dynasty-rb,dp,Kalel Mullings,27045,RB,TEN,132.0,9.0,123,141,,kalel-mullings.php,,,0.6,,,,,,,Kalel Mullings,2026-05-08,TEN
/nfl/rankings/dynasty-rb.php,dynasty-rb,dp,Tyler Goodson,22976,RB,ATL,139.0,3.0,136,142,,tyler-goodson.php,,,0.6,,,,,,,Tyler Goodson,2026-05-08,ATL
/nfl/rankings/dynasty-rb.php,dynasty-rb,dp,Dare Ogunbowale,16879,RB,FA,139.0,2.0,137,141,,dare-ogunbowale.php,,,0.6,,,,,,,Dare Ogunbowale,2026-05-08,FA
/nfl/rankings/dynasty-rb.php,dynasty-rb,dp,Craig Reynolds,19074,RB,FA,147.5,8.5,139,156,,craig-reynolds.php,,,1.1,,,,,,,Craig Reynolds,2026-05-08,FA
/nfl/rankings/dynasty-rb.php,dynasty-rb,dp,Jaret Patterson,20155,RB,LAC,148.0,18.0,130,166,,jaret-patterson.php,,,0.6,,,,,,,Jaret Patterson,2026-05-08,LAC
/nfl/rankings/dynasty-rb.php,dynasty-rb,dp,Marcus Yarns,27293,RB,FA,152.0,2.0,150,154,,marcus-yarns.php,,,1.0,,,,,,,Marcus Yarns,2026-05-08,FA
/nfl/rankings/dynasty-rb.php,dynasty-rb,dp,Carson Steele,26372,RB,PHI,152.0,0.0,152,152,,carson-steele.php,,,0.6,,,,,,,Carson Steele,2026-05-08,PHI
/nfl/rankings/dynasty-rb.php,dynasty-rb,dp,Clyde Edwards-Helaire,19325,RB,FA,158.0,3.0,155,161,,clyde-edwards-helaire.php,,,0.6,,,,,,,Clyde Edwards-Helaire,2026-05-08,FA
/nfl/rankings/dynasty-rb.php,dynasty-rb,dp,Cody Schrader,26216,RB,DEN,158.0,3.0,155,161,,cody-schrader.php,,,0.6,,,,,,,Cody Schrader,2026-05-08,DEN
/nfl/rankings/dynasty-rb.php,dynasty-rb,dp,Cordarrelle Patterson,11613,RB,FA,160.5,2.5,158,163,,cordarrelle-patterson.php,,,0.6,,,,,,,Cordarrelle Patterson,2026-05-08,FA
/nfl/rankings/dynasty-rb.php,dynasty-rb,dp,Keaontay Ingram,23162,RB,FA,161.0,18.0,143,179,,keaontay-ingram.php,,,1.0,,,,,,,Keaontay Ingram,2026-05-08,FA
/nfl/rankings/dynasty-rb.php,dynasty-rb,dp,Deneric Prince,25770,RB,FA,161.0,14.0,147,175,,deneric-prince.php,,,0.0,,,,,,,Deneric Prince,2026-05-08,FA
/nfl/rankings/dynasty-rb.php,dynasty-rb,dp,Israel Abanikanda,24352,RB,DAL,161.0,13.0,148,174,,israel-abanikanda.php,,,1.9,,,,,,,Israel Abanikanda,2026-05-08,DAL
/nfl/rankings/dynasty-rb.php,dynasty-rb,dp,Kendall Milton,22962,RB,CIN,161.0,8.0,153,169,,kendall-milton.php,,,0.1,,,,,,,Kendall Milton,2026-05-08,CIN
/nfl/rankings/dynasty-rb.php,dynasty-rb,dp,Pierre Strong Jr.,24173,RB,GB,163.5,0.5,163,164,,pierre-strong-jr.php,,,0.6,,,,,,,Pierre Strong,2026-05-08,GBP
/nfl/rankings/dynasty-rb.php,dynasty-rb,dp,Deuce Vaughn,22984,RB,DEN,164.0,2.0,162,166,,deuce-vaughn.php,,,2.1,,,,,,,Deuce Vaughn,2026-05-08,DEN
/nfl/rankings/dynasty-rb.php,dynasty-rb,dp,Blake Watson,26391,RB,FA,164.5,5.5,159,170,,blake-watson.php,,,0.6,,,,,,,Blake Watson,2026-05-08,FA
/nfl/rankings/dynasty-rb.php,dynasty-rb,dp,D'Onta Foreman,16407,RB,FA,166.0,17.0,149,183,,donta-foreman.php,,,2.7,,,,,,,DOnta Foreman,2026-05-08,FA
/nfl/rankings/dynasty-rb.php,dynasty-rb,dp,Salvon Ahmed,19449,RB,FA,169.0,25.0,144,194,,salvon-ahmed.php,,,0.0,,,,,,,Salvon Ahmed,2026-05-08,FA
/nfl/rankings/dynasty-rb.php,dynasty-rb,dp,Frank Gore Jr.,25980,RB,BUF,169.0,2.0,167,171,,frank-gore-jr.php,,,0.6,,,,,,,Frank Gore,2026-05-08,BUF
/nfl/rankings/dynasty-rb.php,dynasty-rb,dp,Ronnie Rivers,23986,RB,LAR,170.0,6.0,164,176,,ronnie-rivers.php,,,0.6,,,,,,,Ronnie Rivers,2026-05-08,LAR
/nfl/rankings/dynasty-rb.php,dynasty-rb,dp,Keilan Robinson,22896,RB,NYJ,171.5,6.5,165,178,,keilan-robinson.php,,,0.0,,,,,,,Keilan Robinson,2026-05-08,NYJ
/nfl/rankings/dynasty-rb.php,dynasty-rb,dp,Julius Chestnut,24689,RB,TEN,172.5,37.5,135,210,,julius-chestnut.php,,,0.9,,,,,,,Julius Chestnut,2026-05-08,TEN
/nfl/rankings/dynasty-rb.php,dynasty-rb,dp,Mike Boone,17813,RB,FA,173.0,13.0,160,186,,mike-boone.php,,,1.0,,,,,,,Mike Boone,2026-05-08,FA
/nfl/rankings/dynasty-rb.php,dynasty-rb,dp,Jeff Wilson Jr.,18026,RB,FA,173.0,6.0,167,179,,jeffery-wilson.php,,,1.0,,,,,,,Jeff Wilson,2026-05-08,FA
/nfl/rankings/dynasty-rb.php,dynasty-rb,dp,D'Ernest Johnson,19111,RB,FA,173.0,5.0,168,178,,dernest-johnson.php,,,1.0,,,,,,,DErnest Johnson,2026-05-08,FA
/nfl/rankings/dynasty-rb.php,dynasty-rb,dp,Kene Nwangwu,23249,RB,NYJ,173.5,27.5,146,201,,kene-nwangwu.php,,,0.3,,,,,,,Kene Nwangwu,2026-05-08,NYJ
/nfl/rankings/dynasty-rb.php,dynasty-rb,dp,Travis Homer,18616,RB,PIT,179.0,34.0,145,213,,travis-homer.php,,,0.6,,,,,,,Travis Homer,2026-05-08,PIT
/nfl/rankings/dynasty-rb.php,dynasty-rb,dp,Darrynton Evans,19418,RB,FA,179.0,23.0,156,202,,darrynton-evans.php,,,0.0,,,,,,,Darrynton Evans,2026-05-08,FA
/nfl/rankings/dynasty-rb.php,dynasty-rb,dp,Dillon Johnson,26226,RB,FA,179.0,14.0,165,193,,dillon-johnson.php,,,1.0,,,,,,,Dillon Johnson,2026-05-08,FA
/nfl/rankings/dynasty-rb.php,dynasty-rb,dp,Joshua Kelley,19445,RB,FA,180.5,6.5,174,187,,joshua-kelley.php,,,0.0,,,,,,,Joshua Kelley,2026-05-08,FA
/nfl/rankings/dynasty-rb.php,dynasty-rb,dp,Daijun Edwards,25985,RB,FA,182.5,9.5,173,192,,daijun-edwards.php,,,0.0,,,,,,,Daijun Edwards,2026-05-08,FA
/nfl/rankings/dynasty-rb.php,dynasty-rb,dp,Isaiah Spiller,23143,RB,FA,183.5,0.5,183,184,,isaiah-spiller.php,,,1.0,,,,,,,Isaiah Spiller,2026-05-08,FA
/nfl/rankings/dynasty-rb.php,dynasty-rb,dp,Nyheim Miller-Hines,17297,RB,FA,184.5,12.5,172,197,,nyheim-hines.php,,,0.0,,,,,,,Nyheim Miller-Hines,2026-05-08,FA
/nfl/rankings/dynasty-rb.php,dynasty-rb,dp,Kevin Harris,23117,RB,FA,185.0,4.0,181,189,,kevin-harris.php,,,1.0,,,,,,,Kevin Harris,2026-05-08,FA
/nfl/rankings/dynasty-rb.php,dynasty-rb,dp,Michael Wiley,26380,RB,TB,186.5,11.5,175,198,,michael-wiley-rb.php,,,0.1,,,,,,,Michael Wiley,2026-05-08,TBB
/nfl/rankings/dynasty-rb.php,dynasty-rb,dp,JaMycal Hasty,19627,RB,FA,186.5,6.5,180,193,,jamycal-hasty.php,,,1.1,,,,,,,JaMycal Hasty,2026-05-08,FA
/nfl/rankings/dynasty-rb.php,dynasty-rb,dp,Gary Brightwell,23293,RB,CIN,187.5,18.5,169,206,,gary-brightwell.php,,,0.1,,,,,,,Gary Brightwell,2026-05-08,CIN
/nfl/rankings/dynasty-rb.php,dynasty-rb,dp,Chris Evans,22797,RB,FA,187.5,2.5,185,190,,chris-evans.php,,,0.0,,,,,,,Chris Evans,2026-05-08,FA
/nfl/rankings/dynasty-rb.php,dynasty-rb,dp,Royce Freeman,17245,RB,FA,189.0,7.0,182,196,,royce-freeman.php,,,0.0,,,,,,,Royce Freeman,2026-05-08,FA
/nfl/rankings/dynasty-rb.php,dynasty-rb,dp,Trayveon Williams,18607,RB,FA,189.5,19.5,170,209,,trayveon-williams.php,,,0.1,,,,,,,Trayveon Williams,2026-05-08,FA
/nfl/rankings/dynasty-rb.php,dynasty-rb,dp,Jerick McKinnon,12209,RB,FA,189.5,7.5,182,197,,jerick-mckinnon.php,,,0.0,,,,,,,Jerick McKinnon,2026-05-08,FA
/nfl/rankings/dynasty-rb.php,dynasty-rb,dp,Leonard Fournette,16378,RB,FA,190.0,6.0,184,196,,leonard-fournette.php,,,0.1,,,,,,,Leonard Fournette,2026-05-08,FA
/nfl/rankings/dynasty-rb.php,dynasty-rb,dp,Darrell Henderson Jr.,18588,RB,FA,190.5,4.5,186,195,,darrell-henderson.php,,,0.0,,,,,,,Darrell Henderson,2026-05-08,FA
/nfl/rankings/dynasty-rb.php,dynasty-rb,dp,DeWayne McBride,25265,RB,FA,192.0,7.0,185,199,,dewayne-mcbride.php,,,1.9,,,,,,,DeWayne McBride,2026-05-08,FA
/nfl/rankings/dynasty-rb.php,dynasty-rb,dp,James Robinson,19631,RB,FA,195.0,7.0,188,202,,james-robinson.php,,,0.0,,,,,,,James Robinson,2026-05-08,FA
/nfl/rankings/dynasty-rb.php,dynasty-rb,dp,Ke'Shawn Vaughn,19351,RB,FA,195.0,5.0,190,200,,keshawn-vaughn.php,,,0.0,,,,,,,KeShawn Vaughn,2026-05-08,FA
/nfl/rankings/dynasty-rb.php,dynasty-rb,dp,Myles Gaskin,17251,RB,FA,196.0,8.0,188,204,,myles-gaskin.php,,,0.0,,,,,,,Myles Gaskin,2026-05-08,FA
/nfl/rankings/dynasty-rb.php,dynasty-rb,dp,Matt Breida,17058,RB,FA,196.5,1.5,195,198,,matt-breida.php,,,0.0,,,,,,,Matt Breida,2026-05-08,FA
/nfl/rankings/dynasty-rb.php,dynasty-rb,dp,Lew Nichols III,25443,RB,PIT,197.0,21.0,176,218,,lew-nichols.php,,,3.1,,,,,,,Lew Nichols,2026-05-08,PIT
/nfl/rankings/dynasty-rb.php,dynasty-rb,dp,Deon Jackson,20097,RB,FA,198.0,7.0,191,205,,deon-jackson.php,,,0.0,,,,,,,Deon Jackson,2026-05-08,FA
/nfl/rankings/dynasty-rb.php,dynasty-rb,dp,Jashaun Corbin,22948,RB,FA,200.0,29.0,171,229,,jashaun-corbin.php,,,0.0,,,,,,,Jashaun Corbin,2026-05-08,FA
/nfl/rankings/dynasty-rb.php,dynasty-rb,dp,Eno Benjamin,19361,RB,FA,204.5,5.5,199,210,,eno-benjamin.php,,,0.0,,,,,,,Eno Benjamin,2026-05-08,FA
/nfl/rankings/dynasty-rb.php,dynasty-rb,dp,Miyan Williams,25386,RB,FA,206.5,12.5,194,219,,miyan-williams.php,,,0.0,,,,,,,Miyan Williams,2026-05-08,FA
/nfl/rankings/dynasty-rb.php,dynasty-rb,dp,Tony Jones Jr.,19482,RB,FA,207.0,16.0,191,223,,tony-jones-rb.php,,,0.0,,,,,,,Tony Jones,2026-05-08,FA
/nfl/rankings/dynasty-rb.php,dynasty-rb,dp,Snoop Conner,23027,RB,FA,207.0,7.0,200,214,,snoop-conner.php,,,0.0,,,,,,,Snoop Conner,2026-05-08,FA
/nfl/rankings/dynasty-rb.php,dynasty-rb,dp,Melvin Gordon III,13903,RB,FA,208.0,0.0,208,208,,melvin-gordon.php,,,0.0,,,,,,,Melvin Gordon,2026-05-08,FA
/nfl/rankings/dynasty-rb.php,dynasty-rb,dp,Ronald Jones II,17243,RB,FA,209.0,6.0,203,215,,ronald-jones-ii.php,,,0.0,,,,,,,Ronald Jones,2026-05-08,FA
/nfl/rankings/dynasty-rb.php,dynasty-rb,dp,Dontrell Hilliard,18037,RB,FA,211.5,6.5,205,218,,dontrell-hilliard.php,,,0.0,,,,,,,Dontrell Hilliard,2026-05-08,FA
/nfl/rankings/dynasty-rb.php,dynasty-rb,dp,Marlon Mack,16444,RB,FA,211.5,0.5,211,212,,marlon-mack.php,,,0.0,,,,,,,Marlon Mack,2026-05-08,FA
/nfl/rankings/dynasty-rb.php,dynasty-rb,dp,Mohamed Ibrahim,20153,RB,FA,213.0,4.0,209,217,,mohamed-ibrahim.php,,,0.0,,,,,,,Mohamed Ibrahim,2026-05-08,FA
/nfl/rankings/dynasty-rb.php,dynasty-rb,dp,La'Mical Perine,19333,RB,FA,214.0,11.0,203,225,,lamical-perine.php,,,0.0,,,,,,,LaMical Perine,2026-05-08,FA
/nfl/rankings/dynasty-rb.php,dynasty-rb,dp,Brandon Bolden,11410,RB,FA,214.0,2.0,212,216,,brandon-bolden.php,,,0.0,,,,,,,Brandon Bolden,2026-05-08,FA
/nfl/rankings/dynasty-rb.php,dynasty-rb,dp,Kenyan Drake,15637,RB,FA,215.0,4.0,211,219,,kenyan-drake.php,,,1.1,,,,,,,Kenyan Drake,2026-05-08,FA
/nfl/rankings/dynasty-rb.php,dynasty-rb,dp,Jake Funk,23190,RB,FA,216.0,12.0,204,228,,jake-funk.php,,,0.0,,,,,,,Jake Funk,2026-05-08,FA
/nfl/rankings/dynasty-rb.php,dynasty-rb,dp,Anthony McFarland Jr.,19366,RB,FA,216.5,9.5,207,226,,anthony-mcfarland.php,,,1.1,,,,,,,Anthony McFarland,2026-05-08,FA
/nfl/rankings/dynasty-rb.php,dynasty-rb,dp,Derrick Gore,19113,RB,FA,218.0,12.0,206,230,,derrick-gore.php,,,0.0,,,,,,,Derrick Gore,2026-05-08,FA
/nfl/rankings/dynasty-rb.php,dynasty-rb,dp,J.D. McKissic,16230,RB,FA,218.5,1.5,217,220,,jd-mckissic.php,,,1.0,,,,,,,JD McKissic,2026-05-08,FA
/nfl/rankings/dynasty-rb.php,dynasty-rb,dp,Darrel Williams,17514,RB,FA,221.0,1.0,220,222,,darrel-williams.php,,,0.0,,,,,,,Darrel Williams,2026-05-08,FA
/nfl/rankings/dynasty-rb.php,dynasty-rb,dp,Ty Montgomery II,13977,RB,FA,223.5,7.5,216,231,,ty-montgomery.php,,,0.0,,,,,,,Ty Montgomery,2026-05-08,FA
/nfl/rankings/dynasty-rb.php,dynasty-rb,dp,Trestan Ebner,24047,RB,FA,224.0,3.0,221,227,,trestan-ebner.php,,,0.0,,,,,,,Trestan Ebner,2026-05-08,FA
/nfl/rankings/dynasty-rb.php,dynasty-rb,dp,Qadree Ollison,18480,RB,FA,227.5,5.5,222,233,,qadree-ollison.php,,,0.0,,,,,,,Qadree Ollison,2026-05-08,FA
/nfl/rankings/dynasty-rb.php,dynasty-rb,dp,Larry Rountree III,19537,RB,FA,230.5,1.5,229,232,,larry-rountree.php,,,0.0,,,,,,,Larry Rountree,2026-05-08,FA
/nfl/rankings/rookies.php,dynasty-rk,drk,Jeremiyah Love,25403,RB,ARI,1.0,0.0,1,1,,jeremiyah-love.php,,,83.2,,,,,,,Jeremiyah Love,2026-05-08,ARI
/nfl/rankings/rookies.php,dynasty-rk,drk,Carnell Tate,26009,WR,TEN,2.33,0.57,2,4,,carnell-tate.php,,,75.1,,,,,,,Carnell Tate,2026-05-08,TEN
/nfl/rankings/rookies.php,dynasty-rk,drk,Jordyn Tyson,26035,WR,NO,3.44,0.98,2,7,,jordyn-tyson.php,,,65.3,,,,,,,Jordyn Tyson,2026-05-08,NOS
/nfl/rankings/rookies.php,dynasty-rk,drk,Makai Lemon,25420,WR,PHI,3.85,0.86,2,6,,makai-lemon.php,,,69.4,,,,,,,Makai Lemon,2026-05-08,PHI
/nfl/rankings/rookies.php,dynasty-rk,drk,Jadarian Price,27329,RB,SEA,5.77,1.21,3,9,,jadarian-price.php,,,66.4,,,,,,,Jadarian Price,2026-05-08,SEA
/nfl/rankings/rookies.php,dynasty-rk,drk,KC Concepcion,27331,WR,CLE,6.38,1.83,4,12,,kevin-concepcion.php,,,56.0,,,,,,,KC Concepcion,2026-05-08,CLE
/nfl/rankings/rookies.php,dynasty-rk,drk,Omar Cooper Jr.,28127,WR,NYJ,8.31,1.71,5,12,,omar-cooper-jr.php,,,34.8,,,,,,,Omar Cooper,2026-05-08,NYJ
/nfl/rankings/rookies.php,dynasty-rk,drk,Kenyon Sadiq,26055,TE,NYJ,8.36,2.18,6,16,,kenyon-sadiq.php,,,56.2,,,,,,,Kenyon Sadiq,2026-05-08,NYJ
/nfl/rankings/rookies.php,dynasty-rk,drk,Eli Stowers,23144,TE,PHI,10.1,3.5,7,24,,eli-stowers.php,,,34.3,,,,,,,Eli Stowers,2026-05-08,PHI
/nfl/rankings/rookies.php,dynasty-rk,drk,Fernando Mendoza,28013,QB,LV,10.15,4.17,2,22,,fernando-mendoza.php,,,51.0,,,,,,,Fernando Mendoza,2026-05-08,LVR
/nfl/rankings/rookies.php,dynasty-rk,drk,Denzel Boston,27339,WR,CLE,11.23,2.6,7,18,,denzel-boston.php,,,41.5,,,,,,,Denzel Boston,2026-05-08,CLE
/nfl/rankings/rookies.php,dynasty-rk,drk,Jonah Coleman,27320,RB,DEN,14.33,4.1,7,22,,jonah-coleman.php,,,39.6,,,,,,,Jonah Coleman,2026-05-08,DEN
/nfl/rankings/rookies.php,dynasty-rk,drk,Antonio Williams,25418,WR,WAS,14.64,4.75,8,26,,antonio-williams-wr.php,,,25.6,,,,,,,Antonio Williams,2026-05-08,WAS
/nfl/rankings/rookies.php,dynasty-rk,drk,Chris Bell,26038,WR,MIA,16.21,5.38,10,31,,chris-bell.php,,,29.4,,,,,,,Chris Bell,2026-05-08,MIA
/nfl/rankings/rookies.php,dynasty-rk,drk,Germie Bernard,26039,WR,PIT,17.0,4.34,11,28,,germie-bernard.php,,,32.3,,,,,,,Germie Bernard,2026-05-08,PIT
/nfl/rankings/rookies.php,dynasty-rk,drk,Nick Singleton,24343,RB,TEN,18.46,5.95,11,37,,nick-singleton.php,,,31.8,,,,,,,Nick Singleton,2026-05-08,TEN
/nfl/rankings/rookies.php,dynasty-rk,drk,Chris Brazzell II,28047,WR,CAR,21.62,5.75,13,37,,chris-brazzell-ii.php,,,25.0,,,,,,,Chris Brazzell,2026-05-08,CAR
/nfl/rankings/rookies.php,dynasty-rk,drk,Ty Simpson,25368,QB,LAR,21.64,5.89,10,33,,ty-simpson.php,,,30.3,,,,,,,Ty Simpson,2026-05-08,LAR
/nfl/rankings/rookies.php,dynasty-rk,drk,Zachariah Branch,25419,WR,ATL,21.92,6.62,13,44,,zachariah-branch.php,,,28.7,,,,,,,Zachariah Branch,2026-05-08,ATL
/nfl/rankings/rookies.php,dynasty-rk,drk,Emmett Johnson,28107,RB,KC,22.49,6.74,11,36,,emmett-johnson.php,,,33.1,,,,,,,Emmett Johnson,2026-05-08,KCC
/nfl/rankings/rookies.php,dynasty-rk,drk,Kaytron Allen,24362,RB,WAS,22.85,6.53,11,37,,kaytron-allen.php,,,28.7,,,,,,,Kaytron Allen,2026-05-08,WAS
/nfl/rankings/rookies.php,dynasty-rk,drk,Elijah Sarratt,27463,WR,BAL,24.97,7.56,13,46,,elijah-sarratt.php,,,26.3,,,,,,,Elijah Sarratt,2026-05-08,BAL
/nfl/rankings/rookies.php,dynasty-rk,drk,Ted Hurst,28130,WR,TB,25.1,8.06,12,46,,ted-hurst.php,,,18.5,,,,,,,Ted Hurst,2026-05-08,TBB
/nfl/rankings/rookies.php,dynasty-rk,drk,De'Zhaun Stribling,28138,WR,SF,22.53,9.85,12,58,,dezhaun-stribling.php,,,11.2,,,,,,,DeZhaun Stribling,2026-05-08,SFO
/nfl/rankings/rookies.php,dynasty-rk,drk,Mike Washington Jr.,28108,RB,LV,25.51,6.65,12,39,,mike-washington-jr.php,,,23.2,,,,,,,Mike Washington,2026-05-08,LVR
/nfl/rankings/rookies.php,dynasty-rk,drk,Malachi Fields,27994,WR,NYG,26.05,7.91,11,48,,malachi-fields.php,,,20.9,,,,,,,Malachi Fields,2026-05-08,NYG
/nfl/rankings/rookies.php,dynasty-rk,drk,Skyler Bell,28126,WR,BUF,29.26,8.52,15,55,,skyler-bell.php,,,21.8,,,,,,,Skyler Bell,2026-05-08,BUF
/nfl/rankings/rookies.php,dynasty-rk,drk,Max Klare,27993,TE,LAR,29.64,5.92,19,43,,max-klare.php,,,29.0,,,,,,,Max Klare,2026-05-08,LAR
/nfl/rankings/rookies.php,dynasty-rk,drk,Ja'Kobi Lane,27337,WR,BAL,29.92,7.52,19,48,,jakobi-lane.php,,,28.7,,,,,,,JaKobi Lane,2026-05-08,BAL
/nfl/rankings/rookies.php,dynasty-rk,drk,Demond Claiborne,28084,RB,MIN,30.36,8.2,19,53,,demond-claiborne.php,,,26.5,,,,,,,Demond Claiborne,2026-05-08,MIN
/nfl/rankings/rookies.php,dynasty-rk,drk,Carson Beck,22953,QB,ARI,34.44,8.09,21,48,,carson-beck.php,,,18.0,,,,,,,Carson Beck,2026-05-08,ARI
/nfl/rankings/rookies.php,dynasty-rk,drk,Adam Randall,24367,RB,BAL,34.44,5.33,25,44,,adam-randall.php,,,10.7,,,,,,,Adam Randall,2026-05-08,BAL
/nfl/rankings/rookies.php,dynasty-rk,drk,Oscar Delp,25430,TE,NO,35.21,12.79,13,67,,oscar-delp.php,,,10.4,,,,,,,Oscar Delp,2026-05-08,NOS
/nfl/rankings/rookies.php,dynasty-rk,drk,Kaelon Black,28401,RB,SF,31.92,10.93,13,69,,kaelon-black.php,,,6.1,,,,,,,Kaelon Black,2026-05-08,SFO
/nfl/rankings/rookies.php,dynasty-rk,drk,Justin Joly,28079,TE,DEN,38.15,9.48,24,69,,justin-joly.php,,,7.5,,,,,,,Justin Joly,2026-05-08,DEN
/nfl/rankings/rookies.php,dynasty-rk,drk,Seth McGowan,23079,RB,IND,38.46,7.77,21,55,,seth-mcgowan.php,,,1.6,,,,,,,Seth McGowan,2026-05-08,IND
/nfl/rankings/rookies.php,dynasty-rk,drk,Bryce Lance,28129,WR,NO,36.34,10.12,17,66,,bryce-lance.php,,,8.3,,,,,,,Bryce Lance,2026-05-08,NOS
/nfl/rankings/rookies.php,dynasty-rk,drk,Drew Allar,24345,QB,PIT,38.9,9.36,21,55,,drew-allar.php,,,8.8,,,,,,,Drew Allar,2026-05-08,PIT
/nfl/rankings/rookies.php,dynasty-rk,drk,Eli Raridon,28154,TE,NE,42.68,19.82,17,94,,eli-raridon.php,,,2.7,,,,,,,Eli Raridon,2026-05-08,NEP
/nfl/rankings/rookies.php,dynasty-rk,drk,Kevin Coleman Jr.,28067,WR,MIA,46.15,9.83,27,74,,kevin-coleman-jr.php,,,1.8,,,,,,,Kevin Coleman,2026-05-08,MIA
/nfl/rankings/rookies.php,dynasty-rk,drk,Eli Heidenreich,28297,RB,PIT,43.83,10.94,25,70,,eli-heidenreich.php,,,3.5,,,,,,,Eli Heidenreich,2026-05-08,PIT
/nfl/rankings/rookies.php,dynasty-rk,drk,Cade Klubnik,24361,QB,NYJ,46.14,6.83,34,62,,cade-klubnik.php,,,5.7,,,,,,,Cade Klubnik,2026-05-08,NYJ
/nfl/rankings/rookies.php,dynasty-rk,drk,Brenen Thompson,28133,WR,LAC,46.31,10.94,27,71,,brenen-thompson.php,,,12.0,,,,,,,Brenen Thompson,2026-05-08,LAC
/nfl/rankings/rookies.php,dynasty-rk,drk,Cole Payton,28302,QB,PHI,49.0,12.28,32,91,,cole-payton.php,,,1.0,,,,,,,Cole Payton,2026-05-08,PHI
/nfl/rankings/rookies.php,dynasty-rk,drk,Garrett Nussmeier,22998,QB,KC,48.86,11.74,28,75,,garrett-nussmeier.php,,,14.6,,,,,,,Garrett Nussmeier,2026-05-08,KCC
/nfl/rankings/rookies.php,dynasty-rk,drk,Deion Burks,27093,WR,IND,49.28,10.55,29,69,,deion-burks.php,,,0.6,,,,,,,Deion Burks,2026-05-08,IND
/nfl/rankings/rookies.php,dynasty-rk,drk,Caleb Douglas,28135,WR,MIA,47.17,14.22,23,70,,caleb-douglas.php,,,3.3,,,,,,,Caleb Douglas,2026-05-08,MIA
/nfl/rankings/rookies.php,dynasty-rk,drk,Jam Miller,27326,RB,NE,48.69,10.47,35,86,,jam-miller.php,,,2.3,,,,,,,Jam Miller,2026-05-08,NEP
/nfl/rankings/rookies.php,dynasty-rk,drk,Sam Roush,28161,TE,CHI,52.53,15.24,29,107,,sam-roush.php,,,1.8,,,,,,,Sam Roush,2026-05-08,CHI
/nfl/rankings/rookies.php,dynasty-rk,drk,Taylen Green,28094,QB,CLE,51.37,10.06,37,81,,taylen-green.php,,,6.6,,,,,,,Taylen Green,2026-05-08,CLE
/nfl/rankings/rookies.php,dynasty-rk,drk,J'Mari Taylor,28109,RB,JAC,47.64,13.35,24,82,,jmari-taylor.php,,,5.3,,,,,,,JMari Taylor,2026-05-08,JAC
/nfl/rankings/rookies.php,dynasty-rk,drk,Tanner Koziol,27499,TE,JAC,55.94,16.76,30,99,,tanner-koziol.php,,,0.1,,,,,,,Tanner Koziol,2026-05-08,JAC
/nfl/rankings/rookies.php,dynasty-rk,drk,Jaydn Ott,25394,RB,KC,52.35,10.96,34,95,,jaydn-ott.php,,,1.5,,,,,,,Jaydn Ott,2026-05-08,KCC
/nfl/rankings/rookies.php,dynasty-rk,drk,CJ Daniels,28125,WR,LAR,58.06,7.6,41,78,,cj-daniels.php,,,8.5,,,,,,,CJ Daniels,2026-05-08,LAR
/nfl/rankings/rookies.php,dynasty-rk,drk,Jack Endries,27501,TE,CIN,57.16,14.4,35,92,,jack-endries.php,,,6.8,,,,,,,Jack Endries,2026-05-08,CIN
/nfl/rankings/rookies.php,dynasty-rk,drk,Marlin Klein,28157,TE,HOU,55.29,19.34,32,119,,marlin-klein.php,,,3.1,,,,,,,Marlin Klein,2026-05-08,HOU
/nfl/rankings/rookies.php,dynasty-rk,drk,Barion Brown,25416,WR,NO,59.13,10.81,40,81,,barion-brown.php,,,1.1,,,,,,,Barion Brown,2026-05-08,NOS
/nfl/rankings/rookies.php,dynasty-rk,drk,Le'Veon Moss,27323,RB,MIA,53.9,14.67,31,94,,leveon-moss.php,,,10.8,,,,,,,LeVeon Moss,2026-05-08,MIA
/nfl/rankings/rookies.php,dynasty-rk,drk,Roman Hemby,25387,RB,LV,54.14,15.01,29,91,,roman-hemby.php,,,0.0,,,,,,,Roman Hemby,2026-05-08,LVR
/nfl/rankings/rookies.php,dynasty-rk,drk,Reggie Virgil,28141,WR,ARI,60.07,10.73,36,79,,reggie-virgil.php,,,0.7,,,,,,,Reggie Virgil,2026-05-08,ARI
/nfl/rankings/rookies.php,dynasty-rk,drk,Cyrus Allen,28424,WR,KC,60.28,14.04,36,86,,cyrus-allen.php,,,0.2,,,,,,,Cyrus Allen,2026-05-08,KCC
/nfl/rankings/rookies.php,dynasty-rk,drk,Zavion Thomas,28132,WR,CHI,59.37,21.12,27,104,,zavion-thomas.php,,,2.1,,,,,,,Zavion Thomas,2026-05-08,CHI
/nfl/rankings/rookies.php,dynasty-rk,drk,Robert Henry Jr.,28404,RB,WAS,58.88,10.12,39,87,,robert-henry-jr.php,,,0.0,,,,,,,Robert Henry,2026-05-08,WAS
/nfl/rankings/rookies.php,dynasty-rk,drk,Joe Royer,27312,TE,CLE,68.11,18.55,38,98,,joe-royer.php,,,1.1,,,,,,,Joe Royer,2026-05-08,CLE
/nfl/rankings/rookies.php,dynasty-rk,drk,Michael Trigg,23167,TE,DAL,59.58,17.38,32,99,,michael-trigg.php,,,34.5,,,,,,,Michael Trigg,2026-05-08,DAL
/nfl/rankings/rookies.php,dynasty-rk,drk,Josh Cameron,28137,WR,JAC,68.2,10.5,48,89,,josh-cameron.php,,,0.6,,,,,,,Josh Cameron,2026-05-08,JAC
/nfl/rankings/rookies.php,dynasty-rk,drk,Malik Benson,26012,WR,LV,66.52,14.86,43,101,,malik-benson.php,,,0.9,,,,,,,Malik Benson,2026-05-08,LVR
/nfl/rankings/rookies.php,dynasty-rk,drk,Eric McAlister,28134,WR,FA,62.33,17.68,42,104,,eric-mcalister.php,,,9.5,,,,,,,Eric McAlister,2026-05-08,FA
/nfl/rankings/rookies.php,dynasty-rk,drk,Desmond Reid,28110,RB,BUF,65.6,10.37,50,88,,desmond-reid.php,,,0.0,,,,,,,Desmond Reid,2026-05-08,BUF
/nfl/rankings/rookies.php,dynasty-rk,drk,Kendrick Law,26044,WR,DET,70.86,17.23,46,104,,kendrick-law.php,,,0.8,,,,,,,Kendrick Law,2026-05-08,DET
/nfl/rankings/rookies.php,dynasty-rk,drk,Terion Stewart,28111,RB,KC,64.28,10.36,52,87,,terion-stewart.php,,,0.0,,,,,,,Terion Stewart,2026-05-08,KCC
/nfl/rankings/rookies.php,dynasty-rk,drk,Lewis Bond,28144,WR,HOU,76.18,11.05,54,92,,lewis-bond.php,,,0.6,,,,,,,Lewis Bond,2026-05-08,HOU
/nfl/rankings/rookies.php,dynasty-rk,drk,Matthew Hibner,28168,TE,BAL,65.18,16.82,35,106,,matthew-hibner.php,,,0.6,,,,,,,Matthew Hibner,2026-05-08,BAL
/nfl/rankings/rookies.php,dynasty-rk,drk,Dean Connors,28113,RB,LAR,66.29,7.04,55,80,,dean-connors.php,,,0.0,,,,,,,Dean Connors,2026-05-08,LAR
/nfl/rankings/rookies.php,dynasty-rk,drk,Eric Rivers,28128,WR,TB,73.11,7.25,60,89,,eric-rivers.php,,,0.0,,,,,,,Eric Rivers,2026-05-08,TBB
/nfl/rankings/rookies.php,dynasty-rk,drk,Nate Boerkircher,28427,TE,JAC,70.33,19.57,43,102,,nate-boerkircher.php,,,0.7,,,,,,,Nate Boerkircher,2026-05-08,JAC
/nfl/rankings/rookies.php,dynasty-rk,drk,Will Kacmarek,28403,TE,MIA,74.63,19.64,38,103,,will-kacmarek.php,,,1.9,,,,,,,Will Kacmarek,2026-05-08,MIA
/nfl/rankings/rookies.php,dynasty-rk,drk,Tyren Montgomery,28423,WR,TEN,75.58,12.03,50,95,,tyren-montgomery.php,,,0.0,,,,,,,Tyren Montgomery,2026-05-08,TEN
/nfl/rankings/rookies.php,dynasty-rk,drk,Jeff Caldwell,28425,WR,KC,73.5,11.2,50,97,,jeff-caldwell.php,,,1.4,,,,,,,Jeff Caldwell,2026-05-08,KCC
/nfl/rankings/rookies.php,dynasty-rk,drk,Noah Whittington,28115,RB,HOU,69.06,13.52,53,91,,noah-whittington.php,,,0.0,,,,,,,Noah Whittington,2026-05-08,HOU
/nfl/rankings/rookies.php,dynasty-rk,drk,Dallen Bentley,28352,TE,DEN,79.37,18.56,42,117,,dallen-bentley.php,,,1.1,,,,,,,Dallen Bentley,2026-05-08,DEN
/nfl/rankings/rookies.php,dynasty-rk,drk,Colbie Young,26037,WR,CIN,67.4,18.91,47,107,,colbie-young.php,,,0.8,,,,,,,Colbie Young,2026-05-08,CIN
/nfl/rankings/rookies.php,dynasty-rk,drk,Aaron Anderson,27500,WR,CLE,78.24,10.83,58,95,,aaron-anderson.php,,,1.2,,,,,,,Aaron Anderson,2026-05-08,CLE
/nfl/rankings/rookies.php,dynasty-rk,drk,Rahsul Faison,28112,RB,FA,74.07,13.25,60,102,,rahsul-faison.php,,,0.0,,,,,,,Rahsul Faison,2026-05-08,FA
/nfl/rankings/rookies.php,dynasty-rk,drk,Chip Trayanum,28114,RB,NYJ,74.93,8.31,62,89,,chip-trayanum.php,,,1.2,,,,,,,Chip Trayanum,2026-05-08,NYJ
/nfl/rankings/rookies.php,dynasty-rk,drk,Dane Key,26015,WR,DEN,75.5,12.39,56,108,,dane-key.php,,,1.2,,,,,,,Dane Key,2026-05-08,DEN
/nfl/rankings/rookies.php,dynasty-rk,drk,J. Michael Sturdivant,26139,WR,GB,79.27,11.48,62,110,,jmichael-sturdivant.php,,,0.0,,,,,,,J Michael Sturdivant,2026-05-08,GBP
/nfl/rankings/rookies.php,dynasty-rk,drk,Josh Cuevas,28155,TE,BAL,83.44,14.71,60,105,,josh-cuevas.php,,,0.9,,,,,,,Josh Cuevas,2026-05-08,BAL
/nfl/rankings/rookies.php,dynasty-rk,drk,Dae'Quan Wright,28159,TE,PHI,81.4,14.14,57,98,,daequan-wright.php,,,0.0,,,,,,,DaeQuan Wright,2026-05-08,PHI
/nfl/rankings/rookies.php,dynasty-rk,drk,Diego Pavia,28082,QB,BAL,74.46,19.07,56,120,,diego-pavia.php,,,1.6,,,,,,,Diego Pavia,2026-05-08,BAL
/nfl/rankings/rookies.php,dynasty-rk,drk,CJ Donaldson,25396,RB,NO,81.6,17.43,60,117,,cj-donaldson.php,,,4.9,,,,,,,CJ Donaldson,2026-05-08,NOS
/nfl/rankings/rookies.php,dynasty-rk,drk,Sawyer Robertson,23035,QB,LV,78.57,17.43,60,122,,sawyer-robertson.php,,,0.0,,,,,,,Sawyer Robertson,2026-05-08,LVR
/nfl/rankings/rookies.php,dynasty-rk,drk,Jamal Haynes,27328,RB,FA,75.77,11.61,61,91,,jamal-haynes.php,,,0.0,,,,,,,Jamal Haynes,2026-05-08,FA
/nfl/rankings/rookies.php,dynasty-rk,drk,Kaden Wetjen,28435,WR,PIT,79.0,17.12,60,113,,kaden-wetjen.php,,,0.8,,,,,,,Kaden Wetjen,2026-05-08,PIT
/nfl/rankings/rookies.php,dynasty-rk,drk,Chase Roberts,28131,WR,LV,79.69,7.19,69,92,,chase-roberts.php,,,0.0,,,,,,,Chase Roberts,2026-05-08,LVR
/nfl/rankings/rookies.php,dynasty-rk,drk,TJ Harden,25992,RB,CLE,70.7,13.56,52,96,,tj-harden.php,,,0.0,,,,,,,TJ Harden,2026-05-08,CLE
/nfl/rankings/rookies.php,dynasty-rk,drk,Harrison Wallace III,28143,WR,ARI,89.73,5.82,83,104,,harrison-wallace-iii.php,,,0.0,,,,,,,Harrison Wallace,2026-05-08,ARI
/nfl/rankings/rookies.php,dynasty-rk,drk,Emmanuel Henderson Jr.,24379,WR,SEA,77.73,17.22,57,112,,emmanuel-henderson.php,,,1.0,,,,,,,Emmanuel Henderson,2026-05-08,SEA
/nfl/rankings/rookies.php,dynasty-rk,drk,Jalon Daniels,26060,QB,TB,89.85,16.61,65,121,,jalon-daniels.php,,,0.0,,,,,,,Jalon Daniels,2026-05-08,TBB
/nfl/rankings/rookies.php,dynasty-rk,drk,John Michael Gyllenborg,28158,TE,KC,87.91,20.03,56,118,,john-michael-gyllenborg.php,,,1.8,,,,,,,John Michael Gyllenborg,2026-05-08,KCC
/nfl/rankings/rookies.php,dynasty-rk,drk,Riley Nowakowski,28437,TE,PIT,88.27,19.73,54,121,,riley-nowakowski.php,,,0.6,,,,,,,Riley Nowakowski,2026-05-08,PIT
/nfl/rankings/rookies.php,dynasty-rk,drk,RJ Maryland,27341,TE,GB,90.18,15.43,60,114,,rj-maryland.php,,,0.0,,,,,,,RJ Maryland,2026-05-08,GBP
/nfl/rankings/rookies.php,dynasty-rk,drk,Trebor Pena,28139,WR,JAC,94.0,10.82,79,115,,trebor-pena.php,,,0.0,,,,,,,Trebor Pena,2026-05-08,JAC
/nfl/rankings/rookies.php,dynasty-rk,drk,Luke Altmyer,28093,QB,DET,93.4,13.7,78,124,,luke-altmyer.php,,,0.0,,,,,,,Luke Altmyer,2026-05-08,DET
/nfl/rankings/rookies.php,dynasty-rk,drk,Noah Thomas,28136,WR,CIN,91.67,8.0,73,106,,noah-thomas.php,,,1.8,,,,,,,Noah Thomas,2026-05-08,CIN
/nfl/rankings/rookies.php,dynasty-rk,drk,Behren Morton,23146,QB,NE,92.56,22.83,50,123,,behren-morton.php,,,0.1,,,,,,,Behren Morton,2026-05-08,NEP
/nfl/rankings/rookies.php,dynasty-rk,drk,Rueben Owens,27322,RB,FA,84.57,8.16,73,97,,rueben-owens.php,,,0.0,,,,,,,Rueben Owens,2026-05-08,FA
/nfl/rankings/rookies.php,dynasty-rk,drk,Dillon Bell,28140,WR,MIN,99.3,16.69,82,143,,dillon-bell.php,,,0.0,,,,,,,Dillon Bell,2026-05-08,MIN
/nfl/rankings/rookies.php,dynasty-rk,drk,Vinny Anthony II,28150,WR,ATL,99.5,14.14,86,139,,vinny-anthony-ii.php,,,0.0,,,,,,,Vinny Anthony,2026-05-08,ATL
/nfl/rankings/rookies.php,dynasty-rk,drk,Anthony Smith,28500,WR,DAL,80.33,6.57,74,93,,anthony-smith.php,,,0.1,,,,,,,Anthony Smith,2026-05-08,DAL
/nfl/rankings/rookies.php,dynasty-rk,drk,Haynes King,23141,QB,CAR,81.0,22.52,52,116,,haynes-king.php,,,0.0,,,,,,,Haynes King,2026-05-08,CAR
/nfl/rankings/rookies.php,dynasty-rk,drk,Max Bredeson,28434,RB,MIN,87.71,13.22,72,110,,max-bredeson.php,,,0.0,,,,,,,Max Bredeson,2026-05-08,MIN
/nfl/rankings/rookies.php,dynasty-rk,drk,Jaren Kanak,28160,TE,TEN,83.0,22.88,56,114,,jaren-kanak.php,,,0.0,,,,,,,Jaren Kanak,2026-05-08,TEN
/nfl/rankings/rookies.php,dynasty-rk,drk,Miller Moss,23165,QB,CHI,95.13,20.26,69,123,,miller-moss.php,,,0.0,,,,,,,Miller Moss,2026-05-08,CHI
/nfl/rankings/rookies.php,dynasty-rk,drk,Nyck Harbor,27336,WR,FA,91.57,10.62,73,110,,nyck-harbor.php,,,0.0,,,,,,,Nyck Harbor,2026-05-08,FA
/nfl/rankings/rookies.php,dynasty-rk,drk,Jack Velling,26008,TE,ATL,96.5,20.29,56,115,,jack-velling.php,,,0.0,,,,,,,Jack Velling,2026-05-08,ATL
/nfl/rankings/rookies.php,dynasty-rk,drk,Athan Kaliakmanis,28098,QB,WAS,87.5,15.76,66,105,,athan-kaliakmanis.php,,,0.1,,,,,,,Athan Kaliakmanis,2026-05-08,WAS
/nfl/rankings/rookies.php,dynasty-rk,drk,Conner Weigman,25369,QB,FA,82.8,23.11,43,109,,conner-weigman.php,,,0.0,,,,,,,Conner Weigman,2026-05-08,FA
/nfl/rankings/rookies.php,dynasty-rk,drk,Malachi Nelson,25379,QB,FA,88.0,24.63,46,113,,malachi-nelson.php,,,0.0,,,,,,,Malachi Nelson,2026-05-08,FA
/nfl/rankings/rookies.php,dynasty-rk,drk,Malik Rutherford,28147,WR,ATL,99.83,18.14,89,140,,malik-rutherford.php,,,0.0,,,,,,,Malik Rutherford,2026-05-08,ATL
/nfl/rankings/rookies.php,dynasty-rk,drk,Al-Jay Henderson,28118,RB,KC,93.0,14.42,80,119,,al-jay-henderson.php,,,0.0,,,,,,,Al-Jay Henderson,2026-05-08,KCC
/nfl/rankings/rookies.php,dynasty-rk,drk,L.J. Martin,28106,RB,FA,93.4,15.53,70,113,,lj-martin.php,,,0.0,,,,,,,LJ Martin,2026-05-08,FA
/nfl/rankings/rookies.php,dynasty-rk,drk,Chris Hilton Jr.,22995,WR,WAS,106.57,17.42,87,145,,chris-hilton.php,,,0.0,,,,,,,Chris Hilton,2026-05-08,WAS
/nfl/rankings/rookies.php,dynasty-rk,drk,Kejon Owens,28431,RB,MIN,87.0,22.99,55,120,,kejon-owens.php,,,0.0,,,,,,,Kejon Owens,2026-05-08,MIN
/nfl/rankings/rookies.php,dynasty-rk,drk,Arch Manning,25378,QB,FA,88.0,27.27,44,117,,arch-manning.php,,,0.0,,,,,,,Arch Manning,2026-05-08,FA
/nfl/rankings/rookies.php,dynasty-rk,drk,Seydou Traore,28163,TE,MIA,97.4,19.43,62,116,,seydou-traore.php,,,0.0,,,,,,,Seydou Traore,2026-05-08,MIA
/nfl/rankings/rookies.php,dynasty-rk,drk,Jaden Nixon,28429,RB,GB,93.25,20.66,64,122,,jaden-nixon.php,,,0.0,,,,,,,Jaden Nixon,2026-05-08,GBP
/nfl/rankings/rookies.php,dynasty-rk,drk,Davon Booth,28121,RB,CLE,93.25,15.12,77,118,,davon-booth.php,,,0.0,,,,,,,Davon Booth,2026-05-08,CLE
/nfl/rankings/rookies.php,dynasty-rk,drk,Joey Aguilar,28299,QB,JAC,103.0,14.18,84,125,,joey-aguilar.php,,,0.0,,,,,,,Joey Aguilar,2026-05-08,JAC
/nfl/rankings/rookies.php,dynasty-rk,drk,Hank Beatty,28142,WR,TEN,106.8,19.25,93,144,,hank-beatty.php,,,0.0,,,,,,,Hank Beatty,2026-05-08,TEN
/nfl/rankings/rookies.php,dynasty-rk,drk,Cash Jones,28124,RB,ATL,69.0,13.0,56,82,,cash-jones.php,,,0.0,,,,,,,Cash Jones,2026-05-08,ATL
/nfl/rankings/rookies.php,dynasty-rk,drk,Carsen Ryan,28399,TE,CLE,92.0,29.88,67,134,,carsen-ryan.php,,,0.6,,,,,,,Carsen Ryan,2026-05-08,CLE
/nfl/rankings/rookies.php,dynasty-rk,drk,Mark Gronowski,28100,QB,MIA,90.33,9.46,78,101,,mark-gronowski.php,,,0.0,,,,,,,Mark Gronowski,2026-05-08,MIA
/nfl/rankings/rookies.php,dynasty-rk,drk,Jordan Hudson,28426,WR,DAL,111.33,15.54,96,141,,jordan-hudson.php,,,0.0,,,,,,,Jordan Hudson,2026-05-08,DAL
/nfl/rankings/rookies.php,dynasty-rk,drk,Bauer Sharp,28165,TE,TB,95.33,28.59,61,131,,bauer-sharp.php,,,0.0,,,,,,,Bauer Sharp,2026-05-08,TBB
/nfl/rankings/rookies.php,dynasty-rk,drk,Joe Fagnano,28400,QB,BAL,94.33,26.56,61,126,,joe-fagnano.php,,,0.0,,,,,,,Joe Fagnano,2026-05-08,BAL
/nfl/rankings/rookies.php,dynasty-rk,drk,DJ Rogers,28348,TE,DAL,98.0,26.87,79,136,,dj-rogers.php,,,0.0,,,,,,,DJ Rogers,2026-05-08,DAL
/nfl/rankings/rookies.php,dynasty-rk,drk,Kentrel Bullock,28122,RB,FA,105.75,20.25,88,138,,kentrel-bullock.php,,,0.0,,,,,,,Kentrel Bullock,2026-05-08,FA
/nfl/rankings/rookies.php,dynasty-rk,drk,Caullin Lacy,27311,WR,NYJ,114.4,14.92,99,142,,caullin-lacy.php,,,0.0,,,,,,,Caullin Lacy,2026-05-08,NYJ
/nfl/rankings/rookies.php,dynasty-rk,drk,Devonte Ross,28145,WR,LAC,92.0,8.0,84,100,,devonte-ross.php,,,0.0,,,,,,,Devonte Ross,2026-05-08,LAC
/nfl/rankings/rookies.php,dynasty-rk,drk,Jalen Walthall,28148,WR,HOU,112.0,14.88,89,129,,jalen-walthall.php,,,0.0,,,,,,,Jalen Walthall,2026-05-08,HOU
/nfl/rankings/rookies.php,dynasty-rk,drk,Lake McRee,28164,TE,PIT,109.0,11.22,94,121,,lake-mcree.php,,,0.0,,,,,,,Lake McRee,2026-05-08,PIT
/nfl/rankings/rookies.php,dynasty-rk,drk,Romello Brinson,28152,WR,MIA,111.0,13.88,94,128,,romello-brinson.php,,,0.0,,,,,,,Romello Brinson,2026-05-08,MIA
/nfl/rankings/rookies.php,dynasty-rk,drk,Malachi Coleman,26042,WR,FA,115.33,7.36,106,124,,malachi-coleman.php,,,0.0,,,,,,,Malachi Coleman,2026-05-08,FA
/nfl/rankings/rookies.php,dynasty-rk,drk,Max Tomczak,28151,WR,BUF,116.67,6.94,108,125,,max-tomczak.php,,,0.0,,,,,,,Max Tomczak,2026-05-08,BUF
/nfl/rankings/rookies.php,dynasty-rk,drk,Lance Mason,28279,TE,SEA,116.0,16.0,100,132,,lance-mason.php,,,0.0,,,,,,,Lance Mason,2026-05-08,SEA
/nfl/rankings/dynasty-te.php,dynasty-te,dp,Brock Bowers,22955,TE,LV,1.22,0.42,1,2,,brock-bowers.php,,,98.9,,,,,,,Brock Bowers,2026-05-08,LVR
/nfl/rankings/dynasty-te.php,dynasty-te,dp,Trey McBride,22936,TE,ARI,1.83,0.5,1,3,,trey-mcbride.php,,,98.4,,,,,,,Trey McBride,2026-05-08,ARI
/nfl/rankings/dynasty-te.php,dynasty-te,dp,Colston Loveland,26006,TE,CHI,3.06,0.4,2,4,,colston-loveland.php,,,87.3,,,,,,,Colston Loveland,2026-05-08,CHI
/nfl/rankings/dynasty-te.php,dynasty-te,dp,Tyler Warren,26434,TE,IND,4.11,0.46,3,5,,tyler-warren.php,,,87.1,,,,,,,Tyler Warren,2026-05-08,IND
/nfl/rankings/dynasty-te.php,dynasty-te,dp,Tucker Kraft,25298,TE,GB,5.67,0.94,4,7,,tucker-kraft.php,,,91.5,,,,,,,Tucker Kraft,2026-05-08,GBP
/nfl/rankings/dynasty-te.php,dynasty-te,dp,Harold Fannin Jr.,27050,TE,CLE,5.78,0.71,5,7,,harold-fannin-jr.php,,,83.9,,,,,,,Harold Fannin,2026-05-08,CLE
/nfl/rankings/dynasty-te.php,dynasty-te,dp,Sam LaPorta,22978,TE,DET,6.83,1.01,5,9,,sam-laporta.php,,,94.6,,,,,,,Sam LaPorta,2026-05-08,DET
/nfl/rankings/dynasty-te.php,dynasty-te,dp,Kyle Pitts Sr.,20164,TE,ATL,7.83,0.69,6,9,,kyle-pitts.php,,,96.0,,,,,,,Kyle Pitts,2026-05-08,ATL
/nfl/rankings/dynasty-te.php,dynasty-te,dp,Kenyon Sadiq,26055,TE,NYJ,11.11,2.75,8,19,,kenyon-sadiq.php,,,56.2,,,,,,,Kenyon Sadiq,2026-05-08,NYJ
/nfl/rankings/dynasty-te.php,dynasty-te,dp,Oronde Gadsden II,25997,TE,LAC,11.22,2.66,8,18,,oronde-gadsden-ii.php,,,52.7,,,,,,,Oronde Gadsden,2026-05-08,LAC
/nfl/rankings/dynasty-te.php,dynasty-te,dp,Eli Stowers,23144,TE,PHI,13.0,3.37,9,20,,eli-stowers.php,,,34.3,,,,,,,Eli Stowers,2026-05-08,PHI
/nfl/rankings/dynasty-te.php,dynasty-te,dp,Jake Ferguson,22718,TE,DAL,13.33,1.89,10,18,,jake-ferguson.php,,,69.6,,,,,,,Jake Ferguson,2026-05-08,DAL
/nfl/rankings/dynasty-te.php,dynasty-te,dp,Dalton Kincaid,25247,TE,BUF,13.61,3.5,10,23,,dalton-kincaid.php,,,52.8,,,,,-2.0,,Dalton Kincaid,2026-05-08,BUF
/nfl/rankings/dynasty-te.php,dynasty-te,dp,Isaiah Likely,23781,TE,NYG,14.17,3.4,11,25,,isaiah-likely.php,,,70.1,,,,,,,Isaiah Likely,2026-05-08,NYG
/nfl/rankings/dynasty-te.php,dynasty-te,dp,Brenton Strange,25345,TE,JAC,15.94,2.61,12,23,,brenton-strange.php,,,42.6,,,,,,,Brenton Strange,2026-05-08,JAC
/nfl/rankings/dynasty-te.php,dynasty-te,dp,George Kittle,16499,TE,SF,16.06,4.01,11,29,,george-kittle.php,,,82.3,,,,,,,George Kittle,2026-05-08,SFO
/nfl/rankings/dynasty-te.php,dynasty-te,dp,Mark Andrews,17269,TE,BAL,18.39,3.15,13,26,,mark-andrews.php,,,67.5,,,,,,,Mark Andrews,2026-05-08,BAL
/nfl/rankings/dynasty-te.php,dynasty-te,dp,Dallas Goedert,17270,TE,PHI,20.06,4.3,14,31,,dallas-goedert.php,,,87.5,,,,,,,Dallas Goedert,2026-05-08,PHI
/nfl/rankings/dynasty-te.php,dynasty-te,dp,Chig Okonkwo,23982,TE,WAS,22.0,3.71,19,31,,chigoziem-okonkwo.php,,,34.4,,,,,,,Chigoziem Okonkwo,2026-05-08,WAS
/nfl/rankings/dynasty-te.php,dynasty-te,dp,AJ Barner,26335,TE,SEA,22.83,5.11,14,33,,aj-barner.php,,,36.2,,,,,,,AJ Barner,2026-05-08,SEA
/nfl/rankings/dynasty-te.php,dynasty-te,dp,Juwan Johnson,19562,TE,NO,23.39,4.62,17,35,,juwan-johnson.php,,,48.7,,,,,,,Juwan Johnson,2026-05-08,NOS
/nfl/rankings/dynasty-te.php,dynasty-te,dp,Terrance Ferguson,23091,TE,LAR,24.28,5.41,17,39,,terrance-ferguson.php,,,31.6,,,,,,,Terrance Ferguson,2026-05-08,LAR
/nfl/rankings/dynasty-te.php,dynasty-te,dp,Travis Kelce,11594,TE,KC,25.0,4.16,17,33,,travis-kelce.php,,,82.1,,,,,,,Travis Kelce,2026-05-08,KCC
/nfl/rankings/dynasty-te.php,dynasty-te,dp,T.J. Hockenson,18290,TE,MIN,25.39,4.07,18,34,,tj-hockenson.php,,,59.0,,,,,,,TJ Hockenson,2026-05-08,MIN
/nfl/rankings/dynasty-te.php,dynasty-te,dp,Hunter Henry,15561,TE,NE,26.56,5.63,15,42,,hunter-henry.php,,,50.1,,,,,,,Hunter Henry,2026-05-08,NEP
/nfl/rankings/dynasty-te.php,dynasty-te,dp,Dalton Schultz,17349,TE,HOU,26.67,5.1,20,38,,dalton-schultz.php,,,35.7,,,,,,,Dalton Schultz,2026-05-08,HOU
/nfl/rankings/dynasty-te.php,dynasty-te,dp,Mason Taylor,26005,TE,NYJ,29.39,8.08,20,57,,mason-taylor.php,,,39.9,,,,,,,Mason Taylor,2026-05-08,NYJ
/nfl/rankings/dynasty-te.php,dynasty-te,dp,Oscar Delp,25430,TE,NO,29.67,6.71,17,43,,oscar-delp.php,,,10.4,,,,,,,Oscar Delp,2026-05-08,NOS
/nfl/rankings/dynasty-te.php,dynasty-te,dp,Theo Johnson,23104,TE,NYG,30.94,5.05,21,43,,theo-johnson.php,,,31.2,,,,,,,Theo Johnson,2026-05-08,NYG
/nfl/rankings/dynasty-te.php,dynasty-te,dp,Max Klare,27993,TE,LAR,31.24,4.72,23,41,,max-klare.php,,,29.0,,,,,,,Max Klare,2026-05-08,LAR
/nfl/rankings/dynasty-te.php,dynasty-te,dp,Cade Otton,23181,TE,TB,31.83,4.98,22,43,,cade-otton.php,,,32.8,,,,,,,Cade Otton,2026-05-08,TBB
/nfl/rankings/dynasty-te.php,dynasty-te,dp,Pat Freiermuth,20163,TE,PIT,32.89,5.23,23,42,,pat-freiermuth.php,,,32.0,,,,,,,Pat Freiermuth,2026-05-08,PIT
/nfl/rankings/dynasty-te.php,dynasty-te,dp,David Njoku,16399,TE,FA,33.67,5.45,23,43,,david-njoku.php,,,32.7,,,,,,,David Njoku,2026-05-08,FA
/nfl/rankings/dynasty-te.php,dynasty-te,dp,Gunnar Helm,27109,TE,TEN,29.94,6.0,21,46,,gunnar-helm.php,,,32.4,,,,,,,Gunnar Helm,2026-05-08,TEN
/nfl/rankings/dynasty-te.php,dynasty-te,dp,Elijah Arroyo,23004,TE,SEA,34.5,5.26,25,47,,elijah-arroyo.php,,,24.2,,,,,,,Elijah Arroyo,2026-05-08,SEA
/nfl/rankings/dynasty-te.php,dynasty-te,dp,Evan Engram,16411,TE,DEN,41.67,8.04,30,65,,evan-engram.php,,,34.6,,,,,,,Evan Engram,2026-05-08,DEN
/nfl/rankings/dynasty-te.php,dynasty-te,dp,Michael Trigg,23167,TE,DAL,58.63,10.22,39,73,,michael-trigg.php,,,34.5,,,,,,,Michael Trigg,2026-05-08,DAL
/nfl/rankings/dynasty-te.php,dynasty-te,dp,Michael Mayer,23056,TE,LV,41.92,5.33,35,56,,michael-mayer.php,,,30.0,,,,,,,Michael Mayer,2026-05-08,LVR
/nfl/rankings/dynasty-te.php,dynasty-te,dp,Eli Raridon,28154,TE,NE,31.91,7.67,16,44,,eli-raridon.php,,,2.7,,,,,,,Eli Raridon,2026-05-08,NEP
/nfl/rankings/dynasty-te.php,dynasty-te,dp,Ben Sinnott,26310,TE,WAS,41.33,5.75,31,52,,ben-sinnott.php,,,11.1,,,,,,,Ben Sinnott,2026-05-08,WAS
/nfl/rankings/dynasty-te.php,dynasty-te,dp,Ja'Tavion Sanders,24334,TE,CAR,45.25,5.48,37,54,,jatavion-sanders.php,,,17.1,,,,,,,JaTavion Sanders,2026-05-08,CAR
/nfl/rankings/dynasty-te.php,dynasty-te,dp,Justin Joly,28079,TE,DEN,38.73,8.07,23,52,,justin-joly.php,,,7.5,,,,,,,Justin Joly,2026-05-08,DEN
/nfl/rankings/dynasty-te.php,dynasty-te,dp,Mike Gesicki,17272,TE,CIN,41.36,4.89,36,50,,mike-gesicki.php,,,32.2,,,,,,,Mike Gesicki,2026-05-08,CIN
/nfl/rankings/dynasty-te.php,dynasty-te,dp,Cole Kmet,19229,TE,CHI,42.73,5.91,32,54,,cole-kmet.php,,,24.6,,,,,,,Cole Kmet,2026-05-08,CHI
/nfl/rankings/dynasty-te.php,dynasty-te,dp,Colby Parkinson,19372,TE,LAR,43.09,8.65,32,67,,colby-parkinson.php,,,31.8,,,,,,,Colby Parkinson,2026-05-08,LAR
/nfl/rankings/dynasty-te.php,dynasty-te,dp,Greg Dulcich,23153,TE,MIA,38.6,6.31,26,48,,greg-dulcich.php,,,22.4,,,,,,,Greg Dulcich,2026-05-08,MIA
/nfl/rankings/dynasty-te.php,dynasty-te,dp,Darnell Washington,22967,TE,PIT,44.4,5.54,35,51,,darnell-washington.php,,,26.0,,,,,,,Darnell Washington,2026-05-08,PIT
/nfl/rankings/dynasty-te.php,dynasty-te,dp,Sam Roush,28161,TE,CHI,45.3,4.82,37,52,,sam-roush.php,,,1.8,,,,,,,Sam Roush,2026-05-08,CHI
/nfl/rankings/dynasty-te.php,dynasty-te,dp,Tanner Koziol,27499,TE,JAC,48.5,3.96,43,56,,tanner-koziol.php,,,0.1,,,,,,,Tanner Koziol,2026-05-08,JAC
/nfl/rankings/dynasty-te.php,dynasty-te,dp,Tyler Higbee,15623,TE,LAR,51.9,6.22,44,64,,tyler-higbee.php,,,12.2,,,,,,,Tyler Higbee,2026-05-08,LAR
/nfl/rankings/dynasty-te.php,dynasty-te,dp,Jonnu Smith,16460,TE,FA,53.22,13.26,41,86,,jonnu-smith.php,,,14.1,,,,,-5.0,,Jonnu Smith,2026-05-08,FA
/nfl/rankings/dynasty-te.php,dynasty-te,dp,Jake Tonges,24778,TE,SF,46.38,7.97,35,61,,jake-tonges.php,,,31.6,,,,,,,Jake Tonges,2026-05-08,SFO
/nfl/rankings/dynasty-te.php,dynasty-te,dp,Noah Gray,19539,TE,KC,54.0,6.22,47,66,,noah-gray.php,,,16.1,,,,,,,Noah Gray,2026-05-08,KCC
/nfl/rankings/dynasty-te.php,dynasty-te,dp,Marlin Klein,28157,TE,HOU,49.0,5.42,41,59,,marlin-klein.php,,,3.1,,,,,,,Marlin Klein,2026-05-08,HOU
/nfl/rankings/dynasty-te.php,dynasty-te,dp,Dawson Knox,18631,TE,BUF,51.43,7.09,39,61,,dawson-knox.php,,,21.7,,,,,,,Dawson Knox,2026-05-08,BUF
/nfl/rankings/dynasty-te.php,dynasty-te,dp,Jack Endries,27501,TE,CIN,50.0,6.81,41,59,,jack-endries.php,,,6.8,,,,,,,Jack Endries,2026-05-08,CIN
/nfl/rankings/dynasty-te.php,dynasty-te,dp,Mitchell Evans,27138,TE,CAR,62.14,9.55,55,85,,mitchell-evans.php,,,1.4,,,,,6.0,,Mitchell Evans,2026-05-08,CAR
/nfl/rankings/dynasty-te.php,dynasty-te,dp,Noah Fant,17527,TE,NO,54.5,7.91,45,70,,noah-fant.php,,,8.7,,,,,,,Noah Fant,2026-05-08,NOS
/nfl/rankings/dynasty-te.php,dynasty-te,dp,Luke Musgrave,25282,TE,GB,59.0,2.77,55,62,,luke-musgrave.php,,,11.5,,,,,,,Luke Musgrave,2026-05-08,GBP
/nfl/rankings/dynasty-te.php,dynasty-te,dp,Daniel Bellinger,24238,TE,TEN,68.5,16.32,46,99,,daniel-bellinger.php,,,5.9,,,,,,,Daniel Bellinger,2026-05-08,TEN
/nfl/rankings/dynasty-te.php,dynasty-te,dp,Cade Stover,25269,TE,HOU,68.67,6.05,56,75,,cade-stover.php,,,2.7,,,,,,,Cade Stover,2026-05-08,HOU
/nfl/rankings/dynasty-te.php,dynasty-te,dp,Erick All Jr.,23837,TE,CIN,57.6,3.72,51,62,,erick-all.php,,,1.8,,,,,-7.0,,Erick All,2026-05-08,CIN
/nfl/rankings/dynasty-te.php,dynasty-te,dp,Matthew Hibner,28168,TE,BAL,58.6,6.95,49,68,,matthew-hibner.php,,,0.6,,,,,,,Matthew Hibner,2026-05-08,BAL
/nfl/rankings/dynasty-te.php,dynasty-te,dp,Joe Royer,27312,TE,CLE,59.6,4.41,54,66,,joe-royer.php,,,1.1,,,,,,,Joe Royer,2026-05-08,CLE
/nfl/rankings/dynasty-te.php,dynasty-te,dp,Will Kacmarek,28403,TE,MIA,62.6,9.24,45,71,,will-kacmarek.php,,,1.9,,,,,,,Will Kacmarek,2026-05-08,MIA
/nfl/rankings/dynasty-te.php,dynasty-te,dp,Tyler Conklin,17598,TE,DET,63.4,9.16,51,78,,tyler-conklin.php,,,1.8,,,,,,,Tyler Conklin,2026-05-08,DET
/nfl/rankings/dynasty-te.php,dynasty-te,dp,Dallen Bentley,28352,TE,DEN,64.2,7.41,55,73,,dallen-bentley.php,,,1.1,,,,,,,Dallen Bentley,2026-05-08,DEN
/nfl/rankings/dynasty-te.php,dynasty-te,dp,Zach Ertz,11689,TE,FA,65.0,10.12,54,84,,zach-ertz.php,,,11.4,,,,,-8.0,,Zach Ertz,2026-05-08,FA
/nfl/rankings/dynasty-te.php,dynasty-te,dp,Dae'Quan Wright,28159,TE,PHI,66.2,7.47,57,79,,daequan-wright.php,,,0.0,,,,,,,DaeQuan Wright,2026-05-08,PHI
/nfl/rankings/dynasty-te.php,dynasty-te,dp,Elijah Higgins,23119,TE,ARI,67.2,9.6,58,84,,elijah-higgins.php,,,3.6,,,,,,,Elijah Higgins,2026-05-08,ARI
/nfl/rankings/dynasty-te.php,dynasty-te,dp,Tommy Tremble,22795,TE,CAR,68.4,8.24,53,77,,tommy-tremble.php,,,2.1,,,,,,,Tommy Tremble,2026-05-08,CAR
/nfl/rankings/dynasty-te.php,dynasty-te,dp,Luke Schoonmaker,25267,TE,DAL,71.8,12.72,52,86,,luke-schoonmaker.php,,,1.4,,,,,,,Luke Schoonmaker,2026-05-08,DAL
/nfl/rankings/dynasty-te.php,dynasty-te,dp,Nate Boerkircher,28427,TE,JAC,58.75,5.8,52,65,,nate-boerkircher.php,,,0.7,,,,,,,Nate Boerkircher,2026-05-08,JAC
/nfl/rankings/dynasty-te.php,dynasty-te,dp,Austin Hooper,15581,TE,ATL,72.8,6.79,63,82,,austin-hooper.php,,,2.1,,,,,,,Austin Hooper,2026-05-08,ATL
/nfl/rankings/dynasty-te.php,dynasty-te,dp,Darren Waller,14104,TE,FA,73.4,14.01,53,89,,darren-waller.php,,,11.6,,,,,,,Darren Waller,2026-05-08,FA
/nfl/rankings/dynasty-te.php,dynasty-te,dp,John Michael Gyllenborg,28158,TE,KC,75.4,10.21,61,90,,john-michael-gyllenborg.php,,,1.8,,,,,,,John Michael Gyllenborg,2026-05-08,KCC
/nfl/rankings/dynasty-te.php,dynasty-te,dp,Josh Oliver,18487,TE,MIN,76.4,9.73,64,89,,josh-oliver.php,,,1.1,,,,,,,Josh Oliver,2026-05-08,MIN
/nfl/rankings/dynasty-te.php,dynasty-te,dp,RJ Maryland,27341,TE,GB,64.75,12.15,46,76,,rj-maryland.php,,,0.0,,,,,,,RJ Maryland,2026-05-08,GBP
/nfl/rankings/dynasty-te.php,dynasty-te,dp,Jeremy Ruckert,23742,TE,NYJ,77.0,7.4,67,84,,jeremy-ruckert.php,,,1.2,,,,,,,Jeremy Ruckert,2026-05-08,NYJ
/nfl/rankings/dynasty-te.php,dynasty-te,dp,Foster Moreau,18397,TE,HOU,77.2,14.25,55,97,,foster-moreau.php,,,0.7,,,,,,,Foster Moreau,2026-05-08,HOU
/nfl/rankings/dynasty-te.php,dynasty-te,dp,Josh Cuevas,28155,TE,BAL,65.75,6.72,56,75,,josh-cuevas.php,,,0.9,,,,,,,Josh Cuevas,2026-05-08,BAL
/nfl/rankings/dynasty-te.php,dynasty-te,dp,Charlie Kolar,22756,TE,LAC,78.8,15.69,59,104,,charlie-kolar.php,,,5.5,,,,,,,Charlie Kolar,2026-05-08,LAC
/nfl/rankings/dynasty-te.php,dynasty-te,dp,Jaren Kanak,28160,TE,TEN,70.0,7.38,60,80,,jaren-kanak.php,,,0.0,,,,,,,Jaren Kanak,2026-05-08,TEN
/nfl/rankings/dynasty-te.php,dynasty-te,dp,Taysom Hill,17115,TE,FA,71.0,12.94,52,88,,taysom-hill.php,,,1.0,,,,,,,Taysom Hill,2026-05-08,FA
/nfl/rankings/dynasty-te.php,dynasty-te,dp,Riley Nowakowski,28437,TE,PIT,56.67,10.34,47,71,,riley-nowakowski.php,,,0.6,,,,,,,Riley Nowakowski,2026-05-08,PIT
/nfl/rankings/dynasty-te.php,dynasty-te,dp,Adam Trautman,19423,TE,DEN,76.5,14.57,58,94,,adam-trautman.php,,,1.1,,,,,,,Adam Trautman,2026-05-08,DEN
/nfl/rankings/dynasty-te.php,dynasty-te,dp,Thomas Fidone II,23039,TE,NYG,79.0,8.49,67,85,,thomas-fidone.php,,,0.6,,,,,,,Thomas Fidone,2026-05-08,NYG
/nfl/rankings/dynasty-te.php,dynasty-te,dp,Tanner Hudson,17826,TE,CIN,79.67,11.47,65,93,,tanner-hudson.php,,,1.2,,,,,,,Tanner Hudson,2026-05-08,CIN
/nfl/rankings/dynasty-te.php,dynasty-te,dp,Hunter Long,22783,TE,JAC,80.33,7.59,74,91,,hunter-long.php,,,0.6,,,,,,,Hunter Long,2026-05-08,JAC
/nfl/rankings/dynasty-te.php,dynasty-te,dp,Jackson Hawes,27469,TE,BUF,83.0,20.99,54,103,,jackson-hawes.php,,,1.4,,,,,12.0,,Jackson Hawes,2026-05-08,BUF
/nfl/rankings/dynasty-te.php,dynasty-te,dp,Brevin Jordan,20162,TE,HOU,83.0,14.72,63,98,,brevin-jordan.php,,,0.6,,,,,,,Brevin Jordan,2026-05-08,HOU
/nfl/rankings/dynasty-te.php,dynasty-te,dp,Seydou Traore,28163,TE,MIA,62.0,12.0,50,74,,seydou-traore.php,,,0.0,,,,,,,Seydou Traore,2026-05-08,MIA
/nfl/rankings/dynasty-te.php,dynasty-te,dp,Carsen Ryan,28399,TE,CLE,67.5,9.5,58,77,,carsen-ryan.php,,,0.6,,,,,,,Carsen Ryan,2026-05-08,CLE
/nfl/rankings/dynasty-te.php,dynasty-te,dp,Jared Wiley,26343,TE,KC,70.0,11.0,59,81,,jared-wiley.php,,,0.6,,,,,,,Jared Wiley,2026-05-08,KCC
/nfl/rankings/dynasty-te.php,dynasty-te,dp,Stone Smartt,24621,TE,PHI,89.33,8.18,79,99,,stone-smartt.php,,,0.6,,,,,,,Stone Smartt,2026-05-08,PHI
/nfl/rankings/dynasty-te.php,dynasty-te,dp,Josh Whyle,22923,TE,GB,90.0,19.3,65,112,,josh-whyle.php,,,0.6,,,,,,,Josh Whyle,2026-05-08,GBP
/nfl/rankings/dynasty-te.php,dynasty-te,dp,Davis Allen,23761,TE,LAR,90.67,9.88,77,100,,davis-allen.php,,,0.8,,,,,,,Davis Allen,2026-05-08,LAR
/nfl/rankings/dynasty-te.php,dynasty-te,dp,Jelani Woods,23829,TE,NYJ,91.33,14.38,71,102,,jelani-woods.php,,,2.0,,,,,,,Jelani Woods,2026-05-08,NYJ
/nfl/rankings/dynasty-te.php,dynasty-te,dp,Grant Calcaterra,24180,TE,PHI,76.0,11.0,65,87,,grant-calcaterra.php,,,1.4,,,,,,,Grant Calcaterra,2026-05-08,PHI
/nfl/rankings/dynasty-te.php,dynasty-te,dp,Julian Hill,25824,TE,NE,94.0,18.46,69,113,,julian-hill.php,,,0.6,,,,,,,Julian Hill,2026-05-08,NEP
/nfl/rankings/dynasty-te.php,dynasty-te,dp,John Bates,22833,TE,WAS,95.0,18.06,70,112,,john-bates.php,,,0.8,,,,,,,John Bates,2026-05-08,WAS
/nfl/rankings/dynasty-te.php,dynasty-te,dp,Will Dissly,18049,TE,FA,83.5,11.5,72,95,,will-dissly.php,,,0.6,,,,,,,Will Dissly,2026-05-08,FA
/nfl/rankings/dynasty-te.php,dynasty-te,dp,Harrison Bryant,19389,TE,SEA,88.0,16.0,72,104,,harrison-bryant.php,,,0.0,,,,,,,Harrison Bryant,2026-05-08,SEA
/nfl/rankings/dynasty-te.php,dynasty-te,dp,Kylen Granson,22841,TE,TEN,90.5,10.5,80,101,,kylen-granson.php,,,0.7,,,,,,,Kylen Granson,2026-05-08,TEN
/nfl/rankings/dynasty-te.php,dynasty-te,dp,Jake Briningstool,22924,TE,KC,94.5,11.5,83,106,,jake-briningstool.php,,,0.0,,,,,,,Jake Briningstool,2026-05-08,KCC
/nfl/rankings/dynasty-te.php,dynasty-te,dp,Luke Farrell,19501,TE,SF,102.0,11.0,91,113,,luke-farrell.php,,,0.6,,,,,,,Luke Farrell,2026-05-08,SFO
/nfl/rankings/dynasty-te.php,dynasty-te,dp,Tip Reiman,26432,TE,ARI,103.0,6.0,97,109,,tip-reiman.php,,,0.1,,,,,,,Tip Reiman,2026-05-08,ARI
/nfl/rankings/dynasty-te.php,dynasty-te,dp,Brock Wright,23341,TE,DET,103.5,7.5,96,111,,brock-wright.php,,,0.8,,,,,,,Brock Wright,2026-05-08,DET
/nfl/rankings/dynasty-te.php,dynasty-te,dp,Devin Culp,26440,TE,TB,106.5,12.5,94,119,,devin-culp.php,,,0.7,,,,,,,Devin Culp,2026-05-08,TBB
/nfl/rankings/dynasty-te.php,dynasty-te,dp,Lucas Krull,24240,TE,DEN,108.0,16.0,92,124,,lucas-krull.php,,,1.0,,,,,,,Lucas Krull,2026-05-08,DEN
/nfl/rankings/dynasty-te.php,dynasty-te,dp,Jalin Conyers,22901,TE,MIA,108.0,2.0,106,110,,jalin-conyers.php,,,1.2,,,,,,,Jalin Conyers,2026-05-08,MIA
/nfl/rankings/dynasty-te.php,dynasty-te,dp,Moliki Matavao,23093,TE,NO,108.5,12.5,96,121,,moliki-matavao.php,,,0.6,,,,,,,Moliki Matavao,2026-05-08,NOS
/nfl/rankings/dynasty-te.php,dynasty-te,dp,Will Mallory,23821,TE,IND,110.5,3.5,107,114,,will-mallory.php,,,0.6,,,,,,,Will Mallory,2026-05-08,IND
/nfl/rankings/dynasty-te.php,dynasty-te,dp,Drew Ogletree,24561,TE,IND,111.5,6.5,105,118,,andrew-ogletree.php,,,0.6,,,,,,,Andrew Ogletree,2026-05-08,IND
/nfl/rankings/dynasty-te.php,dynasty-te,dp,Johnny Mundt,16743,TE,PHI,112.0,4.0,108,116,,johnny-mundt.php,,,0.1,,,,,,,Johnny Mundt,2026-05-08,PHI
/nfl/rankings/dynasty-te.php,dynasty-te,dp,Payne Durham,25346,TE,TB,112.5,10.5,102,123,,payne-durham.php,,,0.6,,,,,,,Payne Durham,2026-05-08,TBB
/nfl/rankings/dynasty-te.php,dynasty-te,dp,Drew Sample,18561,TE,CIN,115.5,0.5,115,116,,drew-sample.php,,,0.6,,,,,,,Drew Sample,2026-05-08,CIN
/nfl/rankings/dynasty-te.php,dynasty-te,dp,Brevyn Spann-Ford,26003,TE,DAL,117.5,3.5,114,121,,brevyn-spann-ford.php,,,0.2,,,,,,,Brevyn Spann-Ford,2026-05-08,DAL
/nfl/rankings/dynasty-te.php,dynasty-te,dp,Mo Alie-Cox,16579,TE,IND,117.5,0.5,117,118,,mo-alie-cox.php,,,0.6,,,,,,,Mo Alie-Cox,2026-05-08,IND
/nfl/rankings/dynasty-te.php,dynasty-te,dp,Eric Saubert,16706,TE,SEA,119.0,10.0,109,129,,eric-saubert.php,,,0.9,,,,,,,Eric Saubert,2026-05-08,SEA
/nfl/rankings/dynasty-te.php,dynasty-te,dp,Jack Stoll,23193,TE,CLE,120.5,5.5,115,126,,jack-stoll.php,,,0.1,,,,,,,Jack Stoll,2026-05-08,CLE
/nfl/rankings/dynasty-te.php,dynasty-te,dp,Durham Smythe,17508,TE,BAL,122.5,5.5,117,128,,durham-smythe.php,,,0.7,,,,,,,Durham Smythe,2026-05-08,BAL
/nfl/rankings/dynasty-te.php,dynasty-te,dp,James Mitchell,23174,TE,CAR,124.5,5.5,119,130,,james-mitchell.php,,,0.1,,,,,,,James Mitchell,2026-05-08,CAR
/nfl/rankings/dynasty-te.php,dynasty-te,dp,Connor Heyward,24562,TE,LV,125.5,5.5,120,131,,connor-heyward.php,,,0.3,,,,,,,Connor Heyward,2026-05-08,LVR
/nfl/rankings/dynasty-te.php,dynasty-te,dp,Shane Zylstra,23461,TE,FA,127.0,5.0,122,132,,shane-zylstra.php,,,1.1,,,,,,,Shane Zylstra,2026-05-08,FA
/nfl/rankings/dynasty-te.php,dynasty-te,dp,Ian Thomas,17387,TE,LV,128.0,5.0,123,133,,ian-thomas.php,,,0.1,,,,,,,Ian Thomas,2026-05-08,LVR
/nfl/rankings/dynasty-te.php,dynasty-te,dp,Teagan Quitoriano,24182,TE,ARI,129.0,5.0,124,134,,teagan-quitoriano.php,,,0.1,,,,,,,Teagan Quitoriano,2026-05-08,ARI
/nfl/rankings/dynasty-te.php,dynasty-te,dp,Donald Parham Jr.,18835,TE,FA,126.0,1.0,125,127,,donald-parham.php,,,1.0,,,,,,,Donald Parham,2026-05-08,FA
/nfl/rankings/dynasty-wr.php,dynasty-wr,dp,Ja'Marr Chase,19788,WR,CIN,1.05,0.22,1,2,,jamarr-chase.php,,,98.9,,,,,,,JaMarr Chase,2026-05-08,CIN
/nfl/rankings/dynasty-wr.php,dynasty-wr,dp,Jaxon Smith-Njigba,23070,WR,SEA,2.47,0.6,2,4,,jaxon-smith-njigba.php,,,99.0,,,,,1.0,,Jaxon Smith-Njigba,2026-05-08,SEA
/nfl/rankings/dynasty-wr.php,dynasty-wr,dp,Puka Nacua,23180,WR,LAR,2.58,0.67,1,4,,puka-nacua.php,,,99.1,,,,,-1.0,,Puka Nacua,2026-05-08,LAR
/nfl/rankings/dynasty-wr.php,dynasty-wr,dp,Justin Jefferson,19236,WR,MIN,4.79,0.77,4,6,,justin-jefferson.php,,,87.5,,,,,1.0,,Justin Jefferson,2026-05-08,MIN
/nfl/rankings/dynasty-wr.php,dynasty-wr,dp,CeeDee Lamb,19202,WR,DAL,5.32,1.17,4,8,,ceedee-lamb.php,,,98.6,,,,,-1.0,,CeeDee Lamb,2026-05-08,DAL
/nfl/rankings/dynasty-wr.php,dynasty-wr,dp,Amon-Ra St. Brown,19799,WR,DET,5.42,1.09,3,7,,amonra-stbrown.php,,,98.9,,,,,,,Amon-Ra St Brown,2026-05-08,DET
/nfl/rankings/dynasty-wr.php,dynasty-wr,dp,Malik Nabers,25409,WR,NYG,6.58,1.09,4,9,,malik-nabers.php,,,98.5,,,,,,,Malik Nabers,2026-05-08,NYG
/nfl/rankings/dynasty-wr.php,dynasty-wr,dp,Drake London,23163,WR,ATL,7.84,0.81,6,9,,drake-london.php,,,98.3,,,,,,,Drake London,2026-05-08,ATL
/nfl/rankings/dynasty-wr.php,dynasty-wr,dp,Nico Collins,20130,WR,HOU,10.37,1.98,8,16,,nico-collins.php,,,98.9,,,,,,,Nico Collins,2026-05-08,HOU
/nfl/rankings/dynasty-wr.php,dynasty-wr,dp,Tetairoa McMillan,25417,WR,CAR,11.0,1.95,8,15,,tetairoa-mcmillan.php,,,87.0,,,,,,,Tetairoa McMillan,2026-05-08,CAR
/nfl/rankings/dynasty-wr.php,dynasty-wr,dp,George Pickens,22963,WR,DAL,11.53,2.09,9,17,,george-pickens.php,,,98.4,,,,,,,George Pickens,2026-05-08,DAL
/nfl/rankings/dynasty-wr.php,dynasty-wr,dp,Chris Olave,20111,WR,NO,13.89,2.22,11,18,,chris-olave.php,,,97.5,,,,,,,Chris Olave,2026-05-08,NOS
/nfl/rankings/dynasty-wr.php,dynasty-wr,dp,Emeka Egbuka,23062,WR,TB,14.53,3.65,10,23,,emeka-egbuka.php,,,79.4,,,,,,,Emeka Egbuka,2026-05-08,TBB
/nfl/rankings/dynasty-wr.php,dynasty-wr,dp,Garrett Wilson,23072,WR,NYJ,14.89,2.05,11,19,,garrett-wilson.php,,,97.4,,,,,,,Garrett Wilson,2026-05-08,NYJ
/nfl/rankings/dynasty-wr.php,dynasty-wr,dp,Rashee Rice,23113,WR,KC,16.26,5.97,10,29,,rashee-rice.php,,,98.3,,,,,,,Rashee Rice,2026-05-08,KCC
/nfl/rankings/dynasty-wr.php,dynasty-wr,dp,Carnell Tate,26009,WR,TEN,17.32,4.04,11,26,,carnell-tate.php,,,75.1,,,,,,,Carnell Tate,2026-05-08,TEN
/nfl/rankings/dynasty-wr.php,dynasty-wr,dp,Ladd McConkey,26122,WR,LAC,17.63,3.15,15,26,,ladd-mcconkey.php,,,85.9,,,,,,,Ladd McConkey,2026-05-08,LAC
/nfl/rankings/dynasty-wr.php,dynasty-wr,dp,DeVonta Smith,19222,WR,PHI,19.68,3.67,12,27,,devonta-smith.php,,,86.7,,,,,,,DeVonta Smith,2026-05-08,PHI
/nfl/rankings/dynasty-wr.php,dynasty-wr,dp,Luther Burden III,27016,WR,CHI,20.74,4.73,14,31,,luther-burden-iii.php,,,83.5,,,,,,,Luther Burden,2026-05-08,CHI
/nfl/rankings/dynasty-wr.php,dynasty-wr,dp,A.J. Brown,18218,WR,PHI,20.79,4.95,12,29,,aj-brown.php,,,98.3,,,,,3.0,,AJ Brown,2026-05-08,PHI
/nfl/rankings/dynasty-wr.php,dynasty-wr,dp,Tee Higgins,19211,WR,CIN,21.58,2.98,17,27,,tee-higgins.php,,,97.0,,,,,,,Tee Higgins,2026-05-08,CIN
/nfl/rankings/dynasty-wr.php,dynasty-wr,dp,Jordyn Tyson,26035,WR,NO,21.95,4.8,14,30,,jordyn-tyson.php,,,65.3,,,,,,,Jordyn Tyson,2026-05-08,NOS
/nfl/rankings/dynasty-wr.php,dynasty-wr,dp,Zay Flowers,22916,WR,BAL,22.26,3.73,15,29,,zay-flowers.php,,,97.6,,,,,-3.0,,Zay Flowers,2026-05-08,BAL
/nfl/rankings/dynasty-wr.php,dynasty-wr,dp,Jaylen Waddle,19790,WR,DEN,23.84,2.81,18,29,,jaylen-waddle.php,,,86.0,,,,,,,Jaylen Waddle,2026-05-08,DEN
/nfl/rankings/dynasty-wr.php,dynasty-wr,dp,Rome Odunze,25411,WR,CHI,24.05,3.72,19,34,,rome-odunze.php,,,77.7,,,,,,,Rome Odunze,2026-05-08,CHI
/nfl/rankings/dynasty-wr.php,dynasty-wr,dp,Makai Lemon,25420,WR,PHI,24.32,5.64,15,37,,makai-lemon.php,,,69.4,,,,,,,Makai Lemon,2026-05-08,PHI
/nfl/rankings/dynasty-wr.php,dynasty-wr,dp,Marvin Harrison Jr.,23064,WR,ARI,26.0,4.36,18,37,,marvin-harrison-jr.php,,,71.2,,,,,,,Marvin Harrison,2026-05-08,ARI
/nfl/rankings/dynasty-wr.php,dynasty-wr,dp,Jameson Williams,23677,WR,DET,27.32,1.84,23,30,,jameson-williams.php,,,89.8,,,,,,,Jameson Williams,2026-05-08,DET
/nfl/rankings/dynasty-wr.php,dynasty-wr,dp,Brian Thomas Jr.,23000,WR,JAC,27.68,3.81,21,34,,brian-thomas-jr.php,,,70.4,,,,,,,Brian Thomas,2026-05-08,JAC
/nfl/rankings/dynasty-wr.php,dynasty-wr,dp,KC Concepcion,27331,WR,CLE,29.91,4.79,21,40,,kevin-concepcion.php,,,56.0,,,,,,,KC Concepcion,2026-05-08,CLE
/nfl/rankings/dynasty-wr.php,dynasty-wr,dp,Jordan Addison,23107,WR,MIN,33.95,2.7,30,40,,jordan-addison.php,,,68.5,,,,,,,Jordan Addison,2026-05-08,MIN
/nfl/rankings/dynasty-wr.php,dynasty-wr,dp,DJ Moore,17265,WR,BUF,34.42,3.56,27,40,,dj-moore-wr.php,,,78.4,,,,,,,DJ Moore,2026-05-08,BUF
/nfl/rankings/dynasty-wr.php,dynasty-wr,dp,Alec Pierce,23791,WR,IND,34.84,7.6,26,55,,alec-pierce.php,,,70.1,,,,,,,Alec Pierce,2026-05-08,IND
/nfl/rankings/dynasty-wr.php,dynasty-wr,dp,DK Metcalf,18219,WR,PIT,35.11,3.46,24,41,,dk-metcalf.php,,,72.6,,,,,,,DK Metcalf,2026-05-08,PIT
/nfl/rankings/dynasty-wr.php,dynasty-wr,dp,Christian Watson,23886,WR,GB,35.32,7.72,26,59,,christian-watson.php,,,69.9,,,,,,,Christian Watson,2026-05-08,GBP
/nfl/rankings/dynasty-wr.php,dynasty-wr,dp,Terry McLaurin,18466,WR,WAS,35.42,4.72,28,49,,terry-mclaurin.php,,,84.7,,,,,,,Terry McLaurin,2026-05-08,WAS
/nfl/rankings/dynasty-wr.php,dynasty-wr,dp,Michael Wilson,25333,WR,ARI,41.21,3.93,35,50,,michael-wilson.php,,,69.4,,,,,,,Michael Wilson,2026-05-08,ARI
/nfl/rankings/dynasty-wr.php,dynasty-wr,dp,Ricky Pearsall,26214,WR,SF,41.79,5.97,34,52,,ricky-pearsall.php,,,67.9,,,,,,,Ricky Pearsall,2026-05-08,SFO
/nfl/rankings/dynasty-wr.php,dynasty-wr,dp,Courtland Sutton,17253,WR,DEN,42.58,6.52,33,53,,courtland-sutton.php,,,78.0,,,,,,,Courtland Sutton,2026-05-08,DEN
/nfl/rankings/dynasty-wr.php,dynasty-wr,dp,Davante Adams,12123,WR,LAR,43.42,8.52,30,66,,davante-adams.php,,,97.6,,,,,,,Davante Adams,2026-05-08,LAR
/nfl/rankings/dynasty-wr.php,dynasty-wr,dp,Mike Evans,12119,WR,SF,43.42,3.62,38,51,,mike-evans.php,,,71.8,,,,,,,Mike Evans,2026-05-08,SFO
/nfl/rankings/dynasty-wr.php,dynasty-wr,dp,Xavier Worthy,23019,WR,KC,43.63,7.82,31,65,,xavier-worthy.php,,,66.7,,,,,,,Xavier Worthy,2026-05-08,KCC
/nfl/rankings/dynasty-wr.php,dynasty-wr,dp,Jakobi Meyers,18598,WR,JAC,44.32,10.74,29,62,,jakobi-meyers.php,,,69.8,,,,,,,Jakobi Meyers,2026-05-08,JAC
/nfl/rankings/dynasty-wr.php,dynasty-wr,dp,Wan'Dale Robinson,22985,WR,TEN,45.58,6.14,33,60,,wandale-robinson.php,,,68.9,,,,,,,WanDale Robinson,2026-05-08,TEN
/nfl/rankings/dynasty-wr.php,dynasty-wr,dp,Omar Cooper Jr.,28127,WR,NYJ,45.63,10.82,29,72,,omar-cooper-jr.php,,,34.8,,,,,,,Omar Cooper,2026-05-08,NYJ
/nfl/rankings/dynasty-wr.php,dynasty-wr,dp,Jayden Higgins,27077,WR,HOU,46.16,6.33,35,59,,jayden-higgins.php,,,45.0,,,,,,,Jayden Higgins,2026-05-08,HOU
/nfl/rankings/dynasty-wr.php,dynasty-wr,dp,Michael Pittman Jr.,19278,WR,PIT,46.32,4.98,37,59,,michael-pittman.php,,,71.3,,,,,,,Michael Pittman,2026-05-08,PIT
/nfl/rankings/dynasty-wr.php,dynasty-wr,dp,Josh Downs,24706,WR,IND,47.63,7.57,36,65,,josh-downs.php,,,64.7,,,,,,,Josh Downs,2026-05-08,IND
/nfl/rankings/dynasty-wr.php,dynasty-wr,dp,Denzel Boston,27339,WR,CLE,49.84,11.01,31,76,,denzel-boston.php,,,41.5,,,,,,,Denzel Boston,2026-05-08,CLE
/nfl/rankings/dynasty-wr.php,dynasty-wr,dp,Parker Washington,23106,WR,JAC,51.42,11.71,39,96,,parker-washington.php,,,69.0,,,,,,,Parker Washington,2026-05-08,JAC
/nfl/rankings/dynasty-wr.php,dynasty-wr,dp,Matthew Golden,26024,WR,GB,51.68,4.43,39,58,,matthew-golden.php,,,65.9,,,,,,,Matthew Golden,2026-05-08,GBP
/nfl/rankings/dynasty-wr.php,dynasty-wr,dp,Jayden Reed,23020,WR,GB,51.79,7.52,37,68,,jayden-reed.php,,,63.2,,,,,,,Jayden Reed,2026-05-08,GBP
/nfl/rankings/dynasty-wr.php,dynasty-wr,dp,Quentin Johnston,23123,WR,LAC,52.74,6.31,44,67,,quentin-johnston.php,,,72.5,,,,,,,Quentin Johnston,2026-05-08,LAC
/nfl/rankings/dynasty-wr.php,dynasty-wr,dp,Chris Godwin Jr.,16406,WR,TB,53.21,6.32,40,63,,chris-godwin.php,,,69.5,,,,,,,Chris Godwin,2026-05-08,TBB
/nfl/rankings/dynasty-wr.php,dynasty-wr,dp,Khalil Shakir,23748,WR,BUF,53.47,5.85,43,65,,khalil-shakir.php,,,66.8,,,,,,,Khalil Shakir,2026-05-08,BUF
/nfl/rankings/dynasty-wr.php,dynasty-wr,dp,Travis Hunter,26034,WR,JAC,56.26,10.81,33,78,,travis-hunter.php,,,58.0,,,,,,,Travis Hunter,2026-05-08,JAC
/nfl/rankings/dynasty-wr.php,dynasty-wr,dp,Romeo Doubs,23794,WR,NE,58.05,9.12,43,73,,romeo-doubs.php,,,67.5,,,,,,,Romeo Doubs,2026-05-08,NEP
/nfl/rankings/dynasty-wr.php,dynasty-wr,dp,Brandon Aiyuk,19252,WR,SF,60.32,13.01,43,89,,brandon-aiyuk.php,,,43.7,,,,,,,Brandon Aiyuk,2026-05-08,SFO
/nfl/rankings/dynasty-wr.php,dynasty-wr,dp,Jalen Coker,26403,WR,CAR,63.05,6.15,55,79,,jalen-coker.php,,,55.2,,,,,,,Jalen Coker,2026-05-08,CAR
/nfl/rankings/dynasty-wr.php,dynasty-wr,dp,Jalen McMillan,23179,WR,TB,65.32,9.01,45,82,,jalen-mcmillan.php,,,45.1,,,,,,,Jalen McMillan,2026-05-08,TBB
/nfl/rankings/dynasty-wr.php,dynasty-wr,dp,Chris Bell,26038,WR,MIA,65.39,11.03,46,92,,chris-bell.php,,,29.4,,,,,,,Chris Bell,2026-05-08,MIA
/nfl/rankings/dynasty-wr.php,dynasty-wr,dp,Rashid Shaheed,24687,WR,SEA,65.42,5.32,60,80,,rashid-shaheed.php,,,49.6,,,,,,,Rashid Shaheed,2026-05-08,SEA
/nfl/rankings/dynasty-wr.php,dynasty-wr,dp,Antonio Williams,25418,WR,WAS,66.28,11.28,50,87,,antonio-williams-wr.php,,,25.6,,,,,,,Antonio Williams,2026-05-08,WAS
/nfl/rankings/dynasty-wr.php,dynasty-wr,dp,Jaylin Noel,27122,WR,HOU,68.79,11.09,58,108,,jaylin-noel.php,,,27.7,,,,,,,Jaylin Noel,2026-05-08,HOU
/nfl/rankings/dynasty-wr.php,dynasty-wr,dp,Germie Bernard,26039,WR,PIT,69.56,9.44,51,85,,germie-bernard.php,,,32.3,,,,,,,Germie Bernard,2026-05-08,PIT
/nfl/rankings/dynasty-wr.php,dynasty-wr,dp,Jerry Jeudy,19201,WR,CLE,70.68,11.27,55,97,,jerry-jeudy.php,,,56.4,,,,,,,Jerry Jeudy,2026-05-08,CLE
/nfl/rankings/dynasty-wr.php,dynasty-wr,dp,Ted Hurst,28130,WR,TB,72.0,9.29,59,94,,ted-hurst.php,,,18.5,,,,,,,Ted Hurst,2026-05-08,TBB
/nfl/rankings/dynasty-wr.php,dynasty-wr,dp,Jauan Jennings,19590,WR,MIN,64.17,8.47,54,88,,jauan-jennings.php,,,44.8,,,,,-8.0,,Jauan Jennings,2026-05-08,MIN
/nfl/rankings/dynasty-wr.php,dynasty-wr,dp,De'Zhaun Stribling,28138,WR,SF,74.06,11.06,55,102,,dezhaun-stribling.php,,,11.2,,,,,,,DeZhaun Stribling,2026-05-08,SFO
/nfl/rankings/dynasty-wr.php,dynasty-wr,dp,Tre Harris,26215,WR,LAC,74.11,13.37,56,106,,tre-harris.php,,,31.6,,,,,,,Tre Harris,2026-05-08,LAC
/nfl/rankings/dynasty-wr.php,dynasty-wr,dp,Troy Franklin,23092,WR,DEN,74.53,10.02,61,92,,troy-franklin.php,,,30.7,,,,,,,Troy Franklin,2026-05-08,DEN
/nfl/rankings/dynasty-wr.php,dynasty-wr,dp,Pat Bryant,27211,WR,DEN,76.21,11.3,60,103,,pat-bryant.php,,,30.3,,,,,,,Pat Bryant,2026-05-08,DEN
/nfl/rankings/dynasty-wr.php,dynasty-wr,dp,Deebo Samuel Sr.,18244,WR,FA,76.42,10.89,60,104,,deebo-samuel.php,,,44.1,,,,,,,Deebo Samuel,2026-05-08,FA
/nfl/rankings/dynasty-wr.php,dynasty-wr,dp,Kayshon Boutte,22989,WR,NE,77.42,9.21,63,98,,kayshon-boutte.php,,,39.8,,,,,,,Kayshon Boutte,2026-05-08,NEP
/nfl/rankings/dynasty-wr.php,dynasty-wr,dp,Stefon Diggs,13981,WR,FA,69.44,9.24,59,87,,stefon-diggs.php,,,48.5,,,,,-11.0,,Stefon Diggs,2026-05-08,FA
/nfl/rankings/dynasty-wr.php,dynasty-wr,dp,Chris Brazzell II,28047,WR,CAR,79.12,9.6,66,98,,chris-brazzell-ii.php,,,25.0,,,,,,,Chris Brazzell,2026-05-08,CAR
/nfl/rankings/dynasty-wr.php,dynasty-wr,dp,Adonai Mitchell,24357,WR,NYJ,79.79,8.73,64,105,,adonai-mitchell.php,,,30.6,,,,,,,Adonai Mitchell,2026-05-08,NYJ
/nfl/rankings/dynasty-wr.php,dynasty-wr,dp,Isaac TeSlaa,27446,WR,DET,79.95,9.46,71,111,,isaac-teslaa.php,,,31.4,,,,,,,Isaac TeSlaa,2026-05-08,DET
/nfl/rankings/dynasty-wr.php,dynasty-wr,dp,Elijah Sarratt,27463,WR,BAL,81.06,13.05,56,115,,elijah-sarratt.php,,,26.3,,,,,,,Elijah Sarratt,2026-05-08,BAL
/nfl/rankings/dynasty-wr.php,dynasty-wr,dp,Elic Ayomanor,27059,WR,TEN,83.32,11.9,70,111,,elic-ayomanor.php,,,34.2,,,,,,,Elic Ayomanor,2026-05-08,TEN
/nfl/rankings/dynasty-wr.php,dynasty-wr,dp,Skyler Bell,28126,WR,BUF,84.47,8.41,66,101,,skyler-bell.php,,,21.8,,,,,,,Skyler Bell,2026-05-08,BUF
/nfl/rankings/dynasty-wr.php,dynasty-wr,dp,Malachi Fields,27994,WR,NYG,84.78,11.21,67,114,,malachi-fields.php,,,20.9,,,,,,,Malachi Fields,2026-05-08,NYG
/nfl/rankings/dynasty-wr.php,dynasty-wr,dp,Kyle Williams,27487,WR,NE,86.0,13.67,64,123,,kyle-williams-wr-2025.php,,,27.8,,,,,,,Kyle Williams,2026-05-08,NEP
/nfl/rankings/dynasty-wr.php,dynasty-wr,dp,Tank Dell,25361,WR,HOU,86.37,6.43,73,101,,nathaniel-dell.php,,,40.6,,,,,,,Tank Dell,2026-05-08,HOU
/nfl/rankings/dynasty-wr.php,dynasty-wr,dp,Chimere Dike,27315,WR,TEN,86.84,14.65,63,128,,chimere-dike.php,,,31.8,,,,,,,Chimere Dike,2026-05-08,TEN
/nfl/rankings/dynasty-wr.php,dynasty-wr,dp,Zachariah Branch,25419,WR,ATL,87.28,13.53,66,118,,zachariah-branch.php,,,28.7,,,,,,,Zachariah Branch,2026-05-08,ATL
/nfl/rankings/dynasty-wr.php,dynasty-wr,dp,Tory Horton,26022,WR,SEA,88.79,15.41,70,139,,tory-horton.php,,,30.0,,,,,,,Tory Horton,2026-05-08,SEA
/nfl/rankings/dynasty-wr.php,dynasty-wr,dp,Ja'Kobi Lane,27337,WR,BAL,89.0,11.5,67,111,,jakobi-lane.php,,,28.7,,,,,,,JaKobi Lane,2026-05-08,BAL
/nfl/rankings/dynasty-wr.php,dynasty-wr,dp,Tyreek Hill,15802,WR,FA,81.61,12.06,66,110,,tyreek-hill.php,,,54.8,,,,,-13.0,,Tyreek Hill,2026-05-08,FA
/nfl/rankings/dynasty-wr.php,dynasty-wr,dp,Calvin Ridley,17258,WR,TEN,89.26,15.02,55,115,,calvin-ridley.php,,,49.6,,,,,,,Calvin Ridley,2026-05-08,TEN
/nfl/rankings/dynasty-wr.php,dynasty-wr,dp,Jack Bech,27224,WR,LV,90.95,13.85,63,114,,jack-bech.php,,,22.8,,,,,,,Jack Bech,2026-05-08,LVR
/nfl/rankings/dynasty-wr.php,dynasty-wr,dp,Dontayvion Wicks,24354,WR,PHI,91.47,8.2,73,110,,dontayvion-wicks.php,,,22.3,,,,,,,Dontayvion Wicks,2026-05-08,PHI
/nfl/rankings/dynasty-wr.php,dynasty-wr,dp,Rashod Bateman,19794,WR,BAL,91.68,6.88,79,105,,rashod-bateman.php,,,24.4,,,,,,,Rashod Bateman,2026-05-08,BAL
/nfl/rankings/dynasty-wr.php,dynasty-wr,dp,Marvin Mims Jr.,23080,WR,DEN,91.95,7.31,78,108,,marvin-mims.php,,,27.5,,,,,,,Marvin Mims,2026-05-08,DEN
/nfl/rankings/dynasty-wr.php,dynasty-wr,dp,Keon Coleman,26019,WR,BUF,93.47,10.23,74,110,,keon-coleman.php,,,24.5,,,,,,,Keon Coleman,2026-05-08,BUF
/nfl/rankings/dynasty-wr.php,dynasty-wr,dp,Darnell Mooney,19810,WR,NYG,87.28,7.69,72,99,,darnell-mooney.php,,,29.6,,,,,,,Darnell Mooney,2026-05-08,NYG
/nfl/rankings/dynasty-wr.php,dynasty-wr,dp,Tre Tucker,25337,WR,LV,96.37,12.22,77,121,,tre-tucker.php,,,34.6,,,,,,,Tre Tucker,2026-05-08,LVR
/nfl/rankings/dynasty-wr.php,dynasty-wr,dp,Malik Washington,26314,WR,MIA,97.47,8.91,74,113,,malik-washington.php,,,27.4,,,,,,,Malik Washington,2026-05-08,MIA
/nfl/rankings/dynasty-wr.php,dynasty-wr,dp,Christian Kirk,17268,WR,SF,101.21,10.69,88,125,,christian-kirk.php,,,31.6,,,,,,,Christian Kirk,2026-05-08,SFO
/nfl/rankings/dynasty-wr.php,dynasty-wr,dp,Cooper Kupp,16433,WR,SEA,102.26,11.96,79,130,,cooper-kupp.php,,,28.1,,,,,,,Cooper Kupp,2026-05-08,SEA
/nfl/rankings/dynasty-wr.php,dynasty-wr,dp,Xavier Legette,26136,WR,CAR,104.0,14.2,88,149,,xavier-legette.php,,,12.9,,,,,,,Xavier Legette,2026-05-08,CAR
/nfl/rankings/dynasty-wr.php,dynasty-wr,dp,Keenan Allen,11616,WR,LAC,104.95,15.66,86,156,,keenan-allen.php,,,28.0,,,,,,,Keenan Allen,2026-05-08,LAC
/nfl/rankings/dynasty-wr.php,dynasty-wr,dp,Devaughn Vele,26409,WR,NO,109.53,9.24,102,141,,devaughn-vele.php,,,26.3,,,,,,,Devaughn Vele,2026-05-08,NOS
/nfl/rankings/dynasty-wr.php,dynasty-wr,dp,DeMario Douglas,25304,WR,NE,104.28,10.87,92,141,,demario-douglas.php,,,17.9,,,,,,,Demario Douglas,2026-05-08,NEP
/nfl/rankings/dynasty-wr.php,dynasty-wr,dp,Tez Johnson,27147,WR,TB,105.89,7.6,98,123,,tez-johnson.php,,,14.9,,,,,,,Tez Johnson,2026-05-08,TBB
/nfl/rankings/dynasty-wr.php,dynasty-wr,dp,Cedric Tillman,25287,WR,CLE,106.06,10.43,86,127,,cedric-tillman.php,,,7.2,,,,,,,Cedric Tillman,2026-05-08,CLE
/nfl/rankings/dynasty-wr.php,dynasty-wr,dp,Hollywood Brown,18226,WR,PHI,107.39,11.8,86,139,,marquise-brown.php,,,20.0,,,,,,,Marquise Brown,2026-05-08,PHI
/nfl/rankings/dynasty-wr.php,dynasty-wr,dp,Jalen Royals,27076,WR,KC,113.95,14.12,89,149,,jalen-royals.php,,,5.1,,,,,,,Jalen Royals,2026-05-08,KCC
/nfl/rankings/dynasty-wr.php,dynasty-wr,dp,Isaiah Bond,24371,WR,CLE,114.84,11.09,101,142,,isaiah-bond.php,,,13.5,,,,,,,Isaiah Bond,2026-05-08,CLE
/nfl/rankings/dynasty-wr.php,dynasty-wr,dp,Jalen Nailor,24177,WR,LV,101.44,15.89,72,135,,jalen-nailor.php,,,30.0,,,,,,,Jalen Nailor,2026-05-08,LVR
/nfl/rankings/dynasty-wr.php,dynasty-wr,dp,Darius Slayton,18706,WR,NYG,108.6,10.42,92,132,,darius-slayton.php,,,16.0,,,,,,,Darius Slayton,2026-05-08,NYG
/nfl/rankings/dynasty-wr.php,dynasty-wr,dp,Ryan Flournoy,26398,WR,DAL,107.14,11.56,84,124,,ryan-flournoy.php,,,27.7,,,,,,,Ryan Flournoy,2026-05-08,DAL
/nfl/rankings/dynasty-wr.php,dynasty-wr,dp,Andrei Iosivas,25335,WR,CIN,115.0,8.16,100,133,,andrei-iosivas.php,,,13.4,,,,,,,Andrei Iosivas,2026-05-08,CIN
/nfl/rankings/dynasty-wr.php,dynasty-wr,dp,Luke McCaffrey,26328,WR,WAS,120.2,10.3,104,139,,luke-mccaffrey.php,,,5.8,,,,,,,Luke McCaffrey,2026-05-08,WAS
/nfl/rankings/dynasty-wr.php,dynasty-wr,dp,Joshua Palmer,22845,WR,BUF,113.77,11.63,91,133,,josh-palmer.php,,,3.0,,,,,,,Josh Palmer,2026-05-08,BUF
/nfl/rankings/dynasty-wr.php,dynasty-wr,dp,Dont'e Thornton Jr.,27288,WR,LV,122.07,16.07,103,165,,donte-thornton-jr.php,,,7.6,,,,,,,Donte Thornton,2026-05-08,LVR
/nfl/rankings/dynasty-wr.php,dynasty-wr,dp,Bryce Lance,28129,WR,NO,93.5,12.4,77,113,,bryce-lance.php,,,8.3,,,,,,,Bryce Lance,2026-05-08,NOS
/nfl/rankings/dynasty-wr.php,dynasty-wr,dp,Jaylin Lane,27454,WR,WAS,125.69,12.75,107,148,,jaylin-lane.php,,,7.1,,,,,,,Jaylin Lane,2026-05-08,WAS
/nfl/rankings/dynasty-wr.php,dynasty-wr,dp,Jordan Whittington,23135,WR,LAR,127.54,10.4,115,147,,jordan-whittington.php,,,1.5,,,,,,,Jordan Whittington,2026-05-08,LAR
/nfl/rankings/dynasty-wr.php,dynasty-wr,dp,Savion Williams,27144,WR,GB,125.17,15.84,107,164,,savion-williams.php,,,2.8,,,,,,,Savion Williams,2026-05-08,GBP
/nfl/rankings/dynasty-wr.php,dynasty-wr,dp,Calvin Austin III,23739,WR,NYG,117.55,13.39,102,145,,calvin-austin.php,,,9.3,,,,,,,Calvin Austin,2026-05-08,NYG
/nfl/rankings/dynasty-wr.php,dynasty-wr,dp,Jalen Tolbert,23770,WR,MIA,126.92,14.09,104,153,,jalen-tolbert.php,,,14.7,,,,,,,Jalen Tolbert,2026-05-08,MIA
/nfl/rankings/dynasty-wr.php,dynasty-wr,dp,Brenen Thompson,28133,WR,LAC,102.78,13.11,79,122,,brenen-thompson.php,,,12.0,,,,,,,Brenen Thompson,2026-05-08,LAC
/nfl/rankings/dynasty-wr.php,dynasty-wr,dp,Caleb Douglas,28135,WR,MIA,112.11,9.19,94,127,,caleb-douglas.php,,,3.3,,,,,,,Caleb Douglas,2026-05-08,MIA
/nfl/rankings/dynasty-wr.php,dynasty-wr,dp,Tyquan Thornton,22913,WR,KC,124.0,12.66,109,154,,tyquan-thornton.php,,,10.9,,,,,,,Tyquan Thornton,2026-05-08,KCC
/nfl/rankings/dynasty-wr.php,dynasty-wr,dp,Roman Wilson,26160,WR,PIT,126.6,18.4,104,159,,roman-wilson.php,,,2.4,,,,,,,Roman Wilson,2026-05-08,PIT
/nfl/rankings/dynasty-wr.php,dynasty-wr,dp,John Metchie III,22895,WR,CAR,127.0,12.94,112,160,,john-metchie.php,,,5.1,,,,,,,John Metchie,2026-05-08,CAR
/nfl/rankings/dynasty-wr.php,dynasty-wr,dp,Jahan Dotson,23101,WR,ATL,127.3,21.98,106,184,,jahan-dotson.php,,,12.5,,,,,,,Jahan Dotson,2026-05-08,ATL
/nfl/rankings/dynasty-wr.php,dynasty-wr,dp,Tutu Atwell,20126,WR,MIA,128.78,9.72,111,144,,tutu-atwell.php,,,4.3,,,,,,,Tutu Atwell,2026-05-08,MIA
/nfl/rankings/dynasty-wr.php,dynasty-wr,dp,Kevin Coleman Jr.,28067,WR,MIA,105.14,14.33,91,133,,kevin-coleman-jr.php,,,1.8,,,,,,,Kevin Coleman,2026-05-08,MIA
/nfl/rankings/dynasty-wr.php,dynasty-wr,dp,Dyami Brown,20113,WR,WAS,132.56,9.18,120,151,,dyami-brown.php,,,1.3,,,,,,,Dyami Brown,2026-05-08,WAS
/nfl/rankings/dynasty-wr.php,dynasty-wr,dp,KeAndre Lambert-Smith,24372,WR,LAC,133.56,9.26,112,146,,keandre-lambert-smith.php,,,3.2,,,,,,,KeAndre Lambert-Smith,2026-05-08,LAC
/nfl/rankings/dynasty-wr.php,dynasty-wr,dp,Elijah Moore,20114,WR,PHI,129.0,12.12,109,154,,elijah-moore.php,,,0.6,,,,,,,Elijah Moore,2026-05-08,PHI
/nfl/rankings/dynasty-wr.php,dynasty-wr,dp,Mack Hollins,16489,WR,NE,119.71,15.89,96,144,,mack-hollins.php,,,14.1,,,,,,,Mack Hollins,2026-05-08,NEP
/nfl/rankings/dynasty-wr.php,dynasty-wr,dp,KaVontae Turpin,18520,WR,DAL,134.5,17.38,113,158,,kavontae-turpin.php,,,12.3,,,,,,,KaVontae Turpin,2026-05-08,DAL
/nfl/rankings/dynasty-wr.php,dynasty-wr,dp,Konata Mumpfield,27449,WR,LAR,117.0,12.11,97,134,,konata-mumpfield.php,,,4.3,,,,,,,Konata Mumpfield,2026-05-08,LAR
/nfl/rankings/dynasty-wr.php,dynasty-wr,dp,DeAndre Hopkins,11606,WR,BAL,137.0,15.86,118,172,,deandre-hopkins.php,,,0.8,,,,,,,DeAndre Hopkins,2026-05-08,BAL
/nfl/rankings/dynasty-wr.php,dynasty-wr,dp,Devontez Walker,26011,WR,BAL,138.71,11.12,123,151,,devontez-walker.php,,,1.7,,,,,,,Devontez Walker,2026-05-08,BAL
/nfl/rankings/dynasty-wr.php,dynasty-wr,dp,Tai Felton,27182,WR,MIN,140.57,9.36,123,148,,tai-felton.php,,,2.7,,,,,,,Tai Felton,2026-05-08,MIN
/nfl/rankings/dynasty-wr.php,dynasty-wr,dp,CJ Daniels,28125,WR,LAR,122.4,13.95,98,135,,cj-daniels.php,,,8.5,,,,,,,CJ Daniels,2026-05-08,LAR
/nfl/rankings/dynasty-wr.php,dynasty-wr,dp,Kendrick Bourne,17066,WR,ARI,142.0,15.19,117,157,,kendrick-bourne.php,,,4.7,,,,,,,Kendrick Bourne,2026-05-08,ARI
/nfl/rankings/dynasty-wr.php,dynasty-wr,dp,Deion Burks,27093,WR,IND,129.0,13.07,117,153,,deion-burks.php,,,0.6,,,,,,,Deion Burks,2026-05-08,IND
/nfl/rankings/dynasty-wr.php,dynasty-wr,dp,Eric Rivers,28128,WR,TB,130.0,13.08,113,145,,eric-rivers.php,,,0.0,,,,,,,Eric Rivers,2026-05-08,TBB
/nfl/rankings/dynasty-wr.php,dynasty-wr,dp,Barion Brown,25416,WR,NO,131.0,9.49,114,143,,barion-brown.php,,,1.1,,,,,,,Barion Brown,2026-05-08,NOS
/nfl/rankings/dynasty-wr.php,dynasty-wr,dp,Tyler Lockett,13971,WR,LV,134.2,20.76,105,168,,tyler-lockett.php,,,0.8,,,,,,,Tyler Lockett,2026-05-08,LVR
/nfl/rankings/dynasty-wr.php,dynasty-wr,dp,Jeff Caldwell,28425,WR,KC,135.6,9.77,119,148,,jeff-caldwell.php,,,1.4,,,,,,,Jeff Caldwell,2026-05-08,KCC
/nfl/rankings/dynasty-wr.php,dynasty-wr,dp,Olamide Zaccheaus,18864,WR,ATL,150.67,11.88,134,172,,olamide-zaccheaus.php,,,9.9,,,,,,,Olamide Zaccheaus,2026-05-08,ATL
/nfl/rankings/dynasty-wr.php,dynasty-wr,dp,Ja'Lynn Polk,26205,WR,NO,137.6,25.52,106,174,,jalynn-polk.php,,,2.8,,,,,,,JaLynn Polk,2026-05-08,NOS
/nfl/rankings/dynasty-wr.php,dynasty-wr,dp,Xavier Restrepo,27066,WR,TEN,154.0,12.56,132,166,,xavier-restrepo.php,,,1.3,,,,,,,Xavier Restrepo,2026-05-08,TEN
/nfl/rankings/dynasty-wr.php,dynasty-wr,dp,Zavion Thomas,28132,WR,CHI,142.0,12.66,125,159,,zavion-thomas.php,,,2.1,,,,,,,Zavion Thomas,2026-05-08,CHI
/nfl/rankings/dynasty-wr.php,dynasty-wr,dp,Treylon Burks,22905,WR,WAS,155.67,16.89,135,180,,treylon-burks.php,,,4.3,,,,,,,Treylon Burks,2026-05-08,WAS
/nfl/rankings/dynasty-wr.php,dynasty-wr,dp,Malik Benson,26012,WR,LV,123.25,16.04,101,139,,malik-benson.php,,,0.9,,,,,,,Malik Benson,2026-05-08,LVR
/nfl/rankings/dynasty-wr.php,dynasty-wr,dp,Demarcus Robinson,15665,WR,SF,144.8,18.12,117,173,,demarcus-robinson.php,,,1.6,,,,,,,Demarcus Robinson,2026-05-08,SFO
/nfl/rankings/dynasty-wr.php,dynasty-wr,dp,Nick Westbrook-Ikhine,19747,WR,IND,145.0,16.46,118,165,,nick-westbrook.php,,,1.5,,,,,,,Nick Westbrook-Ikhine,2026-05-08,IND
/nfl/rankings/dynasty-wr.php,dynasty-wr,dp,Eric McAlister,28134,WR,FA,146.0,23.39,109,169,,eric-mcalister.php,,,9.5,,,,,,,Eric McAlister,2026-05-08,FA
/nfl/rankings/dynasty-wr.php,dynasty-wr,dp,Jordan Watkins,27486,WR,SF,146.6,19.29,116,173,,jordan-watkins.php,,,0.6,,,,,,,Jordan Watkins,2026-05-08,SFO
/nfl/rankings/dynasty-wr.php,dynasty-wr,dp,Brandin Cooks,12122,WR,FA,146.8,25.51,103,177,,brandin-cooks.php,,,0.9,,,,,,,Brandin Cooks,2026-05-08,FA
/nfl/rankings/dynasty-wr.php,dynasty-wr,dp,Josh Cameron,28137,WR,JAC,131.25,11.32,120,147,,josh-cameron.php,,,0.6,,,,,,,Josh Cameron,2026-05-08,JAC
/nfl/rankings/dynasty-wr.php,dynasty-wr,dp,Malachi Corley,26023,WR,CLE,151.4,17.07,119,168,,malachi-corley.php,,,0.6,,,,,,,Malachi Corley,2026-05-08,CLE
/nfl/rankings/dynasty-wr.php,dynasty-wr,dp,Jalin Hyatt,25251,WR,NYG,152.4,21.22,127,177,,jalin-hyatt.php,,,2.8,,,,,,,Jalin Hyatt,2026-05-08,NYG
/nfl/rankings/dynasty-wr.php,dynasty-wr,dp,Van Jefferson,19483,WR,WAS,152.6,23.58,116,173,,van-jefferson.php,,,1.1,,,,,,,Van Jefferson,2026-05-08,WAS
/nfl/rankings/dynasty-wr.php,dynasty-wr,dp,Tyren Montgomery,28423,WR,TEN,135.75,10.28,121,150,,tyren-montgomery.php,,,0.0,,,,,,,Tyren Montgomery,2026-05-08,TEN
/nfl/rankings/dynasty-wr.php,dynasty-wr,dp,Xavier Hutchinson,25332,WR,HOU,153.8,16.13,144,186,,xavier-hutchinson.php,,,4.4,,,,,,,Xavier Hutchinson,2026-05-08,HOU
/nfl/rankings/dynasty-wr.php,dynasty-wr,dp,Jimmy Horn Jr.,27294,WR,CAR,156.6,20.66,129,193,,jimmy-horn-jr.php,,,1.8,,,,,,,Jimmy Horn,2026-05-08,CAR
/nfl/rankings/dynasty-wr.php,dynasty-wr,dp,Noah Brown,16443,WR,FA,157.2,20.87,129,180,,noah-brown.php,,,0.7,,,,,,,Noah Brown,2026-05-08,FA
/nfl/rankings/dynasty-wr.php,dynasty-wr,dp,Reggie Virgil,28141,WR,ARI,142.0,18.26,120,167,,reggie-virgil.php,,,0.7,,,,,,,Reggie Virgil,2026-05-08,ARI
/nfl/rankings/dynasty-wr.php,dynasty-wr,dp,Curtis Samuel,16434,WR,FA,144.5,34.19,111,192,,curtis-samuel.php,,,1.1,,,,,,,Curtis Samuel,2026-05-08,FA
/nfl/rankings/dynasty-wr.php,dynasty-wr,dp,Cyrus Allen,28424,WR,KC,120.0,20.31,93,142,,cyrus-allen.php,,,0.2,,,,,,,Cyrus Allen,2026-05-08,KCC
/nfl/rankings/dynasty-wr.php,dynasty-wr,dp,Gabe Davis,19398,WR,FA,145.75,38.26,97,202,,gabriel-davis.php,,,0.6,,,,,,,Gabriel Davis,2026-05-08,FA
/nfl/rankings/dynasty-wr.php,dynasty-wr,dp,Efton Chism III,27445,WR,NE,148.75,18.14,125,175,,efton-chismi.php,,,1.1,,,,,,,Efton Chism,2026-05-08,NEP
/nfl/rankings/dynasty-wr.php,dynasty-wr,dp,Kalif Raymond,16081,WR,CHI,149.5,19.86,121,176,,kalif-raymond.php,,,1.5,,,,,,,Kalif Raymond,2026-05-08,CHI
/nfl/rankings/dynasty-wr.php,dynasty-wr,dp,Isaiah Hodgins,19375,WR,NYG,150.0,25.1,124,178,,isaiah-hodgins.php,,,0.1,,,,,,,Isaiah Hodgins,2026-05-08,NYG
/nfl/rankings/dynasty-wr.php,dynasty-wr,dp,Greg Dortch,18585,WR,DET,165.0,16.16,148,195,,greg-dortch.php,,,2.3,,,,,,,Greg Dortch,2026-05-08,DET
/nfl/rankings/dynasty-wr.php,dynasty-wr,dp,Jacob Cowing,25289,WR,SF,157.25,22.26,119,174,,jacob-cowing.php,,,0.6,,,,,,,Jacob Cowing,2026-05-08,SFO
/nfl/rankings/dynasty-wr.php,dynasty-wr,dp,Kendrick Law,26044,WR,DET,140.33,18.45,119,164,,kendrick-law.php,,,0.8,,,,,,,Kendrick Law,2026-05-08,DET
/nfl/rankings/dynasty-wr.php,dynasty-wr,dp,JuJu Smith-Schuster,16427,WR,FA,162.0,15.31,139,182,,juju-smith-schuster.php,,,0.8,,,,,,,JuJu Smith-Schuster,2026-05-08,FA
/nfl/rankings/dynasty-wr.php,dynasty-wr,dp,Jonathan Mingo,23030,WR,DAL,174.8,20.6,143,202,,jonathan-mingo.php,,,0.6,,,,,,,Jonathan Mingo,2026-05-08,DAL
/nfl/rankings/dynasty-wr.php,dynasty-wr,dp,Jake Bobo,25339,WR,SEA,163.25,28.78,144,213,,jake-bobo.php,,,0.6,,,,,22.0,,Jake Bobo,2026-05-08,SEA
/nfl/rankings/dynasty-wr.php,dynasty-wr,dp,Diontae Johnson,18615,WR,FA,147.33,42.24,93,196,,diontae-johnson.php,,,0.6,,,,,,,Diontae Johnson,2026-05-08,FA
/nfl/rankings/dynasty-wr.php,dynasty-wr,dp,Aaron Anderson,27500,WR,CLE,148.0,25.66,112,170,,aaron-anderson.php,,,1.2,,,,,,,Aaron Anderson,2026-05-08,CLE
/nfl/rankings/dynasty-wr.php,dynasty-wr,dp,Jermaine Burton,22956,WR,FA,149.67,39.37,99,195,,jermaine-burton.php,,,0.6,,,,,,,Jermaine Burton,2026-05-08,FA
/nfl/rankings/dynasty-wr.php,dynasty-wr,dp,Javon Baker,22885,WR,FA,152.67,34.68,107,191,,javon-baker.php,,,1.0,,,,,,,Javon Baker,2026-05-08,FA
/nfl/rankings/dynasty-wr.php,dynasty-wr,dp,Josh Reynolds,16439,WR,FA,161.0,17.68,138,181,,josh-reynolds.php,,,2.1,,,,,,,Josh Reynolds,2026-05-08,FA
/nfl/rankings/dynasty-wr.php,dynasty-wr,dp,Sterling Shepard,15569,WR,FA,162.0,17.57,140,183,,sterling-shepard.php,,,1.0,,,,,,,Sterling Shepard,2026-05-08,FA
/nfl/rankings/dynasty-wr.php,dynasty-wr,dp,Jahdae Walker,27810,WR,CHI,162.0,21.18,141,191,,jahdae-walker.php,,,2.6,,,,,,,Jahdae Walker,2026-05-08,CHI
/nfl/rankings/dynasty-wr.php,dynasty-wr,dp,Jamari Thrash,26162,WR,CLE,178.5,18.26,157,199,,jamari-thrash.php,,,0.6,,,,,,,Jamari Thrash,2026-05-08,CLE
/nfl/rankings/dynasty-wr.php,dynasty-wr,dp,Zay Jones,16431,WR,FA,181.0,12.79,164,200,,zay-jones.php,,,1.0,,,,,,,Zay Jones,2026-05-08,FA
/nfl/rankings/dynasty-wr.php,dynasty-wr,dp,Colbie Young,26037,WR,CIN,146.5,22.5,124,169,,colbie-young.php,,,0.8,,,,,,,Colbie Young,2026-05-08,CIN
/nfl/rankings/dynasty-wr.php,dynasty-wr,dp,Kaden Wetjen,28435,WR,PIT,149.5,21.5,128,171,,kaden-wetjen.php,,,0.8,,,,,,,Kaden Wetjen,2026-05-08,PIT
/nfl/rankings/dynasty-wr.php,dynasty-wr,dp,Arian Smith,22965,WR,NYJ,174.67,16.05,160,197,,arian-smith.php,,,0.7,,,,,,,Arian Smith,2026-05-08,NYJ
/nfl/rankings/dynasty-wr.php,dynasty-wr,dp,Isaiah Williams,26379,WR,NYJ,154.0,25.0,129,179,,isaiah-williams-wr.php,,,2.2,,,,,,,Isaiah Williams,2026-05-08,NYJ
/nfl/rankings/dynasty-wr.php,dynasty-wr,dp,Chase Roberts,28131,WR,LV,154.0,20.0,134,174,,chase-roberts.php,,,0.0,,,,,,,Chase Roberts,2026-05-08,LVR
/nfl/rankings/dynasty-wr.php,dynasty-wr,dp,Bo Melton,24049,WR,GB,183.33,35.65,142,229,,bo-melton.php,,,0.6,,,,,,,Bo Melton,2026-05-08,GBP
/nfl/rankings/dynasty-wr.php,dynasty-wr,dp,Tyrell Shavers,25813,WR,BUF,163.0,21.0,142,184,,tyrell-shavers.php,,,1.3,,,,,,,Tyrell Shavers,2026-05-08,BUF
/nfl/rankings/dynasty-wr.php,dynasty-wr,dp,Theo Wease Jr.,27222,WR,MIA,165.0,20.0,145,185,,theo-wease-jr.php,,,4.8,,,,,,,Theo Wease,2026-05-08,MIA
/nfl/rankings/dynasty-wr.php,dynasty-wr,dp,Marquez Valdes-Scantling,17528,WR,DAL,184.33,8.73,175,196,,marquez-valdesscantling.php,,,0.7,,,,,,,Marquez Valdes-Scantling,2026-05-08,DAL
/nfl/rankings/dynasty-wr.php,dynasty-wr,dp,Tylan Wallace,19801,WR,CLE,189.67,37.85,147,239,,tylan-wallace.php,,,0.6,,,,,,,Tylan Wallace,2026-05-08,CLE
/nfl/rankings/dynasty-wr.php,dynasty-wr,dp,Dohnte Meyers,28178,WR,CIN,167.5,19.5,148,187,,dohnte-meyers.php,,,0.0,,,,,,,Dohnte Meyers,2026-05-08,CIN
/nfl/rankings/dynasty-wr.php,dynasty-wr,dp,Trey Palmer,25331,WR,NO,175.0,63.0,112,238,,trey-palmer.php,,,1.8,,,,,,,Trey Palmer,2026-05-08,NOS
/nfl/rankings/dynasty-wr.php,dynasty-wr,dp,Damien Alford,28451,WR,NO,168.5,19.5,149,188,,damien-alford.php,,,1.5,,,,,,,Damien Alford,2026-05-08,NOS
/nfl/rankings/dynasty-wr.php,dynasty-wr,dp,Jared Wayne,25495,WR,HOU,170.5,18.5,152,189,,jared-wayne.php,,,0.0,,,,,,,Jared Wayne,2026-05-08,HOU
/nfl/rankings/dynasty-wr.php,dynasty-wr,dp,Kevin Austin Jr.,23049,WR,NO,171.5,18.5,153,190,,kevin-austin.php,,,1.2,,,,,,,Kevin Austin,2026-05-08,NOS
/nfl/rankings/dynasty-wr.php,dynasty-wr,dp,Skyy Moore,23905,WR,GB,191.33,29.03,157,228,,skyy-moore.php,,,1.0,,,,,,,Skyy Moore,2026-05-08,GBP
/nfl/rankings/dynasty-wr.php,dynasty-wr,dp,Lil'Jordan Humphrey,18590,WR,DEN,173.5,18.5,155,192,,liljordan-humphrey.php,,,1.1,,,,,,,LilJordan Humphrey,2026-05-08,DEN
/nfl/rankings/dynasty-wr.php,dynasty-wr,dp,Vinny Anthony II,28150,WR,ATL,181.0,25.0,156,206,,vinny-anthony-ii.php,,,0.0,,,,,,,Vinny Anthony,2026-05-08,ATL
/nfl/rankings/dynasty-wr.php,dynasty-wr,dp,Tim Patrick,16556,WR,FA,183.5,14.5,169,198,,tim-patrick.php,,,1.8,,,,,,,Tim Patrick,2026-05-08,FA
/nfl/rankings/dynasty-wr.php,dynasty-wr,dp,Nick Nash,27263,WR,WAS,186.0,21.0,165,207,,nick-nash.php,,,0.6,,,,,,,Nick Nash,2026-05-08,WAS
/nfl/rankings/dynasty-wr.php,dynasty-wr,dp,Dane Key,26015,WR,DEN,187.5,24.5,163,212,,dane-key.php,,,1.2,,,,,,,Dane Key,2026-05-08,DEN
/nfl/rankings/dynasty-wr.php,dynasty-wr,dp,Terrace Marshall Jr.,23242,WR,MIA,205.5,52.5,153,258,,terrace-marshall.php,,,0.6,,,,,,,Terrace Marshall,2026-05-08,MIA
/nfl/rankings/dynasty-wr.php,dynasty-wr,dp,Dante Pettis,17264,WR,NO,189.5,29.5,160,219,,dante-pettis.php,,,1.0,,,,,,,Dante Pettis,2026-05-08,NOS
/nfl/rankings/dynasty-wr.php,dynasty-wr,dp,A.T. Perry,24353,WR,PIT,201.0,42.0,159,243,,at-perry.php,,,0.9,,,,,,,AT Perry,2026-05-08,PIT
/nfl/rankings/dynasty-wr.php,dynasty-wr,dp,Michael Bandy,23531,WR,DEN,191.5,30.5,161,222,,michael-bandy.php,,,0.6,,,,,,,Michael Bandy,2026-05-08,DEN
/nfl/rankings/dynasty-wr.php,dynasty-wr,dp,Shedrick Jackson,25709,WR,LV,192.5,30.5,162,223,,shedrick-jackson.php,,,0.6,,,,,,,Shedrick Jackson,2026-05-08,LVR
/nfl/rankings/dynasty-wr.php,dynasty-wr,dp,David Moore,16757,WR,CAR,198.5,10.5,188,209,,david-moore.php,,,0.8,,,,,,,David Moore,2026-05-08,CAR
/nfl/rankings/dynasty-wr.php,dynasty-wr,dp,Dominic Lovett,26013,WR,DET,204.5,29.5,175,234,,dominic-lovett.php,,,0.6,,,,,,,Dominic Lovett,2026-05-08,DET
/nfl/rankings/dynasty-wr.php,dynasty-wr,dp,Johnny Wilson,25295,WR,PHI,200.5,24.5,176,225,,johnny-wilson.php,,,0.6,,,,,,,Johnny Wilson,2026-05-08,PHI
/nfl/rankings/dynasty-wr.php,dynasty-wr,dp,Ainias Smith,23142,WR,CAR,204.0,26.0,178,230,,ainias-smith.php,,,0.6,,,,,,,Ainias Smith,2026-05-08,CAR
/nfl/rankings/dynasty-wr.php,dynasty-wr,dp,Allen Lazard,17301,WR,FA,201.5,8.5,193,210,,allen-lazard.php,,,0.7,,,,,,,Allen Lazard,2026-05-08,FA
/nfl/rankings/dynasty-wr.php,dynasty-wr,dp,Derius Davis,25334,WR,LAC,212.5,27.5,185,240,,derius-davis.php,,,0.6,,,,,,,Derius Davis,2026-05-08,LAC
/nfl/rankings/dynasty-wr.php,dynasty-wr,dp,Tyler Johnson,18633,WR,DAL,204.5,0.5,204,205,,tyler-johnson.php,,,1.1,,,,,,,Tyler Johnson,2026-05-08,DAL
/nfl/rankings/dynasty-wr.php,dynasty-wr,dp,Charlie Jones,25336,WR,CIN,209.0,23.0,186,232,,charlie-jones.php,,,0.6,,,,,,,Charlie Jones,2026-05-08,CIN
/nfl/rankings/dynasty-wr.php,dynasty-wr,dp,Ashton Dulin,18656,WR,IND,214.0,27.0,187,241,,ashton-dulin.php,,,0.1,,,,,,,Ashton Dulin,2026-05-08,IND
/nfl/rankings/dynasty-wr.php,dynasty-wr,dp,Ray-Ray McCloud III,17530,WR,FA,206.0,12.0,194,218,,ray-ray-mccloud.php,,,1.0,,,,,,,Ray-Ray McCloud,2026-05-08,FA
/nfl/rankings/dynasty-wr.php,dynasty-wr,dp,Tyler Scott,25442,WR,LAR,207.5,0.5,207,208,,tyler-scott-wr.php,,,1.6,,,,,,,Tyler Scott,2026-05-08,LAR
/nfl/rankings/dynasty-wr.php,dynasty-wr,dp,Cedrick Wilson Jr.,17262,WR,FA,208.0,3.0,205,211,,cedrick-wilson.php,,,1.1,,,,,,,Cedrick Wilson,2026-05-08,FA
/nfl/rankings/dynasty-wr.php,dynasty-wr,dp,Hunter Renfrow,18345,WR,FA,216.0,19.0,197,235,,hunter-renfrow.php,,,1.5,,,,,,,Hunter Renfrow,2026-05-08,FA
/nfl/rankings/dynasty-wr.php,dynasty-wr,dp,Braxton Berrios,17289,WR,FA,221.0,23.0,198,244,,braxton-berrios.php,,,0.6,,,,,,,Braxton Berrios,2026-05-08,FA
/nfl/rankings/dynasty-wr.php,dynasty-wr,dp,Malik Heath,25668,WR,FA,223.0,23.0,200,246,,malik-heath.php,,,1.0,,,,,,,Malik Heath,2026-05-08,FA
/nfl/rankings/dynasty-wr.php,dynasty-wr,dp,Velus Jones Jr.,24214,WR,SEA,225.0,24.0,201,249,,velus-jonesjr.php,,,0.9,,,,,,,Velus Jones,2026-05-08,SEA
/nfl/rankings/dynasty-wr.php,dynasty-wr,dp,Justin Watson,17603,WR,HOU,217.0,14.0,203,231,,justin-watson.php,,,1.0,,,,,,,Justin Watson,2026-05-08,HOU
/nfl/rankings/dynasty-wr.php,dynasty-wr,dp,K.J. Osborn,19708,WR,TEN,221.0,15.0,206,236,,kj-osborn.php,,,1.4,,,,,,,KJ Osborn,2026-05-08,TEN
/nfl/rankings/dynasty-wr.php,dynasty-wr,dp,Xavier Gipson,25758,WR,NYG,229.0,21.0,208,250,,xavier-gipson.php,,,0.6,,,,,,,Xavier Gipson,2026-05-08,NYG
/nfl/rankings/dynasty-wr.php,dynasty-wr,dp,Tahj Washington,26397,WR,MIA,225.5,16.5,209,242,,tahj-washington.php,,,0.6,,,,,,,Tahj Washington,2026-05-08,MIA
/nfl/rankings/dynasty-wr.php,dynasty-wr,dp,Devin Duvernay,19270,WR,ARI,231.0,21.0,210,252,,devin-duvernay.php,,,0.6,,,,,,,Devin Duvernay,2026-05-08,ARI
/nfl/rankings/dynasty-wr.php,dynasty-wr,dp,Ben Skowronek,22843,WR,PIT,217.0,4.0,213,221,,ben-skowronek.php,,,0.1,,,,,,,Ben Skowronek,2026-05-08,PIT
/nfl/rankings/dynasty-wr.php,dynasty-wr,dp,DeAndre Carter,14103,WR,FA,232.0,21.0,211,253,,deandre-carter.php,,,0.0,,,,,,,DeAndre Carter,2026-05-08,FA
/nfl/rankings/dynasty-wr.php,dynasty-wr,dp,Jason Brownlee,25754,WR,KC,233.0,21.0,212,254,,jason-brownlee.php,,,0.1,,,,,,,Jason Brownlee,2026-05-08,KCC
/nfl/rankings/dynasty-wr.php,dynasty-wr,dp,Scotty Miller,18714,WR,FA,218.5,1.5,217,220,,scott-miller.php,,,0.0,,,,,,,Scott Miller,2026-05-08,FA
/nfl/rankings/dynasty-wr.php,dynasty-wr,dp,Dee Eskridge,22785,WR,FA,234.5,20.5,214,255,,dwayne-eskridge.php,,,0.0,,,,,,,DWayne Eskridge,2026-05-08,FA
/nfl/rankings/dynasty-wr.php,dynasty-wr,dp,Bryce Ford-Wheaton,25340,WR,FA,235.5,20.5,215,256,,bryce-ford-wheaton.php,,,4.2,,,,,,,Bryce Ford-Wheaton,2026-05-08,FA
/nfl/rankings/dynasty-wr.php,dynasty-wr,dp,Bub Means,26354,WR,NO,224.5,8.5,216,233,,bub-means.php,,,0.6,,,,,,,Bub Means,2026-05-08,NOS
/nfl/rankings/dynasty-wr.php,dynasty-wr,dp,Mecole Hardman Jr.,18587,WR,BUF,233.0,15.0,218,248,,mecole-hardman.php,,,0.6,,,,,,,Mecole Hardman,2026-05-08,BUF
/nfl/rankings/dynasty-wr.php,dynasty-wr,dp,Tejhaun Palmer,26411,WR,ARI,239.5,20.5,219,260,,tejhaun-palmer.php,,,0.1,,,,,,,Tejhaun Palmer,2026-05-08,ARI
/nfl/rankings/dynasty-wr.php,dynasty-wr,dp,Danny Gray,24178,WR,PHI,241.0,21.0,220,262,,danny-gray.php,,,0.0,,,,,,,Danny Gray,2026-05-08,PHI
/nfl/rankings/dynasty-wr.php,dynasty-wr,dp,Quez Watkins,19715,WR,PHI,233.0,12.0,221,245,,quez-watkins.php,,,0.2,,,,,,,Quez Watkins,2026-05-08,PHI
/nfl/rankings/dynasty-wr.php,dynasty-wr,dp,Samori Toure,23883,WR,FA,243.5,21.5,222,265,,samori-toure.php,,,0.1,,,,,,,Samori Toure,2026-05-08,FA
/nfl/rankings/db-cheatsheets.php,redraft-db,rp,Kyle Hamilton,23494,DB,BAL,2.33,0.94,1,3,,kyle-hamilton.php,,,86.4,,,,,2.0,,Kyle Hamilton,2026-05-08,BAL
/nfl/rankings/db-cheatsheets.php,redraft-db,rp,Budda Baker,16733,DB,ARI,3.0,1.41,2,5,,budda-baker.php,,,74.5,,,,,,,Budda Baker,2026-05-08,ARI
/nfl/rankings/db-cheatsheets.php,redraft-db,rp,Derwin James Jr.,17310,DB,LAC,4.0,0.0,4,4,,derwin-james.php,,,85.0,,,,,1.0,,Derwin James,2026-05-08,LAC
/nfl/rankings/db-cheatsheets.php,redraft-db,rp,Jessie Bates III,17544,DB,ATL,8.67,3.77,6,14,,jessie-bates-iii.php,,,46.2,,,,,2.0,,Jessie Bates,2026-05-08,ATL
/nfl/rankings/db-cheatsheets.php,redraft-db,rp,Antoine Winfield Jr.,19266,DB,TB,9.0,5.66,5,17,,antoine-winfield-s.php,,,45.7,,,,,,,Antoine Winfield,2026-05-08,TBB
/nfl/rankings/db-cheatsheets.php,redraft-db,rp,Tyler Nubin,26117,DB,NYG,11.33,4.71,8,18,,tyler-nubin.php,,,35.8,,,,,2.0,,Tyler Nubin,2026-05-08,NYG
/nfl/rankings/db-cheatsheets.php,redraft-db,rp,Jeremy Chinn,19429,DB,LV,12.0,0.0,12,12,,jeremy-chinn.php,,,54.9,,,,,5.0,,Jeremy Chinn,2026-05-08,LVR
/nfl/rankings/db-cheatsheets.php,redraft-db,rp,Xavier McKinney,19216,DB,GB,13.33,5.19,6,17,,xavier-mckinney.php,,,54.1,,,,,9.0,,Xavier McKinney,2026-05-08,GBP
/nfl/rankings/db-cheatsheets.php,redraft-db,rp,Nick Cross,24198,DB,WAS,14.0,2.83,10,16,,nick-cross.php,,,59.8,,,,,7.0,,Nick Cross,2026-05-08,WAS
/nfl/rankings/db-cheatsheets.php,redraft-db,rp,Kevin Byard III,15635,DB,NE,15.33,0.47,15,16,,kevin-byard.php,,,37.9,,,,,5.0,,Kevin Byard,2026-05-08,NEP
/nfl/rankings/db-cheatsheets.php,redraft-db,rp,DeShon Elliott,17344,DB,PIT,16.33,7.54,11,27,,deshon-elliott.php,,,27.2,,,,,,,DeShon Elliott,2026-05-08,PIT
/nfl/rankings/db-cheatsheets.php,redraft-db,rp,Minkah Fitzpatrick,17278,DB,NYJ,17.0,5.66,9,21,,minkah-fitzpatrick.php,,,35.4,,,,,9.0,,Minkah Fitzpatrick,2026-05-08,NYJ
/nfl/rankings/db-cheatsheets.php,redraft-db,rp,Brian Branch,25235,DB,DET,1.0,0.0,1,1,,brian-branch.php,,,76.2,,,,,-12.0,,Brian Branch,2026-05-08,DET
/nfl/rankings/db-cheatsheets.php,redraft-db,rp,Tre'von Moehrig,22699,DB,CAR,19.67,3.3,15,22,,trevon-moehrig.php,,,55.0,,,,,8.0,,Trevon Moehrig,2026-05-08,CAR
/nfl/rankings/db-cheatsheets.php,redraft-db,rp,Jaquan Brisker,23719,DB,PIT,23.33,23.1,7,56,,jaquan-brisker.php,,,40.0,,,,,-8.0,,Jaquan Brisker,2026-05-08,PIT
/nfl/rankings/db-cheatsheets.php,redraft-db,rp,Quentin Lake,24302,DB,LAR,22.0,1.41,20,23,,quentin-lake.php,,,61.7,,,,,7.0,,Quentin Lake,2026-05-08,LAR
/nfl/rankings/db-cheatsheets.php,redraft-db,rp,Joshua Metellus,19580,DB,MIN,22.33,13.2,13,41,,josh-metellus.php,,,34.0,,,,,-4.0,,Joshua Metellus,2026-05-08,MIN
/nfl/rankings/db-cheatsheets.php,redraft-db,rp,Talanoa Hufanga,22817,DB,DEN,22.33,6.6,13,27,,talanoa-hufanga.php,,,75.5,,,,,9.0,,Talanoa Hufanga,2026-05-08,DEN
/nfl/rankings/db-cheatsheets.php,redraft-db,rp,Grant Delpit,19203,DB,CLE,23.0,18.38,10,49,,grant-delpit.php,,,30.1,,,,,-9.0,,Grant Delpit,2026-05-08,CLE
/nfl/rankings/db-cheatsheets.php,redraft-db,rp,Julian Love,18243,DB,SEA,36.33,38.66,9,91,,julian-love.php,,,40.7,,,,,-11.0,,Julian Love,2026-05-08,SEA
/nfl/rankings/db-cheatsheets.php,redraft-db,rp,Jalen Pitre,23721,DB,HOU,23.33,4.71,20,30,,jalen-pitre.php,,,58.9,,,,,,,Jalen Pitre,2026-05-08,HOU
/nfl/rankings/db-cheatsheets.php,redraft-db,rp,Tykee Smith,23751,DB,TB,24.33,9.43,11,31,,tykee-smith.php,,,79.9,,,,,9.0,,Tykee Smith,2026-05-08,TBB
/nfl/rankings/db-cheatsheets.php,redraft-db,rp,Devon Witherspoon,25243,DB,SEA,24.33,0.47,24,25,,devon-witherspoon.php,,,61.7,,,,,,,Devon Witherspoon,2026-05-08,SEA
/nfl/rankings/db-cheatsheets.php,redraft-db,rp,Jordan Battle,23471,DB,CIN,24.67,9.43,18,38,,jordan-battle.php,,,38.1,,,,,-6.0,,Jordan Battle,2026-05-08,CIN
/nfl/rankings/db-cheatsheets.php,redraft-db,rp,Jalen Thompson,19108,DB,DAL,26.0,1.41,25,28,,jalen-thompson.php,,,27.1,,,,,,,Jalen Thompson,2026-05-08,DAL
/nfl/rankings/db-cheatsheets.php,redraft-db,rp,Brandon Jones,19248,DB,DEN,33.67,27.81,14,73,,brandon-jones-s.php,,,28.6,,,,,-12.0,,Brandon Jones,2026-05-08,DEN
/nfl/rankings/db-cheatsheets.php,redraft-db,rp,Reed Blankenship,22754,DB,HOU,30.33,16.03,19,53,,reed-blankenship.php,,,23.4,,,,,-8.0,,Reed Blankenship,2026-05-08,HOU
/nfl/rankings/db-cheatsheets.php,redraft-db,rp,Kam Curl,19459,DB,LAR,30.33,19.33,3,44,,kamren-curl.php,,,65.0,,,,,16.0,,Kam Curl,2026-05-08,LAR
/nfl/rankings/db-cheatsheets.php,redraft-db,rp,Paulson Adebo,19237,DB,NYG,31.0,1.41,30,33,,paulson-adebo.php,,,40.6,,,,,,,Paulson Adebo,2026-05-08,NYG
/nfl/rankings/db-cheatsheets.php,redraft-db,rp,Alontae Taylor,23747,DB,TEN,31.67,6.13,23,36,,alontae-taylor.php,,,37.5,,,,,6.0,,Alontae Taylor,2026-05-08,TEN
/nfl/rankings/db-cheatsheets.php,redraft-db,rp,Cam Bynum,22757,DB,IND,32.33,8.96,26,45,,camryn-bynum.php,,,25.8,,,,,-5.0,,Cam Bynum,2026-05-08,IND
/nfl/rankings/db-cheatsheets.php,redraft-db,rp,Nick Emmanwori,27053,DB,SEA,2.0,0.0,2,2,,nick-emmanwori.php,,,85.2,,,,,,,Nick Emmanwori,2026-05-08,SEA
/nfl/rankings/db-cheatsheets.php,redraft-db,rp,Harrison Smith,11260,DB,FA,28.0,0.0,28,28,,harrison-smith.php,,,2.4,,,,,-5.0,,Harrison Smith,2026-05-08,FA
/nfl/rankings/db-cheatsheets.php,redraft-db,rp,Caleb Downs,27950,DB,DAL,7.0,0.0,7,7,,caleb-downs.php,,,51.7,,,,,,,Caleb Downs,2026-05-08,DAL
/nfl/rankings/db-cheatsheets.php,redraft-db,rp,Kerby Joseph,23800,DB,DET,29.0,0.0,29,29,,kerby-joseph.php,,,29.2,,,,,-6.0,,Kerby Joseph,2026-05-08,DET
/nfl/rankings/db-cheatsheets.php,redraft-db,rp,Dillon Thieneman,27967,DB,CHI,8.0,0.0,8,8,,dillon-thieneman.php,,,35.7,,,,,,,Dillon Thieneman,2026-05-08,CHI
/nfl/rankings/db-cheatsheets.php,redraft-db,rp,Amani Hooker,18589,DB,TEN,52.67,29.23,32,94,,amani-hooker.php,,,20.4,,,,,-5.0,,Amani Hooker,2026-05-08,TEN
/nfl/rankings/db-cheatsheets.php,redraft-db,rp,Justin Reid,17320,DB,NO,41.33,11.79,33,58,,justin-reid.php,,,17.1,,,,,-5.0,,Justin Reid,2026-05-08,NOS
/nfl/rankings/db-cheatsheets.php,redraft-db,rp,Jevon Holland,22690,DB,NYG,46.67,17.91,34,72,,jevon-holland.php,,,17.9,,,,,-5.0,,Jevon Holland,2026-05-08,NYG
/nfl/rankings/db-cheatsheets.php,redraft-db,rp,Xavier Watts,27067,DB,ATL,19.0,0.0,19,19,,xavier-watts.php,,,43.6,,,,,,,Xavier Watts,2026-05-08,ATL
/nfl/rankings/db-cheatsheets.php,redraft-db,rp,Mike Sainristil,26126,DB,WAS,40.33,3.77,35,43,,mike-sainristil.php,,,21.4,,,,,,,Mike Sainristil,2026-05-08,WAS
/nfl/rankings/db-cheatsheets.php,redraft-db,rp,Kenny Moore II,16801,DB,FA,51.67,23.57,35,85,,kenny-moore.php,,,9.7,,,,,-7.0,,Kenny Moore,2026-05-08,FA
/nfl/rankings/db-cheatsheets.php,redraft-db,rp,Kamari Lassiter,26118,DB,HOU,21.0,0.0,21,21,,kamari-lassiter.php,,,63.2,,,,,,,Kamari Lassiter,2026-05-08,HOU
/nfl/rankings/db-cheatsheets.php,redraft-db,rp,Cooper DeJean,26103,DB,PHI,22.0,0.0,22,22,,cooper-dejean.php,,,53.3,,,,,,,Cooper DeJean,2026-05-08,PHI
/nfl/rankings/db-cheatsheets.php,redraft-db,rp,Kyle Dugger,19337,DB,CIN,37.0,0.0,37,37,,kyle-dugger.php,,,7.8,,,,,-8.0,,Kyle Dugger,2026-05-08,CIN
/nfl/rankings/db-cheatsheets.php,redraft-db,rp,Riley Moss,25459,DB,DEN,24.0,0.0,24,24,,riley-moss.php,,,16.0,,,,,,,Riley Moss,2026-05-08,DEN
/nfl/rankings/db-cheatsheets.php,redraft-db,rp,Donovan Wilson,18704,DB,FA,38.0,0.0,38,38,,donovan--wilson.php,,,1.1,,,,,-9.0,,Donovan Wilson,2026-05-08,FA
/nfl/rankings/db-cheatsheets.php,redraft-db,rp,Chamarri Conner,25509,DB,KC,26.0,0.0,26,26,,chamarri-conner.php,,,35.0,,,,,,,Chamarri Conner,2026-05-08,KCC
/nfl/rankings/db-cheatsheets.php,redraft-db,rp,Taron Johnson,17431,DB,LV,39.0,0.0,39,39,,taron-johnson.php,,,16.3,,,,,-10.0,,Taron Johnson,2026-05-08,LVR
/nfl/rankings/db-cheatsheets.php,redraft-db,rp,Cole Bishop,26229,DB,BUF,29.0,0.0,29,29,,cole-bishop.php,,,26.8,,,,,,,Cole Bishop,2026-05-08,BUF
/nfl/rankings/db-cheatsheets.php,redraft-db,rp,Malaki Starks,27017,DB,BAL,50.0,14.14,40,70,,malaki-starks.php,,,33.3,,,,,-11.0,,Malaki Starks,2026-05-08,BAL
/nfl/rankings/db-cheatsheets.php,redraft-db,rp,D'Angelo Ponds,27992,DB,NYJ,31.0,0.0,31,31,,dangelo-ponds.php,,,11.7,,,,,,,DAngelo Ponds,2026-05-08,NYJ
/nfl/rankings/db-cheatsheets.php,redraft-db,rp,Taylor Rapp,18238,DB,FA,41.0,0.0,41,41,,taylor-rapp.php,,,0.9,,,,,-12.0,,Taylor Rapp,2026-05-08,FA
/nfl/rankings/db-cheatsheets.php,redraft-db,rp,Dru Phillips,26164,DB,NYG,32.0,0.0,32,32,,andru-phillips.php,,,10.0,,,,,,,Andru Phillips,2026-05-08,NYG
/nfl/rankings/db-cheatsheets.php,redraft-db,rp,Will Harris,18682,DB,WAS,42.0,0.0,42,42,,will-harris.php,,,2.2,,,,,-13.0,,Will Harris,2026-05-08,WAS
/nfl/rankings/db-cheatsheets.php,redraft-db,rp,Kool-Aid McKinstry,26098,DB,NO,34.0,0.0,34,34,,kool-aid-mckinstry.php,,,19.1,,,,,,,Kool-Aid McKinstry,2026-05-08,NOS
/nfl/rankings/db-cheatsheets.php,redraft-db,rp,Tyson Campbell,22706,DB,CLE,36.0,0.0,36,36,,tyson-campbell.php,,,32.3,,,,,,,Tyson Campbell,2026-05-08,CLE
/nfl/rankings/db-cheatsheets.php,redraft-db,rp,DaRon Bland,24551,DB,DAL,37.0,0.0,37,37,,daron-bland.php,,,28.3,,,,,,,DaRon Bland,2026-05-08,DAL
/nfl/rankings/db-cheatsheets.php,redraft-db,rp,C.J. Gardner-Johnson,18649,DB,BUF,46.33,2.36,43,48,,chauncey-gardner-johnson.php,,,11.3,,,,,-11.0,,CJ Gardner-Johnson,2026-05-08,BUF
/nfl/rankings/db-cheatsheets.php,redraft-db,rp,Jalen Ramsey,15491,DB,PIT,39.0,0.0,39,39,,jalen-ramsey.php,,,22.2,,,,,,,Jalen Ramsey,2026-05-08,PIT
/nfl/rankings/db-cheatsheets.php,redraft-db,rp,Kyler Gordon,23765,DB,CHI,45.0,0.0,45,45,,kyler-gordon.php,,,9.6,,,,,-16.0,,Kyler Gordon,2026-05-08,CHI
/nfl/rankings/db-cheatsheets.php,redraft-db,rp,Nate Wiggins,26100,DB,BAL,40.0,0.0,40,40,,nate-wiggins.php,,,19.9,,,,,,,Nate Wiggins,2026-05-08,BAL
/nfl/rankings/db-cheatsheets.php,redraft-db,rp,Jaden Hicks,26231,DB,KC,46.0,0.0,46,46,,jaden-hicks.php,,,11.8,,,,,-17.0,,Jaden Hicks,2026-05-08,KCC
/nfl/rankings/db-cheatsheets.php,redraft-db,rp,Antonio Johnson,24719,DB,JAC,42.0,0.0,42,42,,antonio-johnson-cb.php,,,6.9,,,,,,,Antonio Johnson,2026-05-08,JAC
/nfl/rankings/db-cheatsheets.php,redraft-db,rp,Xavier Woods,16637,DB,FA,47.0,0.0,47,47,,xavier-woods.php,,,1.3,,,,,-18.0,,Xavier Woods,2026-05-08,FA
/nfl/rankings/db-cheatsheets.php,redraft-db,rp,Mike Jackson Sr.,18637,DB,CAR,44.0,0.0,44,44,,michael-jackson-cb.php,,,16.0,,,,,,,Mike Jackson,2026-05-08,CAR
/nfl/rankings/db-cheatsheets.php,redraft-db,rp,Evan Williams,26131,DB,GB,46.0,0.0,46,46,,evan-williams.php,,,9.4,,,,,,,Evan Williams,2026-05-08,GBP
/nfl/rankings/db-cheatsheets.php,redraft-db,rp,Marcus Jones,23890,DB,NE,47.0,0.0,47,47,,marcus-jones.php,,,26.0,,,,,,,Marcus Jones,2026-05-08,NEP
/nfl/rankings/db-cheatsheets.php,redraft-db,rp,Coby Bryant,23734,DB,CHI,48.0,0.0,48,48,,coby-bryant.php,,,13.9,,,,,,,Coby Bryant,2026-05-08,CHI
/nfl/rankings/db-cheatsheets.php,redraft-db,rp,Money Hunter,24147,DB,FA,49.0,0.0,49,49,,money-hunter.php,,,0.0,,,,,-21.0,,Money Hunter,2026-05-08,FA
/nfl/rankings/db-cheatsheets.php,redraft-db,rp,Jaylon Carlies,26465,LB,IND,50.0,0.0,50,50,,jaylon-carlies.php,,,15.2,,,,,-20.0,,Jaylon Carlies,2026-05-08,IND
/nfl/rankings/db-cheatsheets.php,redraft-db,rp,Travis Hunter,26034,WR,JAC,56.5,7.5,49,64,,travis-hunter.php,,,58.0,,,,,-22.0,,Travis Hunter,2026-05-08,JAC
/nfl/rankings/db-cheatsheets.php,redraft-db,rp,Jamel Dean,18583,DB,PIT,50.0,0.0,50,50,,jamel-dean.php,,,5.1,,,,,,,Jamel Dean,2026-05-08,PIT
/nfl/rankings/db-cheatsheets.php,redraft-db,rp,Kamren Kinchens,26109,DB,LAR,51.0,0.0,51,51,,kamren-kinchens.php,,,10.2,,,,,,,Kamren Kinchens,2026-05-08,LAR
/nfl/rankings/db-cheatsheets.php,redraft-db,rp,Chris Johnson,28065,DB,MIA,52.0,0.0,52,52,,chris-johnson-cb-2.php,,,14.1,,,,,,,Chris Johnson,2026-05-08,MIA
/nfl/rankings/db-cheatsheets.php,redraft-db,rp,Christian Benford,24565,DB,BUF,54.0,0.0,54,54,,christian-benford.php,,,4.1,,,,,,,Christian Benford,2026-05-08,BUF
/nfl/rankings/db-cheatsheets.php,redraft-db,rp,D.J. Reed Jr.,17375,DB,DET,55.0,0.0,55,55,,dj-reed.php,,,6.9,,,,,,,DJ Reed,2026-05-08,DET
/nfl/rankings/db-cheatsheets.php,redraft-db,rp,Byron Murphy Jr.,18220,DB,MIN,57.0,0.0,57,57,,byron-murphy.php,,,10.3,,,,,,,Byron Murphy,2026-05-08,MIN
/nfl/rankings/db-cheatsheets.php,redraft-db,rp,Ja'Quan McMillian,24819,DB,DEN,59.0,0.0,59,59,,jaquan-mcmillian.php,,,13.8,,,,,,,JaQuan McMillian,2026-05-08,DEN
/nfl/rankings/db-cheatsheets.php,redraft-db,rp,A.J. Terrell Jr.,19224,DB,ATL,60.0,0.0,60,60,,aj-terrell.php,,,13.7,,,,,,,AJ Terrell,2026-05-08,ATL
/nfl/rankings/db-cheatsheets.php,redraft-db,rp,James Pierre,19659,DB,MIN,61.0,0.0,61,61,,james-pierre.php,,,2.1,,,,,,,James Pierre,2026-05-08,MIN
/nfl/rankings/db-cheatsheets.php,redraft-db,rp,Calen Bullock,26111,DB,HOU,62.0,0.0,62,62,,calen-bullock.php,,,8.8,,,,,,,Calen Bullock,2026-05-08,HOU
/nfl/rankings/db-cheatsheets.php,redraft-db,rp,Nahshon Wright,23243,DB,NYJ,63.0,0.0,63,63,,nahshon-wright.php,,,12.8,,,,,,,Nahshon Wright,2026-05-08,NYJ
/nfl/rankings/db-cheatsheets.php,redraft-db,rp,Trey Amos,27150,DB,WAS,65.0,0.0,65,65,,trey-amos.php,,,2.5,,,,,,,Trey Amos,2026-05-08,WAS
/nfl/rankings/db-cheatsheets.php,redraft-db,rp,Alohi Gilman,19379,DB,KC,66.0,0.0,66,66,,alohi-gilman.php,,,16.0,,,,,,,Alohi Gilman,2026-05-08,KCC
/nfl/rankings/db-cheatsheets.php,redraft-db,rp,Isaiah Rodgers Sr.,19821,DB,MIN,67.0,0.0,67,67,,isaiah-rodgers.php,,,4.9,,,,,,,Isaiah Rodgers,2026-05-08,MIN
/nfl/rankings/db-cheatsheets.php,redraft-db,rp,Carlton Davis III,17318,DB,NE,68.0,0.0,68,68,,carlton-davis.php,,,6.2,,,,,,,Carlton Davis,2026-05-08,NEP
/nfl/rankings/db-cheatsheets.php,redraft-db,rp,Darien Porter,27195,DB,LV,69.0,0.0,69,69,,darien-porter.php,,,2.1,,,,,,,Darien Porter,2026-05-08,LVR
/nfl/rankings/db-cheatsheets.php,redraft-db,rp,Upton Stout,27246,DB,SF,71.0,0.0,71,71,,upton-stout.php,,,9.8,,,,,,,Upton Stout,2026-05-08,SFO
/nfl/rankings/db-cheatsheets.php,redraft-db,rp,Kevin Winston Jr.,27035,DB,TEN,74.0,0.0,74,74,,kevin-winston-jr.php,,,8.7,,,,,,,Kevin Winston,2026-05-08,TEN
/nfl/rankings/db-cheatsheets.php,redraft-db,rp,Nick Scott,18476,DB,CAR,75.0,0.0,75,75,,nick-scott.php,,,10.4,,,,,,,Nick Scott,2026-05-08,CAR
/nfl/rankings/db-cheatsheets.php,redraft-db,rp,Marlon Humphrey,16390,DB,BAL,76.0,0.0,76,76,,marlon-humphrey.php,,,25.8,,,,,,,Marlon Humphrey,2026-05-08,BAL
/nfl/rankings/db-cheatsheets.php,redraft-db,rp,Keisean Nixon,18495,DB,GB,77.0,0.0,77,77,,keisean-nixon.php,,,21.0,,,,,,,Keisean Nixon,2026-05-08,GBP
/nfl/rankings/db-cheatsheets.php,redraft-db,rp,Jacob Parrish,27257,DB,TB,78.0,0.0,78,78,,jacob-parrish.php,,,12.0,,,,,,,Jacob Parrish,2026-05-08,TBB
/nfl/rankings/db-cheatsheets.php,redraft-db,rp,Trent McDuffie,23492,DB,LAR,79.0,0.0,79,79,,trent-mcduffie.php,,,46.1,,,,,,,Trent McDuffie,2026-05-08,LAR
/nfl/rankings/db-cheatsheets.php,redraft-db,rp,Joey Porter Jr.,24705,DB,PIT,80.0,0.0,80,80,,joey-porter-jr.php,,,6.6,,,,,,,Joey Porter,2026-05-08,PIT
/nfl/rankings/db-cheatsheets.php,redraft-db,rp,Brandon Stephens,14469,DB,NYJ,81.0,0.0,81,81,,brandon-stephens.php,,,6.9,,,,,,,Brandon Stephens,2026-05-08,NYJ
/nfl/rankings/db-cheatsheets.php,redraft-db,rp,Jonas Sanker,27210,DB,NO,82.0,0.0,82,82,,jonas-sanker.php,,,7.6,,,,,,,Jonas Sanker,2026-05-08,NOS
/nfl/rankings/db-cheatsheets.php,redraft-db,rp,Bud Clark,28212,DB,SEA,83.0,0.0,83,83,,bud-clark.php,,,2.8,,,,,,,Bud Clark,2026-05-08,SEA
/nfl/rankings/db-cheatsheets.php,redraft-db,rp,Garrett Williams,23855,DB,ARI,84.0,0.0,84,84,,garrett-williams.php,,,1.9,,,,,,,Garrett Williams,2026-05-08,ARI
/nfl/rankings/db-cheatsheets.php,redraft-db,rp,Nohl Williams,27214,DB,KC,86.0,0.0,86,86,,nohl-williams.php,,,5.9,,,,,,,Nohl Williams,2026-05-08,KCC
/nfl/rankings/db-cheatsheets.php,redraft-db,rp,Eric Murray,15653,DB,JAC,87.0,0.0,87,87,,eric-murray.php,,,8.0,,,,,,,Eric Murray,2026-05-08,JAC
/nfl/rankings/db-cheatsheets.php,redraft-db,rp,Jaylen Watson,24291,DB,LAR,88.0,0.0,88,88,,jaylen-watson.php,,,9.0,,,,,,,Jaylen Watson,2026-05-08,LAR
/nfl/rankings/db-cheatsheets.php,redraft-db,rp,Renardo Green,26451,DB,SF,89.0,0.0,89,89,,renardo-green.php,,,7.3,,,,,,,Renardo Green,2026-05-08,SFO
/nfl/rankings/db-cheatsheets.php,redraft-db,rp,Dadrion Taylor-Demerson,26346,DB,ARI,90.0,0.0,90,90,,dadrion-taylor-demerson.php,,,10.2,,,,,,,Dadrion Taylor-Demerson,2026-05-08,ARI
/nfl/rankings/db-cheatsheets.php,redraft-db,rp,Terrion Arnold,26133,DB,DET,92.0,0.0,92,92,,terrion-arnold.php,,,15.2,,,,,,,Terrion Arnold,2026-05-08,DET
/nfl/rankings/db-cheatsheets.php,redraft-db,rp,Charvarius Ward,17763,DB,IND,93.0,0.0,93,93,,charvarius-ward.php,,,2.8,,,,,,,Charvarius Ward,2026-05-08,IND
/nfl/rankings/db-cheatsheets.php,redraft-db,rp,Bryan Cook,23854,DB,CIN,95.0,0.0,95,95,,bryan-cook.php,,,16.0,,,,,,,Bryan Cook,2026-05-08,CIN
/nfl/rankings/db-cheatsheets.php,redraft-db,rp,Marcus Epps,18575,DB,PHI,96.0,0.0,96,96,,marcus-epps.php,,,2.1,,,,,,,Marcus Epps,2026-05-08,PHI
/nfl/rankings/db-cheatsheets.php,redraft-db,rp,Will Johnson,27009,DB,ARI,97.0,0.0,97,97,,will-johnson-cb.php,,,5.8,,,,,,,Will Johnson,2026-05-08,ARI
/nfl/rankings/db-cheatsheets.php,redraft-db,rp,Tyrique Stevenson,25263,DB,CHI,98.0,0.0,98,98,,tyrique-stevenson.php,,,5.1,,,,,,,Tyrique Stevenson,2026-05-08,CHI
/nfl/rankings/db-cheatsheets.php,redraft-db,rp,Dax Hill,24197,DB,CIN,99.0,0.0,99,99,,daxton-hill.php,,,14.9,,,,,,,Daxton Hill,2026-05-08,CIN
/nfl/rankings/db-cheatsheets.php,redraft-db,rp,Emmanuel McNeil-Warren,28081,DB,CLE,100.0,0.0,100,100,,emmanuel-mcneil-warren.php,,,29.0,,,,,,,Emmanuel McNeil-Warren,2026-05-08,CLE
/nfl/rankings/dl-cheatsheets.php,redraft-dl,rp,Aidan Hutchinson,22738,DL,DET,1.33,0.47,1,2,,aidan-hutchinson.php,,,86.7,,,,,,,Aidan Hutchinson,2026-05-08,DET
/nfl/rankings/dl-cheatsheets.php,redraft-dl,rp,Myles Garrett,16370,DL,CLE,2.33,0.94,1,3,,myles-garrett.php,,,93.9,,,,,1.0,,Myles Garrett,2026-05-08,CLE
/nfl/rankings/dl-cheatsheets.php,redraft-dl,rp,Maxx Crosby,18702,DL,LV,2.33,0.47,2,3,,maxx-crosby.php,,,91.9,,,,,-1.0,,Maxx Crosby,2026-05-08,LVR
/nfl/rankings/dl-cheatsheets.php,redraft-dl,rp,T.J. Watt,16469,LB,PIT,5.0,0.82,4,6,,tj-watt.php,,,77.8,,,,,,,TJ Watt,2026-05-08,PIT
/nfl/rankings/dl-cheatsheets.php,redraft-dl,rp,Nick Bosa,18199,DL,SF,5.67,1.7,4,8,,nick-bosa.php,,,84.6,,,,,,,Nick Bosa,2026-05-08,SFO
/nfl/rankings/dl-cheatsheets.php,redraft-dl,rp,Will Anderson Jr.,24717,DL,HOU,5.67,1.25,4,7,,will-anderson.php,,,87.8,,,,,,,Will Anderson,2026-05-08,HOU
/nfl/rankings/dl-cheatsheets.php,redraft-dl,rp,Micah Parsons,19784,LB,GB,10.0,4.32,6,16,,micah-parsons.php,,,77.4,,,,,,,Micah Parsons,2026-05-08,GBP
/nfl/rankings/dl-cheatsheets.php,redraft-dl,rp,Danielle Hunter,14036,DL,HOU,10.67,2.62,7,13,,danielle-hunter.php,,,77.3,,,,,5.0,,Danielle Hunter,2026-05-08,HOU
/nfl/rankings/dl-cheatsheets.php,redraft-dl,rp,Jeffery Simmons,18207,DL,TEN,12.33,2.49,9,15,,jeffery-simmons.php,,,77.6,,,,,5.0,,Jeffery Simmons,2026-05-08,TEN
/nfl/rankings/dl-cheatsheets.php,redraft-dl,rp,Andrew Van Ginkel,18573,LB,MIN,13.0,2.16,10,15,,andrew-van-ginkel.php,,,78.4,,,,,,,Andrew Van Ginkel,2026-05-08,MIN
/nfl/rankings/dl-cheatsheets.php,redraft-dl,rp,Alex Highsmith,19316,LB,PIT,13.67,3.86,10,19,,alex-highsmith.php,,,59.9,,,,,5.0,,Alex Highsmith,2026-05-08,PIT
/nfl/rankings/dl-cheatsheets.php,redraft-dl,rp,Brian Burns,18223,DL,NYG,14.0,6.48,5,20,,brian-burns.php,,,84.3,,,,,6.0,,Brian Burns,2026-05-08,NYG
/nfl/rankings/dl-cheatsheets.php,redraft-dl,rp,Trey Hendrickson,16719,DL,BAL,14.0,9.2,7,27,,trey-hendrickson.php,,,61.2,,,,,-5.0,,Trey Hendrickson,2026-05-08,BAL
/nfl/rankings/dl-cheatsheets.php,redraft-dl,rp,Jared Verse,25234,DL,LAR,14.0,1.63,12,16,,jared-verse.php,,,66.2,,,,,,,Jared Verse,2026-05-08,LAR
/nfl/rankings/dl-cheatsheets.php,redraft-dl,rp,Greg Rousseau,19787,DL,BUF,18.0,12.73,9,36,,gregory-rousseau.php,,,50.6,,,,,-6.0,,Gregory Rousseau,2026-05-08,BUF
/nfl/rankings/dl-cheatsheets.php,redraft-dl,rp,DeForest Buckner,15494,DL,IND,20.33,13.91,10,40,,deforest-buckner.php,,,53.2,,,,,-6.0,,DeForest Buckner,2026-05-08,IND
/nfl/rankings/dl-cheatsheets.php,redraft-dl,rp,Josh Hines-Allen,18201,DL,JAC,22.33,2.05,20,25,,josh-allen-olb.php,,,52.5,,,,,5.0,,Josh Hines-Allen,2026-05-08,JAC
/nfl/rankings/dl-cheatsheets.php,redraft-dl,rp,Leonard Williams,13892,DL,SEA,22.67,5.44,17,30,,leonard-williams.php,,,35.7,,,,,,,Leonard Williams,2026-05-08,SEA
/nfl/rankings/dl-cheatsheets.php,redraft-dl,rp,Jonathan Greenard,19276,DL,PHI,23.67,15.84,11,46,,jonathan-greenard.php,,,49.7,,,,,-7.0,,Jonathan Greenard,2026-05-08,PHI
/nfl/rankings/dl-cheatsheets.php,redraft-dl,rp,Nik Bonitto,23763,DL,DEN,23.67,6.13,15,28,,nik-bonitto.php,,,61.7,,,,,8.0,,Nik Bonitto,2026-05-08,DEN
/nfl/rankings/dl-cheatsheets.php,redraft-dl,rp,Harold Landry III,17330,LB,NE,24.0,5.72,19,32,,harold-landry.php,,,47.5,,,,,,,Harold Landry,2026-05-08,NEP
/nfl/rankings/dl-cheatsheets.php,redraft-dl,rp,Carl Granderson,18295,DL,NO,25.67,3.77,23,31,,carl-granderson.php,,,46.7,,,,,,,Carl Granderson,2026-05-08,NOS
/nfl/rankings/dl-cheatsheets.php,redraft-dl,rp,Laiatu Latu,26096,DL,IND,26.67,6.13,18,31,,laiatu-latu.php,,,43.7,,,,,8.0,,Laiatu Latu,2026-05-08,IND
/nfl/rankings/dl-cheatsheets.php,redraft-dl,rp,Zach Allen,18221,DL,DEN,44.0,38.19,16,98,,zach-allen.php,,,35.0,,,,,-7.0,,Zach Allen,2026-05-08,DEN
/nfl/rankings/dl-cheatsheets.php,redraft-dl,rp,Yaya Diaby,25264,DL,TB,28.67,3.77,26,34,,yaya-diaby.php,,,37.0,,,,,,,YaYa Diaby,2026-05-08,TBB
/nfl/rankings/dl-cheatsheets.php,redraft-dl,rp,Dexter Lawrence II,18211,DL,CIN,20.0,2.0,18,22,,dexter-lawrence.php,,,31.2,,,,,-6.0,,Dexter Lawrence,2026-05-08,CIN
/nfl/rankings/dl-cheatsheets.php,redraft-dl,rp,George Karlaftis III,23501,DL,KC,30.33,4.71,27,37,,george-karlaftis-iii.php,,,29.0,,,,,,,George Karlaftis,2026-05-08,KCC
/nfl/rankings/dl-cheatsheets.php,redraft-dl,rp,Khalil Mack,12169,LB,LAC,32.0,11.31,24,48,,khalil-mack.php,,,26.5,,,,,-4.0,,Khalil Mack,2026-05-08,LAC
/nfl/rankings/dl-cheatsheets.php,redraft-dl,rp,Josh Sweat,17363,DL,ARI,32.33,10.84,17,40,,josh-sweat.php,,,39.0,,,,,11.0,,Josh Sweat,2026-05-08,ARI
/nfl/rankings/dl-cheatsheets.php,redraft-dl,rp,Cameron Heyward,9862,DL,PIT,32.67,8.96,20,39,,cameron-heyward.php,,,31.1,,,,,9.0,,Cameron Heyward,2026-05-08,PIT
/nfl/rankings/dl-cheatsheets.php,redraft-dl,rp,Tuli Tuipulotu,25364,DL,LAC,33.0,14.14,13,43,,tuli-tuipulotu.php,,,62.0,,,,,12.0,,Tuli Tuipulotu,2026-05-08,LAC
/nfl/rankings/dl-cheatsheets.php,redraft-dl,rp,Travon Walker,23724,DL,JAC,43.0,25.46,25,79,,travon-walker.php,,,38.9,,,,,-7.0,,Travon Walker,2026-05-08,JAC
/nfl/rankings/dl-cheatsheets.php,redraft-dl,rp,Abdul Carter,27022,DL,NYG,34.33,9.43,21,41,,abdul-carter.php,,,53.3,,,,,8.0,,Abdul Carter,2026-05-08,NYG
/nfl/rankings/dl-cheatsheets.php,redraft-dl,rp,Jalen Carter,24703,DL,PHI,36.33,0.94,35,37,,jalen-carter.php,,,44.2,,,,,,,Jalen Carter,2026-05-08,PHI
/nfl/rankings/dl-cheatsheets.php,redraft-dl,rp,Zach Sieler,17548,DL,MIA,50.33,30.17,29,93,,zach-sieler.php,,,22.8,,,,,-6.0,,Zach Sieler,2026-05-08,MIA
/nfl/rankings/dl-cheatsheets.php,redraft-dl,rp,Montez Sweat,18213,DL,CHI,36.67,7.54,26,42,,montez-sweat.php,,,47.4,,,,,6.0,,Montez Sweat,2026-05-08,CHI
/nfl/rankings/dl-cheatsheets.php,redraft-dl,rp,Byron Young,25449,DL,LAR,37.0,18.38,11,50,,byron-young-edge.php,,,62.4,,,,,13.0,,Byron Young,2026-05-08,LAR
/nfl/rankings/dl-cheatsheets.php,redraft-dl,rp,Jonathon Cooper,22821,DL,DEN,42.33,17.44,30,67,,jonathon-cooper.php,,,19.3,,,,,-8.0,,Jonathon Cooper,2026-05-08,DEN
/nfl/rankings/dl-cheatsheets.php,redraft-dl,rp,Quinnen Williams,18200,DL,DAL,38.0,0.0,38,38,,quinnen-williams.php,,,54.1,,,,,,,Quinnen Williams,2026-05-08,DAL
/nfl/rankings/dl-cheatsheets.php,redraft-dl,rp,Kobie Turner,25283,DL,LAR,40.67,12.26,32,58,,kobie-turner.php,,,23.8,,,,,-8.0,,Kobie Turner,2026-05-08,LAR
/nfl/rankings/dl-cheatsheets.php,redraft-dl,rp,Chris Jones,15620,DL,KC,39.67,9.43,33,53,,chris-jones-dl.php,,,35.2,,,,,-8.0,,Chris Jones,2026-05-08,KCC
/nfl/rankings/dl-cheatsheets.php,redraft-dl,rp,Nolan Smith Jr.,24711,DL,PHI,34.0,0.0,34,34,,nolan-smith.php,,,26.6,,,,,-8.0,,Nolan Smith,2026-05-08,PHI
/nfl/rankings/dl-cheatsheets.php,redraft-dl,rp,DeMarcus Lawrence,12217,DL,SEA,19.0,0.0,19,19,,demarcus-lawrence.php,,,28.7,,,,,,,DeMarcus Lawrence,2026-05-08,SEA
/nfl/rankings/dl-cheatsheets.php,redraft-dl,rp,Derrick Brown,19205,DL,CAR,40.67,8.01,35,52,,derrick-brown.php,,,39.3,,,,,-9.0,,Derrick Brown,2026-05-08,CAR
/nfl/rankings/dl-cheatsheets.php,redraft-dl,rp,Will McDonald IV,25254,DL,NYJ,49.0,18.38,36,75,,will-mcdonald-iv.php,,,23.8,,,,,-9.0,,Will McDonald,2026-05-08,NYJ
/nfl/rankings/dl-cheatsheets.php,redraft-dl,rp,Arvell Reese,28053,LB,NYG,22.0,0.0,22,22,,arvell-reese.php,,,0.0,,,,,,,Arvell Reese,2026-05-08,NYG
/nfl/rankings/dl-cheatsheets.php,redraft-dl,rp,Rueben Bain Jr.,27947,EDGE,TB,23.0,0.0,23,23,,rueben-bain-jr.php,,,0.0,,,,,,,Rueben Bain,2026-05-08,TBB
/nfl/rankings/dl-cheatsheets.php,redraft-dl,rp,David Bailey,27191,EDGE,NYJ,24.0,0.0,24,24,,david-bailey-edge.php,,,0.0,,,,,,,David Bailey,2026-05-08,NYJ
/nfl/rankings/dl-cheatsheets.php,redraft-dl,rp,Chase Young,19195,DL,NO,28.0,0.0,28,28,,chase-young.php,,,44.0,,,,,,,Chase Young,2026-05-08,NOS
/nfl/rankings/dl-cheatsheets.php,redraft-dl,rp,Jermaine Johnson II,23733,DL,TEN,43.33,0.94,42,44,,jermaine-johnson.php,,,13.7,,,,,-6.0,,Jermaine Johnson,2026-05-08,TEN
/nfl/rankings/dl-cheatsheets.php,redraft-dl,rp,Dallas Turner,26097,DL,MIN,29.0,0.0,29,29,,dallas-turner.php,,,43.0,,,,,,,Dallas Turner,2026-05-08,MIN
/nfl/rankings/dl-cheatsheets.php,redraft-dl,rp,Jordan Davis,22761,DL,PHI,33.0,0.0,33,33,,jordan-davis.php,,,23.2,,,,,,,Jordan Davis,2026-05-08,PHI
/nfl/rankings/dl-cheatsheets.php,redraft-dl,rp,Jaelan Phillips,22734,DL,CAR,45.0,4.24,39,48,,jaelan-phillips.php,,,37.6,,,,,,,Jaelan Phillips,2026-05-08,CAR
/nfl/rankings/dl-cheatsheets.php,redraft-dl,rp,Bradley Chubb,17277,LB,BUF,45.33,0.94,44,46,,bradley-chubb.php,,,35.0,,,,,-8.0,,Bradley Chubb,2026-05-08,BUF
/nfl/rankings/dl-cheatsheets.php,redraft-dl,rp,Rashan Gary,18209,LB,DAL,48.0,4.24,45,54,,rashan-gary.php,,,40.5,,,,,-10.0,,Rashan Gary,2026-05-08,DAL
/nfl/rankings/dl-cheatsheets.php,redraft-dl,rp,Jalon Walker,27027,LB,ATL,41.0,0.0,41,41,,jalon-walker.php,,,30.8,,,,,,,Jalon Walker,2026-05-08,ATL
/nfl/rankings/dl-cheatsheets.php,redraft-dl,rp,Walter Nolen III,27030,DL,ARI,43.0,0.0,43,43,,walter-nolen.php,,,12.9,,,,,,,Walter Nolen,2026-05-08,ARI
/nfl/rankings/dl-cheatsheets.php,redraft-dl,rp,Kayvon Thibodeaux,23484,DL,NYG,53.0,8.49,47,65,,kayvon-thibodeaux.php,,,36.1,,,,,-11.0,,Kayvon Thibodeaux,2026-05-08,NYG
/nfl/rankings/dl-cheatsheets.php,redraft-dl,rp,Nick Herbig,25464,LB,PIT,45.0,0.0,45,45,,nick-herbig.php,,,24.5,,,,,,,Nick Herbig,2026-05-08,PIT
/nfl/rankings/dl-cheatsheets.php,redraft-dl,rp,Cameron Jordan,9886,DL,FA,47.0,0.0,47,47,,cameron-jordan.php,,,9.6,,,,,,,Cameron Jordan,2026-05-08,FA
/nfl/rankings/dl-cheatsheets.php,redraft-dl,rp,Chop Robinson,26105,DL,MIA,66.33,24.51,49,101,,chop-robinson.php,,,35.3,,,,,-12.0,,Chop Robinson,2026-05-08,MIA
/nfl/rankings/dl-cheatsheets.php,redraft-dl,rp,Christian Elliss,23367,DL,NE,49.0,0.0,49,49,,christian-elliss.php,,,17.1,,,,,,,Christian Elliss,2026-05-08,NEP
/nfl/rankings/dl-cheatsheets.php,redraft-dl,rp,Uchenna Nwosu,17448,LB,SEA,50.0,0.0,50,50,,uchenna-nwosu.php,,,10.2,,,,,,,Uchenna Nwosu,2026-05-08,SEA
/nfl/rankings/dl-cheatsheets.php,redraft-dl,rp,Alex Wright,24540,DL,CLE,51.0,0.0,51,51,,alex-wright.php,,,12.8,,,,,,,Alex Wright,2026-05-08,CLE
/nfl/rankings/dl-cheatsheets.php,redraft-dl,rp,K'Lavon Chaisson,19228,DL,WAS,55.0,0.0,55,55,,klavon-chaisson.php,,,13.4,,,,,,,KLavon Chaisson,2026-05-08,WAS
/nfl/rankings/dl-cheatsheets.php,redraft-dl,rp,Jalen Redmond,25777,DL,MIN,56.0,0.0,56,56,,jalen-redmond.php,,,31.0,,,,,,,Jalen Redmond,2026-05-08,MIN
/nfl/rankings/dl-cheatsheets.php,redraft-dl,rp,Byron Murphy II,26221,DL,SEA,57.0,0.0,57,57,,byron-murphy-ii.php,,,21.0,,,,,,,Byron Murphy,2026-05-08,SEA
/nfl/rankings/dl-cheatsheets.php,redraft-dl,rp,Daron Payne,17281,DL,WAS,59.0,0.0,59,59,,daron-payne.php,,,5.8,,,,,,,DaRon Payne,2026-05-08,WAS
/nfl/rankings/dl-cheatsheets.php,redraft-dl,rp,Nnamdi Madubuike,19272,DL,BAL,60.0,0.0,60,60,,justin-madubuike.php,,,45.1,,,,,,,Nnamdi Madubuike,2026-05-08,BAL
/nfl/rankings/dl-cheatsheets.php,redraft-dl,rp,Joey Bosa,15488,DL,FA,61.0,0.0,61,61,,joey-bosa.php,,,21.9,,,,,,,Joey Bosa,2026-05-08,FA
/nfl/rankings/dl-cheatsheets.php,redraft-dl,rp,Nic Scourton,27020,DL,CAR,62.0,0.0,62,62,,nic-scourton.php,,,17.7,,,,,,,Nic Scourton,2026-05-08,CAR
/nfl/rankings/dl-cheatsheets.php,redraft-dl,rp,Donovan Ezeiruaku,27033,DL,DAL,63.0,0.0,63,63,,donovan-ezeiruaku.php,,,16.5,,,,,,,Donovan Ezeiruaku,2026-05-08,DAL
/nfl/rankings/dl-cheatsheets.php,redraft-dl,rp,Odafe Oweh,22714,DL,WAS,64.0,0.0,64,64,,odafe-oweh.php,,,31.8,,,,,,,Odafe Oweh,2026-05-08,WAS
/nfl/rankings/dl-cheatsheets.php,redraft-dl,rp,Zach Harrison,23485,DL,ATL,66.0,0.0,66,66,,zach-harrison.php,,,12.6,,,,,,,Zach Harrison,2026-05-08,ATL
/nfl/rankings/dl-cheatsheets.php,redraft-dl,rp,Akheem Mesidor,27078,DL,LAC,68.0,0.0,68,68,,akheem-mesidor.php,,,28.1,,,,,,,Akheem Mesidor,2026-05-08,LAC
/nfl/rankings/dl-cheatsheets.php,redraft-dl,rp,James Pearce Jr.,27018,DL,ATL,69.0,0.0,69,69,,james-pearce-jr.php,,,24.4,,,,,,,James Pearce,2026-05-08,ATL
/nfl/rankings/dl-cheatsheets.php,redraft-dl,rp,Calais Campbell,10585,DL,BAL,70.0,0.0,70,70,,calais-campbell.php,,,2.4,,,,,,,Calais Campbell,2026-05-08,BAL
/nfl/rankings/dl-cheatsheets.php,redraft-dl,rp,Keeanu Benton,25432,DL,PIT,71.0,0.0,71,71,,keeanu-benton.php,,,4.6,,,,,,,Keeanu Benton,2026-05-08,PIT
/nfl/rankings/dl-cheatsheets.php,redraft-dl,rp,Kayden McDonald,28057,DL,HOU,72.0,0.0,72,72,,kayden-mcdonald.php,,,18.7,,,,,,,Kayden McDonald,2026-05-08,HOU
/nfl/rankings/dl-cheatsheets.php,redraft-dl,rp,Ed Oliver,18202,DL,BUF,73.0,0.0,73,73,,ed-oliver.php,,,40.5,,,,,,,Ed Oliver,2026-05-08,BUF
/nfl/rankings/dl-cheatsheets.php,redraft-dl,rp,Jonathan Allen,16371,DL,CIN,74.0,0.0,74,74,,jonathan-allen.php,,,8.3,,,,,,,Jonathan Allen,2026-05-08,CIN
/nfl/rankings/dl-cheatsheets.php,redraft-dl,rp,Austin Booker,26313,LB,CHI,76.0,0.0,76,76,,austin-booker.php,,,10.4,,,,,,,Austin Booker,2026-05-08,CHI
/nfl/rankings/dl-cheatsheets.php,redraft-dl,rp,Dorance Armstrong Jr.,17315,DL,WAS,77.0,0.0,77,77,,dorance-armstrong-jr.php,,,28.1,,,,,,,Dorance Armstrong,2026-05-08,WAS
/nfl/rankings/dl-cheatsheets.php,redraft-dl,rp,Al-Quadin Muhammad,16715,DL,TB,78.0,0.0,78,78,,al-quadin-muhammad.php,,,4.8,,,,,,,Al-Quadin Muhammad,2026-05-08,TBB
/nfl/rankings/dl-cheatsheets.php,redraft-dl,rp,Dre'Mont Jones,18212,DL,NE,80.0,0.0,80,80,,dremont-jones.php,,,9.5,,,,,,,DreMont Jones,2026-05-08,NEP
/nfl/rankings/dl-cheatsheets.php,redraft-dl,rp,Tyree Wilson,25237,DL,NO,81.0,0.0,81,81,,tyree-wilson.php,,,0.9,,,,,,,Tyree Wilson,2026-05-08,NOS
/nfl/rankings/dl-cheatsheets.php,redraft-dl,rp,Jalyx Hunt,26337,LB,PHI,82.0,0.0,82,82,,jalyx-hunt.php,,,21.5,,,,,,,Jalyx Hunt,2026-05-08,PHI
/nfl/rankings/dl-cheatsheets.php,redraft-dl,rp,Joseph Ossai,22696,DL,NYJ,83.0,0.0,83,83,,joseph-ossai.php,,,10.0,,,,,,,Joseph Ossai,2026-05-08,NYJ
/nfl/rankings/dl-cheatsheets.php,redraft-dl,rp,Zion Young,28091,EDGE,BAL,84.0,0.0,84,84,,zion-young.php,,,0.0,,,,,,,Zion Young,2026-05-08,BAL
/nfl/rankings/dl-cheatsheets.php,redraft-dl,rp,Milton Williams,23209,DL,NE,85.0,0.0,85,85,,milton-williams.php,,,20.5,,,,,,,Milton Williams,2026-05-08,NEP
/nfl/rankings/dl-cheatsheets.php,redraft-dl,rp,Michael Hoecht,20024,DL,BUF,86.0,0.0,86,86,,michael-hoecht.php,,,4.1,,,,,,,Michael Hoecht,2026-05-08,BUF
/nfl/rankings/dl-cheatsheets.php,redraft-dl,rp,Gervon Dexter Sr.,25246,DL,CHI,87.0,0.0,87,87,,gervon-dexter-sr.php,,,3.5,,,,,,,Gervon Dexter,2026-05-08,CHI
/nfl/rankings/dl-cheatsheets.php,redraft-dl,rp,Myles Murphy,24709,DL,CIN,88.0,0.0,88,88,,myles-murphy.php,,,9.3,,,,,,,Myles Murphy,2026-05-08,CIN
/nfl/rankings/dl-cheatsheets.php,redraft-dl,rp,A'Shawn Robinson,15503,DL,TB,89.0,0.0,89,89,,a-shawn-robinson.php,,,4.4,,,,,,,AShawn Robinson,2026-05-08,TBB
/nfl/rankings/dl-cheatsheets.php,redraft-dl,rp,Devonte Wyatt,23757,DL,GB,90.0,0.0,90,90,,devonte-wyatt.php,,,9.9,,,,,,,Devonte Wyatt,2026-05-08,GBP
/nfl/rankings/dl-cheatsheets.php,redraft-dl,rp,Brandon Dorlus,26184,DL,ATL,91.0,0.0,91,91,,brandon-dorlus.php,,,3.4,,,,,,,Brandon Dorlus,2026-05-08,ATL
/nfl/rankings/dl-cheatsheets.php,redraft-dl,rp,Tommy Togiai,22784,DL,HOU,92.0,0.0,92,92,,tommy-togiai.php,,,13.6,,,,,,,Tommy Togiai,2026-05-08,HOU
/nfl/rankings/dl-cheatsheets.php,redraft-dl,rp,Maliek Collins,15533,DL,CLE,94.0,0.0,94,94,,maliek-collins.php,,,3.3,,,,,,,Maliek Collins,2026-05-08,CLE
/nfl/rankings/dl-cheatsheets.php,redraft-dl,rp,Zaven Collins,22698,LB,ARI,95.0,0.0,95,95,,zaven-collins.php,,,16.1,,,,,,,Zaven Collins,2026-05-08,ARI
/nfl/rankings/dl-cheatsheets.php,redraft-dl,rp,Josaiah Stewart,27034,DL,LAR,96.0,0.0,96,96,,josaiah-stewart.php,,,1.7,,,,,,,Josaiah Stewart,2026-05-08,LAR
/nfl/rankings/dl-cheatsheets.php,redraft-dl,rp,Tavius Robinson,25478,DL,BAL,97.0,0.0,97,97,,tavius-robinson.php,,,3.9,,,,,,,Tavius Robinson,2026-05-08,BAL
/nfl/rankings/dl-cheatsheets.php,redraft-dl,rp,Keldric Faulk,27951,DL,TEN,99.0,0.0,99,99,,keldric-faulk.php,,,28.1,,,,,,,Keldric Faulk,2026-05-08,TEN
/nfl/rankings/dl-cheatsheets.php,redraft-dl,rp,Malachi Lawrence,28203,EDGE,DAL,100.0,0.0,100,100,,malachi-lawrence.php,,,0.0,,,,,,,Malachi Lawrence,2026-05-08,DAL
/nfl/rankings/dst-cheatsheets.php,redraft-dst,rp,Houston Texans,8120,DST,HOU,1.11,0.31,1,2,,houston-defense.php,,,94.4,,,,,,,Houston Texans,2026-05-08,HOU
/nfl/rankings/dst-cheatsheets.php,redraft-dst,rp,Denver Broncos,8090,DST,DEN,2.58,1.04,2,6,,denver-defense.php,,,94.6,,,,,,,Denver Broncos,2026-05-08,DEN
/nfl/rankings/dst-cheatsheets.php,redraft-dst,rp,Seattle Seahawks,8260,DST,SEA,2.89,0.55,2,4,,seattle-defense.php,,,94.7,,,,,,,Seattle Seahawks,2026-05-08,SEA
/nfl/rankings/dst-cheatsheets.php,redraft-dst,rp,Los Angeles Rams,8280,DST,LAR,4.74,1.21,3,8,,los-angeles-rams-defense.php,,,55.0,,,,,,,Los Angeles Rams,2026-05-08,LAR
/nfl/rankings/dst-cheatsheets.php,redraft-dst,rp,Philadelphia Eagles,8230,DST,PHI,5.0,1.26,4,10,,philadelphia-defense.php,,,74.2,,,,,,,Philadelphia Eagles,2026-05-08,PHI
/nfl/rankings/dst-cheatsheets.php,redraft-dst,rp,New England Patriots,8180,DST,NE,6.8,1.63,1,9,,new-england-defense.php,,,60.3,,,,,,,New England Patriots,2026-05-08,NEP
/nfl/rankings/dst-cheatsheets.php,redraft-dst,rp,Minnesota Vikings,8170,DST,MIN,7.32,2.47,6,17,,minnesota-defense.php,,,62.5,,,,,,,Minnesota Vikings,2026-05-08,MIN
/nfl/rankings/dst-cheatsheets.php,redraft-dst,rp,Jacksonville Jaguars,8140,DST,JAC,8.65,1.35,7,12,,jacksonville-defense.php,,,51.1,,,,,,,Jacksonville Jaguars,2026-05-08,JAC
/nfl/rankings/dst-cheatsheets.php,redraft-dst,rp,Pittsburgh Steelers,8240,DST,PIT,9.65,2.26,5,14,,pittsburgh-defense.php,,,59.3,,,,,,,Pittsburgh Steelers,2026-05-08,PIT
/nfl/rankings/dst-cheatsheets.php,redraft-dst,rp,Cleveland Browns,8070,DST,CLE,11.4,1.74,6,14,,cleveland-defense.php,,,37.3,,,,,,,Cleveland Browns,2026-05-08,CLE
/nfl/rankings/dst-cheatsheets.php,redraft-dst,rp,Los Angeles Chargers,8250,DST,LAC,10.33,1.33,8,13,,los-angeles-chargers-defense.php,,,37.7,,,,,,,Los Angeles Chargers,2026-05-08,LAC
/nfl/rankings/dst-cheatsheets.php,redraft-dst,rp,Green Bay Packers,8110,DST,GB,11.56,2.34,9,20,,green-bay-defense.php,,,36.0,,,,,,,Green Bay Packers,2026-05-08,GBP
/nfl/rankings/dst-cheatsheets.php,redraft-dst,rp,Baltimore Ravens,8020,DST,BAL,13.21,3.12,6,18,,baltimore-defense.php,,,39.4,,,,,-2.0,,Baltimore Ravens,2026-05-08,BAL
/nfl/rankings/dst-cheatsheets.php,redraft-dst,rp,Kansas City Chiefs,8150,DST,KC,13.84,3.2,2,19,,kansas-city-defense.php,,,35.9,,,,,,,Kansas City Chiefs,2026-05-08,KCC
/nfl/rankings/dst-cheatsheets.php,redraft-dst,rp,Detroit Lions,8100,DST,DET,15.47,2.52,11,22,,detroit-defense.php,,,54.8,,,,,,,Detroit Lions,2026-05-08,DET
/nfl/rankings/dst-cheatsheets.php,redraft-dst,rp,Buffalo Bills,8030,DST,BUF,16.05,1.73,14,21,,buffalo-defense.php,,,48.8,,,,,,,Buffalo Bills,2026-05-08,BUF
/nfl/rankings/dst-cheatsheets.php,redraft-dst,rp,Atlanta Falcons,8010,DST,ATL,17.75,4.17,7,29,,atlanta-defense.php,,,26.2,,,,,,,Atlanta Falcons,2026-05-08,ATL
/nfl/rankings/dst-cheatsheets.php,redraft-dst,rp,Indianapolis Colts,8130,DST,IND,18.4,4.67,4,25,,indianapolis-defense.php,,,31.9,,,,,,,Indianapolis Colts,2026-05-08,IND
/nfl/rankings/dst-cheatsheets.php,redraft-dst,rp,Chicago Bears,8050,DST,CHI,18.56,6.73,3,27,,chicago-defense.php,,,23.1,,,,,,,Chicago Bears,2026-05-08,CHI
/nfl/rankings/dst-cheatsheets.php,redraft-dst,rp,San Francisco 49ers,8270,DST,SF,18.89,3.3,14,27,,san-francisco-defense.php,,,39.9,,,,,,,San Francisco 49ers,2026-05-08,SFO
/nfl/rankings/dst-cheatsheets.php,redraft-dst,rp,New York Giants,8200,DST,NYG,21.05,5.73,7,27,,new-york-giants-defense.php,,,38.7,,,,,,,New York Giants,2026-05-08,NYG
/nfl/rankings/dst-cheatsheets.php,redraft-dst,rp,New Orleans Saints,8190,DST,NO,20.06,3.6,8,24,,new-orleans-defense.php,,,38.9,,,,,,,New Orleans Saints,2026-05-08,NOS
/nfl/rankings/dst-cheatsheets.php,redraft-dst,rp,Dallas Cowboys,8080,DST,DAL,20.44,6.68,5,30,,dallas-defense.php,,,26.7,,,,,,,Dallas Cowboys,2026-05-08,DAL
/nfl/rankings/dst-cheatsheets.php,redraft-dst,rp,Carolina Panthers,8040,DST,CAR,20.41,3.11,10,24,,carolina-defense.php,,,19.5,,,,,,,Carolina Panthers,2026-05-08,CAR
/nfl/rankings/dst-cheatsheets.php,redraft-dst,rp,Miami Dolphins,8160,DST,MIA,22.95,5.5,9,30,,miami-defense.php,,,17.6,,,,,,,Miami Dolphins,2026-05-08,MIA
/nfl/rankings/dst-cheatsheets.php,redraft-dst,rp,Tampa Bay Buccaneers,8290,DST,TB,23.33,3.76,10,27,,tampa-bay-defense.php,,,35.4,,,,,,,Tampa Bay Buccaneers,2026-05-08,TBB
/nfl/rankings/dst-cheatsheets.php,redraft-dst,rp,Washington Commanders,8310,DST,WAS,23.61,6.99,6,30,,washington-defense.php,,,26.7,,,,,,,Washington Commanders,2026-05-08,WAS
/nfl/rankings/dst-cheatsheets.php,redraft-dst,rp,Tennessee Titans,8300,DST,TEN,25.21,4.77,12,31,,tennessee-defense.php,,,20.7,,,,,,,Tennessee Titans,2026-05-08,TEN
/nfl/rankings/dst-cheatsheets.php,redraft-dst,rp,Cincinnati Bengals,8060,DST,CIN,26.67,3.7,19,31,,cincinnati-defense.php,,,11.6,,,,,,,Cincinnati Bengals,2026-05-08,CIN
/nfl/rankings/dst-cheatsheets.php,redraft-dst,rp,Las Vegas Raiders,8220,DST,LV,29.54,1.22,28,32,,las-vegas-defense.php,,,20.8,,,,,,,Las Vegas Raiders,2026-05-08,LVR
/nfl/rankings/dst-cheatsheets.php,redraft-dst,rp,New York Jets,8210,DST,NYJ,30.5,1.19,28,32,,new-york-jets-defense.php,,,13.7,,,,,,,New York Jets,2026-05-08,NYJ
/nfl/rankings/dst-cheatsheets.php,redraft-dst,rp,Arizona Cardinals,8000,DST,ARI,31.09,1.5,27,32,,arizona-defense.php,,,9.9,,,,,,,Arizona Cardinals,2026-05-08,ARI
/nfl/rankings/idp-cheatsheets.php,redraft-idp,ro,Roquan Smith,17311,LB,BAL,4.0,2.83,2,8,,roquan-smith.php,,,72.3,,,,,1.0,,Roquan Smith,2026-05-08,BAL
/nfl/rankings/idp-cheatsheets.php,redraft-idp,ro,Aidan Hutchinson,22738,DL,DET,4.67,1.89,2,6,,aidan-hutchinson.php,,,86.7,,,,,4.0,,Aidan Hutchinson,2026-05-08,DET
/nfl/rankings/idp-cheatsheets.php,redraft-idp,ro,Zack Baun,19238,LB,PHI,7.0,4.97,3,14,,zack-baun.php,,,69.4,,,,,1.0,,Zack Baun,2026-05-08,PHI
/nfl/rankings/idp-cheatsheets.php,redraft-idp,ro,Maxx Crosby,18702,DL,LV,7.0,2.83,3,9,,maxx-crosby.php,,,91.9,,,,,5.0,,Maxx Crosby,2026-05-08,LVR
/nfl/rankings/idp-cheatsheets.php,redraft-idp,ro,Myles Garrett,16370,DL,CLE,7.67,4.71,1,11,,myles-garrett.php,,,93.9,,,,,7.0,,Myles Garrett,2026-05-08,CLE
/nfl/rankings/idp-cheatsheets.php,redraft-idp,ro,Fred Warner,17526,LB,SF,7.67,5.91,3,16,,fred-warner.php,,,94.0,,,,,-3.0,,Fred Warner,2026-05-08,SFO
/nfl/rankings/idp-cheatsheets.php,redraft-idp,ro,Foyesade Oluokun,17607,LB,JAC,10.0,7.07,5,20,,foyesade-oluokun.php,,,82.5,,,,,-2.0,,Foyesade Oluokun,2026-05-08,JAC
/nfl/rankings/idp-cheatsheets.php,redraft-idp,ro,Jamien Sherwood,23194,LB,NYJ,12.0,6.38,7,21,,jamien-sherwood.php,,,74.1,,,,,,,Jamien Sherwood,2026-05-08,NYJ
/nfl/rankings/idp-cheatsheets.php,redraft-idp,ro,Zaire Franklin,17563,LB,GB,14.0,18.38,1,40,,zaire-franklin.php,,,55.0,,,,,-8.0,,Zaire Franklin,2026-05-08,GBP
/nfl/rankings/idp-cheatsheets.php,redraft-idp,ro,Ernest Jones IV,23245,LB,SEA,16.0,7.12,10,26,,ernest-jones.php,,,71.9,,,,,,,Ernest Jones,2026-05-08,SEA
/nfl/rankings/idp-cheatsheets.php,redraft-idp,ro,Blake Cashman,18421,LB,MIN,16.0,2.16,14,19,,blake-cashman.php,,,81.8,,,,,4.0,,Blake Cashman,2026-05-08,MIN
/nfl/rankings/idp-cheatsheets.php,redraft-idp,ro,Jordyn Brooks,19292,LB,MIA,17.0,8.49,5,23,,jordyn-brooks.php,,,87.7,,,,,11.0,,Jordyn Brooks,2026-05-08,MIA
/nfl/rankings/idp-cheatsheets.php,redraft-idp,ro,Robert Spillane,18103,LB,NE,18.67,10.87,10,34,,robert-spillane.php,,,52.6,,,,,-3.0,,Robert Spillane,2026-05-08,NEP
/nfl/rankings/idp-cheatsheets.php,redraft-idp,ro,Alex Singleton,14399,LB,DEN,21.67,10.14,14,36,,alex-singleton.php,,,60.7,,,,,,,Alex Singleton,2026-05-08,DEN
/nfl/rankings/idp-cheatsheets.php,redraft-idp,ro,Jack Campbell,25435,LB,DET,22.0,11.31,6,30,,jack-campbell.php,,,89.8,,,,,14.0,,Jack Campbell,2026-05-08,DET
/nfl/rankings/idp-cheatsheets.php,redraft-idp,ro,Kyle Hamilton,23494,DB,BAL,23.33,4.71,20,30,,kyle-hamilton.php,,,86.4,,,,,4.0,,Kyle Hamilton,2026-05-08,BAL
/nfl/rankings/idp-cheatsheets.php,redraft-idp,ro,Carson Schwesinger,27236,LB,CLE,24.33,12.26,7,33,,carson-schwesinger.php,,,85.8,,,,,16.0,,Carson Schwesinger,2026-05-08,CLE
/nfl/rankings/idp-cheatsheets.php,redraft-idp,ro,Budda Baker,16733,DB,ARI,24.67,12.26,16,42,,budda-baker.php,,,74.5,,,,,,,Budda Baker,2026-05-08,ARI
/nfl/rankings/idp-cheatsheets.php,redraft-idp,ro,T.J. Edwards,18281,LB,CHI,25.0,24.75,7,60,,tj-edwards.php,,,39.4,,,,,-12.0,,TJ Edwards,2026-05-08,CHI
/nfl/rankings/idp-cheatsheets.php,redraft-idp,ro,Nick Bosa,18199,DL,SF,25.33,9.03,15,37,,nick-bosa.php,,,84.6,,,,,10.0,,Nick Bosa,2026-05-08,SFO
/nfl/rankings/idp-cheatsheets.php,redraft-idp,ro,Edgerrin Cooper,26137,LB,GB,28.33,4.71,25,35,,edgerrin-cooper.php,,,57.1,,,,,3.0,,Edgerrin Cooper,2026-05-08,GBP
/nfl/rankings/idp-cheatsheets.php,redraft-idp,ro,Quay Walker,23729,LB,LV,29.33,3.09,25,32,,quay-walker.php,,,70.8,,,,,10.0,,Quay Walker,2026-05-08,LVR
/nfl/rankings/idp-cheatsheets.php,redraft-idp,ro,T.J. Watt,16469,LB,PIT,30.0,14.35,10,43,,tj-watt.php,,,77.8,,,,,15.0,,TJ Watt,2026-05-08,PIT
/nfl/rankings/idp-cheatsheets.php,redraft-idp,ro,Will Anderson Jr.,24717,DL,HOU,30.67,19.14,4,48,,will-anderson.php,,,87.8,,,,,19.0,,Will Anderson,2026-05-08,HOU
/nfl/rankings/idp-cheatsheets.php,redraft-idp,ro,Derwin James Jr.,17310,DB,LAC,31.0,7.07,26,41,,derwin-james.php,,,85.0,,,,,,,Derwin James,2026-05-08,LAC
/nfl/rankings/idp-cheatsheets.php,redraft-idp,ro,Daiyan Henley,25436,LB,LAC,31.33,14.61,21,52,,daiyanhenley.php,,,54.6,,,,,-5.0,,Daiyan Henley,2026-05-08,LAC
/nfl/rankings/idp-cheatsheets.php,redraft-idp,ro,Nick Bolton,22689,LB,KC,33.67,3.09,31,38,,nick-bolton.php,,,85.5,,,,,4.0,,Nick Bolton,2026-05-08,KCC
/nfl/rankings/idp-cheatsheets.php,redraft-idp,ro,Bobby Wagner,11252,LB,FA,34.33,16.05,22,57,,bobby-wagner.php,,,39.0,,,,,-6.0,,Bobby Wagner,2026-05-08,FA
/nfl/rankings/idp-cheatsheets.php,redraft-idp,ro,Quincy Williams,18679,LB,CLE,36.33,0.47,36,37,,quincy-williams.php,,,39.4,,,,,7.0,,Quincy Williams,2026-05-08,CLE
/nfl/rankings/idp-cheatsheets.php,redraft-idp,ro,Brian Branch,25235,DB,DET,13.0,0.0,13,13,,brian-branch.php,,,76.2,,,,,-17.0,,Brian Branch,2026-05-08,DET
/nfl/rankings/idp-cheatsheets.php,redraft-idp,ro,Antoine Winfield Jr.,19266,DB,TB,44.33,23.1,28,77,,antoine-winfield-s.php,,,45.7,,,,,-4.0,,Antoine Winfield,2026-05-08,TBB
/nfl/rankings/idp-cheatsheets.php,redraft-idp,ro,Micah Parsons,19784,LB,GB,44.33,11.32,29,56,,micah-parsons.php,,,77.4,,,,,19.0,,Micah Parsons,2026-05-08,GBP
/nfl/rankings/idp-cheatsheets.php,redraft-idp,ro,Kaden Elliss,18716,LB,NO,17.0,0.0,17,17,,kaden-elliss.php,,,45.7,,,,,-16.0,,Kaden Elliss,2026-05-08,NOS
/nfl/rankings/idp-cheatsheets.php,redraft-idp,ro,Jessie Bates III,17544,DB,ATL,45.67,15.08,35,67,,jessie-bates-iii.php,,,46.2,,,,,,,Jessie Bates,2026-05-08,ATL
/nfl/rankings/idp-cheatsheets.php,redraft-idp,ro,Terrel Bernard,23772,LB,BUF,46.0,39.6,18,102,,terrel-bernard.php,,,41.1,,,,,-17.0,,Terrel Bernard,2026-05-08,BUF
/nfl/rankings/idp-cheatsheets.php,redraft-idp,ro,Logan Wilson,19494,LB,FA,19.0,0.0,19,19,,logan-wilson.php,,,26.0,,,,,-17.0,,Logan Wilson,2026-05-08,FA
/nfl/rankings/idp-cheatsheets.php,redraft-idp,ro,Patrick Queen,19421,LB,PIT,48.33,8.99,41,61,,patrick-queen.php,,,43.7,,,,,5.0,,Patrick Queen,2026-05-08,PIT
/nfl/rankings/idp-cheatsheets.php,redraft-idp,ro,Tremaine Edmunds,17342,LB,NYG,49.0,11.34,33,58,,tremaine-edmunds.php,,,58.9,,,,,18.0,,Tremaine Edmunds,2026-05-08,NYG
/nfl/rankings/idp-cheatsheets.php,redraft-idp,ro,Lavonte David,11245,LB,FA,27.0,0.0,27,27,,lavonte-david.php,,,19.3,,,,,-13.0,,Lavonte David,2026-05-08,FA
/nfl/rankings/idp-cheatsheets.php,redraft-idp,ro,Tyler Nubin,26117,DB,NYG,52.0,18.38,39,78,,tyler-nubin.php,,,35.8,,,,,,,Tyler Nubin,2026-05-08,NYG
/nfl/rankings/idp-cheatsheets.php,redraft-idp,ro,Jeremy Chinn,19429,DB,LV,52.0,9.2,45,65,,jeremy-chinn.php,,,54.9,,,,,5.0,,Jeremy Chinn,2026-05-08,LVR
/nfl/rankings/idp-cheatsheets.php,redraft-idp,ro,Xavier McKinney,19216,DB,GB,52.33,6.6,43,57,,xavier-mckinney.php,,,54.1,,,,,15.0,,Xavier McKinney,2026-05-08,GBP
/nfl/rankings/idp-cheatsheets.php,redraft-idp,ro,Azeez Al-Shaair,18361,LB,HOU,52.67,33.47,29,100,,azeez-al-shaair.php,,,48.3,,,,,-15.0,,Azeez Al-Shaair,2026-05-08,HOU
/nfl/rankings/idp-cheatsheets.php,redraft-idp,ro,Frankie Luvu,17963,LB,WAS,34.0,0.0,34,34,,frankie-luvu.php,,,35.1,,,,,-10.0,,Frankie Luvu,2026-05-08,WAS
/nfl/rankings/idp-cheatsheets.php,redraft-idp,ro,Danielle Hunter,14036,DL,HOU,56.33,32.22,11,83,,danielle-hunter.php,,,77.3,,,,,37.0,,Danielle Hunter,2026-05-08,HOU
/nfl/rankings/idp-cheatsheets.php,redraft-idp,ro,Nick Cross,24198,DB,WAS,56.33,4.71,53,63,,nick-cross.php,,,59.8,,,,,7.0,,Nick Cross,2026-05-08,WAS
/nfl/rankings/idp-cheatsheets.php,redraft-idp,ro,Devin Lloyd,23710,LB,CAR,57.0,2.16,54,59,,devin-lloyd.php,,,42.9,,,,,12.0,,Devin Lloyd,2026-05-08,CAR
/nfl/rankings/idp-cheatsheets.php,redraft-idp,ro,Kevin Byard III,15635,DB,NE,58.33,12.5,49,76,,kevin-byard.php,,,37.9,,,,,,,Kevin Byard,2026-05-08,NEP
/nfl/rankings/idp-cheatsheets.php,redraft-idp,ro,Trey Hendrickson,16719,DL,BAL,58.33,10.37,51,73,,trey-hendrickson.php,,,61.2,,,,,,,Trey Hendrickson,2026-05-08,BAL
/nfl/rankings/idp-cheatsheets.php,redraft-idp,ro,Julian Love,18243,DB,SEA,40.0,2.0,38,42,,julian-love.php,,,40.7,,,,,-11.0,,Julian Love,2026-05-08,SEA
/nfl/rankings/idp-cheatsheets.php,redraft-idp,ro,Jaquan Brisker,23719,DB,PIT,40.0,2.0,38,42,,jaquan-brisker.php,,,40.0,,,,,-11.0,,Jaquan Brisker,2026-05-08,PIT
/nfl/rankings/idp-cheatsheets.php,redraft-idp,ro,Jared Verse,25234,DL,LAR,60.33,27.01,23,86,,jared-verse.php,,,66.2,,,,,29.0,,Jared Verse,2026-05-08,LAR
/nfl/rankings/idp-cheatsheets.php,redraft-idp,ro,Bobby Okereke,18678,LB,FA,40.5,0.5,40,41,,bobby-okereke.php,,,36.4,,,,,-12.0,,Bobby Okereke,2026-05-08,FA
/nfl/rankings/idp-cheatsheets.php,redraft-idp,ro,Alex Anzalone,16720,LB,TB,62.0,5.35,55,68,,alex-anzalone.php,,,31.4,,,,,13.0,,Alex Anzalone,2026-05-08,TBB
/nfl/rankings/idp-cheatsheets.php,redraft-idp,ro,Jeffery Simmons,18207,DL,TEN,62.33,32.06,17,85,,jeffery-simmons.php,,,77.6,,,,,30.0,,Jeffery Simmons,2026-05-08,TEN
/nfl/rankings/idp-cheatsheets.php,redraft-idp,ro,Grant Delpit,19203,DB,CLE,44.0,0.0,44,44,,grant-delpit.php,,,30.1,,,,,-12.0,,Grant Delpit,2026-05-08,CLE
/nfl/rankings/idp-cheatsheets.php,redraft-idp,ro,Demario Davis,11293,LB,NYJ,63.33,16.03,52,86,,demario-davis.php,,,46.2,,,,,,,Demario Davis,2026-05-08,NYJ
/nfl/rankings/idp-cheatsheets.php,redraft-idp,ro,Brian Burns,18223,DL,NYG,45.0,36.0,9,81,,brian-burns.php,,,84.3,,,,,29.0,,Brian Burns,2026-05-08,NYG
/nfl/rankings/idp-cheatsheets.php,redraft-idp,ro,Minkah Fitzpatrick,17278,DB,NYJ,64.0,1.41,62,65,,minkah-fitzpatrick.php,,,35.4,,,,,7.0,,Minkah Fitzpatrick,2026-05-08,NYJ
/nfl/rankings/idp-cheatsheets.php,redraft-idp,ro,DeShon Elliott,17344,DB,PIT,70.0,34.65,45,119,,deshon-elliott.php,,,27.2,,,,,-15.0,,DeShon Elliott,2026-05-08,PIT
/nfl/rankings/idp-cheatsheets.php,redraft-idp,ro,Nate Landman,24674,LB,LAR,64.33,4.64,58,69,,nathan-landman.php,,,61.8,,,,,7.0,,Nate Landman,2026-05-08,LAR
/nfl/rankings/idp-cheatsheets.php,redraft-idp,ro,Joshua Metellus,19580,DB,MIN,47.0,0.0,47,47,,josh-metellus.php,,,34.0,,,,,-15.0,,Joshua Metellus,2026-05-08,MIN
/nfl/rankings/idp-cheatsheets.php,redraft-idp,ro,Brandon Jones,19248,DB,DEN,49.5,0.5,49,50,,brandon-jones-s.php,,,28.6,,,,,-14.0,,Brandon Jones,2026-05-08,DEN
/nfl/rankings/idp-cheatsheets.php,redraft-idp,ro,Andrew Van Ginkel,18573,LB,MIN,67.0,28.3,27,88,,andrew-van-ginkel.php,,,78.4,,,,,22.0,,Andrew Van Ginkel,2026-05-08,MIN
/nfl/rankings/idp-cheatsheets.php,redraft-idp,ro,Alex Highsmith,19316,LB,PIT,54.0,36.0,18,90,,alex-highsmith.php,,,59.9,,,,,29.0,,Alex Highsmith,2026-05-08,PIT
/nfl/rankings/idp-cheatsheets.php,redraft-idp,ro,Tyrel Dodson,18584,LB,MIA,77.67,33.47,54,125,,tyrel-dodson.php,,,53.3,,,,,-12.0,,Tyrel Dodson,2026-05-08,MIA
/nfl/rankings/idp-cheatsheets.php,redraft-idp,ro,Cody Barton,18542,LB,TEN,55.0,0.0,55,55,,cody-barton.php,,,30.3,,,,,-12.0,,Cody Barton,2026-05-08,TEN
/nfl/rankings/idp-cheatsheets.php,redraft-idp,ro,Sonny Styles,27216,LB,WAS,12.0,0.0,12,12,,sonny-styles.php,,,54.0,,,,,,,Sonny Styles,2026-05-08,WAS
/nfl/rankings/idp-cheatsheets.php,redraft-idp,ro,Cedric Gray,26168,LB,TEN,13.0,0.0,13,13,,cedric-gray.php,,,74.7,,,,,,,Cedric Gray,2026-05-08,TEN
/nfl/rankings/idp-cheatsheets.php,redraft-idp,ro,Greg Rousseau,19787,DL,BUF,72.0,15.56,61,94,,gregory-rousseau.php,,,50.6,,,,,-9.0,,Gregory Rousseau,2026-05-08,BUF
/nfl/rankings/idp-cheatsheets.php,redraft-idp,ro,Jordan Battle,23471,DB,CIN,60.0,0.0,60,60,,jordan-battle.php,,,38.1,,,,,-11.0,,Jordan Battle,2026-05-08,CIN
/nfl/rankings/idp-cheatsheets.php,redraft-idp,ro,Tre'von Moehrig,22699,DB,CAR,73.67,4.92,68,80,,trevon-moehrig.php,,,55.0,,,,,,,Trevon Moehrig,2026-05-08,CAR
/nfl/rankings/idp-cheatsheets.php,redraft-idp,ro,Lawrence Wilson,9997,LB,FA,22.0,0.0,22,22,,lawrence-wilson.php,,,0.0,,,,,-15.0,,Lawrence Wilson,2026-05-08,FA
/nfl/rankings/idp-cheatsheets.php,redraft-idp,ro,Byron Young,25449,DL,LAR,22.0,0.0,22,22,,byron-young-edge.php,,,62.4,,,,,,,Byron Young,2026-05-08,LAR
/nfl/rankings/idp-cheatsheets.php,redraft-idp,ro,Tuli Tuipulotu,25364,DL,LAC,24.0,0.0,24,24,,tuli-tuipulotu.php,,,62.0,,,,,,,Tuli Tuipulotu,2026-05-08,LAC
/nfl/rankings/idp-cheatsheets.php,redraft-idp,ro,Nik Bonitto,23763,DL,DEN,63.0,35.0,28,98,,nik-bonitto.php,,,61.7,,,,,27.0,,Nik Bonitto,2026-05-08,DEN
/nfl/rankings/idp-cheatsheets.php,redraft-idp,ro,Germaine Pratt,18291,LB,FA,63.0,4.0,59,67,,germaine-pratt.php,,,21.3,,,,,-15.0,,Germaine Pratt,2026-05-08,FA
/nfl/rankings/idp-cheatsheets.php,redraft-idp,ro,Reed Blankenship,22754,DB,HOU,63.0,1.0,62,64,,reed-blankenship.php,,,23.4,,,,,-15.0,,Reed Blankenship,2026-05-08,HOU
/nfl/rankings/idp-cheatsheets.php,redraft-idp,ro,Jalen Pitre,23721,DB,HOU,82.67,27.82,62,122,,jalen-pitre.php,,,58.9,,,,,-15.0,,Jalen Pitre,2026-05-08,HOU
/nfl/rankings/idp-cheatsheets.php,redraft-idp,ro,Quentin Lake,24302,DB,LAR,76.67,2.49,74,80,,quentin-lake.php,,,61.7,,,,,,,Quentin Lake,2026-05-08,LAR
/nfl/rankings/idp-cheatsheets.php,redraft-idp,ro,Dre Greenlaw,18310,LB,SF,90.67,37.03,63,143,,dre-greenlaw.php,,,34.6,,,,,-16.0,,Dre Greenlaw,2026-05-08,SFO
/nfl/rankings/idp-cheatsheets.php,redraft-idp,ro,Nick Emmanwori,27053,DB,SEA,31.0,0.0,31,31,,nick-emmanwori.php,,,85.2,,,,,,,Nick Emmanwori,2026-05-08,SEA
/nfl/rankings/idp-cheatsheets.php,redraft-idp,ro,Kam Curl,19459,DB,LAR,32.0,0.0,32,32,,kamren-curl.php,,,65.0,,,,,,,Kam Curl,2026-05-08,LAR
/nfl/rankings/idp-cheatsheets.php,redraft-idp,ro,Jack Sanborn,23841,LB,CHI,69.0,1.0,68,70,,jack-sanborn.php,,,29.9,,,,,-15.0,,Jack Sanborn,2026-05-08,CHI
/nfl/rankings/idp-cheatsheets.php,redraft-idp,ro,Christian Rozeboom,19713,LB,TB,69.5,0.5,69,70,,christian-rozeboom.php,,,32.1,,,,,-15.0,,Christian Rozeboom,2026-05-08,TBB
/nfl/rankings/idp-cheatsheets.php,redraft-idp,ro,DeForest Buckner,15494,DL,IND,80.0,12.73,71,98,,deforest-buckner.php,,,53.2,,,,,-15.0,,DeForest Buckner,2026-05-08,IND
/nfl/rankings/idp-cheatsheets.php,redraft-idp,ro,Devin Bush Jr.,18237,LB,CHI,39.0,0.0,39,39,,devin-bush.php,,,43.3,,,,,,,Devin Bush,2026-05-08,CHI
/nfl/rankings/idp-cheatsheets.php,redraft-idp,ro,Talanoa Hufanga,22817,DB,DEN,81.33,11.59,66,94,,talanoa-hufanga.php,,,75.5,,,,,,,Talanoa Hufanga,2026-05-08,DEN
/nfl/rankings/idp-cheatsheets.php,redraft-idp,ro,Caleb Downs,27950,DB,DAL,44.0,0.0,44,44,,caleb-downs.php,,,51.7,,,,,,,Caleb Downs,2026-05-08,DAL
/nfl/rankings/idp-cheatsheets.php,redraft-idp,ro,Dillon Thieneman,27967,DB,CHI,45.0,0.0,45,45,,dillon-thieneman.php,,,35.7,,,,,,,Dillon Thieneman,2026-05-08,CHI
/nfl/rankings/idp-cheatsheets.php,redraft-idp,ro,Josh Sweat,17363,DL,ARI,46.0,0.0,46,46,,josh-sweat.php,,,39.0,,,,,,,Josh Sweat,2026-05-08,ARI
/nfl/rankings/idp-cheatsheets.php,redraft-idp,ro,Laiatu Latu,26096,DL,IND,47.0,0.0,47,47,,laiatu-latu.php,,,43.7,,,,,,,Laiatu Latu,2026-05-08,IND
/nfl/rankings/idp-cheatsheets.php,redraft-idp,ro,Jonathan Greenard,19276,DL,PHI,88.0,20.61,67,116,,jonathan-greenard.php,,,49.7,,,,,-21.0,,Jonathan Greenard,2026-05-08,PHI
/nfl/rankings/idp-cheatsheets.php,redraft-idp,ro,DeMarcus Lawrence,12217,DL,SEA,48.0,0.0,48,48,,demarcus-lawrence.php,,,28.7,,,,,,,DeMarcus Lawrence,2026-05-08,SEA
/nfl/rankings/idp-cheatsheets.php,redraft-idp,ro,Devon Witherspoon,25243,DB,SEA,87.33,18.19,73,113,,devon-witherspoon.php,,,61.7,,,,,-22.0,,Devon Witherspoon,2026-05-08,SEA
/nfl/rankings/idp-cheatsheets.php,redraft-idp,ro,Cameron Heyward,9862,DL,PIT,49.0,0.0,49,49,,cameron-heyward.php,,,31.1,,,,,,,Cameron Heyward,2026-05-08,PIT
/nfl/rankings/idp-cheatsheets.php,redraft-idp,ro,Abdul Carter,27022,DL,NYG,50.0,0.0,50,50,,abdul-carter.php,,,53.3,,,,,,,Abdul Carter,2026-05-08,NYG
/nfl/rankings/idp-cheatsheets.php,redraft-idp,ro,Jalen Thompson,19108,DB,DAL,90.33,21.01,74,120,,jalen-thompson.php,,,27.1,,,,,-23.0,,Jalen Thompson,2026-05-08,DAL
/nfl/rankings/idp-cheatsheets.php,redraft-idp,ro,Arvell Reese,28053,LB,NYG,51.0,0.0,51,51,,arvell-reese.php,,,54.6,,,,,,,Arvell Reese,2026-05-08,NYG
/nfl/rankings/idp-cheatsheets.php,redraft-idp,ro,Demetrius Knight Jr.,27299,LB,CIN,84.33,3.77,79,87,,demetrius-knight-jr.php,,,35.1,,,,,-16.0,,Demetrius Knight,2026-05-08,CIN
/nfl/rankings/idp-cheatsheets.php,redraft-idp,ro,Payton Wilson,26183,LB,PIT,76.5,20.5,56,97,,payton-wilson.php,,,36.3,,,,,,,Payton Wilson,2026-05-08,PIT
/nfl/rankings/idp-cheatsheets.php,redraft-idp,ro,Mack Wilson Sr.,18251,LB,ARI,85.67,13.02,75,104,,mack-wilson.php,,,29.8,,,,,-25.0,,Mack Wilson,2026-05-08,ARI
/nfl/rankings/idp-cheatsheets.php,redraft-idp,ro,CJ Allen,27970,LB,IND,53.0,0.0,53,53,,cj-allen.php,,,32.9,,,,,,,CJ Allen,2026-05-08,IND
/nfl/rankings/idp-cheatsheets.php,redraft-idp,ro,Kenneth Murray Jr.,19212,LB,FA,77.5,5.5,72,83,,kenneth-murray.php,,,14.8,,,,,-26.0,,Kenneth Murray,2026-05-08,FA
/nfl/rankings/idp-cheatsheets.php,redraft-idp,ro,Cam Bynum,22757,DB,IND,78.5,1.5,77,80,,camryn-bynum.php,,,25.8,,,,,-26.0,,Cam Bynum,2026-05-08,IND
/nfl/rankings/idp-cheatsheets.php,redraft-idp,ro,Tyrice Knight,24112,LB,SEA,78.5,0.5,78,79,,tyrice-knight.php,,,19.9,,,,,-26.0,,Tyrice Knight,2026-05-08,SEA
/nfl/rankings/idp-cheatsheets.php,redraft-idp,ro,Josiah Trotter,28077,LB,TB,59.0,0.0,59,59,,josiah-trotter.php,,,31.6,,,,,,,Josiah Trotter,2026-05-08,TBB
/nfl/rankings/idp-cheatsheets.php,redraft-idp,ro,Josh Hines-Allen,18201,DL,JAC,81.5,10.5,71,92,,josh-allen-olb.php,,,52.5,,,,,-11.0,,Josh Hines-Allen,2026-05-08,JAC
/nfl/rankings/idp-cheatsheets.php,redraft-idp,ro,Jordan Hicks,14172,LB,FA,82.0,0.0,82,82,,jordan-hicks.php,,,1.1,,,,,-26.0,,Jordan Hicks,2026-05-08,FA
/nfl/rankings/idp-cheatsheets.php,redraft-idp,ro,Tykee Smith,23751,DB,TB,64.0,0.0,64,64,,tykee-smith.php,,,79.9,,,,,,,Tykee Smith,2026-05-08,TBB
/nfl/rankings/idp-cheatsheets.php,redraft-idp,ro,Rueben Bain Jr.,27947,EDGE,TB,69.0,0.0,69,69,,rueben-bain-jr.php,,,0.0,,,,,,,Rueben Bain,2026-05-08,TBB
/nfl/rankings/idp-cheatsheets.php,redraft-idp,ro,Jihaad Campbell,27051,LB,PHI,90.33,3.4,87,95,,jihaad-campbell.php,,,43.1,,,,,-21.0,,Jihaad Campbell,2026-05-08,PHI
/nfl/rankings/idp-cheatsheets.php,redraft-idp,ro,David Bailey,27191,EDGE,NYJ,70.0,0.0,70,70,,david-bailey-edge.php,,,0.0,,,,,,,David Bailey,2026-05-08,NYJ
/nfl/rankings/idp-cheatsheets.php,redraft-idp,ro,Montez Sweat,18213,DL,CHI,72.0,0.0,72,72,,montez-sweat.php,,,47.4,,,,,,,Montez Sweat,2026-05-08,CHI
/nfl/rankings/idp-cheatsheets.php,redraft-idp,ro,Chase Young,19195,DL,NO,74.0,0.0,74,74,,chase-young.php,,,44.0,,,,,,,Chase Young,2026-05-08,NOS
/nfl/rankings/idp-cheatsheets.php,redraft-idp,ro,Dallas Turner,26097,DL,MIN,75.0,0.0,75,75,,dallas-turner.php,,,43.0,,,,,,,Dallas Turner,2026-05-08,MIN
/nfl/rankings/idp-cheatsheets.php,redraft-idp,ro,Leonard Williams,13892,DL,SEA,88.0,5.0,83,93,,leonard-williams.php,,,35.7,,,,,-18.0,,Leonard Williams,2026-05-08,SEA
/nfl/rankings/idp-cheatsheets.php,redraft-idp,ro,Zach Allen,18221,DL,DEN,89.0,1.0,88,90,,zach-allen.php,,,35.0,,,,,-29.0,,Zach Allen,2026-05-08,DEN
/nfl/rankings/idp-cheatsheets.php,redraft-idp,ro,Xavier Watts,27067,DB,ATL,79.0,0.0,79,79,,xavier-watts.php,,,43.6,,,,,,,Xavier Watts,2026-05-08,ATL
/nfl/rankings/idp-cheatsheets.php,redraft-idp,ro,Kamari Lassiter,26118,DB,HOU,81.0,0.0,81,81,,kamari-lassiter.php,,,63.2,,,,,,,Kamari Lassiter,2026-05-08,HOU
/nfl/rankings/idp-cheatsheets.php,redraft-idp,ro,Cooper DeJean,26103,DB,PHI,82.0,0.0,82,82,,cooper-dejean.php,,,53.3,,,,,,,Cooper DeJean,2026-05-08,PHI
/nfl/rankings/idp-cheatsheets.php,redraft-idp,ro,Carl Granderson,18295,DL,NO,84.0,0.0,84,84,,carl-granderson.php,,,46.7,,,,,,,Carl Granderson,2026-05-08,NOS
/nfl/rankings/idp-cheatsheets.php,redraft-idp,ro,Travis Hunter,26034,WR,JAC,84.0,0.0,84,84,,travis-hunter.php,,,58.0,,,,,-33.0,,Travis Hunter,2026-05-08,JAC
/nfl/rankings/idp-cheatsheets.php,redraft-idp,ro,Nakobe Dean,23702,LB,LV,85.0,0.0,85,85,,nakobe-dean.php,,,59.5,,,,,,,Nakobe Dean,2026-05-08,LVR
/nfl/rankings/idp-cheatsheets.php,redraft-idp,ro,Kerby Joseph,23800,DB,DET,93.5,2.5,91,96,,kerby-joseph.php,,,29.2,,,,,-29.0,,Kerby Joseph,2026-05-08,DET
/nfl/rankings/idp-cheatsheets.php,redraft-idp,ro,Eric Wilson,16691,LB,MIN,88.0,0.0,88,88,,eric-wilson.php,,,28.6,,,,,,,Eric Wilson,2026-05-08,MIN
/nfl/rankings/idp-cheatsheets.php,redraft-idp,ro,Harold Landry III,17330,LB,NE,94.5,4.5,90,99,,harold-landry.php,,,47.5,,,,,-23.0,,Harold Landry,2026-05-08,NEP
/nfl/rankings/idp-cheatsheets.php,redraft-idp,ro,Harrison Smith,11260,DB,FA,89.0,0.0,89,89,,harrison-smith.php,,,2.4,,,,,-36.0,,Harrison Smith,2026-05-08,FA
/nfl/rankings/idp-cheatsheets.php,redraft-idp,ro,Kyle Dugger,19337,DB,CIN,89.0,0.0,89,89,,kyle-dugger.php,,,7.8,,,,,-36.0,,Kyle Dugger,2026-05-08,CIN
/nfl/rankings/idp-cheatsheets.php,redraft-idp,ro,Jordan Davis,22761,DL,PHI,91.0,0.0,91,91,,jordan-davis.php,,,23.2,,,,,,,Jordan Davis,2026-05-08,PHI
/nfl/rankings/idp-cheatsheets.php,redraft-idp,ro,Micah McFadden,23872,LB,NYG,91.0,0.0,91,91,,micah-mcfadden.php,,,20.4,,,,,-36.0,,Micah McFadden,2026-05-08,NYG
/nfl/rankings/idp-cheatsheets.php,redraft-idp,ro,Yaya Diaby,25264,DL,TB,92.0,0.0,92,92,,yaya-diaby.php,,,37.0,,,,,,,YaYa Diaby,2026-05-08,TBB
/nfl/rankings/idp-cheatsheets.php,redraft-idp,ro,Paulson Adebo,19237,DB,NYG,110.5,18.5,92,129,,paulson-adebo.php,,,40.6,,,,,-35.0,,Paulson Adebo,2026-05-08,NYG
/nfl/rankings/idp-cheatsheets.php,redraft-idp,ro,Matt Milano,16510,LB,FA,93.0,0.0,93,93,,matt-milano.php,,,13.7,,,,,-34.0,,Matt Milano,2026-05-08,FA
/nfl/rankings/idp-cheatsheets.php,redraft-idp,ro,Jalen Carter,24703,DL,PHI,93.0,0.0,93,93,,jalen-carter.php,,,44.2,,,,,,,Jalen Carter,2026-05-08,PHI
/nfl/rankings/idp-cheatsheets.php,redraft-idp,ro,Dexter Lawrence II,18211,DL,CIN,94.0,0.0,94,94,,dexter-lawrence.php,,,31.2,,,,,-35.0,,Dexter Lawrence,2026-05-08,CIN
/nfl/rankings/idp-cheatsheets.php,redraft-idp,ro,George Karlaftis III,23501,DL,KC,95.0,0.0,95,95,,george-karlaftis-iii.php,,,29.0,,,,,,,George Karlaftis,2026-05-08,KCC
/nfl/rankings/idp-cheatsheets.php,redraft-idp,ro,Quinnen Williams,18200,DL,DAL,96.0,0.0,96,96,,quinnen-williams.php,,,54.1,,,,,,,Quinnen Williams,2026-05-08,DAL
/nfl/rankings/idp-cheatsheets.php,redraft-idp,ro,Jaelan Phillips,22734,DL,CAR,97.0,0.0,97,97,,jaelan-phillips.php,,,37.6,,,,,,,Jaelan Phillips,2026-05-08,CAR
/nfl/rankings/idp-cheatsheets.php,redraft-idp,ro,Drake Thomas,25905,LB,SEA,99.0,0.0,99,99,,drake-thomas.php,,,24.0,,,,,,,Drake Thomas,2026-05-08,SEA
/nfl/rankings/idp-cheatsheets.php,redraft-idp,ro,Travon Walker,23724,DL,JAC,100.0,0.0,100,100,,travon-walker.php,,,38.9,,,,,-36.0,,Travon Walker,2026-05-08,JAC
/nfl/rankings/idp-cheatsheets.php,redraft-idp,ro,Akeem Davis-Gaither,19261,LB,IND,101.0,0.0,101,101,,akeem-davis-gaither.php,,,13.7,,,,,,,Akeem Davis-Gaither,2026-05-08,IND
/nfl/rankings/idp-cheatsheets.php,redraft-idp,ro,Leo Chenal,23808,LB,WAS,103.0,0.0,103,103,,leo-chenal.php,,,16.3,,,,,,,Leo Chenal,2026-05-08,WAS
/nfl/rankings/idp-cheatsheets.php,redraft-idp,ro,DeMarvion Overshown,25314,LB,DAL,105.0,0.0,105,105,,demarvion-overshown.php,,,36.7,,,,,,,DeMarvion Overshown,2026-05-08,DAL
/nfl/rankings/idp-cheatsheets.php,redraft-idp,ro,Anthony Hill Jr.,27954,LB,TEN,106.0,0.0,106,106,,anthony-hill-jr.php,,,32.9,,,,,,,Anthony Hill,2026-05-08,TEN
/nfl/rankings/idp-cheatsheets.php,redraft-idp,ro,Jalon Walker,27027,LB,ATL,107.0,0.0,107,107,,jalon-walker.php,,,30.8,,,,,,,Jalon Walker,2026-05-08,ATL
/nfl/rankings/idp-cheatsheets.php,redraft-idp,ro,Jermaine Johnson II,23733,DL,TEN,108.0,0.0,108,108,,jermaine-johnson.php,,,13.7,,,,,,,Jermaine Johnson,2026-05-08,TEN
/nfl/rankings/idp-cheatsheets.php,redraft-idp,ro,Walter Nolen III,27030,DL,ARI,109.0,0.0,109,109,,walter-nolen.php,,,12.9,,,,,,,Walter Nolen,2026-05-08,ARI
/nfl/rankings/idp-cheatsheets.php,redraft-idp,ro,Bradley Chubb,17277,LB,BUF,110.0,0.0,110,110,,bradley-chubb.php,,,35.0,,,,,,,Bradley Chubb,2026-05-08,BUF
/nfl/rankings/idp-cheatsheets.php,redraft-idp,ro,Alontae Taylor,23747,DB,TEN,111.0,0.0,111,111,,alontae-taylor.php,,,37.5,,,,,,,Alontae Taylor,2026-05-08,TEN
/nfl/rankings/idp-cheatsheets.php,redraft-idp,ro,Riley Moss,25459,DB,DEN,112.0,0.0,112,112,,riley-moss.php,,,16.0,,,,,,,Riley Moss,2026-05-08,DEN
/nfl/rankings/idp-cheatsheets.php,redraft-idp,ro,Chamarri Conner,25509,DB,KC,114.0,0.0,114,114,,chamarri-conner.php,,,35.0,,,,,,,Chamarri Conner,2026-05-08,KCC
/nfl/rankings/idp-cheatsheets.php,redraft-idp,ro,Nick Herbig,25464,LB,PIT,115.0,0.0,115,115,,nick-herbig.php,,,24.5,,,,,,,Nick Herbig,2026-05-08,PIT
/nfl/rankings/idp-cheatsheets.php,redraft-idp,ro,Cameron Jordan,9886,DL,FA,117.0,0.0,117,117,,cameron-jordan.php,,,9.6,,,,,,,Cameron Jordan,2026-05-08,FA
/nfl/rankings/idp-cheatsheets.php,redraft-idp,ro,Khalil Mack,12169,LB,LAC,118.0,0.0,118,118,,khalil-mack.php,,,26.5,,,,,,,Khalil Mack,2026-05-08,LAC
/nfl/rankings/idp-cheatsheets.php,redraft-idp,ro,Cole Bishop,26229,DB,BUF,121.0,0.0,121,121,,cole-bishop.php,,,26.8,,,,,,,Cole Bishop,2026-05-08,BUF
/nfl/rankings/idp-cheatsheets.php,redraft-idp,ro,D'Angelo Ponds,27992,DB,NYJ,123.0,0.0,123,123,,dangelo-ponds.php,,,11.7,,,,,,,DAngelo Ponds,2026-05-08,NYJ
/nfl/rankings/idp-cheatsheets.php,redraft-idp,ro,Drue Tranquill,18459,LB,KC,124.0,0.0,124,124,,drue-tranquill.php,,,20.4,,,,,,,Drue Tranquill,2026-05-08,KCC
/nfl/rankings/idp-cheatsheets.php,redraft-idp,ro,Pete Werner,22809,LB,NO,126.0,0.0,126,126,,pete-werner.php,,,11.0,,,,,,,Pete Werner,2026-05-08,NOS
/nfl/rankings/idp-cheatsheets.php,redraft-idp,ro,Divine Deablo,23208,LB,ATL,127.0,0.0,127,127,,divine-deablo.php,,,33.5,,,,,,,Divine Deablo,2026-05-08,ATL
/nfl/rankings/idp-cheatsheets.php,redraft-idp,ro,Dru Phillips,26164,DB,NYG,128.0,0.0,128,128,,andru-phillips.php,,,10.0,,,,,,,Andru Phillips,2026-05-08,NYG
/nfl/rankings/idp-cheatsheets.php,redraft-idp,ro,Kool-Aid McKinstry,26098,DB,NO,130.0,0.0,130,130,,kool-aid-mckinstry.php,,,19.1,,,,,,,Kool-Aid McKinstry,2026-05-08,NOS
/nfl/rankings/idp-cheatsheets.php,redraft-idp,ro,Mike Sainristil,26126,DB,WAS,131.0,0.0,131,131,,mike-sainristil.php,,,21.4,,,,,,,Mike Sainristil,2026-05-08,WAS
/nfl/rankings/idp-cheatsheets.php,redraft-idp,ro,Denzel Perryman,14047,LB,LAC,132.0,0.0,132,132,,denzel-perryman.php,,,3.9,,,,,,,Denzel Perryman,2026-05-08,LAC
/nfl/rankings/idp-cheatsheets.php,redraft-idp,ro,Christian Elliss,23367,DL,NE,133.0,0.0,133,133,,christian-elliss.php,,,17.1,,,,,,,Christian Elliss,2026-05-08,NEP
/nfl/rankings/idp-cheatsheets.php,redraft-idp,ro,Uchenna Nwosu,17448,LB,SEA,134.0,0.0,134,134,,uchenna-nwosu.php,,,10.2,,,,,,,Uchenna Nwosu,2026-05-08,SEA
/nfl/rankings/idp-cheatsheets.php,redraft-idp,ro,Alex Wright,24540,DL,CLE,135.0,0.0,135,135,,alex-wright.php,,,12.8,,,,,,,Alex Wright,2026-05-08,CLE
/nfl/rankings/idp-cheatsheets.php,redraft-idp,ro,Derrick Brown,19205,DL,CAR,136.0,0.0,136,136,,derrick-brown.php,,,39.3,,,,,,,Derrick Brown,2026-05-08,CAR
/nfl/rankings/idp-cheatsheets.php,redraft-idp,ro,Chris Jones,15620,DL,KC,137.0,0.0,137,137,,chris-jones-dl.php,,,35.2,,,,,,,Chris Jones,2026-05-08,KCC
/nfl/rankings/idp-cheatsheets.php,redraft-idp,ro,Rashan Gary,18209,LB,DAL,138.0,0.0,138,138,,rashan-gary.php,,,40.5,,,,,,,Rashan Gary,2026-05-08,DAL
/nfl/rankings/idp-cheatsheets.php,redraft-idp,ro,K'Lavon Chaisson,19228,DL,WAS,139.0,0.0,139,139,,klavon-chaisson.php,,,13.4,,,,,,,KLavon Chaisson,2026-05-08,WAS
/nfl/rankings/idp-cheatsheets.php,redraft-idp,ro,Jalen Redmond,25777,DL,MIN,140.0,0.0,140,140,,jalen-redmond.php,,,31.0,,,,,,,Jalen Redmond,2026-05-08,MIN
/nfl/rankings/idp-cheatsheets.php,redraft-idp,ro,Byron Murphy II,26221,DL,SEA,141.0,0.0,141,141,,byron-murphy-ii.php,,,21.0,,,,,,,Byron Murphy,2026-05-08,SEA
/nfl/rankings/idp-cheatsheets.php,redraft-idp,ro,Kobie Turner,25283,DL,LAR,142.0,0.0,142,142,,kobie-turner.php,,,23.8,,,,,,,Kobie Turner,2026-05-08,LAR
/nfl/rankings/idp-cheatsheets.php,redraft-idp,ro,Jacob Rodriguez,28195,LB,MIA,144.0,0.0,144,144,,jacob-rodriguez.php,,,5.9,,,,,,,Jacob Rodriguez,2026-05-08,MIA
/nfl/rankings/idp-cheatsheets.php,redraft-idp,ro,Henry To'oTo'o,23766,LB,HOU,145.0,0.0,145,145,,henry-too-too.php,,,33.1,,,,,,,Henry TooToo,2026-05-08,HOU
/nfl/rankings/idp-cheatsheets.php,redraft-idp,ro,Barrett Carter,26108,LB,CIN,146.0,0.0,146,146,,barrett-carter.php,,,30.9,,,,,,,Barrett Carter,2026-05-08,CIN
/nfl/rankings/idp-cheatsheets.php,redraft-idp,ro,Trevin Wallace,26182,LB,CAR,147.0,0.0,147,147,,trevin-wallace.php,,,18.6,,,,,,,Trevin Wallace,2026-05-08,CAR
/nfl/rankings/idp-cheatsheets.php,redraft-idp,ro,Derrick Barnes,23210,LB,DET,148.0,0.0,148,148,,derrick-barnes.php,,,15.3,,,,,,,Derrick Barnes,2026-05-08,DET
/nfl/rankings/idp-cheatsheets.php,redraft-idp,ro,Tyson Campbell,22706,DB,CLE,149.0,0.0,149,149,,tyson-campbell.php,,,32.3,,,,,,,Tyson Campbell,2026-05-08,CLE
/nfl/rankings/idp-cheatsheets.php,redraft-idp,ro,DaRon Bland,24551,DB,DAL,150.0,0.0,150,150,,daron-bland.php,,,28.3,,,,,,,DaRon Bland,2026-05-08,DAL
/nfl/rankings/k-cheatsheets.php,redraft-k,rp,Brandon Aubrey,26068,K,DAL,1.0,0.0,1,1,,brandon-aubrey.php,,,95.6,,,,,,,Brandon Aubrey,2026-05-08,DAL
/nfl/rankings/k-cheatsheets.php,redraft-k,rp,Ka'imi Fairbairn,15756,K,HOU,2.83,2.29,2,12,,kaimi-fairbairn.php,,,81.2,,,,,,,Kaimi Fairbairn,2026-05-08,HOU
/nfl/rankings/k-cheatsheets.php,redraft-k,rp,Cameron Dicker,23901,K,LAC,4.06,1.13,3,8,,cameron-dicker.php,,,77.4,,,,,1.0,,Cameron Dicker,2026-05-08,LAC
/nfl/rankings/k-cheatsheets.php,redraft-k,rp,Cam Little,26475,K,JAC,4.33,2.89,2,13,,cam-little.php,,,69.1,,,,,-1.0,,Cam Little,2026-05-08,JAC
/nfl/rankings/k-cheatsheets.php,redraft-k,rp,Jason Myers,14003,K,SEA,5.22,1.36,3,10,,jason-myers.php,,,90.1,,,,,,,Jason Myers,2026-05-08,SEA
/nfl/rankings/k-cheatsheets.php,redraft-k,rp,Eddy Pineiro,17575,K,SF,7.94,1.75,6,12,,eddy-pineiro.php,,,55.3,,,,,,,Eddy Pineiro,2026-05-08,SFO
/nfl/rankings/k-cheatsheets.php,redraft-k,rp,Tyler Loop,27534,K,BAL,8.28,3.65,6,21,,tyler-loop.php,,,32.6,,,,,,,Tyler Loop,2026-05-08,BAL
/nfl/rankings/k-cheatsheets.php,redraft-k,rp,Evan McPherson,23297,K,CIN,9.06,2.55,5,15,,evan-mcpherson.php,,,27.4,,,,,,,Evan McPherson,2026-05-08,CIN
/nfl/rankings/k-cheatsheets.php,redraft-k,rp,Andy Borregales,27291,K,NE,10.44,3.55,7,18,,andres-borregales.php,,,12.6,,,,,,,Andy Borregales,2026-05-08,NEP
/nfl/rankings/k-cheatsheets.php,redraft-k,rp,Cairo Santos,13731,K,CHI,10.5,1.89,8,15,,cairo-santos.php,,,26.9,,,,,,,Cairo Santos,2026-05-08,CHI
/nfl/rankings/k-cheatsheets.php,redraft-k,rp,Harrison Butker,16712,K,KC,11.5,4.3,2,18,,harrison-butker.php,,,50.1,,,,,-2.0,,Harrison Butker,2026-05-08,KCC
/nfl/rankings/k-cheatsheets.php,redraft-k,rp,Chase McLaughlin,19058,K,TB,11.56,2.61,9,20,,chase-mclaughlin.php,,,32.0,,,,,,,Chase McLaughlin,2026-05-08,TBB
/nfl/rankings/k-cheatsheets.php,redraft-k,rp,Will Reichard,26341,K,MIN,13.06,4.88,4,19,,will-reichard.php,,,30.1,,,,,,,Will Reichard,2026-05-08,MIN
/nfl/rankings/k-cheatsheets.php,redraft-k,rp,Jake Bates,26075,K,DET,13.28,3.03,10,24,,jake-bates.php,,,49.2,,,,,,,Jake Bates,2026-05-08,DET
/nfl/rankings/k-cheatsheets.php,redraft-k,rp,Chris Boswell,13029,K,PIT,14.06,3.91,4,25,,chris-boswell.php,,,32.6,,,,,,,Chris Boswell,2026-05-08,PIT
/nfl/rankings/k-cheatsheets.php,redraft-k,rp,Wil Lutz,16026,K,DEN,15.28,4.44,2,18,,wil-lutz.php,,,11.4,,,,,,,Wil Lutz,2026-05-08,DEN
/nfl/rankings/k-cheatsheets.php,redraft-k,rp,Harrison Mevis,26638,K,LAR,15.76,3.42,12,26,,harrison-mevis.php,,,54.8,,,,,,,Harrison Mevis,2026-05-08,LAR
/nfl/rankings/k-cheatsheets.php,redraft-k,rp,Chad Ryland,25354,K,ARI,18.56,4.14,8,24,,chad-ryland.php,,,4.8,,,,,,,Chad Ryland,2026-05-08,ARI
/nfl/rankings/k-cheatsheets.php,redraft-k,rp,Charlie Smyth,26444,K,NO,17.88,3.23,13,27,,charlie-smyth.php,,,2.5,,,,,,,Charlie Smyth,2026-05-08,NOS
/nfl/rankings/k-cheatsheets.php,redraft-k,rp,Zane Gonzalez,16548,K,MIA,19.61,5.75,5,30,,zane-gonzalez.php,,,3.1,,,,,,,Zane Gonzalez,2026-05-08,MIA
/nfl/rankings/k-cheatsheets.php,redraft-k,rp,Blake Grupe,25533,K,IND,20.22,4.76,9,26,,blake-grupe.php,,,3.9,,,,,,,Blake Grupe,2026-05-08,IND
/nfl/rankings/k-cheatsheets.php,redraft-k,rp,Jake Elliott,16540,K,PHI,20.5,3.47,12,25,,jake-elliott.php,,,16.0,,,,,,,Jake Elliott,2026-05-08,PHI
/nfl/rankings/k-cheatsheets.php,redraft-k,rp,Brandon McManus,13274,K,GB,20.25,3.17,11,23,,brandon-mcmanus.php,,,4.8,,,,,,,Brandon McManus,2026-05-08,GBP
/nfl/rankings/k-cheatsheets.php,redraft-k,rp,Joey Slye,19028,K,TEN,22.06,4.3,11,27,,joey-slye.php,,,4.1,,,,,,,Joey Slye,2026-05-08,TEN
/nfl/rankings/k-cheatsheets.php,redraft-k,rp,Ryan Fitzgerald,27261,K,CAR,23.28,4.63,10,27,,ryan-fitzgerald.php,,,3.9,,,,,,,Ryan Fitzgerald,2026-05-08,CAR
/nfl/rankings/k-cheatsheets.php,redraft-k,rp,Daniel Carlson,17420,K,LV,22.88,3.48,14,26,,daniel-carlson.php,,,0.8,,,,,,,Daniel Carlson,2026-05-08,LVR
/nfl/rankings/k-cheatsheets.php,redraft-k,rp,Nick Folk,9491,K,ATL,24.25,5.67,11,30,,nick-folk.php,,,10.3,,,,,,,Nick Folk,2026-05-08,ATL
/nfl/rankings/k-cheatsheets.php,redraft-k,rp,Ben Sauls,27798,K,NYG,24.83,4.0,17,28,,ben-sauls.php,,,5.0,,,,,,,Ben Sauls,2026-05-08,NYG
/nfl/rankings/k-cheatsheets.php,redraft-k,rp,Trey Smack,28507,K,GB,21.0,1.0,20,22,,trey-smack.php,,,3.9,,,,,,,Trey Smack,2026-05-08,GBP
/nfl/rankings/k-cheatsheets.php,redraft-k,rp,Jake Moody,24009,K,WAS,29.0,0.63,28,30,,jake-moody.php,,,5.0,,,,,,,Jake Moody,2026-05-08,WAS
/nfl/rankings/k-cheatsheets.php,redraft-k,rp,Jason Sanders,17533,K,NYG,29.8,1.47,27,31,,jason-sanders.php,,,7.8,,,,,,,Jason Sanders,2026-05-08,NYG
/nfl/rankings/k-cheatsheets.php,redraft-k,rp,Tyler Bass,19760,K,BUF,30.2,1.47,28,32,,tyler-bass.php,,,13.4,,,,,,,Tyler Bass,2026-05-08,BUF
/nfl/rankings/k-cheatsheets.php,redraft-k,rp,Cade York,24549,K,NYJ,31.4,2.06,28,34,,cade-york.php,,,8.8,,,,,,,Cade York,2026-05-08,NYJ
/nfl/rankings/k-cheatsheets.php,redraft-k,rp,Andre Szmyt,25713,K,CLE,31.8,0.98,30,33,,andre-szmyt.php,,,3.5,,,,,,,Andre Szmyt,2026-05-08,CLE
/nfl/rankings/k-cheatsheets.php,redraft-k,rp,Matt Gay,18545,K,LV,30.5,1.5,29,32,,matt-gay.php,,,9.0,,,,,,,Matt Gay,2026-05-08,LVR
/nfl/rankings/lb-cheatsheets.php,redraft-lb,rp,Roquan Smith,17311,LB,BAL,2.67,0.94,2,4,,roquan-smith.php,,,72.3,,,,,1.0,,Roquan Smith,2026-05-08,BAL
/nfl/rankings/lb-cheatsheets.php,redraft-lb,rp,Fred Warner,17526,LB,SF,5.67,3.77,3,11,,fred-warner.php,,,94.0,,,,,1.0,,Fred Warner,2026-05-08,SFO
/nfl/rankings/lb-cheatsheets.php,redraft-lb,rp,Zack Baun,19238,LB,PHI,6.0,2.83,4,10,,zack-baun.php,,,69.4,,,,,1.0,,Zack Baun,2026-05-08,PHI
/nfl/rankings/lb-cheatsheets.php,redraft-lb,rp,Foyesade Oluokun,17607,LB,JAC,8.0,4.24,5,14,,foyesade-oluokun.php,,,82.5,,,,,1.0,,Foyesade Oluokun,2026-05-08,JAC
/nfl/rankings/lb-cheatsheets.php,redraft-lb,rp,Jamien Sherwood,23194,LB,NYJ,9.0,4.24,6,15,,jamien-sherwood.php,,,74.1,,,,,,,Jamien Sherwood,2026-05-08,NYJ
/nfl/rankings/lb-cheatsheets.php,redraft-lb,rp,Zaire Franklin,17563,LB,GB,11.0,14.14,1,31,,zaire-franklin.php,,,55.0,,,,,-5.0,,Zaire Franklin,2026-05-08,GBP
/nfl/rankings/lb-cheatsheets.php,redraft-lb,rp,Jordyn Brooks,19292,LB,MIA,11.0,7.07,1,16,,jordyn-brooks.php,,,87.7,,,,,8.0,,Jordyn Brooks,2026-05-08,MIA
/nfl/rankings/lb-cheatsheets.php,redraft-lb,rp,Blake Cashman,18421,LB,MIN,11.0,1.41,10,13,,blake-cashman.php,,,81.8,,,,,2.0,,Blake Cashman,2026-05-08,MIN
/nfl/rankings/lb-cheatsheets.php,redraft-lb,rp,Ernest Jones IV,23245,LB,SEA,12.0,5.66,8,20,,ernest-jones.php,,,71.9,,,,,,,Ernest Jones,2026-05-08,SEA
/nfl/rankings/lb-cheatsheets.php,redraft-lb,rp,Jack Campbell,25435,LB,DET,14.33,8.73,2,21,,jack-campbell.php,,,89.8,,,,,9.0,,Jack Campbell,2026-05-08,DET
/nfl/rankings/lb-cheatsheets.php,redraft-lb,rp,Robert Spillane,18103,LB,NE,14.33,7.54,9,25,,robert-spillane.php,,,52.6,,,,,-2.0,,Robert Spillane,2026-05-08,NEP
/nfl/rankings/lb-cheatsheets.php,redraft-lb,rp,Alex Singleton,14399,LB,DEN,16.33,7.54,11,27,,alex-singleton.php,,,60.7,,,,,,,Alex Singleton,2026-05-08,DEN
/nfl/rankings/lb-cheatsheets.php,redraft-lb,rp,Carson Schwesinger,27236,LB,CLE,16.67,9.67,3,24,,carson-schwesinger.php,,,85.8,,,,,9.0,,Carson Schwesinger,2026-05-08,CLE
/nfl/rankings/lb-cheatsheets.php,redraft-lb,rp,T.J. Edwards,18281,LB,CHI,19.33,17.44,7,44,,tj-edwards.php,,,39.4,,,,,-7.0,,TJ Edwards,2026-05-08,CHI
/nfl/rankings/lb-cheatsheets.php,redraft-lb,rp,Edgerrin Cooper,26137,LB,GB,20.67,3.77,18,26,,edgerrin-cooper.php,,,57.1,,,,,2.0,,Edgerrin Cooper,2026-05-08,GBP
/nfl/rankings/lb-cheatsheets.php,redraft-lb,rp,T.J. Watt,16469,LB,PIT,21.0,10.61,6,29,,tj-watt.php,,,77.8,,,,,11.0,,TJ Watt,2026-05-08,PIT
/nfl/rankings/lb-cheatsheets.php,redraft-lb,rp,Daiyan Henley,25436,LB,LAC,21.33,10.37,14,36,,daiyanhenley.php,,,54.6,,,,,-3.0,,Daiyan Henley,2026-05-08,LAC
/nfl/rankings/lb-cheatsheets.php,redraft-lb,rp,Quay Walker,23729,LB,LV,21.33,1.7,19,23,,quay-walker.php,,,70.8,,,,,3.0,,Quay Walker,2026-05-08,LVR
/nfl/rankings/lb-cheatsheets.php,redraft-lb,rp,Nick Bolton,22689,LB,KC,24.0,3.56,21,29,,nick-bolton.php,,,85.5,,,,,,,Nick Bolton,2026-05-08,KCC
/nfl/rankings/lb-cheatsheets.php,redraft-lb,rp,Kaden Elliss,18716,LB,NO,12.0,0.0,12,12,,kaden-elliss.php,,,45.7,,,,,-8.0,,Kaden Elliss,2026-05-08,NOS
/nfl/rankings/lb-cheatsheets.php,redraft-lb,rp,Bobby Wagner,11252,LB,FA,25.0,11.31,17,41,,bobby-wagner.php,,,39.0,,,,,-5.0,,Bobby Wagner,2026-05-08,FA
/nfl/rankings/lb-cheatsheets.php,redraft-lb,rp,Terrel Bernard,23772,LB,BUF,29.33,23.1,13,62,,terrel-bernard.php,,,41.1,,,,,-9.0,,Terrel Bernard,2026-05-08,BUF
/nfl/rankings/lb-cheatsheets.php,redraft-lb,rp,Quincy Williams,18679,LB,CLE,26.33,1.25,25,28,,quincy-williams.php,,,39.4,,,,,,,Quincy Williams,2026-05-08,CLE
/nfl/rankings/lb-cheatsheets.php,redraft-lb,rp,Micah Parsons,19784,LB,GB,29.33,4.5,23,33,,micah-parsons.php,,,77.4,,,,,9.0,,Micah Parsons,2026-05-08,GBP
/nfl/rankings/lb-cheatsheets.php,redraft-lb,rp,Azeez Al-Shaair,18361,LB,HOU,33.0,19.1,19,60,,azeez-al-shaair.php,,,48.3,,,,,-7.0,,Azeez Al-Shaair,2026-05-08,HOU
/nfl/rankings/lb-cheatsheets.php,redraft-lb,rp,Tremaine Edmunds,17342,LB,NYG,30.33,4.5,24,34,,tremaine-edmunds.php,,,58.9,,,,,8.0,,Tremaine Edmunds,2026-05-08,NYG
/nfl/rankings/lb-cheatsheets.php,redraft-lb,rp,Danielle Hunter,14036,DL,HOU,33.33,18.62,7,47,,danielle-hunter.php,,,77.3,,,,,21.0,,Danielle Hunter,2026-05-08,HOU
/nfl/rankings/lb-cheatsheets.php,redraft-lb,rp,Patrick Queen,19421,LB,PIT,33.33,8.26,27,45,,patrick-queen.php,,,43.7,,,,,,,Patrick Queen,2026-05-08,PIT
/nfl/rankings/lb-cheatsheets.php,redraft-lb,rp,Frankie Luvu,17963,LB,WAS,46.0,30.41,24,89,,frankie-luvu.php,,,35.1,,,,,-6.0,,Frankie Luvu,2026-05-08,WAS
/nfl/rankings/lb-cheatsheets.php,redraft-lb,rp,Bobby Okereke,18678,LB,FA,26.5,0.5,26,27,,bobby-okereke.php,,,36.4,,,,,-5.0,,Bobby Okereke,2026-05-08,FA
/nfl/rankings/lb-cheatsheets.php,redraft-lb,rp,Brian Burns,18223,DL,NYG,5.0,0.0,5,5,,brian-burns.php,,,84.3,,,,,,,Brian Burns,2026-05-08,NYG
/nfl/rankings/lb-cheatsheets.php,redraft-lb,rp,Devin Lloyd,23710,LB,CAR,35.67,1.7,34,38,,devin-lloyd.php,,,42.9,,,,,4.0,,Devin Lloyd,2026-05-08,CAR
/nfl/rankings/lb-cheatsheets.php,redraft-lb,rp,Sonny Styles,27216,LB,WAS,8.0,0.0,8,8,,sonny-styles.php,,,54.0,,,,,,,Sonny Styles,2026-05-08,WAS
/nfl/rankings/lb-cheatsheets.php,redraft-lb,rp,Demario Davis,11293,LB,NYJ,36.67,10.14,29,51,,demario-davis.php,,,46.2,,,,,-6.0,,Demario Davis,2026-05-08,NYJ
/nfl/rankings/lb-cheatsheets.php,redraft-lb,rp,Cedric Gray,26168,LB,TEN,9.0,0.0,9,9,,cedric-gray.php,,,74.7,,,,,,,Cedric Gray,2026-05-08,TEN
/nfl/rankings/lb-cheatsheets.php,redraft-lb,rp,Jared Verse,25234,DL,LAR,37.33,14.38,17,48,,jared-verse.php,,,66.2,,,,,13.0,,Jared Verse,2026-05-08,LAR
/nfl/rankings/lb-cheatsheets.php,redraft-lb,rp,Tyrel Dodson,18584,LB,MIA,44.67,20.04,30,73,,tyrel-dodson.php,,,53.3,,,,,-8.0,,Tyrel Dodson,2026-05-08,MIA
/nfl/rankings/lb-cheatsheets.php,redraft-lb,rp,Alex Highsmith,19316,LB,PIT,12.0,0.0,12,12,,alex-highsmith.php,,,59.9,,,,,,,Alex Highsmith,2026-05-08,PIT
/nfl/rankings/lb-cheatsheets.php,redraft-lb,rp,Cody Barton,18542,LB,TEN,51.67,28.52,31,92,,cody-barton.php,,,30.3,,,,,-9.0,,Cody Barton,2026-05-08,TEN
/nfl/rankings/lb-cheatsheets.php,redraft-lb,rp,Nate Landman,24674,LB,LAR,38.33,2.62,36,42,,nathan-landman.php,,,61.8,,,,,,,Nate Landman,2026-05-08,LAR
/nfl/rankings/lb-cheatsheets.php,redraft-lb,rp,Alex Anzalone,16720,LB,TB,38.67,0.47,38,39,,alex-anzalone.php,,,31.4,,,,,,,Alex Anzalone,2026-05-08,TBB
/nfl/rankings/lb-cheatsheets.php,redraft-lb,rp,Lawrence Wilson,9997,LB,FA,15.0,0.0,15,15,,lawrence-wilson.php,,,0.0,,,,,-11.0,,Lawrence Wilson,2026-05-08,FA
/nfl/rankings/lb-cheatsheets.php,redraft-lb,rp,Logan Wilson,19494,LB,FA,15.0,0.0,15,15,,logan-wilson.php,,,26.0,,,,,-11.0,,Logan Wilson,2026-05-08,FA
/nfl/rankings/lb-cheatsheets.php,redraft-lb,rp,Byron Young,25449,DL,LAR,16.0,0.0,16,16,,byron-young-edge.php,,,62.4,,,,,,,Byron Young,2026-05-08,LAR
/nfl/rankings/lb-cheatsheets.php,redraft-lb,rp,Tuli Tuipulotu,25364,DL,LAC,18.0,0.0,18,18,,tuli-tuipulotu.php,,,62.0,,,,,,,Tuli Tuipulotu,2026-05-08,LAC
/nfl/rankings/lb-cheatsheets.php,redraft-lb,rp,Andrew Van Ginkel,18573,LB,MIN,40.0,13.44,21,50,,andrew-van-ginkel.php,,,78.4,,,,,5.0,,Andrew Van Ginkel,2026-05-08,MIN
/nfl/rankings/lb-cheatsheets.php,redraft-lb,rp,Lavonte David,11245,LB,FA,19.0,0.0,19,19,,lavonte-david.php,,,19.3,,,,,-12.0,,Lavonte David,2026-05-08,FA
/nfl/rankings/lb-cheatsheets.php,redraft-lb,rp,Dre Greenlaw,18310,LB,SF,50.67,21.45,35,81,,dre-greenlaw.php,,,34.6,,,,,-11.0,,Dre Greenlaw,2026-05-08,SFO
/nfl/rankings/lb-cheatsheets.php,redraft-lb,rp,Nik Bonitto,23763,DL,DEN,22.0,0.0,22,22,,nik-bonitto.php,,,61.7,,,,,,,Nik Bonitto,2026-05-08,DEN
/nfl/rankings/lb-cheatsheets.php,redraft-lb,rp,Germaine Pratt,18291,LB,FA,37.5,0.5,37,38,,germaine-pratt.php,,,21.3,,,,,-11.0,,Germaine Pratt,2026-05-08,FA
/nfl/rankings/lb-cheatsheets.php,redraft-lb,rp,Christian Rozeboom,19713,LB,TB,57.33,25.22,39,93,,christian-rozeboom.php,,,32.1,,,,,-10.0,,Christian Rozeboom,2026-05-08,TBB
/nfl/rankings/lb-cheatsheets.php,redraft-lb,rp,Devin Bush Jr.,18237,LB,CHI,30.0,0.0,30,30,,devin-bush.php,,,43.3,,,,,,,Devin Bush,2026-05-08,CHI
/nfl/rankings/lb-cheatsheets.php,redraft-lb,rp,Jack Sanborn,23841,LB,CHI,40.5,0.5,40,41,,jack-sanborn.php,,,29.9,,,,,-11.0,,Jack Sanborn,2026-05-08,CHI
/nfl/rankings/lb-cheatsheets.php,redraft-lb,rp,Josh Sweat,17363,DL,ARI,32.0,0.0,32,32,,josh-sweat.php,,,39.0,,,,,,,Josh Sweat,2026-05-08,ARI
/nfl/rankings/lb-cheatsheets.php,redraft-lb,rp,Kenneth Murray Jr.,19212,LB,FA,41.5,0.5,41,42,,kenneth-murray.php,,,14.8,,,,,-12.0,,Kenneth Murray,2026-05-08,FA
/nfl/rankings/lb-cheatsheets.php,redraft-lb,rp,DeMarcus Lawrence,12217,DL,SEA,33.0,0.0,33,33,,demarcus-lawrence.php,,,28.7,,,,,,,DeMarcus Lawrence,2026-05-08,SEA
/nfl/rankings/lb-cheatsheets.php,redraft-lb,rp,Abdul Carter,27022,DL,NYG,34.0,0.0,34,34,,abdul-carter.php,,,53.3,,,,,,,Abdul Carter,2026-05-08,NYG
/nfl/rankings/lb-cheatsheets.php,redraft-lb,rp,Mack Wilson Sr.,18251,LB,ARI,49.67,10.14,42,64,,mack-wilson.php,,,29.8,,,,,-14.0,,Mack Wilson,2026-05-08,ARI
/nfl/rankings/lb-cheatsheets.php,redraft-lb,rp,Arvell Reese,28053,LB,NYG,35.0,0.0,35,35,,arvell-reese.php,,,54.6,,,,,,,Arvell Reese,2026-05-08,NYG
/nfl/rankings/lb-cheatsheets.php,redraft-lb,rp,Tyrice Knight,24112,LB,SEA,43.5,0.5,43,44,,tyrice-knight.php,,,19.9,,,,,-15.0,,Tyrice Knight,2026-05-08,SEA
/nfl/rankings/lb-cheatsheets.php,redraft-lb,rp,CJ Allen,27970,LB,IND,37.0,0.0,37,37,,cj-allen.php,,,32.9,,,,,,,CJ Allen,2026-05-08,IND
/nfl/rankings/lb-cheatsheets.php,redraft-lb,rp,Demetrius Knight Jr.,27299,LB,CIN,47.0,3.56,44,52,,demetrius-knight-jr.php,,,35.1,,,,,-16.0,,Demetrius Knight,2026-05-08,CIN
/nfl/rankings/lb-cheatsheets.php,redraft-lb,rp,Payton Wilson,26183,LB,PIT,40.0,0.0,40,40,,payton-wilson.php,,,36.3,,,,,,,Payton Wilson,2026-05-08,PIT
/nfl/rankings/lb-cheatsheets.php,redraft-lb,rp,Jonathan Greenard,19276,DL,PHI,53.67,11.56,45,70,,jonathan-greenard.php,,,49.7,,,,,-17.0,,Jonathan Greenard,2026-05-08,PHI
/nfl/rankings/lb-cheatsheets.php,redraft-lb,rp,Josiah Trotter,28077,LB,TB,43.0,0.0,43,43,,josiah-trotter.php,,,31.6,,,,,,,Josiah Trotter,2026-05-08,TBB
/nfl/rankings/lb-cheatsheets.php,redraft-lb,rp,Josh Hines-Allen,18201,DL,JAC,46.0,0.0,46,46,,josh-allen-olb.php,,,52.5,,,,,,,Josh Hines-Allen,2026-05-08,JAC
/nfl/rankings/lb-cheatsheets.php,redraft-lb,rp,Jihaad Campbell,27051,LB,PHI,50.33,2.62,48,54,,jihaad-campbell.php,,,43.1,,,,,-17.0,,Jihaad Campbell,2026-05-08,PHI
/nfl/rankings/lb-cheatsheets.php,redraft-lb,rp,Trey Hendrickson,16719,DL,BAL,47.0,0.0,47,47,,trey-hendrickson.php,,,61.2,,,,,,,Trey Hendrickson,2026-05-08,BAL
/nfl/rankings/lb-cheatsheets.php,redraft-lb,rp,Dallas Turner,26097,DL,MIN,48.0,0.0,48,48,,dallas-turner.php,,,43.0,,,,,,,Dallas Turner,2026-05-08,MIN
/nfl/rankings/lb-cheatsheets.php,redraft-lb,rp,Carl Granderson,18295,DL,NO,49.0,0.0,49,49,,carl-granderson.php,,,46.7,,,,,,,Carl Granderson,2026-05-08,NOS
/nfl/rankings/lb-cheatsheets.php,redraft-lb,rp,Nakobe Dean,23702,LB,LV,50.0,0.0,50,50,,nakobe-dean.php,,,59.5,,,,,,,Nakobe Dean,2026-05-08,LVR
/nfl/rankings/lb-cheatsheets.php,redraft-lb,rp,Eric Wilson,16691,LB,MIN,53.0,0.0,53,53,,eric-wilson.php,,,28.6,,,,,,,Eric Wilson,2026-05-08,MIN
/nfl/rankings/lb-cheatsheets.php,redraft-lb,rp,Harold Landry III,17330,LB,NE,55.0,0.0,55,55,,harold-landry.php,,,47.5,,,,,,,Harold Landry,2026-05-08,NEP
/nfl/rankings/lb-cheatsheets.php,redraft-lb,rp,Yaya Diaby,25264,DL,TB,56.0,0.0,56,56,,yaya-diaby.php,,,37.0,,,,,,,YaYa Diaby,2026-05-08,TBB
/nfl/rankings/lb-cheatsheets.php,redraft-lb,rp,Greg Rousseau,19787,DL,BUF,57.0,0.0,57,57,,gregory-rousseau.php,,,50.6,,,,,,,Gregory Rousseau,2026-05-08,BUF
/nfl/rankings/lb-cheatsheets.php,redraft-lb,rp,Jaelan Phillips,22734,DL,CAR,58.0,0.0,58,58,,jaelan-phillips.php,,,37.6,,,,,,,Jaelan Phillips,2026-05-08,CAR
/nfl/rankings/lb-cheatsheets.php,redraft-lb,rp,Drake Thomas,25905,LB,SEA,59.0,0.0,59,59,,drake-thomas.php,,,24.0,,,,,,,Drake Thomas,2026-05-08,SEA
/nfl/rankings/lb-cheatsheets.php,redraft-lb,rp,Akeem Davis-Gaither,19261,LB,IND,61.0,0.0,61,61,,akeem-davis-gaither.php,,,13.7,,,,,,,Akeem Davis-Gaither,2026-05-08,IND
/nfl/rankings/lb-cheatsheets.php,redraft-lb,rp,Leo Chenal,23808,LB,WAS,63.0,0.0,63,63,,leo-chenal.php,,,16.3,,,,,,,Leo Chenal,2026-05-08,WAS
/nfl/rankings/lb-cheatsheets.php,redraft-lb,rp,DeMarvion Overshown,25314,LB,DAL,65.0,0.0,65,65,,demarvion-overshown.php,,,36.7,,,,,,,DeMarvion Overshown,2026-05-08,DAL
/nfl/rankings/lb-cheatsheets.php,redraft-lb,rp,Anthony Hill Jr.,27954,LB,TEN,66.0,0.0,66,66,,anthony-hill-jr.php,,,32.9,,,,,,,Anthony Hill,2026-05-08,TEN
/nfl/rankings/lb-cheatsheets.php,redraft-lb,rp,Jalon Walker,27027,LB,ATL,67.0,0.0,67,67,,jalon-walker.php,,,30.8,,,,,,,Jalon Walker,2026-05-08,ATL
/nfl/rankings/lb-cheatsheets.php,redraft-lb,rp,Bradley Chubb,17277,LB,BUF,68.0,0.0,68,68,,bradley-chubb.php,,,35.0,,,,,,,Bradley Chubb,2026-05-08,BUF
/nfl/rankings/lb-cheatsheets.php,redraft-lb,rp,Nick Herbig,25464,LB,PIT,69.0,0.0,69,69,,nick-herbig.php,,,24.5,,,,,,,Nick Herbig,2026-05-08,PIT
/nfl/rankings/lb-cheatsheets.php,redraft-lb,rp,Khalil Mack,12169,LB,LAC,71.0,0.0,71,71,,khalil-mack.php,,,26.5,,,,,,,Khalil Mack,2026-05-08,LAC
/nfl/rankings/lb-cheatsheets.php,redraft-lb,rp,Drue Tranquill,18459,LB,KC,72.0,0.0,72,72,,drue-tranquill.php,,,20.4,,,,,,,Drue Tranquill,2026-05-08,KCC
/nfl/rankings/lb-cheatsheets.php,redraft-lb,rp,Pete Werner,22809,LB,NO,74.0,0.0,74,74,,pete-werner.php,,,11.0,,,,,,,Pete Werner,2026-05-08,NOS
/nfl/rankings/lb-cheatsheets.php,redraft-lb,rp,Divine Deablo,23208,LB,ATL,75.0,0.0,75,75,,divine-deablo.php,,,33.5,,,,,,,Divine Deablo,2026-05-08,ATL
/nfl/rankings/lb-cheatsheets.php,redraft-lb,rp,Denzel Perryman,14047,LB,LAC,76.0,0.0,76,76,,denzel-perryman.php,,,3.9,,,,,,,Denzel Perryman,2026-05-08,LAC
/nfl/rankings/lb-cheatsheets.php,redraft-lb,rp,Christian Elliss,23367,DL,NE,77.0,0.0,77,77,,christian-elliss.php,,,17.1,,,,,,,Christian Elliss,2026-05-08,NEP
/nfl/rankings/lb-cheatsheets.php,redraft-lb,rp,Uchenna Nwosu,17448,LB,SEA,78.0,0.0,78,78,,uchenna-nwosu.php,,,10.2,,,,,,,Uchenna Nwosu,2026-05-08,SEA
/nfl/rankings/lb-cheatsheets.php,redraft-lb,rp,Rashan Gary,18209,LB,DAL,79.0,0.0,79,79,,rashan-gary.php,,,40.5,,,,,,,Rashan Gary,2026-05-08,DAL
/nfl/rankings/lb-cheatsheets.php,redraft-lb,rp,K'Lavon Chaisson,19228,DL,WAS,80.0,0.0,80,80,,klavon-chaisson.php,,,13.4,,,,,,,KLavon Chaisson,2026-05-08,WAS
/nfl/rankings/lb-cheatsheets.php,redraft-lb,rp,Jacob Rodriguez,28195,LB,MIA,82.0,0.0,82,82,,jacob-rodriguez.php,,,5.9,,,,,,,Jacob Rodriguez,2026-05-08,MIA
/nfl/rankings/lb-cheatsheets.php,redraft-lb,rp,Henry To'oTo'o,23766,LB,HOU,83.0,0.0,83,83,,henry-too-too.php,,,33.1,,,,,,,Henry TooToo,2026-05-08,HOU
/nfl/rankings/lb-cheatsheets.php,redraft-lb,rp,Barrett Carter,26108,LB,CIN,84.0,0.0,84,84,,barrett-carter.php,,,30.9,,,,,,,Barrett Carter,2026-05-08,CIN
/nfl/rankings/lb-cheatsheets.php,redraft-lb,rp,Trevin Wallace,26182,LB,CAR,85.0,0.0,85,85,,trevin-wallace.php,,,18.6,,,,,,,Trevin Wallace,2026-05-08,CAR
/nfl/rankings/lb-cheatsheets.php,redraft-lb,rp,Derrick Barnes,23210,LB,DET,86.0,0.0,86,86,,derrick-barnes.php,,,15.3,,,,,,,Derrick Barnes,2026-05-08,DET
/nfl/rankings/lb-cheatsheets.php,redraft-lb,rp,Dee Winters,25579,LB,DAL,87.0,0.0,87,87,,dee-winters.php,,,34.5,,,,,,,Dee Winters,2026-05-08,DAL
/nfl/rankings/lb-cheatsheets.php,redraft-lb,rp,Teddye Buchanan,27146,LB,BAL,88.0,0.0,88,88,,teddye-buchanan.php,,,33.5,,,,,,,Teddye Buchanan,2026-05-08,BAL
/nfl/rankings/lb-cheatsheets.php,redraft-lb,rp,Austin Booker,26313,LB,CHI,90.0,0.0,90,90,,austin-booker.php,,,10.4,,,,,,,Austin Booker,2026-05-08,CHI
/nfl/rankings/lb-cheatsheets.php,redraft-lb,rp,Jalyx Hunt,26337,LB,PHI,91.0,0.0,91,91,,jalyx-hunt.php,,,21.5,,,,,,,Jalyx Hunt,2026-05-08,PHI
/nfl/rankings/lb-cheatsheets.php,redraft-lb,rp,Christian Harris,23470,LB,ATL,94.0,0.0,94,94,,christian-harris.php,,,17.1,,,,,,,Christian Harris,2026-05-08,ATL
/nfl/rankings/lb-cheatsheets.php,redraft-lb,rp,Malcolm Rodriguez,23822,LB,DET,95.0,0.0,95,95,,malcolm-rodriguez.php,,,4.4,,,,,,,Malcolm Rodriguez,2026-05-08,DET
/nfl/rankings/lb-cheatsheets.php,redraft-lb,rp,Ventrell Miller,23477,LB,JAC,96.0,0.0,96,96,,ventrell-miller.php,,,7.4,,,,,,,Ventrell Miller,2026-05-08,JAC
/nfl/rankings/lb-cheatsheets.php,redraft-lb,rp,Omar Speights,26730,LB,LAR,97.0,0.0,97,97,,omar-speights.php,,,16.3,,,,,,,Omar Speights,2026-05-08,LAR
/nfl/rankings/lb-cheatsheets.php,redraft-lb,rp,Zaven Collins,22698,LB,ARI,98.0,0.0,98,98,,zaven-collins.php,,,16.1,,,,,,,Zaven Collins,2026-05-08,ARI
/nfl/rankings/ppr-superflex-cheatsheets.php,redraft-op,rsf,Josh Allen,17298,QB,BUF,1.04,0.19,1,2,,josh-allen-qb.php,,,99.2,,,,,,,Josh Allen,2026-05-08,BUF
/nfl/rankings/ppr-superflex-cheatsheets.php,redraft-op,rsf,Lamar Jackson,17233,QB,BAL,2.35,0.55,2,4,,lamar-jackson.php,,,98.5,,,,,,,Lamar Jackson,2026-05-08,BAL
/nfl/rankings/ppr-superflex-cheatsheets.php,redraft-op,rsf,Drake Maye,23046,QB,NE,3.19,0.88,2,5,,drake-maye.php,,,99.1,,,,,,,Drake Maye,2026-05-08,NEP
/nfl/rankings/ppr-superflex-cheatsheets.php,redraft-op,rsf,Joe Burrow,19196,QB,CIN,4.73,1.79,2,9,,joe-burrow.php,,,85.2,,,,,,,Joe Burrow,2026-05-08,CIN
/nfl/rankings/ppr-superflex-cheatsheets.php,redraft-op,rsf,Jayden Daniels,22902,QB,WAS,5.81,2.87,3,18,,jayden-daniels.php,,,87.1,,,,,,,Jayden Daniels,2026-05-08,WAS
/nfl/rankings/ppr-superflex-cheatsheets.php,redraft-op,rsf,Jalen Hurts,19275,QB,PHI,6.77,2.19,4,16,,jalen-hurts.php,,,98.0,,,,,,,Jalen Hurts,2026-05-08,PHI
/nfl/rankings/ppr-superflex-cheatsheets.php,redraft-op,rsf,Ja'Marr Chase,19788,WR,CIN,6.81,1.9,6,12,,jamarr-chase.php,,,98.9,,,,,,,JaMarr Chase,2026-05-08,CIN
/nfl/rankings/ppr-superflex-cheatsheets.php,redraft-op,rsf,Bijan Robinson,23133,RB,ATL,10.81,1.52,10,15,,bijan-robinson.php,,,98.7,,,,,,,Bijan Robinson,2026-05-08,ATL
/nfl/rankings/ppr-superflex-cheatsheets.php,redraft-op,rsf,Puka Nacua,23180,WR,LAR,11.0,2.27,6,17,,puka-nacua.php,,,99.1,,,,,,,Puka Nacua,2026-05-08,LAR
/nfl/rankings/ppr-superflex-cheatsheets.php,redraft-op,rsf,Justin Herbert,18635,QB,LAC,11.38,5.67,7,29,,justin-herbert.php,,,79.6,,,,,,,Justin Herbert,2026-05-08,LAC
/nfl/rankings/ppr-superflex-cheatsheets.php,redraft-op,rsf,Jaxon Smith-Njigba,23070,WR,SEA,11.92,0.78,11,15,,jaxon-smith-njigba.php,,,99.0,,,,,,,Jaxon Smith-Njigba,2026-05-08,SEA
/nfl/rankings/ppr-superflex-cheatsheets.php,redraft-op,rsf,Jaxson Dart,23160,QB,NYG,12.35,5.58,8,26,,jaxson-dart.php,,,84.4,,,,,,,Jaxson Dart,2026-05-08,NYG
/nfl/rankings/ppr-superflex-cheatsheets.php,redraft-op,rsf,Jahmyr Gibbs,22968,RB,DET,13.96,5.81,10,42,,jahmyr-gibbs.php,,,98.7,,,,,,,Jahmyr Gibbs,2026-05-08,DET
/nfl/rankings/ppr-superflex-cheatsheets.php,redraft-op,rsf,Caleb Williams,23084,QB,CHI,14.92,5.24,5,26,,caleb-williams.php,,,83.1,,,,,,,Caleb Williams,2026-05-08,CHI
/nfl/rankings/ppr-superflex-cheatsheets.php,redraft-op,rsf,Trevor Lawrence,19780,QB,JAC,14.92,4.69,7,26,,trevor-lawrence.php,,,87.6,,,,,,,Trevor Lawrence,2026-05-08,JAC
/nfl/rankings/ppr-superflex-cheatsheets.php,redraft-op,rsf,Dak Prescott,15600,QB,DAL,16.12,3.5,9,23,,dak-prescott.php,,,82.4,,,,,,,Dak Prescott,2026-05-08,DAL
/nfl/rankings/ppr-superflex-cheatsheets.php,redraft-op,rsf,Amon-Ra St. Brown,19799,WR,DET,18.46,5.54,12,41,,amonra-stbrown.php,,,98.9,,,,,,,Amon-Ra St Brown,2026-05-08,DET
/nfl/rankings/ppr-superflex-cheatsheets.php,redraft-op,rsf,Christian McCaffrey,16393,RB,SF,18.85,7.07,13,42,,christian-mccaffrey.php,,,99.0,,,,,,,Christian McCaffrey,2026-05-08,SFO
/nfl/rankings/ppr-superflex-cheatsheets.php,redraft-op,rsf,CeeDee Lamb,19202,WR,DAL,18.92,5.81,14,43,,ceedee-lamb.php,,,98.6,,,,,,,CeeDee Lamb,2026-05-08,DAL
/nfl/rankings/ppr-superflex-cheatsheets.php,redraft-op,rsf,Brock Purdy,19797,QB,SF,20.31,4.21,10,26,,brock-purdy.php,,,82.8,,,,,,,Brock Purdy,2026-05-08,SFO
/nfl/rankings/ppr-superflex-cheatsheets.php,redraft-op,rsf,Justin Jefferson,19236,WR,MIN,21.73,5.1,14,44,,justin-jefferson.php,,,87.5,,,,,,,Justin Jefferson,2026-05-08,MIN
/nfl/rankings/ppr-superflex-cheatsheets.php,redraft-op,rsf,Jonathan Taylor,19217,RB,IND,22.54,6.01,15,45,,jonathan-taylor.php,,,98.5,,,,,,,Jonathan Taylor,2026-05-08,IND
/nfl/rankings/ppr-superflex-cheatsheets.php,redraft-op,rsf,Drake London,23163,WR,ATL,24.81,4.84,21,47,,drake-london.php,,,98.3,,,,,,,Drake London,2026-05-08,ATL
/nfl/rankings/ppr-superflex-cheatsheets.php,redraft-op,rsf,Patrick Mahomes II,16413,QB,KC,25.88,6.2,16,41,,patrick-mahomes.php,,,82.7,,,,,,,Patrick Mahomes,2026-05-08,KCC
/nfl/rankings/ppr-superflex-cheatsheets.php,redraft-op,rsf,Matthew Stafford,9451,QB,LAR,27.23,6.47,16,38,,matthew-stafford.php,,,83.5,,,,,,,Matthew Stafford,2026-05-08,LAR
/nfl/rankings/ppr-superflex-cheatsheets.php,redraft-op,rsf,Bo Nix,22910,QB,DEN,28.23,6.03,15,41,,bo-nix.php,,,70.7,,,,,,,Bo Nix,2026-05-08,DEN
/nfl/rankings/ppr-superflex-cheatsheets.php,redraft-op,rsf,Malik Nabers,25409,WR,NYG,29.08,7.38,23,52,,malik-nabers.php,,,98.5,,,,,2.0,,Malik Nabers,2026-05-08,NYG
/nfl/rankings/ppr-superflex-cheatsheets.php,redraft-op,rsf,Nico Collins,20130,WR,HOU,29.81,5.84,24,49,,nico-collins.php,,,98.9,,,,,,,Nico Collins,2026-05-08,HOU
/nfl/rankings/ppr-superflex-cheatsheets.php,redraft-op,rsf,Rashee Rice,23113,WR,KC,30.85,7.72,21,49,,rashee-rice.php,,,98.3,,,,,,,Rashee Rice,2026-05-08,KCC
/nfl/rankings/ppr-superflex-cheatsheets.php,redraft-op,rsf,De'Von Achane,23136,RB,MIA,33.15,9.45,22,55,,devon-achane.php,,,98.6,,,,,,,DeVon Achane,2026-05-08,MIA
/nfl/rankings/ppr-superflex-cheatsheets.php,redraft-op,rsf,Trey McBride,22936,TE,ARI,34.5,5.2,31,51,,trey-mcbride.php,,,98.4,,,,,,,Trey McBride,2026-05-08,ARI
/nfl/rankings/ppr-superflex-cheatsheets.php,redraft-op,rsf,Ashton Jeanty,25989,RB,LV,34.69,7.85,22,51,,ashton-jeanty.php,,,87.7,,,,,,,Ashton Jeanty,2026-05-08,LVR
/nfl/rankings/ppr-superflex-cheatsheets.php,redraft-op,rsf,James Cook III,22958,RB,BUF,34.77,8.28,15,48,,james-cook.php,,,98.8,,,,,,,James Cook,2026-05-08,BUF
/nfl/rankings/ppr-superflex-cheatsheets.php,redraft-op,rsf,George Pickens,22963,WR,DAL,35.04,4.34,27,50,,george-pickens.php,,,98.4,,,,,,,George Pickens,2026-05-08,DAL
/nfl/rankings/ppr-superflex-cheatsheets.php,redraft-op,rsf,Chris Olave,20111,WR,NO,37.46,10.52,27,62,,chris-olave.php,,,97.5,,,,,,,Chris Olave,2026-05-08,NOS
/nfl/rankings/ppr-superflex-cheatsheets.php,redraft-op,rsf,Brock Bowers,22955,TE,LV,37.96,5.18,31,57,,brock-bowers.php,,,98.9,,,,,,,Brock Bowers,2026-05-08,LVR
/nfl/rankings/ppr-superflex-cheatsheets.php,redraft-op,rsf,A.J. Brown,18218,WR,PHI,38.04,7.49,27,57,,aj-brown.php,,,98.3,,,,,,,AJ Brown,2026-05-08,PHI
/nfl/rankings/ppr-superflex-cheatsheets.php,redraft-op,rsf,Jared Goff,15501,QB,DET,39.27,9.73,18,55,,jared-goff.php,,,55.0,,,,,,,Jared Goff,2026-05-08,DET
/nfl/rankings/ppr-superflex-cheatsheets.php,redraft-op,rsf,Chase Brown,25324,RB,CIN,39.85,5.74,25,48,,chase-brown.php,,,97.7,,,,,,,Chase Brown,2026-05-08,CIN
/nfl/rankings/ppr-superflex-cheatsheets.php,redraft-op,rsf,Kyler Murray,18600,QB,MIN,41.15,13.89,17,64,,kyler-murray.php,,,67.6,,,,,,,Kyler Murray,2026-05-08,MIN
/nfl/rankings/ppr-superflex-cheatsheets.php,redraft-op,rsf,Omarion Hampton,25395,RB,LAC,43.65,7.52,33,62,,omarion-hampton.php,,,87.2,,,,,,,Omarion Hampton,2026-05-08,LAC
/nfl/rankings/ppr-superflex-cheatsheets.php,redraft-op,rsf,Jordan Love,19246,QB,GB,44.38,10.27,24,56,,jordan-love.php,,,47.8,,,,,,,Jordan Love,2026-05-08,GBP
/nfl/rankings/ppr-superflex-cheatsheets.php,redraft-op,rsf,Tetairoa McMillan,25417,WR,CAR,44.54,5.6,35,57,,tetairoa-mcmillan.php,,,87.0,,,,,,,Tetairoa McMillan,2026-05-08,CAR
/nfl/rankings/ppr-superflex-cheatsheets.php,redraft-op,rsf,Saquon Barkley,17240,RB,PHI,44.58,6.13,37,66,,saquon-barkley.php,,,98.8,,,,,,,Saquon Barkley,2026-05-08,PHI
/nfl/rankings/ppr-superflex-cheatsheets.php,redraft-op,rsf,Malik Willis,23499,QB,MIA,44.96,12.13,29,70,,malik-willis.php,,,43.9,,,,,,,Malik Willis,2026-05-08,MIA
/nfl/rankings/ppr-superflex-cheatsheets.php,redraft-op,rsf,Tyler Shough,23096,QB,NO,46.27,11.09,26,60,,tyler-shough.php,,,58.8,,,,,,,Tyler Shough,2026-05-08,NOS
/nfl/rankings/ppr-superflex-cheatsheets.php,redraft-op,rsf,Baker Mayfield,17237,QB,TB,47.62,10.54,23,60,,baker-mayfield.php,,,54.2,,,,,,,Baker Mayfield,2026-05-08,TBB
/nfl/rankings/ppr-superflex-cheatsheets.php,redraft-op,rsf,Garrett Wilson,23072,WR,NYJ,47.81,5.36,43,65,,garrett-wilson.php,,,97.4,,,,,2.0,,Garrett Wilson,2026-05-08,NYJ
/nfl/rankings/ppr-superflex-cheatsheets.php,redraft-op,rsf,Kenneth Walker III,23021,RB,KC,48.5,8.78,37,77,,kenneth-walker-rb.php,,,87.4,,,,,,,Kenneth Walker,2026-05-08,KCC
/nfl/rankings/ppr-superflex-cheatsheets.php,redraft-op,rsf,DeVonta Smith,19222,WR,PHI,50.46,11.55,34,69,,devonta-smith.php,,,86.7,,,,,,,DeVonta Smith,2026-05-08,PHI
/nfl/rankings/ppr-superflex-cheatsheets.php,redraft-op,rsf,Tee Higgins,19211,WR,CIN,50.46,6.57,36,71,,tee-higgins.php,,,97.0,,,,,,,Tee Higgins,2026-05-08,CIN
/nfl/rankings/ppr-superflex-cheatsheets.php,redraft-op,rsf,Josh Jacobs,18269,RB,GB,53.73,6.83,42,74,,josh-jacobs.php,,,98.3,,,,,,,Josh Jacobs,2026-05-08,GBP
/nfl/rankings/ppr-superflex-cheatsheets.php,redraft-op,rsf,Jeremiyah Love,25403,RB,ARI,56.81,10.37,37,77,,jeremiyah-love.php,,,83.2,,,,,4.0,,Jeremiyah Love,2026-05-08,ARI
/nfl/rankings/ppr-superflex-cheatsheets.php,redraft-op,rsf,Ladd McConkey,26122,WR,LAC,57.19,8.85,43,79,,ladd-mcconkey.php,,,85.9,,,,,,,Ladd McConkey,2026-05-08,LAC
/nfl/rankings/ppr-superflex-cheatsheets.php,redraft-op,rsf,Zay Flowers,22916,WR,BAL,57.5,8.49,36,73,,zay-flowers.php,,,97.6,,,,,,,Zay Flowers,2026-05-08,BAL
/nfl/rankings/ppr-superflex-cheatsheets.php,redraft-op,rsf,Luther Burden III,27016,WR,CHI,58.42,6.36,45,69,,luther-burden-iii.php,,,83.5,,,,,,,Luther Burden,2026-05-08,CHI
/nfl/rankings/ppr-superflex-cheatsheets.php,redraft-op,rsf,C.J. Stroud,23071,QB,HOU,59.08,8.91,25,70,,cj-stroud.php,,,43.0,,,,,,,CJ Stroud,2026-05-08,HOU
/nfl/rankings/ppr-superflex-cheatsheets.php,redraft-op,rsf,Jaylen Waddle,19790,WR,DEN,59.42,8.88,44,77,,jaylen-waddle.php,,,86.0,,,,,,,Jaylen Waddle,2026-05-08,DEN
/nfl/rankings/ppr-superflex-cheatsheets.php,redraft-op,rsf,Derrick Henry,15514,RB,BAL,60.19,5.99,48,80,,derrick-henry.php,,,97.9,,,,,,,Derrick Henry,2026-05-08,BAL
/nfl/rankings/ppr-superflex-cheatsheets.php,redraft-op,rsf,Sam Darnold,17236,QB,SEA,60.38,9.86,26,76,,sam-darnold.php,,,45.6,,,,,,,Sam Darnold,2026-05-08,SEA
/nfl/rankings/ppr-superflex-cheatsheets.php,redraft-op,rsf,Colston Loveland,26006,TE,CHI,61.88,16.47,47,90,,colston-loveland.php,,,87.3,,,,,,,Colston Loveland,2026-05-08,CHI
/nfl/rankings/ppr-superflex-cheatsheets.php,redraft-op,rsf,Breece Hall,22982,RB,NYJ,62.38,8.35,48,77,,breece-hall.php,,,91.4,,,,,,,Breece Hall,2026-05-08,NYJ
/nfl/rankings/ppr-superflex-cheatsheets.php,redraft-op,rsf,Terry McLaurin,18466,WR,WAS,63.04,6.2,52,78,,terry-mclaurin.php,,,84.7,,,,,,,Terry McLaurin,2026-05-08,WAS
/nfl/rankings/ppr-superflex-cheatsheets.php,redraft-op,rsf,Davante Adams,12123,WR,LAR,63.58,10.4,45,93,,davante-adams.php,,,97.6,,,,,,,Davante Adams,2026-05-08,LAR
/nfl/rankings/ppr-superflex-cheatsheets.php,redraft-op,rsf,Bryce Young,22900,QB,CAR,66.46,10.02,28,83,,bryce-young.php,,,41.4,,,,,,,Bryce Young,2026-05-08,CAR
/nfl/rankings/ppr-superflex-cheatsheets.php,redraft-op,rsf,Travis Etienne Jr.,19231,RB,NO,66.65,6.06,54,77,,travis-etienne.php,,,97.1,,,,,,,Travis Etienne,2026-05-08,NOS
/nfl/rankings/ppr-superflex-cheatsheets.php,redraft-op,rsf,Emeka Egbuka,23062,WR,TB,66.92,8.11,45,82,,emeka-egbuka.php,,,79.4,,,,,,,Emeka Egbuka,2026-05-08,TBB
/nfl/rankings/ppr-superflex-cheatsheets.php,redraft-op,rsf,Javonte Williams,22739,RB,DAL,67.12,10.61,46,81,,javonte-williams.php,,,97.1,,,,,,,Javonte Williams,2026-05-08,DAL
/nfl/rankings/ppr-superflex-cheatsheets.php,redraft-op,rsf,Kyren Williams,23059,RB,LAR,68.38,8.84,54,79,,kyren-williams.php,,,97.8,,,,,,,Kyren Williams,2026-05-08,LAR
/nfl/rankings/ppr-superflex-cheatsheets.php,redraft-op,rsf,Mike Evans,12119,WR,SF,69.35,7.35,52,81,,mike-evans.php,,,71.8,,,,,,,Mike Evans,2026-05-08,SFO
/nfl/rankings/ppr-superflex-cheatsheets.php,redraft-op,rsf,Cam Ward,24755,QB,TEN,69.69,9.82,33,83,,cam-ward.php,,,36.3,,,,,,,Cam Ward,2026-05-08,TEN
/nfl/rankings/ppr-superflex-cheatsheets.php,redraft-op,rsf,Tyler Warren,26434,TE,IND,70.73,17.05,47,93,,tyler-warren.php,,,87.1,,,,,,,Tyler Warren,2026-05-08,IND
/nfl/rankings/ppr-superflex-cheatsheets.php,redraft-op,rsf,Bucky Irving,25981,RB,TB,70.73,8.73,48,87,,bucky-irving.php,,,97.1,,,,,,,Bucky Irving,2026-05-08,TBB
/nfl/rankings/ppr-superflex-cheatsheets.php,redraft-op,rsf,Jameson Williams,23677,WR,DET,71.58,7.66,59,90,,jameson-williams.php,,,89.8,,,,,,,Jameson Williams,2026-05-08,DET
/nfl/rankings/ppr-superflex-cheatsheets.php,redraft-op,rsf,Daniel Jones,18232,QB,IND,77.92,24.97,27,183,,daniel-jones.php,,,50.4,,,,,,,Daniel Jones,2026-05-08,IND
/nfl/rankings/ppr-superflex-cheatsheets.php,redraft-op,rsf,Cam Skattebo,27166,RB,NYG,79.0,8.03,65,99,,cam-skattebo.php,,,97.2,,,,,,,Cam Skattebo,2026-05-08,NYG
/nfl/rankings/ppr-superflex-cheatsheets.php,redraft-op,rsf,Christian Watson,23886,WR,GB,80.42,9.8,67,110,,christian-watson.php,,,69.9,,,,,,,Christian Watson,2026-05-08,GBP
/nfl/rankings/ppr-superflex-cheatsheets.php,redraft-op,rsf,DJ Moore,17265,WR,BUF,80.77,15.78,52,128,,dj-moore-wr.php,,,78.4,,,,,,,DJ Moore,2026-05-08,BUF
/nfl/rankings/ppr-superflex-cheatsheets.php,redraft-op,rsf,Jacoby Brissett,15642,QB,ARI,81.38,23.76,22,127,,jacoby-brissett.php,,,33.6,,,,,,,Jacoby Brissett,2026-05-08,ARI
/nfl/rankings/ppr-superflex-cheatsheets.php,redraft-op,rsf,TreVeyon Henderson,23065,RB,NE,82.19,10.3,67,103,,treveyon-henderson.php,,,78.7,,,,,,,TreVeyon Henderson,2026-05-08,NEP
/nfl/rankings/ppr-superflex-cheatsheets.php,redraft-op,rsf,Rome Odunze,25411,WR,CHI,83.42,13.18,57,110,,rome-odunze.php,,,77.7,,,,,,,Rome Odunze,2026-05-08,CHI
/nfl/rankings/ppr-superflex-cheatsheets.php,redraft-op,rsf,David Montgomery,18239,RB,HOU,85.27,7.94,71,99,,david-montgomery.php,,,77.0,,,,,,,David Montgomery,2026-05-08,HOU
/nfl/rankings/ppr-superflex-cheatsheets.php,redraft-op,rsf,D'Andre Swift,19210,RB,CHI,86.65,6.02,77,97,,dandre-swift.php,,,88.4,,,,,,,DAndre Swift,2026-05-08,CHI
/nfl/rankings/ppr-superflex-cheatsheets.php,redraft-op,rsf,Quinshon Judkins,25391,RB,CLE,87.42,7.21,72,98,,quinshon-judkins.php,,,79.1,,,,,,,Quinshon Judkins,2026-05-08,CLE
/nfl/rankings/ppr-superflex-cheatsheets.php,redraft-op,rsf,Tucker Kraft,25298,TE,GB,89.65,10.23,76,113,,tucker-kraft.php,,,91.5,,,,,,,Tucker Kraft,2026-05-08,GBP
/nfl/rankings/ppr-superflex-cheatsheets.php,redraft-op,rsf,Courtland Sutton,17253,WR,DEN,91.62,9.26,73,109,,courtland-sutton.php,,,78.0,,,,,,,Courtland Sutton,2026-05-08,DEN
/nfl/rankings/ppr-superflex-cheatsheets.php,redraft-op,rsf,Marvin Harrison Jr.,23064,WR,ARI,91.69,7.9,80,109,,marvin-harrison-jr.php,,,71.2,,,,,,,Marvin Harrison,2026-05-08,ARI
/nfl/rankings/ppr-superflex-cheatsheets.php,redraft-op,rsf,Carnell Tate,26009,WR,TEN,92.38,17.06,68,117,,carnell-tate.php,,,75.1,,,,,10.0,,Carnell Tate,2026-05-08,TEN
/nfl/rankings/ppr-superflex-cheatsheets.php,redraft-op,rsf,Chris Godwin Jr.,16406,WR,TB,92.88,10.73,75,116,,chris-godwin.php,,,69.5,,,,,,,Chris Godwin,2026-05-08,TBB
/nfl/rankings/ppr-superflex-cheatsheets.php,redraft-op,rsf,DK Metcalf,18219,WR,PIT,94.23,8.6,73,112,,dk-metcalf.php,,,72.6,,,,,,,DK Metcalf,2026-05-08,PIT
/nfl/rankings/ppr-superflex-cheatsheets.php,redraft-op,rsf,Fernando Mendoza,28013,QB,LV,94.36,34.54,30,192,,fernando-mendoza.php,,,51.0,,,,,,,Fernando Mendoza,2026-05-08,LVR
/nfl/rankings/ppr-superflex-cheatsheets.php,redraft-op,rsf,Bhayshul Tuten,27297,RB,JAC,94.73,7.18,81,108,,bhayshul-tuten.php,,,70.5,,,,,,,Bhayshul Tuten,2026-05-08,JAC
/nfl/rankings/ppr-superflex-cheatsheets.php,redraft-op,rsf,Michael Wilson,25333,WR,ARI,94.85,13.18,73,122,,michael-wilson.php,,,69.4,,,,,,,Michael Wilson,2026-05-08,ARI
/nfl/rankings/ppr-superflex-cheatsheets.php,redraft-op,rsf,Harold Fannin Jr.,27050,TE,CLE,95.12,10.49,78,121,,harold-fannin-jr.php,,,83.9,,,,,,,Harold Fannin,2026-05-08,CLE
/nfl/rankings/ppr-superflex-cheatsheets.php,redraft-op,rsf,RJ Harvey,27142,RB,DEN,95.23,13.57,65,130,,rj-harvey.php,,,69.9,,,,,,,RJ Harvey,2026-05-08,DEN
/nfl/rankings/ppr-superflex-cheatsheets.php,redraft-op,rsf,Jaylen Warren,24209,RB,PIT,95.46,4.76,88,105,,jaylen-warren.php,,,69.5,,,,,,,Jaylen Warren,2026-05-08,PIT
/nfl/rankings/ppr-superflex-cheatsheets.php,redraft-op,rsf,Chuba Hubbard,19792,RB,CAR,96.42,15.28,74,132,,chuba-hubbard.php,,,77.3,,,,,,,Chuba Hubbard,2026-05-08,CAR
/nfl/rankings/ppr-superflex-cheatsheets.php,redraft-op,rsf,Jordyn Tyson,26035,WR,NO,96.94,13.53,73,118,,jordyn-tyson.php,,,65.3,,,,,7.0,,Jordyn Tyson,2026-05-08,NOS
/nfl/rankings/ppr-superflex-cheatsheets.php,redraft-op,rsf,Jadarian Price,27329,RB,SEA,98.18,7.74,79,111,,jadarian-price.php,,,66.4,,,,,,,Jadarian Price,2026-05-08,SEA
/nfl/rankings/ppr-superflex-cheatsheets.php,redraft-op,rsf,Jakobi Meyers,18598,WR,JAC,98.19,9.39,80,116,,jakobi-meyers.php,,,69.8,,,,,,,Jakobi Meyers,2026-05-08,JAC
/nfl/rankings/ppr-superflex-cheatsheets.php,redraft-op,rsf,Kyle Pitts Sr.,20164,TE,ATL,101.69,7.93,86,115,,kyle-pitts.php,,,96.0,,,,,,,Kyle Pitts,2026-05-08,ATL
/nfl/rankings/ppr-superflex-cheatsheets.php,redraft-op,rsf,Sam LaPorta,22978,TE,DET,102.38,4.86,88,106,,sam-laporta.php,,,94.6,,,,,,,Sam LaPorta,2026-05-08,DET
/nfl/rankings/ppr-superflex-cheatsheets.php,redraft-op,rsf,Alec Pierce,23791,WR,IND,102.46,13.35,74,122,,alec-pierce.php,,,70.1,,,,,,,Alec Pierce,2026-05-08,IND
/nfl/rankings/ppr-superflex-cheatsheets.php,redraft-op,rsf,Makai Lemon,25420,WR,PHI,103.08,9.51,84,114,,makai-lemon.php,,,69.4,,,,,6.0,,Makai Lemon,2026-05-08,PHI
/nfl/rankings/ppr-superflex-cheatsheets.php,redraft-op,rsf,Rico Dowdle,19647,RB,PIT,104.62,6.53,92,120,,rico-dowdle.php,,,69.5,,,,,,,Rico Dowdle,2026-05-08,PIT
/nfl/rankings/ppr-superflex-cheatsheets.php,redraft-op,rsf,Brian Thomas Jr.,23000,WR,JAC,105.19,12.18,75,127,,brian-thomas-jr.php,,,70.4,,,,,,,Brian Thomas,2026-05-08,JAC
/nfl/rankings/ppr-superflex-cheatsheets.php,redraft-op,rsf,Rhamondre Stevenson,22726,RB,NE,105.27,6.96,94,120,,rhamondre-stevenson.php,,,69.8,,,,,,,Rhamondre Stevenson,2026-05-08,NEP
/nfl/rankings/ppr-superflex-cheatsheets.php,redraft-op,rsf,Michael Pittman Jr.,19278,WR,PIT,105.73,11.65,83,131,,michael-pittman.php,,,71.3,,,,,,,Michael Pittman,2026-05-08,PIT
/nfl/rankings/ppr-superflex-cheatsheets.php,redraft-op,rsf,Tony Pollard,18705,RB,TEN,106.81,5.36,98,116,,tony-pollard.php,,,69.8,,,,,,,Tony Pollard,2026-05-08,TEN
/nfl/rankings/ppr-superflex-cheatsheets.php,redraft-op,rsf,Wan'Dale Robinson,22985,WR,TEN,108.15,12.41,84,138,,wandale-robinson.php,,,68.9,,,,,,,WanDale Robinson,2026-05-08,TEN
/nfl/rankings/ppr-superflex-cheatsheets.php,redraft-op,rsf,Ricky Pearsall,26214,WR,SF,110.38,11.94,91,135,,ricky-pearsall.php,,,67.9,,,,,-5.0,,Ricky Pearsall,2026-05-08,SFO
/nfl/rankings/ppr-superflex-cheatsheets.php,redraft-op,rsf,Kyle Monangai,27131,RB,CHI,113.38,7.38,98,127,,kyle-monangai.php,,,68.6,,,,,,,Kyle Monangai,2026-05-08,CHI
/nfl/rankings/ppr-superflex-cheatsheets.php,redraft-op,rsf,Parker Washington,23106,WR,JAC,115.31,12.49,89,139,,parker-washington.php,,,69.0,,,,,-5.0,,Parker Washington,2026-05-08,JAC
/nfl/rankings/ppr-superflex-cheatsheets.php,redraft-op,rsf,Jordan Addison,23107,WR,MIN,116.19,6.55,102,128,,jordan-addison.php,,,68.5,,,,,,,Jordan Addison,2026-05-08,MIN
/nfl/rankings/ppr-superflex-cheatsheets.php,redraft-op,rsf,Oronde Gadsden II,25997,TE,LAC,119.73,7.02,112,145,,oronde-gadsden-ii.php,,,52.7,,,,,,,Oronde Gadsden,2026-05-08,LAC
/nfl/rankings/ppr-superflex-cheatsheets.php,redraft-op,rsf,Josh Downs,24706,WR,IND,119.77,15.02,85,144,,josh-downs.php,,,64.7,,,,,,,Josh Downs,2026-05-08,IND
/nfl/rankings/ppr-superflex-cheatsheets.php,redraft-op,rsf,Kenneth Gainwell,23310,RB,TB,120.62,14.09,98,143,,kenneth-gainwell.php,,,67.8,,,,,,,Kenneth Gainwell,2026-05-08,TBB
/nfl/rankings/ppr-superflex-cheatsheets.php,redraft-op,rsf,Aaron Jones Sr.,16673,RB,MIN,121.42,9.65,101,144,,aaron-jones.php,,,68.1,,,,,,,Aaron Jones,2026-05-08,MIN
/nfl/rankings/ppr-superflex-cheatsheets.php,redraft-op,rsf,Jayden Reed,23020,WR,GB,123.0,10.94,96,142,,jayden-reed.php,,,63.2,,,,,,,Jayden Reed,2026-05-08,GBP
/nfl/rankings/ppr-superflex-cheatsheets.php,redraft-op,rsf,Jake Ferguson,22718,TE,DAL,123.65,7.8,113,143,,jake-ferguson.php,,,69.6,,,,,,,Jake Ferguson,2026-05-08,DAL
/nfl/rankings/ppr-superflex-cheatsheets.php,redraft-op,rsf,Geno Smith,11687,QB,NYJ,115.96,37.09,32,184,,geno-smith.php,,,31.4,,,,,,,Geno Smith,2026-05-08,NYJ
/nfl/rankings/ppr-superflex-cheatsheets.php,redraft-op,rsf,Dalton Kincaid,25247,TE,BUF,125.15,11.75,109,153,,dalton-kincaid.php,,,52.8,,,,,,,Dalton Kincaid,2026-05-08,BUF
/nfl/rankings/ppr-superflex-cheatsheets.php,redraft-op,rsf,Travis Kelce,11594,TE,KC,126.58,15.03,93,159,,travis-kelce.php,,,82.1,,,,,,,Travis Kelce,2026-05-08,KCC
/nfl/rankings/ppr-superflex-cheatsheets.php,redraft-op,rsf,Blake Corum,23013,RB,LAR,127.35,8.36,108,142,,blake-corum.php,,,65.6,,,,,,,Blake Corum,2026-05-08,LAR
/nfl/rankings/ppr-superflex-cheatsheets.php,redraft-op,rsf,Khalil Shakir,23748,WR,BUF,127.77,8.67,110,140,,khalil-shakir.php,,,66.8,,,,,,,Khalil Shakir,2026-05-08,BUF
/nfl/rankings/ppr-superflex-cheatsheets.php,redraft-op,rsf,J.K. Dobbins,19245,RB,DEN,128.08,13.28,107,155,,jk-dobbins.php,,,68.9,,,,,,,JK Dobbins,2026-05-08,DEN
/nfl/rankings/ppr-superflex-cheatsheets.php,redraft-op,rsf,Michael Penix Jr.,22973,QB,ATL,110.0,31.04,34,184,,michael-penix-jr.php,,,31.8,,,,,,,Michael Penix,2026-05-08,ATL
/nfl/rankings/ppr-superflex-cheatsheets.php,redraft-op,rsf,Isaiah Likely,23781,TE,NYG,130.5,17.12,113,190,,isaiah-likely.php,,,70.1,,,,,,,Isaiah Likely,2026-05-08,NYG
/nfl/rankings/ppr-superflex-cheatsheets.php,redraft-op,rsf,Quentin Johnston,23123,WR,LAC,131.12,8.14,113,149,,quentin-johnston.php,,,72.5,,,,,,,Quentin Johnston,2026-05-08,LAC
/nfl/rankings/ppr-superflex-cheatsheets.php,redraft-op,rsf,Rachaad White,23891,RB,WAS,131.69,15.37,105,162,,rachaad-white.php,,,65.8,,,,,,,Rachaad White,2026-05-08,WAS
/nfl/rankings/ppr-superflex-cheatsheets.php,redraft-op,rsf,Jayden Higgins,27077,WR,HOU,134.15,8.03,121,149,,jayden-higgins.php,,,45.0,,,,,,,Jayden Higgins,2026-05-08,HOU
/nfl/rankings/ppr-superflex-cheatsheets.php,redraft-op,rsf,Jacory Croskey-Merritt,27316,RB,WAS,135.42,7.86,120,150,,jacory-croskeymerritt.php,,,54.2,,,,,,,Jacory Croskey-Merritt,2026-05-08,WAS
/nfl/rankings/ppr-superflex-cheatsheets.php,redraft-op,rsf,George Kittle,16499,TE,SF,138.31,24.62,94,189,,george-kittle.php,,,82.3,,,,,,,George Kittle,2026-05-08,SFO
/nfl/rankings/ppr-superflex-cheatsheets.php,redraft-op,rsf,Romeo Doubs,23794,WR,NE,139.08,18.09,102,178,,romeo-doubs.php,,,67.5,,,,,,,Romeo Doubs,2026-05-08,NEP
/nfl/rankings/ppr-superflex-cheatsheets.php,redraft-op,rsf,Xavier Worthy,23019,WR,KC,140.58,8.6,116,158,,xavier-worthy.php,,,66.7,,,,,,,Xavier Worthy,2026-05-08,KCC
/nfl/rankings/ppr-superflex-cheatsheets.php,redraft-op,rsf,Dallas Goedert,17270,TE,PHI,141.88,10.53,121,161,,dallas-goedert.php,,,87.5,,,,,,,Dallas Goedert,2026-05-08,PHI
/nfl/rankings/ppr-superflex-cheatsheets.php,redraft-op,rsf,Tyler Allgeier,24172,RB,ARI,142.92,12.22,119,166,,tyler-allgeier.php,,,50.4,,,,,,,Tyler Allgeier,2026-05-08,ARI
/nfl/rankings/ppr-superflex-cheatsheets.php,redraft-op,rsf,Jalen Coker,26403,WR,CAR,143.42,10.14,123,167,,jalen-coker.php,,,55.2,,,,,,,Jalen Coker,2026-05-08,CAR
/nfl/rankings/ppr-superflex-cheatsheets.php,redraft-op,rsf,Zach Charbonnet,23152,RB,SEA,143.88,17.5,103,176,,zach-charbonnet.php,,,65.3,,,,,,,Zach Charbonnet,2026-05-08,SEA
/nfl/rankings/ppr-superflex-cheatsheets.php,redraft-op,rsf,Jordan Mason,22969,RB,MIN,144.38,9.9,119,159,,jordan-mason.php,,,48.8,,,,,,,Jordan Mason,2026-05-08,MIN
/nfl/rankings/ppr-superflex-cheatsheets.php,redraft-op,rsf,Tyrone Tracy Jr.,22980,RB,NYG,144.5,9.0,130,165,,tyrone-tracy-jr.php,,,41.9,,,,,,,Tyrone Tracy,2026-05-08,NYG
/nfl/rankings/ppr-superflex-cheatsheets.php,redraft-op,rsf,KC Concepcion,27331,WR,CLE,144.94,25.71,94,191,,kevin-concepcion.php,,,56.0,,,,,9.0,,KC Concepcion,2026-05-08,CLE
/nfl/rankings/ppr-superflex-cheatsheets.php,redraft-op,rsf,Woody Marks,27520,RB,HOU,145.38,18.09,104,175,,woody-marks.php,,,62.7,,,,,,,Woody Marks,2026-05-08,HOU
/nfl/rankings/ppr-superflex-cheatsheets.php,redraft-op,rsf,Matthew Golden,26024,WR,GB,146.19,18.97,101,176,,matthew-golden.php,,,65.9,,,,,,,Matthew Golden,2026-05-08,GBP
/nfl/rankings/ppr-superflex-cheatsheets.php,redraft-op,rsf,Tyjae Spears,25323,RB,TEN,146.27,11.19,116,166,,tyjae-spears.php,,,56.7,,,,,,,Tyjae Spears,2026-05-08,TEN
/nfl/rankings/ppr-superflex-cheatsheets.php,redraft-op,rsf,Juwan Johnson,19562,TE,NO,147.38,15.47,123,172,,juwan-johnson.php,,,48.7,,,,,,,Juwan Johnson,2026-05-08,NOS
/nfl/rankings/ppr-superflex-cheatsheets.php,redraft-op,rsf,Dylan Sampson,27102,RB,CLE,152.38,10.72,130,166,,dylan-sampson.php,,,39.2,,,,,,,Dylan Sampson,2026-05-08,CLE
/nfl/rankings/ppr-superflex-cheatsheets.php,redraft-op,rsf,Alvin Kamara,16421,RB,NO,153.12,14.04,132,182,,alvin-kamara.php,,,62.6,,,,,,,Alvin Kamara,2026-05-08,NOS
/nfl/rankings/ppr-superflex-cheatsheets.php,redraft-op,rsf,Shedeur Sanders,25968,QB,CLE,136.79,45.93,40,268,,shedeur-sanders.php,,,32.8,,,,,,,Shedeur Sanders,2026-05-08,CLE
/nfl/rankings/ppr-superflex-cheatsheets.php,redraft-op,rsf,Brenton Strange,25345,TE,JAC,154.04,19.39,113,197,,brenton-strange.php,,,42.6,,,,,,,Brenton Strange,2026-05-08,JAC
/nfl/rankings/ppr-superflex-cheatsheets.php,redraft-op,rsf,James Conner,16447,RB,ARI,156.46,26.56,103,216,,james-conner.php,,,53.8,,,,,,,James Conner,2026-05-08,ARI
/nfl/rankings/ppr-superflex-cheatsheets.php,redraft-op,rsf,Mark Andrews,17269,TE,BAL,157.23,15.41,125,177,,mark-andrews.php,,,67.5,,,,,,,Mark Andrews,2026-05-08,BAL
/nfl/rankings/ppr-superflex-cheatsheets.php,redraft-op,rsf,Rashid Shaheed,24687,WR,SEA,157.62,7.31,147,170,,rashid-shaheed.php,,,49.6,,,,,,,Rashid Shaheed,2026-05-08,SEA
/nfl/rankings/ppr-superflex-cheatsheets.php,redraft-op,rsf,Deebo Samuel Sr.,18244,WR,FA,157.65,20.34,134,206,,deebo-samuel.php,,,44.1,,,,,,,Deebo Samuel,2026-05-08,FA
/nfl/rankings/ppr-superflex-cheatsheets.php,redraft-op,rsf,Isiah Pacheco,24333,RB,DET,158.27,8.75,134,177,,isiah-pacheco.php,,,54.9,,,,,,,Isiah Pacheco,2026-05-08,DET
/nfl/rankings/ppr-superflex-cheatsheets.php,redraft-op,rsf,Chris Rodriguez Jr.,22986,RB,JAC,158.77,23.86,137,212,,chris-rodriguez-jr.php,,,45.4,,,,,,,Chris Rodriguez,2026-05-08,JAC
/nfl/rankings/ppr-superflex-cheatsheets.php,redraft-op,rsf,Jerry Jeudy,19201,WR,CLE,161.77,12.18,146,189,,jerry-jeudy.php,,,56.4,,,,,,,Jerry Jeudy,2026-05-08,CLE
/nfl/rankings/ppr-superflex-cheatsheets.php,redraft-op,rsf,Jonathon Brooks,26148,RB,CAR,163.38,27.65,120,218,,jonathon-brooks.php,,,48.7,,,,,,,Jonathon Brooks,2026-05-08,CAR
/nfl/rankings/ppr-superflex-cheatsheets.php,redraft-op,rsf,Stefon Diggs,13981,WR,FA,150.04,33.21,101,264,,stefon-diggs.php,,,48.5,,,,,,,Stefon Diggs,2026-05-08,FA
/nfl/rankings/ppr-superflex-cheatsheets.php,redraft-op,rsf,Braelon Allen,24346,RB,NYJ,165.42,11.99,139,190,,braelon-allen.php,,,38.3,,,,,,,Braelon Allen,2026-05-08,NYJ
/nfl/rankings/ppr-superflex-cheatsheets.php,redraft-op,rsf,Travis Hunter,26034,WR,JAC,166.15,26.11,107,221,,travis-hunter.php,,,58.0,,,,,,,Travis Hunter,2026-05-08,JAC
/nfl/rankings/ppr-superflex-cheatsheets.php,redraft-op,rsf,Keaton Mitchell,25360,RB,LAC,166.15,15.76,150,225,,keaton-mitchell.php,,,36.7,,,,,,,Keaton Mitchell,2026-05-08,LAC
/nfl/rankings/ppr-superflex-cheatsheets.php,redraft-op,rsf,Hunter Henry,15561,TE,NE,167.85,9.73,153,187,,hunter-henry.php,,,50.1,,,,,,,Hunter Henry,2026-05-08,NEP
/nfl/rankings/ppr-superflex-cheatsheets.php,redraft-op,rsf,Jonah Coleman,27320,RB,DEN,168.52,25.12,143,243,,jonah-coleman.php,,,39.6,,,,,,,Jonah Coleman,2026-05-08,DEN
/nfl/rankings/ppr-superflex-cheatsheets.php,redraft-op,rsf,Denzel Boston,27339,WR,CLE,169.76,20.87,144,218,,denzel-boston.php,,,41.5,,,,,,,Denzel Boston,2026-05-08,CLE
/nfl/rankings/ppr-superflex-cheatsheets.php,redraft-op,rsf,Jauan Jennings,19590,WR,MIN,155.75,21.58,123,198,,jauan-jennings.php,,,44.8,,,,,,,Jauan Jennings,2026-05-08,MIN
/nfl/rankings/ppr-superflex-cheatsheets.php,redraft-op,rsf,Adonai Mitchell,24357,WR,NYJ,171.35,14.31,151,205,,adonai-mitchell.php,,,30.6,,,,,,,Adonai Mitchell,2026-05-08,NYJ
/nfl/rankings/ppr-superflex-cheatsheets.php,redraft-op,rsf,Dalton Schultz,17349,TE,HOU,171.88,18.8,136,197,,dalton-schultz.php,,,35.7,,,,,,,Dalton Schultz,2026-05-08,HOU
/nfl/rankings/ppr-superflex-cheatsheets.php,redraft-op,rsf,Brian Robinson Jr.,20094,RB,ATL,173.5,11.93,154,203,,brian-robinson-jr.php,,,41.9,,,,,,,Brian Robinson,2026-05-08,ATL
/nfl/rankings/ppr-superflex-cheatsheets.php,redraft-op,rsf,Omar Cooper Jr.,28127,WR,NYJ,174.6,28.26,125,237,,omar-cooper-jr.php,,,34.8,,,,,,,Omar Cooper,2026-05-08,NYJ
/nfl/rankings/ppr-superflex-cheatsheets.php,redraft-op,rsf,Brandon Aiyuk,19252,WR,SF,174.69,20.46,137,229,,brandon-aiyuk.php,,,43.7,,,,,,,Brandon Aiyuk,2026-05-08,SFO
/nfl/rankings/ppr-superflex-cheatsheets.php,redraft-op,rsf,Jalen McMillan,23179,WR,TB,176.12,17.54,133,219,,jalen-mcmillan.php,,,45.1,,,,,,,Jalen McMillan,2026-05-08,TBB
/nfl/rankings/ppr-superflex-cheatsheets.php,redraft-op,rsf,Chig Okonkwo,23982,TE,WAS,176.81,24.91,136,219,,chigoziem-okonkwo.php,,,34.4,,,,,,,Chigoziem Okonkwo,2026-05-08,WAS
/nfl/rankings/ppr-superflex-cheatsheets.php,redraft-op,rsf,Emanuel Wilson,25885,RB,SEA,177.19,19.2,132,209,,emanuel-wilson.php,,,36.8,,,,,,,Emanuel Wilson,2026-05-08,SEA
/nfl/rankings/ppr-superflex-cheatsheets.php,redraft-op,rsf,Aaron Rodgers,9001,QB,FA,116.47,31.26,36,177,,aaron-rodgers.php,,,31.0,,,,,,,Aaron Rodgers,2026-05-08,FA
/nfl/rankings/ppr-superflex-cheatsheets.php,redraft-op,rsf,Kayshon Boutte,22989,WR,NE,179.46,9.03,168,196,,kayshon-boutte.php,,,39.8,,,,,,,Kayshon Boutte,2026-05-08,NEP
/nfl/rankings/ppr-superflex-cheatsheets.php,redraft-op,rsf,Tank Bigsby,22908,RB,PHI,181.88,13.78,161,211,,tank-bigsby.php,,,37.7,,,,,,,Tank Bigsby,2026-05-08,PHI
/nfl/rankings/ppr-superflex-cheatsheets.php,redraft-op,rsf,Troy Franklin,23092,WR,DEN,182.35,18.78,146,221,,troy-franklin.php,,,30.7,,,,,,,Troy Franklin,2026-05-08,DEN
/nfl/rankings/ppr-superflex-cheatsheets.php,redraft-op,rsf,Tre Harris,26215,WR,LAC,175.72,16.96,144,233,,tre-harris.php,,,31.6,,,,,,,Tre Harris,2026-05-08,LAC
/nfl/rankings/ppr-superflex-cheatsheets.php,redraft-op,rsf,T.J. Hockenson,18290,TE,MIN,184.04,12.09,151,197,,tj-hockenson.php,,,59.0,,,,,,,TJ Hockenson,2026-05-08,MIN
/nfl/rankings/ppr-superflex-cheatsheets.php,redraft-op,rsf,Mike Washington Jr.,28108,RB,LV,187.38,26.91,156,273,,mike-washington-jr.php,,,23.2,,,,,,,Mike Washington,2026-05-08,LVR
/nfl/rankings/ppr-superflex-cheatsheets.php,redraft-op,rsf,Tyreek Hill,15802,WR,FA,175.54,34.02,124,297,,tyreek-hill.php,,,54.8,,,,,,,Tyreek Hill,2026-05-08,FA
/nfl/rankings/ppr-superflex-cheatsheets.php,redraft-op,rsf,Kimani Vidal,26355,RB,LAC,189.46,18.58,155,220,,kimani-vidal.php,,,32.3,,,,,,,Kimani Vidal,2026-05-08,LAC
/nfl/rankings/ppr-superflex-cheatsheets.php,redraft-op,rsf,Nick Singleton,24343,RB,TEN,191.38,30.8,146,267,,nick-singleton.php,,,31.8,,,,,,,Nick Singleton,2026-05-08,TEN
/nfl/rankings/ppr-superflex-cheatsheets.php,redraft-op,rsf,Emmett Johnson,28107,RB,KC,192.68,29.15,153,290,,emmett-johnson.php,,,33.1,,,,,,,Emmett Johnson,2026-05-08,KCC
/nfl/rankings/ppr-superflex-cheatsheets.php,redraft-op,rsf,Tre Tucker,25337,WR,LV,187.64,19.12,160,259,,tre-tucker.php,,,34.6,,,,,,,Tre Tucker,2026-05-08,LVR
/nfl/rankings/ppr-superflex-cheatsheets.php,redraft-op,rsf,Kaytron Allen,24362,RB,WAS,195.25,29.1,154,271,,kaytron-allen.php,,,28.7,,,,,,,Kaytron Allen,2026-05-08,WAS
/nfl/rankings/ppr-superflex-cheatsheets.php,redraft-op,rsf,Ray Davis,26191,RB,BUF,195.54,15.1,165,220,,ray-davis.php,,,26.3,,,,,,,Ray Davis,2026-05-08,BUF
/nfl/rankings/ppr-superflex-cheatsheets.php,redraft-op,rsf,Jaylin Noel,27122,WR,HOU,183.33,15.54,151,215,,jaylin-noel.php,,,27.7,,,,,,,Jaylin Noel,2026-05-08,HOU
/nfl/rankings/ppr-superflex-cheatsheets.php,redraft-op,rsf,AJ Barner,26335,TE,SEA,196.27,9.85,165,212,,aj-barner.php,,,36.2,,,,,,,AJ Barner,2026-05-08,SEA
/nfl/rankings/ppr-superflex-cheatsheets.php,redraft-op,rsf,Antonio Williams,25418,WR,WAS,197.0,35.89,142,270,,antonio-williams-wr.php,,,25.6,,,,,,,Antonio Williams,2026-05-08,WAS
/nfl/rankings/ppr-superflex-cheatsheets.php,redraft-op,rsf,Calvin Ridley,17258,WR,TEN,197.96,29.47,156,320,,calvin-ridley.php,,,49.6,,,,,,,Calvin Ridley,2026-05-08,TEN
/nfl/rankings/ppr-superflex-cheatsheets.php,redraft-op,rsf,Pat Bryant,27211,WR,DEN,192.04,16.9,171,239,,pat-bryant.php,,,30.3,,,,,,,Pat Bryant,2026-05-08,DEN
/nfl/rankings/ppr-superflex-cheatsheets.php,redraft-op,rsf,Kenyon Sadiq,26055,TE,NYJ,198.76,24.63,148,250,,kenyon-sadiq.php,,,56.2,,,,,,,Kenyon Sadiq,2026-05-08,NYJ
/nfl/rankings/ppr-superflex-cheatsheets.php,redraft-op,rsf,Darnell Mooney,19810,WR,NYG,195.36,13.28,162,222,,darnell-mooney.php,,,29.6,,,,,,,Darnell Mooney,2026-05-08,NYG
/nfl/rankings/ppr-superflex-cheatsheets.php,redraft-op,rsf,Jaylen Wright,25987,RB,MIA,202.04,19.04,166,252,,jaylen-wright.php,,,29.1,,,,,,,Jaylen Wright,2026-05-08,MIA
/nfl/rankings/ppr-superflex-cheatsheets.php,redraft-op,rsf,Ryan Flournoy,26398,WR,DAL,199.36,23.42,180,291,,ryan-flournoy.php,,,27.7,,,,,,,Ryan Flournoy,2026-05-08,DAL
/nfl/rankings/ppr-superflex-cheatsheets.php,redraft-op,rsf,Sean Tucker,23679,RB,TB,205.15,17.42,170,270,,sean-tucker.php,,,29.9,,,,,,,Sean Tucker,2026-05-08,TBB
/nfl/rankings/ppr-superflex-cheatsheets.php,redraft-op,rsf,Dontayvion Wicks,24354,WR,PHI,199.84,14.77,160,224,,dontayvion-wicks.php,,,22.3,,,,,,,Dontayvion Wicks,2026-05-08,PHI
/nfl/rankings/ppr-superflex-cheatsheets.php,redraft-op,rsf,Isaac TeSlaa,27446,WR,DET,200.0,16.95,184,278,,isaac-teslaa.php,,,31.4,,,,,,,Isaac TeSlaa,2026-05-08,DET
/nfl/rankings/ppr-superflex-cheatsheets.php,redraft-op,rsf,Tua Tagovailoa,19198,QB,ATL,152.89,44.89,35,277,,tua-tagovailoa.php,,,32.9,,,,,,,Tua Tagovailoa,2026-05-08,ATL
/nfl/rankings/ppr-superflex-cheatsheets.php,redraft-op,rsf,Chimere Dike,27315,WR,TEN,194.58,29.11,157,248,,chimere-dike.php,,,31.8,,,,,,,Chimere Dike,2026-05-08,TEN
/nfl/rankings/ppr-superflex-cheatsheets.php,redraft-op,rsf,Gunnar Helm,27109,TE,TEN,210.0,13.02,183,240,,gunnar-helm.php,,,32.4,,,,,,,Gunnar Helm,2026-05-08,TEN
/nfl/rankings/ppr-superflex-cheatsheets.php,redraft-op,rsf,Germie Bernard,26039,WR,PIT,213.55,26.59,173,264,,germie-bernard.php,,,32.3,,,,,,,Germie Bernard,2026-05-08,PIT
/nfl/rankings/ppr-superflex-cheatsheets.php,redraft-op,rsf,Devin Neal,23682,RB,NO,215.46,32.98,164,318,,devin-neal.php,,,29.2,,,,,,,Devin Neal,2026-05-08,NOS
/nfl/rankings/ppr-superflex-cheatsheets.php,redraft-op,rsf,Chris Bell,26038,WR,MIA,216.2,37.51,160,308,,chris-bell.php,,,29.4,,,,,,,Chris Bell,2026-05-08,MIA
/nfl/rankings/ppr-superflex-cheatsheets.php,redraft-op,rsf,Terrance Ferguson,23091,TE,LAR,216.65,14.31,194,250,,terrance-ferguson.php,,,31.6,,,,,3.0,,Terrance Ferguson,2026-05-08,LAR
/nfl/rankings/ppr-superflex-cheatsheets.php,redraft-op,rsf,Elic Ayomanor,27059,WR,TEN,212.04,33.9,170,297,,elic-ayomanor.php,,,34.2,,,,,,,Elic Ayomanor,2026-05-08,TEN
/nfl/rankings/ppr-superflex-cheatsheets.php,redraft-op,rsf,David Njoku,16399,TE,FA,217.65,11.69,190,233,,david-njoku.php,,,32.7,,,,,,,David Njoku,2026-05-08,FA
/nfl/rankings/ppr-superflex-cheatsheets.php,redraft-op,rsf,Ty Simpson,25368,QB,LAR,218.0,46.3,182,297,,ty-simpson.php,,,30.3,,,,,,,Ty Simpson,2026-05-08,LAR
/nfl/rankings/ppr-superflex-cheatsheets.php,redraft-op,rsf,Cade Otton,23181,TE,TB,219.92,13.26,189,240,,cade-otton.php,,,32.8,,,,,,,Cade Otton,2026-05-08,TBB
/nfl/rankings/ppr-superflex-cheatsheets.php,redraft-op,rsf,Kaleb Johnson,27165,RB,PIT,220.69,30.43,159,285,,kaleb-johnson-rb.php,,,26.8,,,,,,,Kaleb Johnson,2026-05-08,PIT
/nfl/rankings/ppr-superflex-cheatsheets.php,redraft-op,rsf,Demond Claiborne,28084,RB,MIN,220.8,28.03,167,268,,demond-claiborne.php,,,26.5,,,,,,,Demond Claiborne,2026-05-08,MIN
/nfl/rankings/ppr-superflex-cheatsheets.php,redraft-op,rsf,Trey Benson,25388,RB,ARI,212.46,40.94,131,287,,trey-benson.php,,,40.2,,,,,,,Trey Benson,2026-05-08,ARI
/nfl/rankings/ppr-superflex-cheatsheets.php,redraft-op,rsf,Mason Taylor,26005,TE,NYJ,223.31,25.58,182,321,,mason-taylor.php,,,39.9,,,,,-3.0,,Mason Taylor,2026-05-08,NYJ
/nfl/rankings/ppr-superflex-cheatsheets.php,redraft-op,rsf,Ollie Gordon II,25984,RB,MIA,225.27,13.31,200,252,,ollie-gordon.php,,,19.1,,,,,,,Ollie Gordon,2026-05-08,MIA
/nfl/rankings/ppr-superflex-cheatsheets.php,redraft-op,rsf,Tank Dell,25361,WR,HOU,217.04,14.57,195,245,,nathaniel-dell.php,,,40.6,,,,,,,Tank Dell,2026-05-08,HOU
/nfl/rankings/ppr-superflex-cheatsheets.php,redraft-op,rsf,Evan Engram,16411,TE,DEN,228.69,14.07,194,260,,evan-engram.php,,,34.6,,,,,,,Evan Engram,2026-05-08,DEN
/nfl/rankings/ppr-superflex-cheatsheets.php,redraft-op,rsf,Zachariah Branch,25419,WR,ATL,229.32,20.67,181,263,,zachariah-branch.php,,,28.7,,,,,12.0,,Zachariah Branch,2026-05-08,ATL
/nfl/rankings/ppr-superflex-cheatsheets.php,redraft-op,rsf,De'Zhaun Stribling,28138,WR,SF,229.76,26.77,166,274,,dezhaun-stribling.php,,,11.2,,,,,14.0,,DeZhaun Stribling,2026-05-08,SFO
/nfl/rankings/ppr-superflex-cheatsheets.php,redraft-op,rsf,Pat Freiermuth,20163,TE,PIT,229.92,13.1,204,273,,pat-freiermuth.php,,,32.0,,,,,,,Pat Freiermuth,2026-05-08,PIT
/nfl/rankings/ppr-superflex-cheatsheets.php,redraft-op,rsf,Rashod Bateman,19794,WR,BAL,220.13,21.12,191,263,,rashod-bateman.php,,,24.4,,,,,,,Rashod Bateman,2026-05-08,BAL
/nfl/rankings/ppr-superflex-cheatsheets.php,redraft-op,rsf,Jalen Nailor,24177,WR,LV,214.83,38.84,169,296,,jalen-nailor.php,,,30.0,,,,,,,Jalen Nailor,2026-05-08,LVR
/nfl/rankings/ppr-superflex-cheatsheets.php,redraft-op,rsf,Chris Brazzell II,28047,WR,CAR,230.63,21.59,183,278,,chris-brazzell-ii.php,,,25.0,,,,,,,Chris Brazzell,2026-05-08,CAR
/nfl/rankings/ppr-superflex-cheatsheets.php,redraft-op,rsf,Malik Washington,26314,WR,MIA,227.28,31.7,173,309,,malik-washington.php,,,27.4,,,,,,,Malik Washington,2026-05-08,MIA
/nfl/rankings/ppr-superflex-cheatsheets.php,redraft-op,rsf,Colby Parkinson,19372,TE,LAR,232.12,16.6,198,267,,colby-parkinson.php,,,31.8,,,,,,,Colby Parkinson,2026-05-08,LAR
/nfl/rankings/ppr-superflex-cheatsheets.php,redraft-op,rsf,Elijah Sarratt,27463,WR,BAL,233.59,27.12,191,328,,elijah-sarratt.php,,,26.3,,,,,,,Elijah Sarratt,2026-05-08,BAL
/nfl/rankings/ppr-superflex-cheatsheets.php,redraft-op,rsf,Malachi Fields,27994,WR,NYG,233.67,27.34,194,310,,malachi-fields.php,,,20.9,,,,,,,Malachi Fields,2026-05-08,NYG
/nfl/rankings/ppr-superflex-cheatsheets.php,redraft-op,rsf,Kendre Miller,24360,RB,NO,233.88,33.26,177,322,,kendre-miller.php,,,14.7,,,,,,,Kendre Miller,2026-05-08,NOS
/nfl/rankings/ppr-superflex-cheatsheets.php,redraft-op,rsf,Ja'Kobi Lane,27337,WR,BAL,235.2,27.5,199,286,,jakobi-lane.php,,,28.7,,,,,,,JaKobi Lane,2026-05-08,BAL
/nfl/rankings/ppr-superflex-cheatsheets.php,redraft-op,rsf,Eli Stowers,23144,TE,PHI,237.64,26.15,191,323,,eli-stowers.php,,,34.3,,,,,,,Eli Stowers,2026-05-08,PHI
/nfl/rankings/ppr-superflex-cheatsheets.php,redraft-op,rsf,Skyler Bell,28126,WR,BUF,237.8,29.37,201,311,,skyler-bell.php,,,21.8,,,,,,,Skyler Bell,2026-05-08,BUF
/nfl/rankings/ppr-superflex-cheatsheets.php,redraft-op,rsf,Kyle Williams,27487,WR,NE,223.26,21.97,192,270,,kyle-williams-wr-2025.php,,,27.8,,,,,,,Kyle Williams,2026-05-08,NEP
/nfl/rankings/ppr-superflex-cheatsheets.php,redraft-op,rsf,Najee Harris,19302,RB,LAC,218.23,23.14,168,266,,najee-harris-rb.php,,,31.8,,,,,,,Najee Harris,2026-05-08,LAC
/nfl/rankings/ppr-superflex-cheatsheets.php,redraft-op,rsf,Marvin Mims Jr.,23080,WR,DEN,224.48,22.14,193,263,,marvin-mims.php,,,27.5,,,,,,,Marvin Mims,2026-05-08,DEN
/nfl/rankings/ppr-superflex-cheatsheets.php,redraft-op,rsf,Cooper Kupp,16433,WR,SEA,226.0,21.86,189,281,,cooper-kupp.php,,,28.1,,,,,,,Cooper Kupp,2026-05-08,SEA
/nfl/rankings/ppr-superflex-cheatsheets.php,redraft-op,rsf,Keon Coleman,26019,WR,BUF,226.09,25.21,186,292,,keon-coleman.php,,,24.5,,,,,,,Keon Coleman,2026-05-08,BUF
/nfl/rankings/ppr-superflex-cheatsheets.php,redraft-op,rsf,Theo Johnson,23104,TE,NYG,236.48,24.4,183,271,,theo-johnson.php,,,31.2,,,,,,,Theo Johnson,2026-05-08,NYG
/nfl/rankings/ppr-superflex-cheatsheets.php,redraft-op,rsf,Tory Horton,26022,WR,SEA,231.92,22.74,205,297,,tory-horton.php,,,30.0,,,,,,,Tory Horton,2026-05-08,SEA
/nfl/rankings/ppr-superflex-cheatsheets.php,redraft-op,rsf,Jack Bech,27224,WR,LV,233.04,28.47,197,336,,jack-bech.php,,,22.8,,,,,-12.0,,Jack Bech,2026-05-08,LVR
/nfl/rankings/ppr-superflex-cheatsheets.php,redraft-op,rsf,Christian Kirk,17268,WR,SF,228.7,27.06,173,272,,christian-kirk.php,,,31.6,,,,,-10.0,,Christian Kirk,2026-05-08,SFO
/nfl/rankings/ppr-superflex-cheatsheets.php,redraft-op,rsf,Isaiah Davis,25977,RB,NYJ,229.22,20.16,192,279,,isaiah-davis.php,,,10.8,,,,,,,Isaiah Davis,2026-05-08,NYJ
/nfl/rankings/ppr-superflex-cheatsheets.php,redraft-op,rsf,Adam Randall,24367,RB,BAL,243.61,23.95,213,293,,adam-randall.php,,,10.7,,,,,,,Adam Randall,2026-05-08,BAL
/nfl/rankings/ppr-superflex-cheatsheets.php,redraft-op,rsf,Kirk Cousins,11177,QB,LV,167.13,53.08,38,292,,kirk-cousins.php,,,28.6,,,,,,,Kirk Cousins,2026-05-08,LVR
/nfl/rankings/ppr-superflex-cheatsheets.php,redraft-op,rsf,Deshaun Watson,16398,QB,CLE,168.07,54.35,39,287,,deshaun-watson.php,,,24.7,,,,,,,Deshaun Watson,2026-05-08,CLE
/nfl/rankings/ppr-superflex-cheatsheets.php,redraft-op,rsf,Ted Hurst,28130,WR,TB,247.33,28.38,172,302,,ted-hurst.php,,,18.5,,,,,,,Ted Hurst,2026-05-08,TBB
/nfl/rankings/ppr-superflex-cheatsheets.php,redraft-op,rsf,Mack Hollins,16489,WR,NE,239.25,37.79,195,342,,mack-hollins.php,,,14.1,,,,,,,Mack Hollins,2026-05-08,NEP
/nfl/rankings/ppr-superflex-cheatsheets.php,redraft-op,rsf,Xavier Legette,26136,WR,CAR,234.0,24.73,199,275,,xavier-legette.php,,,12.9,,,,,,,Xavier Legette,2026-05-08,CAR
/nfl/rankings/ppr-superflex-cheatsheets.php,redraft-op,rsf,Brashard Smith,27259,RB,KC,234.73,18.32,211,279,,brashard-smith.php,,,22.5,,,,,,,Brashard Smith,2026-05-08,KCC
/nfl/rankings/ppr-superflex-cheatsheets.php,redraft-op,rsf,Keenan Allen,11616,WR,LAC,235.23,18.53,188,269,,keenan-allen.php,,,28.0,,,,,,,Keenan Allen,2026-05-08,LAC
/nfl/rankings/ppr-superflex-cheatsheets.php,redraft-op,rsf,Jake Tonges,24778,TE,SF,241.78,26.73,185,315,,jake-tonges.php,,,31.6,,,,,,,Jake Tonges,2026-05-08,SFO
/nfl/rankings/ppr-superflex-cheatsheets.php,redraft-op,rsf,Darius Slayton,18706,WR,NYG,245.22,28.19,205,349,,darius-slayton.php,,,16.0,,,,,,,Darius Slayton,2026-05-08,NYG
/nfl/rankings/ppr-superflex-cheatsheets.php,redraft-op,rsf,Ty Johnson,18406,RB,BUF,242.82,18.33,209,287,,ty-johnson.php,,,12.2,,,,,,,Ty Johnson,2026-05-08,BUF
/nfl/rankings/ppr-superflex-cheatsheets.php,redraft-op,rsf,Jaydon Blue,24344,RB,DAL,249.96,22.84,204,302,,jaydon-blue.php,,,28.5,,,,,,,Jaydon Blue,2026-05-08,DAL
/nfl/rankings/ppr-superflex-cheatsheets.php,redraft-op,rsf,LeQuint Allen Jr.,27285,RB,JAC,246.73,22.96,202,283,,lequint-allen-jr.php,,,20.3,,,,,,,LeQuint Allen,2026-05-08,JAC
/nfl/rankings/ppr-superflex-cheatsheets.php,redraft-op,rsf,Devaughn Vele,26409,WR,NO,251.83,21.56,224,332,,devaughn-vele.php,,,26.3,,,,,,,Devaughn Vele,2026-05-08,NOS
/nfl/rankings/ppr-superflex-cheatsheets.php,redraft-op,rsf,Justice Hill,18256,RB,BAL,248.59,18.79,208,273,,justice-hill.php,,,19.0,,,,,,,Justice Hill,2026-05-08,BAL
/nfl/rankings/ppr-superflex-cheatsheets.php,redraft-op,rsf,Jerome Ford,22921,RB,WAS,245.57,16.01,213,280,,jerome-ford.php,,,10.5,,,,,,,Jerome Ford,2026-05-08,WAS
/nfl/rankings/ppr-superflex-cheatsheets.php,redraft-op,rsf,Chris Brooks,25823,RB,GB,250.91,16.81,202,276,,christopher-brooks.php,,,7.2,,,,,,,Chris Brooks,2026-05-08,GBP
/nfl/rankings/ppr-superflex-cheatsheets.php,redraft-op,rsf,Devin Singletary,18280,RB,NYG,255.39,19.43,205,280,,devin-singletary.php,,,5.3,,,,,,,Devin Singletary,2026-05-08,NYG
/nfl/rankings/ppr-superflex-cheatsheets.php,redraft-op,rsf,Joe Mixon,16420,RB,FA,242.45,36.94,165,299,,joe-mixon.php,,,28.6,,,,,,,Joe Mixon,2026-05-08,FA
/nfl/rankings/ppr-superflex-cheatsheets.php,redraft-op,rsf,DJ Giddens,27097,RB,IND,252.73,21.24,217,290,,dj-giddens.php,,,12.5,,,,,,,DJ Giddens,2026-05-08,IND
/nfl/rankings/ppr-superflex-cheatsheets.php,redraft-op,rsf,Jordan James,27310,RB,SF,255.0,32.94,208,317,,jordan-james.php,,,24.6,,,,,-9.0,,Jordan James,2026-05-08,SFO
/nfl/rankings/ppr-superflex-cheatsheets.php,redraft-op,rsf,Mike Gesicki,17272,TE,CIN,249.3,18.11,205,282,,mike-gesicki.php,,,32.2,,,,,,,Mike Gesicki,2026-05-08,CIN
/nfl/rankings/ppr-superflex-cheatsheets.php,redraft-op,rsf,George Holani,22915,RB,SEA,259.0,16.23,224,283,,george-holani.php,,,29.2,,,,,,,George Holani,2026-05-08,SEA
/nfl/rankings/ppr-superflex-cheatsheets.php,redraft-op,rsf,Samaje Perine,16423,RB,CIN,263.74,25.05,192,296,,samaje-perine.php,,,7.3,,,,,,,Samaje Perine,2026-05-08,CIN
/nfl/rankings/ppr-superflex-cheatsheets.php,redraft-op,rsf,Jaleel McLaughlin,25876,RB,DEN,256.76,26.24,210,304,,jaleel-mclaughlin.php,,,2.9,,,,,,,Jaleel McLaughlin,2026-05-08,DEN
/nfl/rankings/ppr-superflex-cheatsheets.php,redraft-op,rsf,Hollywood Brown,18226,WR,PHI,261.5,20.98,237,334,,marquise-brown.php,,,20.0,,,,,,,Marquise Brown,2026-05-08,PHI
/nfl/rankings/ppr-superflex-cheatsheets.php,redraft-op,rsf,Isaac Guerendo,26392,RB,SF,262.73,21.29,222,294,,isaac-guerendo.php,,,7.4,,,,,,,Isaac Guerendo,2026-05-08,SFO
/nfl/rankings/ppr-superflex-cheatsheets.php,redraft-op,rsf,MarShawn Lloyd,23118,RB,GB,263.95,21.83,213,291,,marshawn-lloyd.php,,,6.4,,,,,,,MarShawn Lloyd,2026-05-08,GBP
/nfl/rankings/ppr-superflex-cheatsheets.php,redraft-op,rsf,Emari Demercado,25654,RB,KC,260.71,19.61,220,291,,emari-demercado.php,,,8.2,,,,,,,Emari Demercado,2026-05-08,KCC
/nfl/rankings/ppr-superflex-cheatsheets.php,redraft-op,rsf,Tyquan Thornton,22913,WR,KC,257.15,27.35,188,330,,tyquan-thornton.php,,,10.9,,,,,,,Tyquan Thornton,2026-05-08,KCC
/nfl/rankings/ppr-superflex-cheatsheets.php,redraft-op,rsf,Seth McGowan,23079,RB,IND,279.0,15.2,261,322,,seth-mcgowan.php,,,1.6,,,,,,,Seth McGowan,2026-05-08,IND
/nfl/rankings/ppr-superflex-cheatsheets.php,redraft-op,rsf,J.J. McCarthy,23018,QB,MIN,149.89,62.1,70,278,,jj-mccarthy.php,,,29.8,,,,,,,JJ McCarthy,2026-05-08,MIN
/nfl/rankings/ppr-superflex-cheatsheets.php,redraft-op,rsf,Malik Davis,24205,RB,DAL,265.14,15.75,238,294,,malik-davis.php,,,5.7,,,,,,,Malik Davis,2026-05-08,DAL
/nfl/rankings/ppr-superflex-cheatsheets.php,redraft-op,rsf,Max Klare,27993,TE,LAR,284.38,17.25,262,315,,max-klare.php,,,29.0,,,,,12.0,,Max Klare,2026-05-08,LAR
/nfl/rankings/ppr-superflex-cheatsheets.php,redraft-op,rsf,Greg Dulcich,23153,TE,MIA,224.46,24.98,186,273,,greg-dulcich.php,,,22.4,,,,,,,Greg Dulcich,2026-05-08,MIA
/nfl/rankings/ppr-superflex-cheatsheets.php,redraft-op,rsf,Isaiah Bond,24371,WR,CLE,267.05,34.95,224,343,,isaiah-bond.php,,,13.5,,,,,,,Isaiah Bond,2026-05-08,CLE
/nfl/rankings/ppr-superflex-cheatsheets.php,redraft-op,rsf,Tahj Brooks,26212,RB,CIN,276.52,16.42,235,328,,tahj-brooks.php,,,4.0,,,,,,,Tahj Brooks,2026-05-08,CIN
/nfl/rankings/ppr-superflex-cheatsheets.php,redraft-op,rsf,Trevor Etienne,25393,RB,CAR,273.2,16.19,247,305,,trevor-etienne.php,,,6.4,,,,,,,Trevor Etienne,2026-05-08,CAR
/nfl/rankings/ppr-superflex-cheatsheets.php,redraft-op,rsf,Jarquez Hunter,24335,RB,LAR,273.68,21.33,214,300,,jarquez-hunter.php,,,8.4,,,,,,,Jarquez Hunter,2026-05-08,LAR
/nfl/rankings/ppr-superflex-cheatsheets.php,redraft-op,rsf,Andrei Iosivas,25335,WR,CIN,253.67,25.1,207,306,,andrei-iosivas.php,,,13.4,,,,,,,Andrei Iosivas,2026-05-08,CIN
/nfl/rankings/ppr-superflex-cheatsheets.php,redraft-op,rsf,Cedric Tillman,25287,WR,CLE,272.44,23.41,248,334,,cedric-tillman.php,,,7.2,,,,,,,Cedric Tillman,2026-05-08,CLE
/nfl/rankings/ppr-superflex-cheatsheets.php,redraft-op,rsf,Tez Johnson,27147,WR,TB,272.72,20.0,245,325,,tez-johnson.php,,,14.9,,,,,,,Tez Johnson,2026-05-08,TBB
/nfl/rankings/ppr-superflex-cheatsheets.php,redraft-op,rsf,Audric Estime,23054,RB,NO,276.79,19.76,243,327,,audric-estime.php,,,10.3,,,,,,,Audric Estime,2026-05-08,NOS
/nfl/rankings/ppr-superflex-cheatsheets.php,redraft-op,rsf,Konata Mumpfield,27449,WR,LAR,255.29,21.42,230,310,,konata-mumpfield.php,,,4.3,,,,,,,Konata Mumpfield,2026-05-08,LAR
/nfl/rankings/ppr-superflex-cheatsheets.php,redraft-op,rsf,Oscar Delp,25430,TE,NO,300.8,23.73,274,329,,oscar-delp.php,,,10.4,,,,,13.0,,Oscar Delp,2026-05-08,NOS
/nfl/rankings/ppr-superflex-cheatsheets.php,redraft-op,rsf,Jalen Royals,27076,WR,KC,265.2,26.91,234,338,,jalen-royals.php,,,5.1,,,,,,,Jalen Royals,2026-05-08,KCC
/nfl/rankings/ppr-superflex-cheatsheets.php,redraft-op,rsf,Bam Knight,24901,RB,ARI,276.47,29.84,226,339,,zonovan-bam-knight.php,,,1.3,,,,,,,Bam Knight,2026-05-08,ARI
/nfl/rankings/ppr-superflex-cheatsheets.php,redraft-op,rsf,Mac Jones,20156,QB,SF,178.29,47.93,127,282,,mac-jones.php,,,33.6,,,,,,,Mac Jones,2026-05-08,SFO
/nfl/rankings/ppr-superflex-cheatsheets.php,redraft-op,rsf,Kareem Hunt,16425,RB,FA,280.82,11.68,268,314,,kareem-hunt.php,,,6.9,,,,,,,Kareem Hunt,2026-05-08,FA
/nfl/rankings/ppr-superflex-cheatsheets.php,redraft-op,rsf,Calvin Austin III,23739,WR,NYG,274.8,32.17,236,337,,calvin-austin.php,,,9.3,,,,,,,Calvin Austin,2026-05-08,NYG
/nfl/rankings/ppr-superflex-cheatsheets.php,redraft-op,rsf,Luke McCaffrey,26328,WR,WAS,276.0,22.46,245,335,,luke-mccaffrey.php,,,5.8,,,,,,,Luke McCaffrey,2026-05-08,WAS
/nfl/rankings/ppr-superflex-cheatsheets.php,redraft-op,rsf,Kaelon Black,28401,RB,SF,240.5,27.1,200,280,,kaelon-black.php,,,6.1,,,,,,,Kaelon Black,2026-05-08,SFO
/nfl/rankings/ppr-superflex-cheatsheets.php,redraft-op,rsf,Will Shipley,22930,RB,PHI,277.2,12.58,255,304,,will-shipley.php,,,4.6,,,,,,,Will Shipley,2026-05-08,PHI
/nfl/rankings/ppr-superflex-cheatsheets.php,redraft-op,rsf,J'Mari Taylor,28109,RB,JAC,308.25,29.95,275,348,,jmari-taylor.php,,,5.3,,,,,,,JMari Taylor,2026-05-08,JAC
/nfl/rankings/ppr-superflex-cheatsheets.php,redraft-op,rsf,Justin Fields,19781,QB,KC,133.0,61.42,35,184,,justin-fields.php,,,32.3,,,,,,,Justin Fields,2026-05-08,KCC
/nfl/rankings/ppr-superflex-cheatsheets.php,redraft-op,rsf,Jahan Dotson,23101,WR,ATL,259.64,36.0,169,325,,jahan-dotson.php,,,12.5,,,,,,,Jahan Dotson,2026-05-08,ATL
/nfl/rankings/ppr-superflex-cheatsheets.php,redraft-op,rsf,Noah Gray,19539,TE,KC,274.09,22.22,242,306,,noah-gray.php,,,16.1,,,,,,,Noah Gray,2026-05-08,KCC
/nfl/rankings/ppr-superflex-cheatsheets.php,redraft-op,rsf,Darnell Washington,22967,TE,PIT,269.7,20.07,236,303,,darnell-washington.php,,,26.0,,,,,,,Darnell Washington,2026-05-08,PIT
/nfl/rankings/ppr-superflex-cheatsheets.php,redraft-op,rsf,Nick Chubb,17246,RB,FA,288.46,14.07,273,322,,nick-chubb.php,,,3.4,,,,,,,Nick Chubb,2026-05-08,FA
/nfl/rankings/ppr-superflex-cheatsheets.php,redraft-op,rsf,Tyler Higbee,15623,TE,LAR,272.4,18.3,233,294,,tyler-higbee.php,,,12.2,,,,,-4.0,,Tyler Higbee,2026-05-08,LAR
/nfl/rankings/ppr-superflex-cheatsheets.php,redraft-op,rsf,Austin Ekeler,16483,RB,FA,282.64,9.58,270,299,,austin-ekeler.php,,,4.3,,,,,,,Austin Ekeler,2026-05-08,FA
/nfl/rankings/ppr-superflex-cheatsheets.php,redraft-op,rsf,Michael Carter,22728,RB,TEN,290.17,19.34,271,329,,michael-carter-rb.php,,,3.0,,,,,,,Michael Carter,2026-05-08,TEN
/nfl/rankings/ppr-superflex-cheatsheets.php,redraft-op,rsf,Olamide Zaccheaus,18864,WR,ATL,279.3,20.89,245,320,,olamide-zaccheaus.php,,,9.9,,,,,,,Olamide Zaccheaus,2026-05-08,ATL
/nfl/rankings/ppr-superflex-cheatsheets.php,redraft-op,rsf,Dont'e Thornton Jr.,27288,WR,LV,275.56,27.45,244,333,,donte-thornton-jr.php,,,7.6,,,,,,,Donte Thornton,2026-05-08,LVR
/nfl/rankings/ppr-superflex-cheatsheets.php,redraft-op,rsf,Joshua Palmer,22845,WR,BUF,288.4,29.4,253,345,,josh-palmer.php,,,3.0,,,,,,,Josh Palmer,2026-05-08,BUF
/nfl/rankings/ppr-superflex-cheatsheets.php,redraft-op,rsf,Jalen Tolbert,23770,WR,MIA,275.63,31.42,226,328,,jalen-tolbert.php,,,14.7,,,,,,,Jalen Tolbert,2026-05-08,MIA
/nfl/rankings/ppr-superflex-cheatsheets.php,redraft-op,rsf,Anthony Richardson Sr.,24347,QB,IND,205.0,45.66,177,284,,anthony-richardson.php,,,31.1,,,,,,,Anthony Richardson,2026-05-08,IND
/nfl/rankings/ppr-superflex-cheatsheets.php,redraft-op,rsf,Bryce Lance,28129,WR,NO,267.57,25.59,230,311,,bryce-lance.php,,,8.3,,,,,,,Bryce Lance,2026-05-08,NOS
/nfl/rankings/ppr-superflex-cheatsheets.php,redraft-op,rsf,John Metchie III,22895,WR,CAR,288.89,32.84,254,341,,john-metchie.php,,,5.1,,,,,,,John Metchie,2026-05-08,CAR
/nfl/rankings/ppr-superflex-cheatsheets.php,redraft-op,rsf,Elijah Arroyo,23004,TE,SEA,281.38,24.51,252,312,,elijah-arroyo.php,,,24.2,,,,,,,Elijah Arroyo,2026-05-08,SEA
/nfl/rankings/ppr-superflex-cheatsheets.php,redraft-op,rsf,Caleb Douglas,28135,WR,MIA,282.25,29.33,213,313,,caleb-douglas.php,,,3.3,,,,,,,Caleb Douglas,2026-05-08,MIA
/nfl/rankings/ppr-superflex-cheatsheets.php,redraft-op,rsf,Brenen Thompson,28133,WR,LAC,284.5,18.83,258,310,,brenen-thompson.php,,,12.0,,,,,,,Brenen Thompson,2026-05-08,LAC
/nfl/rankings/ppr-superflex-cheatsheets.php,redraft-op,rsf,DeMario Douglas,25304,WR,NE,291.89,21.73,263,330,,demario-douglas.php,,,17.9,,,,,,,Demario Douglas,2026-05-08,NEP
/nfl/rankings/ppr-superflex-cheatsheets.php,redraft-op,rsf,Xavier Hutchinson,25332,WR,HOU,288.88,22.84,261,333,,xavier-hutchinson.php,,,4.4,,,,,,,Xavier Hutchinson,2026-05-08,HOU
/nfl/rankings/ppr-superflex-cheatsheets.php,redraft-op,rsf,Eli Heidenreich,28297,RB,PIT,283.86,21.46,259,324,,eli-heidenreich.php,,,3.5,,,,,,,Eli Heidenreich,2026-05-08,PIT
/nfl/rankings/ppr-superflex-cheatsheets.php,redraft-op,rsf,Jaylin Lane,27454,WR,WAS,292.88,21.03,265,326,,jaylin-lane.php,,,7.1,,,,,,,Jaylin Lane,2026-05-08,WAS
/nfl/rankings/ppr-superflex-cheatsheets.php,redraft-op,rsf,Savion Williams,27144,WR,GB,286.14,20.28,266,329,,savion-williams.php,,,2.8,,,,,,,Savion Williams,2026-05-08,GBP
/nfl/rankings/ppr-superflex-cheatsheets.php,redraft-op,rsf,Ja'Tavion Sanders,24334,TE,CAR,279.0,22.8,250,315,,jatavion-sanders.php,,,17.1,,,,,-5.0,,JaTavion Sanders,2026-05-08,CAR
/nfl/rankings/ppr-superflex-cheatsheets.php,redraft-op,rsf,Darren Waller,14104,TE,FA,290.29,16.1,257,316,,darren-waller.php,,,11.6,,,,,,,Darren Waller,2026-05-08,FA
/nfl/rankings/ppr-superflex-cheatsheets.php,redraft-op,rsf,Tommy Myers,25167,TE,FA,270.2,15.14,253,298,,tommy-myers.php,,,0.0,,,,,,,Tommy Myers,2026-05-08,FA
/nfl/rankings/ppr-superflex-cheatsheets.php,redraft-op,rsf,Justin Joly,28079,TE,DEN,294.29,21.57,267,340,,justin-joly.php,,,7.5,,,,,,,Justin Joly,2026-05-08,DEN
/nfl/rankings/ppr-superflex-cheatsheets.php,redraft-op,rsf,Raheim Sanders,24351,RB,CLE,302.75,22.37,277,338,,raheim-sanders.php,,,1.7,,,,,,,Raheim Sanders,2026-05-08,CLE
/nfl/rankings/ppr-superflex-cheatsheets.php,redraft-op,rsf,Michael Mayer,23056,TE,LV,288.83,28.13,246,319,,michael-mayer.php,,,30.0,,,,,-5.0,,Michael Mayer,2026-05-08,LVR
/nfl/rankings/ppr-superflex-cheatsheets.php,redraft-op,rsf,John Bates,22833,TE,WAS,276.8,25.47,246,311,,john-bates.php,,,0.8,,,,,,,John Bates,2026-05-08,WAS
/nfl/rankings/ppr-superflex-cheatsheets.php,redraft-op,rsf,Jawhar Jordan,26329,RB,HOU,292.67,16.54,275,322,,jawhar-jordan.php,,,1.6,,,,,,,Jawhar Jordan,2026-05-08,HOU
/nfl/rankings/ppr-superflex-cheatsheets.php,redraft-op,rsf,Treylon Burks,22905,WR,WAS,281.4,28.75,234,308,,treylon-burks.php,,,4.3,,,,,,,Treylon Burks,2026-05-08,WAS
/nfl/rankings/ppr-superflex-cheatsheets.php,redraft-op,rsf,Joe Milton III,25967,QB,DAL,182.0,0.0,182,182,,joe-milton.php,,,10.1,,,,,,,Joe Milton,2026-05-08,DAL
/nfl/rankings/ppr-superflex-cheatsheets.php,redraft-op,rsf,Kevin Coleman Jr.,28067,WR,MIA,286.6,34.62,232,324,,kevin-coleman-jr.php,,,1.8,,,,,,,Kevin Coleman,2026-05-08,MIA
/nfl/rankings/ppr-superflex-cheatsheets.php,redraft-op,rsf,Ben Sinnott,26310,TE,WAS,298.17,18.58,272,329,,ben-sinnott.php,,,11.1,,,,,,,Ben Sinnott,2026-05-08,WAS
/nfl/rankings/ppr-superflex-cheatsheets.php,redraft-op,rsf,Tutu Atwell,20126,WR,MIA,298.83,28.94,246,331,,tutu-atwell.php,,,4.3,,,,,,,Tutu Atwell,2026-05-08,MIA
/nfl/rankings/ppr-superflex-cheatsheets.php,redraft-op,rsf,Carson Beck,22953,QB,ARI,199.0,17.0,182,216,,carson-beck.php,,,18.0,,,,,,,Carson Beck,2026-05-08,ARI
/nfl/rankings/ppr-superflex-cheatsheets.php,redraft-op,rsf,Kendrick Bourne,17066,WR,ARI,304.0,27.12,262,336,,kendrick-bourne.php,,,4.7,,,,,,,Kendrick Bourne,2026-05-08,ARI
/nfl/rankings/ppr-superflex-cheatsheets.php,redraft-op,rsf,Cyrus Allen,28424,WR,KC,281.5,51.31,195,328,,cyrus-allen.php,,,0.2,,,,,,,Cyrus Allen,2026-05-08,KCC
/nfl/rankings/ppr-superflex-cheatsheets.php,redraft-op,rsf,KaVontae Turpin,18520,WR,DAL,282.5,37.18,236,337,,kavontae-turpin.php,,,12.3,,,,,,,KaVontae Turpin,2026-05-08,DAL
/nfl/rankings/ppr-superflex-cheatsheets.php,redraft-op,rsf,Terrell Jennings,26964,RB,NE,283.25,7.95,273,294,,terrell-jennings.php,,,0.6,,,,,,,Terrell Jennings,2026-05-08,NEP
/nfl/rankings/ppr-superflex-cheatsheets.php,redraft-op,rsf,Antonio Gibson,19624,RB,FA,297.6,17.83,278,327,,antonio-gibson.php,,,0.7,,,,,,,Antonio Gibson,2026-05-08,FA
/nfl/rankings/ppr-superflex-cheatsheets.php,redraft-op,rsf,Kalif Raymond,16081,WR,CHI,287.5,46.31,222,352,,kalif-raymond.php,,,1.5,,,,,,,Kalif Raymond,2026-05-08,CHI
/nfl/rankings/ppr-superflex-cheatsheets.php,redraft-op,rsf,Tai Felton,27182,WR,MIN,269.0,19.2,242,285,,tai-felton.php,,,2.7,,,,,,,Tai Felton,2026-05-08,MIN
/nfl/rankings/ppr-superflex-cheatsheets.php,redraft-op,rsf,Cole Kmet,19229,TE,CHI,303.0,21.33,264,325,,cole-kmet.php,,,24.6,,,,,,,Cole Kmet,2026-05-08,CHI
/nfl/rankings/ppr-superflex-cheatsheets.php,redraft-op,rsf,Dameon Pierce,22947,RB,PHI,312.33,20.77,281,346,,dameon-pierce.php,,,1.1,,,,,,,Dameon Pierce,2026-05-08,PHI
/nfl/rankings/ppr-superflex-cheatsheets.php,redraft-op,rsf,Malik Benson,26012,WR,LV,306.0,66.39,174,348,,malik-benson.php,,,0.9,,,,,,,Malik Benson,2026-05-08,LVR
/nfl/rankings/ppr-superflex-cheatsheets.php,redraft-op,rsf,Zach Ertz,11689,TE,FA,295.75,22.82,273,321,,zach-ertz.php,,,11.4,,,,,,,Zach Ertz,2026-05-08,FA
/nfl/rankings/ppr-superflex-cheatsheets.php,redraft-op,rsf,Noah Fant,17527,TE,NO,307.2,15.56,286,334,,noah-fant.php,,,8.7,,,,,,,Noah Fant,2026-05-08,NOS
/nfl/rankings/ppr-superflex-cheatsheets.php,redraft-op,rsf,Luke Musgrave,25282,TE,GB,307.8,12.06,293,321,,luke-musgrave.php,,,11.5,,,,,,,Luke Musgrave,2026-05-08,GBP
/nfl/rankings/ppr-superflex-cheatsheets.php,redraft-op,rsf,Joe Flacco,9300,QB,CIN,247.0,51.0,196,298,,joe-flacco.php,,,18.2,,,,,,,Joe Flacco,2026-05-08,CIN
/nfl/rankings/ppr-superflex-cheatsheets.php,redraft-op,rsf,CJ Daniels,28125,WR,LAR,313.0,31.02,263,351,,cj-daniels.php,,,8.5,,,,,,,CJ Daniels,2026-05-08,LAR
/nfl/rankings/ppr-superflex-cheatsheets.php,redraft-op,rsf,Nick Westbrook-Ikhine,19747,WR,IND,258.5,72.5,186,331,,nick-westbrook.php,,,1.5,,,,,,,Nick Westbrook-Ikhine,2026-05-08,IND
/nfl/rankings/ppr-superflex-cheatsheets.php,redraft-op,rsf,Dawson Knox,18631,TE,BUF,314.8,13.29,291,332,,dawson-knox.php,,,21.7,,,,,,,Dawson Knox,2026-05-08,BUF
/nfl/rankings/ppr-superflex-cheatsheets.php,redraft-op,rsf,Eli Raridon,28154,TE,NE,315.0,31.62,263,347,,eli-raridon.php,,,2.7,,,,,,,Eli Raridon,2026-05-08,NEP
/nfl/rankings/ppr-superflex-cheatsheets.php,redraft-op,rsf,Marcus Mariota,13890,QB,WAS,180.0,0.0,180,180,,marcus-mariota.php,,,18.0,,,,,,,Marcus Mariota,2026-05-08,WAS
/nfl/rankings/ppr-superflex-cheatsheets.php,redraft-op,rsf,Damien Martinez,25976,RB,GB,308.0,13.47,285,318,,damien-martinez.php,,,0.6,,,,,,,Damien Martinez,2026-05-08,GBP
/nfl/rankings/ppr-superflex-cheatsheets.php,redraft-op,rsf,Daniel Bellinger,24238,TE,TEN,308.5,38.27,246,350,,daniel-bellinger.php,,,5.9,,,,,,,Daniel Bellinger,2026-05-08,TEN
/nfl/rankings/ppr-superflex-cheatsheets.php,redraft-op,rsf,Zavion Thomas,28132,WR,CHI,318.0,22.22,289,341,,zavion-thomas.php,,,2.1,,,,,,,Zavion Thomas,2026-05-08,CHI
/nfl/rankings/ppr-superflex-cheatsheets.php,redraft-op,rsf,Dyami Brown,20113,WR,WAS,196.0,0.0,196,196,,dyami-brown.php,,,1.3,,,,,,,Dyami Brown,2026-05-08,WAS
/nfl/rankings/ppr-superflex-cheatsheets.php,redraft-op,rsf,Jonnu Smith,16460,TE,FA,315.5,19.24,286,339,,jonnu-smith.php,,,14.1,,,,,,,Jonnu Smith,2026-05-08,FA
/nfl/rankings/ppr-superflex-cheatsheets.php,redraft-op,rsf,Deion Burks,27093,WR,IND,315.75,21.16,293,342,,deion-burks.php,,,0.6,,,,,,,Deion Burks,2026-05-08,IND
/nfl/rankings/ppr-superflex-cheatsheets.php,redraft-op,rsf,Sam Roush,28161,TE,CHI,314.33,21.93,295,345,,sam-roush.php,,,1.8,,,,,,,Sam Roush,2026-05-08,CHI
/nfl/rankings/ppr-superflex-cheatsheets.php,redraft-op,rsf,Le'Veon Moss,27323,RB,MIA,314.67,31.98,272,349,,leveon-moss.php,,,10.8,,,,,,,LeVeon Moss,2026-05-08,MIA
/nfl/rankings/ppr-superflex-cheatsheets.php,redraft-op,rsf,Jam Miller,27326,RB,NE,301.5,2.5,299,304,,jam-miller.php,,,2.3,,,,,,,Jam Miller,2026-05-08,NEP
/nfl/rankings/ppr-superflex-cheatsheets.php,redraft-op,rsf,Jordan Whittington,23135,WR,LAR,256.0,0.0,256,256,,jordan-whittington.php,,,1.5,,,,,,,Jordan Whittington,2026-05-08,LAR
/nfl/rankings/ppr-superflex-cheatsheets.php,redraft-op,rsf,Elijah Higgins,23119,TE,ARI,318.67,13.47,302,335,,elijah-higgins.php,,,3.6,,,,,,,Elijah Higgins,2026-05-08,ARI
/nfl/rankings/ppr-superflex-cheatsheets.php,redraft-op,rsf,Mitch Tinsley,24370,WR,CIN,258.0,0.0,258,258,,mitchell-tinsley.php,,,0.6,,,,,,,Mitch Tinsley,2026-05-08,CIN
/nfl/rankings/ppr-superflex-cheatsheets.php,redraft-op,rsf,Marlin Klein,28157,TE,HOU,305.0,21.0,284,326,,marlin-klein.php,,,3.1,,,,,,,Marlin Klein,2026-05-08,HOU
/nfl/rankings/ppr-superflex-cheatsheets.php,redraft-op,rsf,Roschon Johnson,25322,RB,CHI,280.0,0.0,280,280,,roschon-johnson.php,,,0.8,,,,,,,Roschon Johnson,2026-05-08,CHI
/nfl/rankings/ppr-superflex-cheatsheets.php,redraft-op,rsf,Zavier Scott,25748,RB,MIN,284.0,0.0,284,284,,zavier-scott.php,,,0.7,,,,,,,Zavier Scott,2026-05-08,MIN
/nfl/rankings/ppr-superflex-cheatsheets.php,redraft-op,rsf,Xavier Restrepo,27066,WR,TEN,288.0,0.0,288,288,,xavier-restrepo.php,,,1.3,,,,,,,Xavier Restrepo,2026-05-08,TEN
/nfl/rankings/ppr-superflex-cheatsheets.php,redraft-op,rsf,Phil Mafah,22928,RB,DAL,319.0,25.0,294,344,,phil-mafah.php,,,1.8,,,,,,,Phil Mafah,2026-05-08,DAL
/nfl/rankings/ppr-superflex-cheatsheets.php,redraft-op,rsf,Nate Boerkircher,28427,TE,JAC,290.0,0.0,290,290,,nate-boerkircher.php,,,0.7,,,,,,,Nate Boerkircher,2026-05-08,JAC
/nfl/rankings/ppr-superflex-cheatsheets.php,redraft-op,rsf,Kyle Juszczyk,11798,RB,SF,291.0,0.0,291,291,,kyle-juszczyk.php,,,1.7,,,,,,,Kyle Juszczyk,2026-05-08,SFO
/nfl/rankings/ppr-superflex-cheatsheets.php,redraft-op,rsf,Brandin Cooks,12122,WR,FA,293.0,0.0,293,293,,brandin-cooks.php,,,0.9,,,,,,,Brandin Cooks,2026-05-08,FA
/nfl/rankings/ppr-superflex-cheatsheets.php,redraft-op,rsf,Devontez Walker,26011,WR,BAL,322.0,14.0,308,336,,devontez-walker.php,,,1.7,,,,,,,Devontez Walker,2026-05-08,BAL
/nfl/rankings/ppr-superflex-cheatsheets.php,redraft-op,rsf,Jameis Winston,13891,QB,NYG,296.0,0.0,296,296,,jameis-winston.php,,,16.8,,,,,,,Jameis Winston,2026-05-08,NYG
/nfl/rankings/ppr-superflex-cheatsheets.php,redraft-op,rsf,Theo Wease Jr.,27222,WR,MIA,296.0,0.0,296,296,,theo-wease-jr.php,,,4.8,,,,,,,Theo Wease,2026-05-08,MIA
/nfl/rankings/ppr-superflex-cheatsheets.php,redraft-op,rsf,Jared Wiley,26343,TE,KC,298.0,0.0,298,298,,jared-wiley.php,,,0.6,,,,,,,Jared Wiley,2026-05-08,KCC
/nfl/rankings/ppr-superflex-cheatsheets.php,redraft-op,rsf,Gardner Minshew II,18562,QB,ARI,299.0,0.0,299,299,,gardner-minshew.php,,,6.5,,,,,,,Gardner Minshew,2026-05-08,ARI
/nfl/rankings/ppr-superflex-cheatsheets.php,redraft-op,rsf,Antwane Wells Jr.,27218,WR,FA,300.0,0.0,300,300,,antwane-wells-jr.php,,,1.1,,,,,,,Antwane Wells,2026-05-08,FA
/nfl/rankings/ppr-superflex-cheatsheets.php,redraft-op,rsf,Julian Fleming,23063,WR,FA,301.0,0.0,301,301,,julian-fleming.php,,,0.0,,,,,,,Julian Fleming,2026-05-08,FA
/nfl/rankings/ppr-superflex-cheatsheets.php,redraft-op,rsf,Greg Dortch,18585,WR,DET,305.0,0.0,305,305,,greg-dortch.php,,,2.3,,,,,,,Greg Dortch,2026-05-08,DET
/nfl/rankings/ppr-superflex-cheatsheets.php,redraft-op,rsf,Tommy Tremble,22795,TE,CAR,306.0,0.0,306,306,,tommy-tremble.php,,,2.1,,,,,,,Tommy Tremble,2026-05-08,CAR
/nfl/rankings/ppr-superflex-cheatsheets.php,redraft-op,rsf,Mitchell Evans,27138,TE,CAR,308.0,0.0,308,308,,mitchell-evans.php,,,1.4,,,,,,,Mitchell Evans,2026-05-08,CAR
/nfl/rankings/ppr-superflex-cheatsheets.php,redraft-op,rsf,Durham Smythe,17508,TE,BAL,309.0,0.0,309,309,,durham-smythe.php,,,0.7,,,,,,,Durham Smythe,2026-05-08,BAL
/nfl/rankings/ppr-superflex-cheatsheets.php,redraft-op,rsf,Demarcus Robinson,15665,WR,SF,329.5,2.5,327,332,,demarcus-robinson.php,,,1.6,,,,,,,Demarcus Robinson,2026-05-08,SFO
/nfl/rankings/ppr-superflex-cheatsheets.php,redraft-op,rsf,Jackson Hawes,27469,TE,BUF,312.0,0.0,312,312,,jackson-hawes.php,,,1.4,,,,,,,Jackson Hawes,2026-05-08,BUF
/nfl/rankings/ppr-superflex-cheatsheets.php,redraft-op,rsf,Erick All Jr.,23837,TE,CIN,331.0,7.0,324,338,,erick-all.php,,,1.8,,,,,,,Erick All,2026-05-08,CIN
/nfl/rankings/ppr-superflex-cheatsheets.php,redraft-op,rsf,Austin Hooper,15581,TE,ATL,313.0,0.0,313,313,,austin-hooper.php,,,2.1,,,,,,,Austin Hooper,2026-05-08,ATL
/nfl/rankings/ppr-superflex-cheatsheets.php,redraft-op,rsf,Rasheen Ali,25983,RB,BAL,314.0,0.0,314,314,,rasheen-ali.php,,,3.2,,,,,,,Rasheen Ali,2026-05-08,BAL
/nfl/rankings/ppr-superflex-cheatsheets.php,redraft-op,rsf,Tyler Badie,23812,RB,DEN,318.0,0.0,318,318,,tyler-badie.php,,,1.2,,,,,,,Tyler Badie,2026-05-08,DEN
/nfl/rankings/ppr-superflex-cheatsheets.php,redraft-op,rsf,Michael Trigg,23167,TE,DAL,318.0,0.0,318,318,,michael-trigg.php,,,34.5,,,,,,,Michael Trigg,2026-05-08,DAL
/nfl/rankings/ppr-superflex-cheatsheets.php,redraft-op,rsf,Robert Henry Jr.,28404,RB,WAS,334.0,10.0,324,344,,robert-henry-jr.php,,,0.0,,,,,,,Robert Henry,2026-05-08,WAS
/nfl/rankings/ppr-superflex-cheatsheets.php,redraft-op,rsf,Thomas Fidone II,23039,TE,NYG,319.0,0.0,319,319,,thomas-fidone.php,,,0.6,,,,,,,Thomas Fidone,2026-05-08,NYG
/nfl/rankings/ppr-superflex-cheatsheets.php,redraft-op,rsf,Jack Endries,27501,TE,CIN,320.0,0.0,320,320,,jack-endries.php,,,6.8,,,,,,,Jack Endries,2026-05-08,CIN
/nfl/rankings/ppr-superflex-cheatsheets.php,redraft-op,rsf,Tanner Koziol,27499,TE,JAC,321.0,0.0,321,321,,tanner-koziol.php,,,0.1,,,,,,,Tanner Koziol,2026-05-08,JAC
/nfl/rankings/ppr-superflex-cheatsheets.php,redraft-op,rsf,Dylan Laube,26194,RB,LV,326.0,0.0,326,326,,dylan-laube.php,,,0.8,,,,,,,Dylan Laube,2026-05-08,LVR
/nfl/rankings/ppr-superflex-cheatsheets.php,redraft-op,rsf,Roman Wilson,26160,WR,PIT,330.0,0.0,330,330,,roman-wilson.php,,,2.4,,,,,,,Roman Wilson,2026-05-08,PIT
/nfl/rankings/ppr-superflex-cheatsheets.php,redraft-op,rsf,Charlie Kolar,22756,TE,LAC,331.0,0.0,331,331,,charlie-kolar.php,,,5.5,,,,,,,Charlie Kolar,2026-05-08,LAC
/nfl/rankings/ppr-superflex-cheatsheets.php,redraft-op,rsf,Jeremy McNichols,16445,RB,WAS,340.0,0.0,340,340,,jeremy-mcnichols.php,,,0.9,,,,,,,Jeremy McNichols,2026-05-08,WAS
/nfl/rankings/ppr-superflex-cheatsheets.php,redraft-op,rsf,Roman Hemby,25387,RB,LV,340.0,0.0,340,340,,roman-hemby.php,,,0.0,,,,,,,Roman Hemby,2026-05-08,LVR
/nfl/rankings/ppr-superflex-cheatsheets.php,redraft-op,rsf,Ty Chandler,19471,RB,NO,343.0,0.0,343,343,,ty-chandler.php,,,0.6,,,,,,,Ty Chandler,2026-05-08,NOS
/nfl/rankings/ppr-superflex-cheatsheets.php,redraft-op,rsf,Jaydn Ott,25394,RB,KC,343.0,0.0,343,343,,jaydn-ott.php,,,1.5,,,,,,,Jaydn Ott,2026-05-08,KCC
/nfl/rankings/ppr-superflex-cheatsheets.php,redraft-op,rsf,Desmond Reid,28110,RB,BUF,347.0,0.0,347,347,,desmond-reid.php,,,0.0,,,,,,,Desmond Reid,2026-05-08,BUF
/nfl/rankings/ppr-cheatsheets.php,redraft-overall,ro,Ja'Marr Chase,19788,WR,CIN,1.31,0.72,1,3,,jamarr-chase.php,,,98.9,,,,,,,JaMarr Chase,2026-05-08,CIN
/nfl/rankings/ppr-cheatsheets.php,redraft-overall,ro,Bijan Robinson,23133,RB,ATL,2.46,1.08,2,5,,bijan-robinson.php,,,98.7,,,,,,,Bijan Robinson,2026-05-08,ATL
/nfl/rankings/ppr-cheatsheets.php,redraft-overall,ro,Puka Nacua,23180,WR,LAR,3.15,1.06,1,6,,puka-nacua.php,,,99.1,,,,,,,Puka Nacua,2026-05-08,LAR
/nfl/rankings/ppr-cheatsheets.php,redraft-overall,ro,Jaxon Smith-Njigba,23070,WR,SEA,3.77,0.42,3,4,,jaxon-smith-njigba.php,,,99.0,,,,,,,Jaxon Smith-Njigba,2026-05-08,SEA
/nfl/rankings/ppr-cheatsheets.php,redraft-overall,ro,Jahmyr Gibbs,22968,RB,DET,4.85,1.51,2,7,,jahmyr-gibbs.php,,,98.7,,,,,,,Jahmyr Gibbs,2026-05-08,DET
/nfl/rankings/ppr-cheatsheets.php,redraft-overall,ro,Amon-Ra St. Brown,19799,WR,DET,7.23,1.22,6,9,,amonra-stbrown.php,,,98.9,,,,,,,Amon-Ra St Brown,2026-05-08,DET
/nfl/rankings/ppr-cheatsheets.php,redraft-overall,ro,CeeDee Lamb,19202,WR,DAL,7.54,1.39,6,11,,ceedee-lamb.php,,,98.6,,,,,,,CeeDee Lamb,2026-05-08,DAL
/nfl/rankings/ppr-cheatsheets.php,redraft-overall,ro,Christian McCaffrey,16393,RB,SF,7.69,2.16,5,13,,christian-mccaffrey.php,,,99.0,,,,,,,Christian McCaffrey,2026-05-08,SFO
/nfl/rankings/ppr-cheatsheets.php,redraft-overall,ro,Justin Jefferson,19236,WR,MIN,8.92,1.33,6,11,,justin-jefferson.php,,,87.5,,,,,,,Justin Jefferson,2026-05-08,MIN
/nfl/rankings/ppr-cheatsheets.php,redraft-overall,ro,Jonathan Taylor,19217,RB,IND,10.15,2.44,7,17,,jonathan-taylor.php,,,98.5,,,,,,,Jonathan Taylor,2026-05-08,IND
/nfl/rankings/ppr-cheatsheets.php,redraft-overall,ro,Drake London,23163,WR,ATL,11.65,1.52,9,15,,drake-london.php,,,98.3,,,,,,,Drake London,2026-05-08,ATL
/nfl/rankings/ppr-cheatsheets.php,redraft-overall,ro,Malik Nabers,25409,WR,NYG,14.88,4.64,11,35,,malik-nabers.php,,,98.5,,,,,2.0,,Malik Nabers,2026-05-08,NYG
/nfl/rankings/ppr-cheatsheets.php,redraft-overall,ro,Nico Collins,20130,WR,HOU,15.15,2.64,12,20,,nico-collins.php,,,98.9,,,,,,,Nico Collins,2026-05-08,HOU
/nfl/rankings/ppr-cheatsheets.php,redraft-overall,ro,Rashee Rice,23113,WR,KC,15.31,4.68,9,29,,rashee-rice.php,,,98.3,,,,,,,Rashee Rice,2026-05-08,KCC
/nfl/rankings/ppr-cheatsheets.php,redraft-overall,ro,Trey McBride,22936,TE,ARI,17.65,2.64,16,22,,trey-mcbride.php,,,98.4,,,,,,,Trey McBride,2026-05-08,ARI
/nfl/rankings/ppr-cheatsheets.php,redraft-overall,ro,De'Von Achane,23136,RB,MIA,17.81,6.42,10,33,,devon-achane.php,,,98.6,,,,,,,DeVon Achane,2026-05-08,MIA
/nfl/rankings/ppr-cheatsheets.php,redraft-overall,ro,Ashton Jeanty,25989,RB,LV,18.35,5.03,10,31,,ashton-jeanty.php,,,87.7,,,,,,,Ashton Jeanty,2026-05-08,LVR
/nfl/rankings/ppr-cheatsheets.php,redraft-overall,ro,George Pickens,22963,WR,DAL,18.38,1.98,14,24,,george-pickens.php,,,98.4,,,,,,,George Pickens,2026-05-08,DAL
/nfl/rankings/ppr-cheatsheets.php,redraft-overall,ro,James Cook III,22958,RB,BUF,18.73,6.14,7,31,,james-cook.php,,,98.8,,,,,,,James Cook,2026-05-08,BUF
/nfl/rankings/ppr-cheatsheets.php,redraft-overall,ro,Brock Bowers,22955,TE,LV,20.62,2.53,16,22,,brock-bowers.php,,,98.9,,,,,,,Brock Bowers,2026-05-08,LVR
/nfl/rankings/ppr-cheatsheets.php,redraft-overall,ro,Chris Olave,20111,WR,NO,21.19,7.2,14,38,,chris-olave.php,,,97.5,,,,,,,Chris Olave,2026-05-08,NOS
/nfl/rankings/ppr-cheatsheets.php,redraft-overall,ro,A.J. Brown,18218,WR,PHI,21.58,5.98,14,35,,aj-brown.php,,,98.3,,,,,,,AJ Brown,2026-05-08,PHI
/nfl/rankings/ppr-cheatsheets.php,redraft-overall,ro,Chase Brown,25324,RB,CIN,22.27,4.72,13,31,,chase-brown.php,,,97.7,,,,,,,Chase Brown,2026-05-08,CIN
/nfl/rankings/ppr-cheatsheets.php,redraft-overall,ro,Josh Allen,17298,QB,BUF,25.35,1.07,25,30,,josh-allen-qb.php,,,99.2,,,,,,,Josh Allen,2026-05-08,BUF
/nfl/rankings/ppr-cheatsheets.php,redraft-overall,ro,Omarion Hampton,25395,RB,LAC,25.81,6.47,17,41,,omarion-hampton.php,,,87.2,,,,,,,Omarion Hampton,2026-05-08,LAC
/nfl/rankings/ppr-cheatsheets.php,redraft-overall,ro,Tetairoa McMillan,25417,WR,CAR,27.27,5.3,19,38,,tetairoa-mcmillan.php,,,87.0,,,,,,,Tetairoa McMillan,2026-05-08,CAR
/nfl/rankings/ppr-cheatsheets.php,redraft-overall,ro,Saquon Barkley,17240,RB,PHI,27.88,4.93,21,34,,saquon-barkley.php,,,98.8,,,,,,,Saquon Barkley,2026-05-08,PHI
/nfl/rankings/ppr-cheatsheets.php,redraft-overall,ro,Lamar Jackson,17233,QB,BAL,28.88,3.3,27,41,,lamar-jackson.php,,,98.5,,,,,,,Lamar Jackson,2026-05-08,BAL
/nfl/rankings/ppr-cheatsheets.php,redraft-overall,ro,Garrett Wilson,23072,WR,NYJ,30.54,5.56,15,42,,garrett-wilson.php,,,97.4,,,,,2.0,,Garrett Wilson,2026-05-08,NYJ
/nfl/rankings/ppr-cheatsheets.php,redraft-overall,ro,Kenneth Walker III,23021,RB,KC,31.65,7.97,21,56,,kenneth-walker-rb.php,,,87.4,,,,,,,Kenneth Walker,2026-05-08,KCC
/nfl/rankings/ppr-cheatsheets.php,redraft-overall,ro,DeVonta Smith,19222,WR,PHI,31.92,9.68,18,49,,devonta-smith.php,,,86.7,,,,,,,DeVonta Smith,2026-05-08,PHI
/nfl/rankings/ppr-cheatsheets.php,redraft-overall,ro,Tee Higgins,19211,WR,CIN,32.85,5.52,20,40,,tee-higgins.php,,,97.0,,,,,,,Tee Higgins,2026-05-08,CIN
/nfl/rankings/ppr-cheatsheets.php,redraft-overall,ro,Drake Maye,23046,QB,NE,33.85,8.17,27,54,,drake-maye.php,,,99.1,,,,,,,Drake Maye,2026-05-08,NEP
/nfl/rankings/ppr-cheatsheets.php,redraft-overall,ro,Josh Jacobs,18269,RB,GB,37.0,4.57,24,43,,josh-jacobs.php,,,98.3,,,,,,,Josh Jacobs,2026-05-08,GBP
/nfl/rankings/ppr-cheatsheets.php,redraft-overall,ro,Jeremiyah Love,25403,RB,ARI,38.5,8.6,21,56,,jeremiyah-love.php,,,83.2,,,,,4.0,,Jeremiyah Love,2026-05-08,ARI
/nfl/rankings/ppr-cheatsheets.php,redraft-overall,ro,Zay Flowers,22916,WR,BAL,39.19,6.85,20,51,,zay-flowers.php,,,97.6,,,,,,,Zay Flowers,2026-05-08,BAL
/nfl/rankings/ppr-cheatsheets.php,redraft-overall,ro,Ladd McConkey,26122,WR,LAC,39.46,6.18,26,50,,ladd-mcconkey.php,,,85.9,,,,,,,Ladd McConkey,2026-05-08,LAC
/nfl/rankings/ppr-cheatsheets.php,redraft-overall,ro,Luther Burden III,27016,WR,CHI,39.96,5.42,28,49,,luther-burden-iii.php,,,83.5,,,,,,,Luther Burden,2026-05-08,CHI
/nfl/rankings/ppr-cheatsheets.php,redraft-overall,ro,Jaylen Waddle,19790,WR,DEN,41.31,7.0,28,55,,jaylen-waddle.php,,,86.0,,,,,,,Jaylen Waddle,2026-05-08,DEN
/nfl/rankings/ppr-cheatsheets.php,redraft-overall,ro,Derrick Henry,15514,RB,BAL,42.08,3.42,32,47,,derrick-henry.php,,,97.9,,,,,,,Derrick Henry,2026-05-08,BAL
/nfl/rankings/ppr-cheatsheets.php,redraft-overall,ro,Breece Hall,22982,RB,NYJ,43.19,5.97,33,53,,breece-hall.php,,,91.4,,,,,,,Breece Hall,2026-05-08,NYJ
/nfl/rankings/ppr-cheatsheets.php,redraft-overall,ro,Joe Burrow,19196,QB,CIN,43.38,11.93,27,63,,joe-burrow.php,,,85.2,,,,,,,Joe Burrow,2026-05-08,CIN
/nfl/rankings/ppr-cheatsheets.php,redraft-overall,ro,Colston Loveland,26006,TE,CHI,43.77,13.13,32,66,,colston-loveland.php,,,87.3,,,,,,,Colston Loveland,2026-05-08,CHI
/nfl/rankings/ppr-cheatsheets.php,redraft-overall,ro,Terry McLaurin,18466,WR,WAS,44.08,3.88,36,52,,terry-mclaurin.php,,,84.7,,,,,,,Terry McLaurin,2026-05-08,WAS
/nfl/rankings/ppr-cheatsheets.php,redraft-overall,ro,Davante Adams,12123,WR,LAR,44.62,8.64,29,75,,davante-adams.php,,,97.6,,,,,,,Davante Adams,2026-05-08,LAR
/nfl/rankings/ppr-cheatsheets.php,redraft-overall,ro,Travis Etienne Jr.,19231,RB,NO,46.42,4.17,39,53,,travis-etienne.php,,,97.1,,,,,,,Travis Etienne,2026-05-08,NOS
/nfl/rankings/ppr-cheatsheets.php,redraft-overall,ro,Emeka Egbuka,23062,WR,TB,46.81,7.23,29,62,,emeka-egbuka.php,,,79.4,,,,,,,Emeka Egbuka,2026-05-08,TBB
/nfl/rankings/ppr-cheatsheets.php,redraft-overall,ro,Javonte Williams,22739,RB,DAL,47.12,7.88,31,58,,javonte-williams.php,,,97.1,,,,,,,Javonte Williams,2026-05-08,DAL
/nfl/rankings/ppr-cheatsheets.php,redraft-overall,ro,Mike Evans,12119,WR,SF,48.54,7.54,26,62,,mike-evans.php,,,71.8,,,,,,,Mike Evans,2026-05-08,SFO
/nfl/rankings/ppr-cheatsheets.php,redraft-overall,ro,Kyren Williams,23059,RB,LAR,48.58,7.03,39,58,,kyren-williams.php,,,97.8,,,,,,,Kyren Williams,2026-05-08,LAR
/nfl/rankings/ppr-cheatsheets.php,redraft-overall,ro,Bucky Irving,25981,RB,TB,50.35,6.87,33,61,,bucky-irving.php,,,97.1,,,,,,,Bucky Irving,2026-05-08,TBB
/nfl/rankings/ppr-cheatsheets.php,redraft-overall,ro,Jayden Daniels,22902,QB,WAS,50.88,13.24,30,92,,jayden-daniels.php,,,87.1,,,,,,,Jayden Daniels,2026-05-08,WAS
/nfl/rankings/ppr-cheatsheets.php,redraft-overall,ro,Tyler Warren,26434,TE,IND,51.27,15.16,32,73,,tyler-warren.php,,,87.1,,,,,,,Tyler Warren,2026-05-08,IND
/nfl/rankings/ppr-cheatsheets.php,redraft-overall,ro,Jameson Williams,23677,WR,DET,51.35,6.64,42,64,,jameson-williams.php,,,89.8,,,,,,,Jameson Williams,2026-05-08,DET
/nfl/rankings/ppr-cheatsheets.php,redraft-overall,ro,Jalen Hurts,19275,QB,PHI,57.31,7.08,37,73,,jalen-hurts.php,,,98.0,,,,,,,Jalen Hurts,2026-05-08,PHI
/nfl/rankings/ppr-cheatsheets.php,redraft-overall,ro,Cam Skattebo,27166,RB,NYG,57.65,8.06,46,80,,cam-skattebo.php,,,97.2,,,,,,,Cam Skattebo,2026-05-08,NYG
/nfl/rankings/ppr-cheatsheets.php,redraft-overall,ro,Christian Watson,23886,WR,GB,59.42,9.72,48,91,,christian-watson.php,,,69.9,,,,,,,Christian Watson,2026-05-08,GBP
/nfl/rankings/ppr-cheatsheets.php,redraft-overall,ro,DJ Moore,17265,WR,BUF,60.38,16.62,36,115,,dj-moore-wr.php,,,78.4,,,,,,,DJ Moore,2026-05-08,BUF
/nfl/rankings/ppr-cheatsheets.php,redraft-overall,ro,TreVeyon Henderson,23065,RB,NE,61.35,9.78,47,80,,treveyon-henderson.php,,,78.7,,,,,,,TreVeyon Henderson,2026-05-08,NEP
/nfl/rankings/ppr-cheatsheets.php,redraft-overall,ro,Rome Odunze,25411,WR,CHI,63.08,14.04,40,94,,rome-odunze.php,,,77.7,,,,,,,Rome Odunze,2026-05-08,CHI
/nfl/rankings/ppr-cheatsheets.php,redraft-overall,ro,David Montgomery,18239,RB,HOU,64.08,8.44,50,80,,david-montgomery.php,,,77.0,,,,,,,David Montgomery,2026-05-08,HOU
/nfl/rankings/ppr-cheatsheets.php,redraft-overall,ro,D'Andre Swift,19210,RB,CHI,66.23,6.15,56,78,,dandre-swift.php,,,88.4,,,,,,,DAndre Swift,2026-05-08,CHI
/nfl/rankings/ppr-cheatsheets.php,redraft-overall,ro,Quinshon Judkins,25391,RB,CLE,66.77,7.48,50,78,,quinshon-judkins.php,,,79.1,,,,,,,Quinshon Judkins,2026-05-08,CLE
/nfl/rankings/ppr-cheatsheets.php,redraft-overall,ro,Tucker Kraft,25298,TE,GB,69.04,10.36,57,95,,tucker-kraft.php,,,91.5,,,,,,,Tucker Kraft,2026-05-08,GBP
/nfl/rankings/ppr-cheatsheets.php,redraft-overall,ro,Marvin Harrison Jr.,23064,WR,ARI,70.85,8.38,60,90,,marvin-harrison-jr.php,,,71.2,,,,,,,Marvin Harrison,2026-05-08,ARI
/nfl/rankings/ppr-cheatsheets.php,redraft-overall,ro,Courtland Sutton,17253,WR,DEN,71.0,10.05,52,91,,courtland-sutton.php,,,78.0,,,,,,,Courtland Sutton,2026-05-08,DEN
/nfl/rankings/ppr-cheatsheets.php,redraft-overall,ro,Justin Herbert,18635,QB,LAC,72.38,12.45,59,104,,justin-herbert.php,,,79.6,,,,,,,Justin Herbert,2026-05-08,LAC
/nfl/rankings/ppr-cheatsheets.php,redraft-overall,ro,Chris Godwin Jr.,16406,WR,TB,72.88,12.2,51,100,,chris-godwin.php,,,69.5,,,,,,,Chris Godwin,2026-05-08,TBB
/nfl/rankings/ppr-cheatsheets.php,redraft-overall,ro,DK Metcalf,18219,WR,PIT,74.31,9.07,52,90,,dk-metcalf.php,,,72.6,,,,,,,DK Metcalf,2026-05-08,PIT
/nfl/rankings/ppr-cheatsheets.php,redraft-overall,ro,Bhayshul Tuten,27297,RB,JAC,74.5,7.43,61,89,,bhayshul-tuten.php,,,70.5,,,,,,,Bhayshul Tuten,2026-05-08,JAC
/nfl/rankings/ppr-cheatsheets.php,redraft-overall,ro,Michael Wilson,25333,WR,ARI,74.77,14.74,51,107,,michael-wilson.php,,,69.4,,,,,,,Michael Wilson,2026-05-08,ARI
/nfl/rankings/ppr-cheatsheets.php,redraft-overall,ro,Carnell Tate,26009,WR,TEN,74.83,20.01,49,107,,carnell-tate.php,,,75.1,,,,,10.0,,Carnell Tate,2026-05-08,TEN
/nfl/rankings/ppr-cheatsheets.php,redraft-overall,ro,Jaylen Warren,24209,RB,PIT,75.12,5.56,67,88,,jaylen-warren.php,,,69.5,,,,,,,Jaylen Warren,2026-05-08,PIT
/nfl/rankings/ppr-cheatsheets.php,redraft-overall,ro,Jaxson Dart,23160,QB,NYG,75.38,12.77,63,101,,jaxson-dart.php,,,84.4,,,,,,,Jaxson Dart,2026-05-08,NYG
/nfl/rankings/ppr-cheatsheets.php,redraft-overall,ro,RJ Harvey,27142,RB,DEN,75.5,13.96,46,117,,rj-harvey.php,,,69.9,,,,,,,RJ Harvey,2026-05-08,DEN
/nfl/rankings/ppr-cheatsheets.php,redraft-overall,ro,Harold Fannin Jr.,27050,TE,CLE,75.69,11.33,57,106,,harold-fannin-jr.php,,,83.9,,,,,,,Harold Fannin,2026-05-08,CLE
/nfl/rankings/ppr-cheatsheets.php,redraft-overall,ro,Chuba Hubbard,19792,RB,CAR,76.73,17.83,47,120,,chuba-hubbard.php,,,77.3,,,,,,,Chuba Hubbard,2026-05-08,CAR
/nfl/rankings/ppr-cheatsheets.php,redraft-overall,ro,Caleb Williams,23084,QB,CHI,77.42,12.84,54,101,,caleb-williams.php,,,83.1,,,,,,,Caleb Williams,2026-05-08,CHI
/nfl/rankings/ppr-cheatsheets.php,redraft-overall,ro,Jadarian Price,27329,RB,SEA,78.18,8.83,58,93,,jadarian-price.php,,,66.4,,,,,,,Jadarian Price,2026-05-08,SEA
/nfl/rankings/ppr-cheatsheets.php,redraft-overall,ro,Jakobi Meyers,18598,WR,JAC,78.31,9.22,60,96,,jakobi-meyers.php,,,69.8,,,,,,,Jakobi Meyers,2026-05-08,JAC
/nfl/rankings/ppr-cheatsheets.php,redraft-overall,ro,Trevor Lawrence,19780,QB,JAC,80.31,12.2,59,101,,trevor-lawrence.php,,,87.6,,,,,,,Trevor Lawrence,2026-05-08,JAC
/nfl/rankings/ppr-cheatsheets.php,redraft-overall,ro,Kyle Pitts Sr.,20164,TE,ATL,82.27,8.32,63,97,,kyle-pitts.php,,,96.0,,,,,,,Kyle Pitts,2026-05-08,ATL
/nfl/rankings/ppr-cheatsheets.php,redraft-overall,ro,Sam LaPorta,22978,TE,DET,82.96,5.99,65,87,,sam-laporta.php,,,94.6,,,,,,,Sam LaPorta,2026-05-08,DET
/nfl/rankings/ppr-cheatsheets.php,redraft-overall,ro,Alec Pierce,23791,WR,IND,83.0,13.87,55,107,,alec-pierce.php,,,70.1,,,,,,,Alec Pierce,2026-05-08,IND
/nfl/rankings/ppr-cheatsheets.php,redraft-overall,ro,Dak Prescott,15600,QB,DAL,83.81,10.27,70,100,,dak-prescott.php,,,82.4,,,,,,,Dak Prescott,2026-05-08,DAL
/nfl/rankings/ppr-cheatsheets.php,redraft-overall,ro,Rico Dowdle,19647,RB,PIT,85.42,7.25,72,106,,rico-dowdle.php,,,69.5,,,,,,,Rico Dowdle,2026-05-08,PIT
/nfl/rankings/ppr-cheatsheets.php,redraft-overall,ro,Rhamondre Stevenson,22726,RB,NE,86.19,7.98,75,103,,rhamondre-stevenson.php,,,69.8,,,,,,,Rhamondre Stevenson,2026-05-08,NEP
/nfl/rankings/ppr-cheatsheets.php,redraft-overall,ro,Brian Thomas Jr.,23000,WR,JAC,86.58,14.05,55,116,,brian-thomas-jr.php,,,70.4,,,,,,,Brian Thomas,2026-05-08,JAC
/nfl/rankings/ppr-cheatsheets.php,redraft-overall,ro,Michael Pittman Jr.,19278,WR,PIT,87.27,12.56,64,115,,michael-pittman.php,,,71.3,,,,,,,Michael Pittman,2026-05-08,PIT
/nfl/rankings/ppr-cheatsheets.php,redraft-overall,ro,Jordyn Tyson,26035,WR,NO,87.79,20.14,55,116,,jordyn-tyson.php,,,65.3,,,,,7.0,,Jordyn Tyson,2026-05-08,NOS
/nfl/rankings/ppr-cheatsheets.php,redraft-overall,ro,Tony Pollard,18705,RB,TEN,88.23,6.83,77,102,,tony-pollard.php,,,69.8,,,,,,,Tony Pollard,2026-05-08,TEN
/nfl/rankings/ppr-cheatsheets.php,redraft-overall,ro,Wan'Dale Robinson,22985,WR,TEN,90.08,14.31,64,128,,wandale-robinson.php,,,68.9,,,,,,,WanDale Robinson,2026-05-08,TEN
/nfl/rankings/ppr-cheatsheets.php,redraft-overall,ro,Makai Lemon,25420,WR,PHI,92.9,14.69,64,115,,makai-lemon.php,,,69.4,,,,,6.0,,Makai Lemon,2026-05-08,PHI
/nfl/rankings/ppr-cheatsheets.php,redraft-overall,ro,Ricky Pearsall,26214,WR,SF,92.92,14.52,71,123,,ricky-pearsall.php,,,67.9,,,,,-5.0,,Ricky Pearsall,2026-05-08,SFO
/nfl/rankings/ppr-cheatsheets.php,redraft-overall,ro,Brock Purdy,19797,QB,SF,94.77,9.0,74,103,,brock-purdy.php,,,82.8,,,,,,,Brock Purdy,2026-05-08,SFO
/nfl/rankings/ppr-cheatsheets.php,redraft-overall,ro,Kyle Monangai,27131,RB,CHI,95.62,8.87,78,117,,kyle-monangai.php,,,68.6,,,,,,,Kyle Monangai,2026-05-08,CHI
/nfl/rankings/ppr-cheatsheets.php,redraft-overall,ro,Parker Washington,23106,WR,JAC,98.73,15.85,68,128,,parker-washington.php,,,69.0,,,,,-5.0,,Parker Washington,2026-05-08,JAC
/nfl/rankings/ppr-cheatsheets.php,redraft-overall,ro,Jordan Addison,23107,WR,MIN,99.19,8.2,83,115,,jordan-addison.php,,,68.5,,,,,,,Jordan Addison,2026-05-08,MIN
/nfl/rankings/ppr-cheatsheets.php,redraft-overall,ro,Patrick Mahomes II,16413,QB,KC,100.15,9.74,74,114,,patrick-mahomes.php,,,82.7,,,,,,,Patrick Mahomes,2026-05-08,KCC
/nfl/rankings/ppr-cheatsheets.php,redraft-overall,ro,Matthew Stafford,9451,QB,LAR,101.35,10.12,74,113,,matthew-stafford.php,,,83.5,,,,,,,Matthew Stafford,2026-05-08,LAR
/nfl/rankings/ppr-cheatsheets.php,redraft-overall,ro,Oronde Gadsden II,25997,TE,LAC,103.5,8.78,95,131,,oronde-gadsden-ii.php,,,52.7,,,,,,,Oronde Gadsden,2026-05-08,LAC
/nfl/rankings/ppr-cheatsheets.php,redraft-overall,ro,Bo Nix,22910,QB,DEN,103.77,6.58,79,114,,bo-nix.php,,,70.7,,,,,,,Bo Nix,2026-05-08,DEN
/nfl/rankings/ppr-cheatsheets.php,redraft-overall,ro,Josh Downs,24706,WR,IND,103.96,17.74,69,133,,josh-downs.php,,,64.7,,,,,,,Josh Downs,2026-05-08,IND
/nfl/rankings/ppr-cheatsheets.php,redraft-overall,ro,Kenneth Gainwell,23310,RB,TB,104.88,17.26,78,135,,kenneth-gainwell.php,,,67.8,,,,,,,Kenneth Gainwell,2026-05-08,TBB
/nfl/rankings/ppr-cheatsheets.php,redraft-overall,ro,Aaron Jones Sr.,16673,RB,MIN,105.35,12.62,77,135,,aaron-jones.php,,,68.1,,,,,,,Aaron Jones,2026-05-08,MIN
/nfl/rankings/ppr-cheatsheets.php,redraft-overall,ro,Jayden Reed,23020,WR,GB,108.15,14.45,76,133,,jayden-reed.php,,,63.2,,,,,,,Jayden Reed,2026-05-08,GBP
/nfl/rankings/ppr-cheatsheets.php,redraft-overall,ro,Jake Ferguson,22718,TE,DAL,108.5,9.7,95,131,,jake-ferguson.php,,,69.6,,,,,,,Jake Ferguson,2026-05-08,DAL
/nfl/rankings/ppr-cheatsheets.php,redraft-overall,ro,Dalton Kincaid,25247,TE,BUF,110.54,14.36,95,144,,dalton-kincaid.php,,,52.8,,,,,,,Dalton Kincaid,2026-05-08,BUF
/nfl/rankings/ppr-cheatsheets.php,redraft-overall,ro,Travis Kelce,11594,TE,KC,112.35,18.4,73,155,,travis-kelce.php,,,82.1,,,,,,,Travis Kelce,2026-05-08,KCC
/nfl/rankings/ppr-cheatsheets.php,redraft-overall,ro,Blake Corum,23013,RB,LAR,113.62,10.37,90,127,,blake-corum.php,,,65.6,,,,,,,Blake Corum,2026-05-08,LAR
/nfl/rankings/ppr-cheatsheets.php,redraft-overall,ro,J.K. Dobbins,19245,RB,DEN,113.73,16.74,89,146,,jk-dobbins.php,,,68.9,,,,,,,JK Dobbins,2026-05-08,DEN
/nfl/rankings/ppr-cheatsheets.php,redraft-overall,ro,Jared Goff,15501,QB,DET,113.85,6.46,92,125,,jared-goff.php,,,55.0,,,,,,,Jared Goff,2026-05-08,DET
/nfl/rankings/ppr-cheatsheets.php,redraft-overall,ro,Khalil Shakir,23748,WR,BUF,114.23,11.05,91,128,,khalil-shakir.php,,,66.8,,,,,,,Khalil Shakir,2026-05-08,BUF
/nfl/rankings/ppr-cheatsheets.php,redraft-overall,ro,Kyler Murray,18600,QB,MIN,115.88,11.92,92,139,,kyler-murray.php,,,67.6,,,,,,,Kyler Murray,2026-05-08,MIN
/nfl/rankings/ppr-cheatsheets.php,redraft-overall,ro,Isaiah Likely,23781,TE,NYG,117.69,22.36,95,199,,isaiah-likely.php,,,70.1,,,,,,,Isaiah Likely,2026-05-08,NYG
/nfl/rankings/ppr-cheatsheets.php,redraft-overall,ro,Jordan Love,19246,QB,GB,118.38,7.92,104,129,,jordan-love.php,,,47.8,,,,,,,Jordan Love,2026-05-08,GBP
/nfl/rankings/ppr-cheatsheets.php,redraft-overall,ro,Quentin Johnston,23123,WR,LAC,118.46,10.93,96,149,,quentin-johnston.php,,,72.5,,,,,,,Quentin Johnston,2026-05-08,LAC
/nfl/rankings/ppr-cheatsheets.php,redraft-overall,ro,Rachaad White,23891,RB,WAS,118.81,19.48,86,156,,rachaad-white.php,,,65.8,,,,,,,Rachaad White,2026-05-08,WAS
/nfl/rankings/ppr-cheatsheets.php,redraft-overall,ro,Tyler Shough,23096,QB,NO,121.08,9.8,105,139,,tyler-shough.php,,,58.8,,,,,,,Tyler Shough,2026-05-08,NOS
/nfl/rankings/ppr-cheatsheets.php,redraft-overall,ro,Baker Mayfield,17237,QB,TB,121.73,7.5,108,134,,baker-mayfield.php,,,54.2,,,,,,,Baker Mayfield,2026-05-08,TBB
/nfl/rankings/ppr-cheatsheets.php,redraft-overall,ro,Malik Willis,23499,QB,MIA,122.19,16.44,104,179,,malik-willis.php,,,43.9,,,,,,,Malik Willis,2026-05-08,MIA
/nfl/rankings/ppr-cheatsheets.php,redraft-overall,ro,Jayden Higgins,27077,WR,HOU,122.54,8.98,107,137,,jayden-higgins.php,,,45.0,,,,,,,Jayden Higgins,2026-05-08,HOU
/nfl/rankings/ppr-cheatsheets.php,redraft-overall,ro,Jacory Croskey-Merritt,27316,RB,WAS,123.62,9.56,103,145,,jacory-croskeymerritt.php,,,54.2,,,,,,,Jacory Croskey-Merritt,2026-05-08,WAS
/nfl/rankings/ppr-cheatsheets.php,redraft-overall,ro,George Kittle,16499,TE,SF,126.96,31.33,66,196,,george-kittle.php,,,82.3,,,,,,,George Kittle,2026-05-08,SFO
/nfl/rankings/ppr-cheatsheets.php,redraft-overall,ro,Romeo Doubs,23794,WR,NE,128.69,22.26,83,176,,romeo-doubs.php,,,67.5,,,,,,,Romeo Doubs,2026-05-08,NEP
/nfl/rankings/ppr-cheatsheets.php,redraft-overall,ro,Xavier Worthy,23019,WR,KC,129.81,11.04,96,150,,xavier-worthy.php,,,66.7,,,,,,,Xavier Worthy,2026-05-08,KCC
/nfl/rankings/ppr-cheatsheets.php,redraft-overall,ro,Dallas Goedert,17270,TE,PHI,131.23,12.92,106,155,,dallas-goedert.php,,,87.5,,,,,,,Dallas Goedert,2026-05-08,PHI
/nfl/rankings/ppr-cheatsheets.php,redraft-overall,ro,Tyler Allgeier,24172,RB,ARI,132.88,14.16,102,162,,tyler-allgeier.php,,,50.4,,,,,,,Tyler Allgeier,2026-05-08,ARI
/nfl/rankings/ppr-cheatsheets.php,redraft-overall,ro,Jalen Coker,26403,WR,CAR,133.58,12.23,109,163,,jalen-coker.php,,,55.2,,,,,,,Jalen Coker,2026-05-08,CAR
/nfl/rankings/ppr-cheatsheets.php,redraft-overall,ro,Zach Charbonnet,23152,RB,SEA,133.85,21.44,84,175,,zach-charbonnet.php,,,65.3,,,,,,,Zach Charbonnet,2026-05-08,SEA
/nfl/rankings/ppr-cheatsheets.php,redraft-overall,ro,Tyrone Tracy Jr.,22980,RB,NYG,134.65,11.62,116,162,,tyrone-tracy-jr.php,,,41.9,,,,,,,Tyrone Tracy,2026-05-08,NYG
/nfl/rankings/ppr-cheatsheets.php,redraft-overall,ro,Jordan Mason,22969,RB,MIN,134.69,11.36,102,152,,jordan-mason.php,,,48.8,,,,,,,Jordan Mason,2026-05-08,MIN
/nfl/rankings/ppr-cheatsheets.php,redraft-overall,ro,Woody Marks,27520,RB,HOU,135.5,23.01,86,182,,woody-marks.php,,,62.7,,,,,,,Woody Marks,2026-05-08,HOU
/nfl/rankings/ppr-cheatsheets.php,redraft-overall,ro,C.J. Stroud,23071,QB,HOU,135.73,7.23,125,153,,cj-stroud.php,,,43.0,,,,,,,CJ Stroud,2026-05-08,HOU
/nfl/rankings/ppr-cheatsheets.php,redraft-overall,ro,KC Concepcion,27331,WR,CLE,135.83,31.53,81,199,,kevin-concepcion.php,,,56.0,,,,,9.0,,KC Concepcion,2026-05-08,CLE
/nfl/rankings/ppr-cheatsheets.php,redraft-overall,ro,Tyjae Spears,25323,RB,TEN,136.62,13.71,99,162,,tyjae-spears.php,,,56.7,,,,,,,Tyjae Spears,2026-05-08,TEN
/nfl/rankings/ppr-cheatsheets.php,redraft-overall,ro,Matthew Golden,26024,WR,GB,137.27,23.93,82,176,,matthew-golden.php,,,65.9,,,,,,,Matthew Golden,2026-05-08,GBP
/nfl/rankings/ppr-cheatsheets.php,redraft-overall,ro,Juwan Johnson,19562,TE,NO,138.23,19.87,111,181,,juwan-johnson.php,,,48.7,,,,,,,Juwan Johnson,2026-05-08,NOS
/nfl/rankings/ppr-cheatsheets.php,redraft-overall,ro,Sam Darnold,17236,QB,SEA,138.85,8.87,119,159,,sam-darnold.php,,,45.6,,,,,,,Sam Darnold,2026-05-08,SEA
/nfl/rankings/ppr-cheatsheets.php,redraft-overall,ro,Dylan Sampson,27102,RB,CLE,144.12,13.03,118,162,,dylan-sampson.php,,,39.2,,,,,,,Dylan Sampson,2026-05-08,CLE
/nfl/rankings/ppr-cheatsheets.php,redraft-overall,ro,Alvin Kamara,16421,RB,NO,145.62,17.32,120,175,,alvin-kamara.php,,,62.6,,,,,,,Alvin Kamara,2026-05-08,NOS
/nfl/rankings/ppr-cheatsheets.php,redraft-overall,ro,Brenton Strange,25345,TE,JAC,147.23,25.59,95,209,,brenton-strange.php,,,42.6,,,,,,,Brenton Strange,2026-05-08,JAC
/nfl/rankings/ppr-cheatsheets.php,redraft-overall,ro,Bryce Young,22900,QB,CAR,150.38,9.49,134,179,,bryce-young.php,,,41.4,,,,,,,Bryce Young,2026-05-08,CAR
/nfl/rankings/ppr-cheatsheets.php,redraft-overall,ro,Mark Andrews,17269,TE,BAL,150.69,20.72,111,181,,mark-andrews.php,,,67.5,,,,,,,Mark Andrews,2026-05-08,BAL
/nfl/rankings/ppr-cheatsheets.php,redraft-overall,ro,Rashid Shaheed,24687,WR,SEA,150.81,10.1,137,170,,rashid-shaheed.php,,,49.6,,,,,,,Rashid Shaheed,2026-05-08,SEA
/nfl/rankings/ppr-cheatsheets.php,redraft-overall,ro,James Conner,16447,RB,ARI,150.88,36.44,84,237,,james-conner.php,,,53.8,,,,,,,James Conner,2026-05-08,ARI
/nfl/rankings/ppr-cheatsheets.php,redraft-overall,ro,Isiah Pacheco,24333,RB,DET,151.69,10.16,132,175,,isiah-pacheco.php,,,54.9,,,,,,,Isiah Pacheco,2026-05-08,DET
/nfl/rankings/ppr-cheatsheets.php,redraft-overall,ro,Deebo Samuel Sr.,18244,WR,FA,152.58,30.0,123,239,,deebo-samuel.php,,,44.1,,,,,,,Deebo Samuel,2026-05-08,FA
/nfl/rankings/ppr-cheatsheets.php,redraft-overall,ro,Cam Ward,24755,QB,TEN,154.77,11.18,134,179,,cam-ward.php,,,36.3,,,,,,,Cam Ward,2026-05-08,TEN
/nfl/rankings/ppr-cheatsheets.php,redraft-overall,ro,Chris Rodriguez Jr.,22986,RB,JAC,155.23,35.6,127,237,,chris-rodriguez-jr.php,,,45.4,,,,,,,Chris Rodriguez,2026-05-08,JAC
/nfl/rankings/ppr-cheatsheets.php,redraft-overall,ro,Jerry Jeudy,19201,WR,CLE,156.62,15.21,136,195,,jerry-jeudy.php,,,56.4,,,,,,,Jerry Jeudy,2026-05-08,CLE
/nfl/rankings/ppr-cheatsheets.php,redraft-overall,ro,Braelon Allen,24346,RB,NYJ,160.81,15.09,130,189,,braelon-allen.php,,,38.3,,,,,,,Braelon Allen,2026-05-08,NYJ
/nfl/rankings/ppr-cheatsheets.php,redraft-overall,ro,Jonathon Brooks,26148,RB,CAR,160.85,40.37,103,248,,jonathon-brooks.php,,,48.7,,,,,,,Jonathon Brooks,2026-05-08,CAR
/nfl/rankings/ppr-cheatsheets.php,redraft-overall,ro,Stefon Diggs,13981,WR,FA,142.88,43.54,82,301,,stefon-diggs.php,,,48.5,,,,,,,Stefon Diggs,2026-05-08,FA
/nfl/rankings/ppr-cheatsheets.php,redraft-overall,ro,Keaton Mitchell,25360,RB,LAC,162.35,21.83,141,248,,keaton-mitchell.php,,,36.7,,,,,,,Keaton Mitchell,2026-05-08,LAC
/nfl/rankings/ppr-cheatsheets.php,redraft-overall,ro,Hunter Henry,15561,TE,NE,163.04,11.87,144,182,,hunter-henry.php,,,50.1,,,,,,,Hunter Henry,2026-05-08,NEP
/nfl/rankings/ppr-cheatsheets.php,redraft-overall,ro,Travis Hunter,26034,WR,JAC,165.46,38.32,88,251,,travis-hunter.php,,,58.0,,,,,,,Travis Hunter,2026-05-08,JAC
/nfl/rankings/ppr-cheatsheets.php,redraft-overall,ro,Jonah Coleman,27320,RB,DEN,167.4,36.77,132,275,,jonah-coleman.php,,,39.6,,,,,,,Jonah Coleman,2026-05-08,DEN
/nfl/rankings/ppr-cheatsheets.php,redraft-overall,ro,Denzel Boston,27339,WR,CLE,167.96,29.95,133,239,,denzel-boston.php,,,41.5,,,,,,,Denzel Boston,2026-05-08,CLE
/nfl/rankings/ppr-cheatsheets.php,redraft-overall,ro,Jauan Jennings,19590,WR,MIN,150.13,29.15,109,210,,jauan-jennings.php,,,44.8,,,,,,,Jauan Jennings,2026-05-08,MIN
/nfl/rankings/ppr-cheatsheets.php,redraft-overall,ro,Daniel Jones,18232,QB,IND,168.92,29.92,134,242,,daniel-jones.php,,,50.4,,,,,,,Daniel Jones,2026-05-08,IND
/nfl/rankings/ppr-cheatsheets.php,redraft-overall,ro,Adonai Mitchell,24357,WR,NYJ,170.38,23.05,142,225,,adonai-mitchell.php,,,30.6,,,,,,,Adonai Mitchell,2026-05-08,NYJ
/nfl/rankings/ppr-cheatsheets.php,redraft-overall,ro,Houston Texans,8120,DST,HOU,152.42,3.81,151,165,,houston-defense.php,,,94.4,,,,,,,Houston Texans,2026-05-08,HOU
/nfl/rankings/ppr-cheatsheets.php,redraft-overall,ro,Dalton Schultz,17349,TE,HOU,171.77,26.78,124,209,,dalton-schultz.php,,,35.7,,,,,,,Dalton Schultz,2026-05-08,HOU
/nfl/rankings/ppr-cheatsheets.php,redraft-overall,ro,Brian Robinson Jr.,20094,RB,ATL,172.81,19.09,148,219,,brian-robinson-jr.php,,,41.9,,,,,,,Brian Robinson,2026-05-08,ATL
/nfl/rankings/ppr-cheatsheets.php,redraft-overall,ro,Brandon Aiyuk,19252,WR,SF,174.42,27.62,126,223,,brandon-aiyuk.php,,,43.7,,,,,,,Brandon Aiyuk,2026-05-08,SFO
/nfl/rankings/ppr-cheatsheets.php,redraft-overall,ro,Omar Cooper Jr.,28127,WR,NYJ,175.84,39.97,121,269,,omar-cooper-jr.php,,,34.8,,,,,,,Omar Cooper,2026-05-08,NYJ
/nfl/rankings/ppr-cheatsheets.php,redraft-overall,ro,Jalen McMillan,23179,WR,TB,176.5,25.52,121,241,,jalen-mcmillan.php,,,45.1,,,,,,,Jalen McMillan,2026-05-08,TBB
/nfl/rankings/ppr-cheatsheets.php,redraft-overall,ro,Emanuel Wilson,25885,RB,SEA,178.58,27.51,130,228,,emanuel-wilson.php,,,36.8,,,,,,,Emanuel Wilson,2026-05-08,SEA
/nfl/rankings/ppr-cheatsheets.php,redraft-overall,ro,Chig Okonkwo,23982,TE,WAS,179.73,37.94,124,246,,chigoziem-okonkwo.php,,,34.4,,,,,,,Chigoziem Okonkwo,2026-05-08,WAS
/nfl/rankings/ppr-cheatsheets.php,redraft-overall,ro,Kayshon Boutte,22989,WR,NE,179.73,13.07,164,208,,kayshon-boutte.php,,,39.8,,,,,,,Kayshon Boutte,2026-05-08,NEP
/nfl/rankings/ppr-cheatsheets.php,redraft-overall,ro,Denver Broncos,8090,DST,DEN,163.04,4.92,161,183,,denver-defense.php,,,94.6,,,,,,,Denver Broncos,2026-05-08,DEN
/nfl/rankings/ppr-cheatsheets.php,redraft-overall,ro,Jacoby Brissett,15642,QB,ARI,183.96,42.33,113,276,,jacoby-brissett.php,,,33.6,,,,,,,Jacoby Brissett,2026-05-08,ARI
/nfl/rankings/ppr-cheatsheets.php,redraft-overall,ro,Seattle Seahawks,8260,DST,SEA,166.83,2.07,161,171,,seattle-defense.php,,,94.7,,,,,,,Seattle Seahawks,2026-05-08,SEA
/nfl/rankings/ppr-cheatsheets.php,redraft-overall,ro,Tre Harris,26215,WR,LAC,176.16,26.64,136,273,,tre-harris.php,,,31.6,,,,,,,Tre Harris,2026-05-08,LAC
/nfl/rankings/ppr-cheatsheets.php,redraft-overall,ro,Tank Bigsby,22908,RB,PHI,184.81,21.37,157,228,,tank-bigsby.php,,,37.7,,,,,,,Tank Bigsby,2026-05-08,PHI
/nfl/rankings/ppr-cheatsheets.php,redraft-overall,ro,Troy Franklin,23092,WR,DEN,186.15,29.63,136,258,,troy-franklin.php,,,30.7,,,,,,,Troy Franklin,2026-05-08,DEN
/nfl/rankings/ppr-cheatsheets.php,redraft-overall,ro,T.J. Hockenson,18290,TE,MIN,188.23,20.05,144,209,,tj-hockenson.php,,,59.0,,,,,,,TJ Hockenson,2026-05-08,MIN
/nfl/rankings/ppr-cheatsheets.php,redraft-overall,ro,Philadelphia Eagles,8230,DST,PHI,172.46,3.69,171,190,,philadelphia-defense.php,,,74.2,,,,,,,Philadelphia Eagles,2026-05-08,PHI
/nfl/rankings/ppr-cheatsheets.php,redraft-overall,ro,Los Angeles Rams,8280,DST,LAR,173.38,4.91,170,186,,los-angeles-rams-defense.php,,,55.0,,,,,,,Los Angeles Rams,2026-05-08,LAR
/nfl/rankings/ppr-cheatsheets.php,redraft-overall,ro,Mike Washington Jr.,28108,RB,LV,193.13,39.24,148,313,,mike-washington-jr.php,,,23.2,,,,,,,Mike Washington,2026-05-08,LVR
/nfl/rankings/ppr-cheatsheets.php,redraft-overall,ro,Tyreek Hill,15802,WR,FA,177.13,46.03,110,336,,tyreek-hill.php,,,54.8,,,,,,,Tyreek Hill,2026-05-08,FA
/nfl/rankings/ppr-cheatsheets.php,redraft-overall,ro,Kimani Vidal,26355,RB,LAC,195.88,29.42,148,251,,kimani-vidal.php,,,32.3,,,,,,,Kimani Vidal,2026-05-08,LAC
/nfl/rankings/ppr-cheatsheets.php,redraft-overall,ro,Nick Singleton,24343,RB,TEN,198.13,43.65,141,305,,nick-singleton.php,,,31.8,,,,,,,Nick Singleton,2026-05-08,TEN
/nfl/rankings/ppr-cheatsheets.php,redraft-overall,ro,Tre Tucker,25337,WR,LV,192.0,28.67,154,286,,tre-tucker.php,,,34.6,,,,,,,Tre Tucker,2026-05-08,LVR
/nfl/rankings/ppr-cheatsheets.php,redraft-overall,ro,New England Patriots,8180,DST,NE,184.88,1.2,183,188,,new-england-defense.php,,,60.3,,,,,,,New England Patriots,2026-05-08,NEP
/nfl/rankings/ppr-cheatsheets.php,redraft-overall,ro,Minnesota Vikings,8170,DST,MIN,186.29,13.13,181,249,,minnesota-defense.php,,,62.5,,,,,,,Minnesota Vikings,2026-05-08,MIN
/nfl/rankings/ppr-cheatsheets.php,redraft-overall,ro,Jaylin Noel,27122,WR,HOU,186.71,23.73,142,232,,jaylin-noel.php,,,27.7,,,,,,,Jaylin Noel,2026-05-08,HOU
/nfl/rankings/ppr-cheatsheets.php,redraft-overall,ro,Emmett Johnson,28107,RB,KC,202.44,41.55,156,326,,emmett-johnson.php,,,33.1,,,,,,,Emmett Johnson,2026-05-08,KCC
/nfl/rankings/ppr-cheatsheets.php,redraft-overall,ro,Brandon Aubrey,26068,K,DAL,187.0,0.0,187,187,,brandon-aubrey.php,,,95.6,,,,,,,Brandon Aubrey,2026-05-08,DAL
/nfl/rankings/ppr-cheatsheets.php,redraft-overall,ro,Jacksonville Jaguars,8140,DST,JAC,187.83,5.48,183,212,,jacksonville-defense.php,,,51.1,,,,,,,Jacksonville Jaguars,2026-05-08,JAC
/nfl/rankings/ppr-cheatsheets.php,redraft-overall,ro,Antonio Williams,25418,WR,WAS,205.0,47.28,142,303,,antonio-williams-wr.php,,,25.6,,,,,,,Antonio Williams,2026-05-08,WAS
/nfl/rankings/ppr-cheatsheets.php,redraft-overall,ro,Kaytron Allen,24362,RB,WAS,205.83,42.31,145,309,,kaytron-allen.php,,,28.7,,,,,,,Kaytron Allen,2026-05-08,WAS
/nfl/rankings/ppr-cheatsheets.php,redraft-overall,ro,Ray Davis,26191,RB,BUF,206.04,24.37,160,243,,ray-davis.php,,,26.3,,,,,,,Ray Davis,2026-05-08,BUF
/nfl/rankings/ppr-cheatsheets.php,redraft-overall,ro,Pittsburgh Steelers,8240,DST,PIT,191.54,6.58,185,212,,pittsburgh-defense.php,,,59.3,,,,,,,Pittsburgh Steelers,2026-05-08,PIT
/nfl/rankings/ppr-cheatsheets.php,redraft-overall,ro,Pat Bryant,27211,WR,DEN,199.84,25.4,168,262,,pat-bryant.php,,,30.3,,,,,,,Pat Bryant,2026-05-08,DEN
/nfl/rankings/ppr-cheatsheets.php,redraft-overall,ro,Ka'imi Fairbairn,15756,K,HOU,192.29,0.84,192,196,,kaimi-fairbairn.php,,,81.2,,,,,,,Kaimi Fairbairn,2026-05-08,HOU
/nfl/rankings/ppr-cheatsheets.php,redraft-overall,ro,AJ Barner,26335,TE,SEA,209.0,15.6,173,231,,aj-barner.php,,,36.2,,,,,,,AJ Barner,2026-05-08,SEA
/nfl/rankings/ppr-cheatsheets.php,redraft-overall,ro,Calvin Ridley,17258,WR,TEN,209.35,40.28,150,362,,calvin-ridley.php,,,49.6,,,,,,,Calvin Ridley,2026-05-08,TEN
/nfl/rankings/ppr-cheatsheets.php,redraft-overall,ro,Cleveland Browns,8070,DST,CLE,195.04,5.87,190,212,,cleveland-defense.php,,,37.3,,,,,,,Cleveland Browns,2026-05-08,CLE
/nfl/rankings/ppr-cheatsheets.php,redraft-overall,ro,Kenyon Sadiq,26055,TE,NYJ,210.76,35.9,138,281,,kenyon-sadiq.php,,,56.2,,,,,,,Kenyon Sadiq,2026-05-08,NYJ
/nfl/rankings/ppr-cheatsheets.php,redraft-overall,ro,Cam Little,26475,K,JAC,197.0,9.48,192,240,,cam-little.php,,,69.1,,,,,,,Cam Little,2026-05-08,JAC
/nfl/rankings/ppr-cheatsheets.php,redraft-overall,ro,Cameron Dicker,23901,K,LAC,197.04,3.85,193,211,,cameron-dicker.php,,,77.4,,,,,,,Cameron Dicker,2026-05-08,LAC
/nfl/rankings/ppr-cheatsheets.php,redraft-overall,ro,Los Angeles Chargers,8250,DST,LAC,190.61,4.35,186,206,,los-angeles-chargers-defense.php,,,37.7,,,,,,,Los Angeles Chargers,2026-05-08,LAC
/nfl/rankings/ppr-cheatsheets.php,redraft-overall,ro,Darnell Mooney,19810,WR,NYG,207.2,20.89,168,247,,darnell-mooney.php,,,29.6,,,,,,,Darnell Mooney,2026-05-08,NYG
/nfl/rankings/ppr-cheatsheets.php,redraft-overall,ro,Jaylen Wright,25987,RB,MIA,215.65,29.81,162,284,,jaylen-wright.php,,,29.1,,,,,,,Jaylen Wright,2026-05-08,MIA
/nfl/rankings/ppr-cheatsheets.php,redraft-overall,ro,Jason Myers,14003,K,SEA,201.67,3.62,198,215,,jason-myers.php,,,90.1,,,,,,,Jason Myers,2026-05-08,SEA
/nfl/rankings/ppr-cheatsheets.php,redraft-overall,ro,Ryan Flournoy,26398,WR,DAL,209.96,34.05,174,320,,ryan-flournoy.php,,,27.7,,,,,,,Ryan Flournoy,2026-05-08,DAL
/nfl/rankings/ppr-cheatsheets.php,redraft-overall,ro,Chimere Dike,27315,WR,TEN,202.63,40.29,149,277,,chimere-dike.php,,,31.8,,,,,,,Chimere Dike,2026-05-08,TEN
/nfl/rankings/ppr-cheatsheets.php,redraft-overall,ro,Dontayvion Wicks,24354,WR,PHI,213.24,22.99,154,258,,dontayvion-wicks.php,,,22.3,,,,,,,Dontayvion Wicks,2026-05-08,PHI
/nfl/rankings/ppr-cheatsheets.php,redraft-overall,ro,Green Bay Packers,8110,DST,GB,198.57,28.8,188,332,,green-bay-defense.php,,,36.0,,,,,,,Green Bay Packers,2026-05-08,GBP
/nfl/rankings/ppr-cheatsheets.php,redraft-overall,ro,Isaac TeSlaa,27446,WR,DET,213.96,22.79,193,312,,isaac-teslaa.php,,,31.4,,,,,,,Isaac TeSlaa,2026-05-08,DET
/nfl/rankings/ppr-cheatsheets.php,redraft-overall,ro,Sean Tucker,23679,RB,TB,220.88,23.98,169,297,,sean-tucker.php,,,29.9,,,,,,,Sean Tucker,2026-05-08,TBB
/nfl/rankings/ppr-cheatsheets.php,redraft-overall,ro,Eddy Pineiro,17575,K,SF,209.96,3.81,204,217,,eddy-pineiro.php,,,55.3,,,,,,,Eddy Pineiro,2026-05-08,SFO
/nfl/rankings/ppr-cheatsheets.php,redraft-overall,ro,Fernando Mendoza,28013,QB,LV,224.8,45.23,159,327,,fernando-mendoza.php,,,51.0,,,,,,,Fernando Mendoza,2026-05-08,LVR
/nfl/rankings/ppr-cheatsheets.php,redraft-overall,ro,Evan McPherson,23297,K,CIN,212.17,11.74,200,252,,evan-mcpherson.php,,,27.4,,,,,,,Evan McPherson,2026-05-08,CIN
/nfl/rankings/ppr-cheatsheets.php,redraft-overall,ro,Gunnar Helm,27109,TE,TEN,228.31,17.58,181,268,,gunnar-helm.php,,,32.4,,,,,,,Gunnar Helm,2026-05-08,TEN
/nfl/rankings/ppr-cheatsheets.php,redraft-overall,ro,Kansas City Chiefs,8150,DST,KC,215.21,16.04,191,280,,kansas-city-defense.php,,,35.9,,,,,,,Kansas City Chiefs,2026-05-08,KCC
/nfl/rankings/ppr-cheatsheets.php,redraft-overall,ro,Tyler Loop,27534,K,BAL,207.96,7.42,204,240,,tyler-loop.php,,,32.6,,,,,,,Tyler Loop,2026-05-08,BAL
/nfl/rankings/ppr-cheatsheets.php,redraft-overall,ro,Germie Bernard,26039,WR,PIT,230.35,37.28,170,297,,germie-bernard.php,,,32.3,,,,,,,Germie Bernard,2026-05-08,PIT
/nfl/rankings/ppr-cheatsheets.php,redraft-overall,ro,Cairo Santos,13731,K,CHI,218.21,10.23,206,252,,cairo-santos.php,,,26.9,,,,,,,Cairo Santos,2026-05-08,CHI
/nfl/rankings/ppr-cheatsheets.php,redraft-overall,ro,Chris Bell,26038,WR,MIA,232.25,48.93,165,347,,chris-bell.php,,,29.4,,,,,,,Chris Bell,2026-05-08,MIA
/nfl/rankings/ppr-cheatsheets.php,redraft-overall,ro,Devin Neal,23682,RB,NO,232.5,45.28,164,360,,devin-neal.php,,,29.2,,,,,,,Devin Neal,2026-05-08,NOS
/nfl/rankings/ppr-cheatsheets.php,redraft-overall,ro,Baltimore Ravens,8020,DST,BAL,219.83,23.41,186,279,,baltimore-defense.php,,,39.4,,,,,,,Baltimore Ravens,2026-05-08,BAL
/nfl/rankings/ppr-cheatsheets.php,redraft-overall,ro,Elic Ayomanor,27059,WR,TEN,226.64,45.94,166,334,,elic-ayomanor.php,,,34.2,,,,,,,Elic Ayomanor,2026-05-08,TEN
/nfl/rankings/ppr-cheatsheets.php,redraft-overall,ro,Andy Borregales,27291,K,NE,223.96,34.18,207,333,,andres-borregales.php,,,12.6,,,,,,,Andy Borregales,2026-05-08,NEP
/nfl/rankings/ppr-cheatsheets.php,redraft-overall,ro,Chase McLaughlin,19058,K,TB,217.17,6.16,213,240,,chase-mclaughlin.php,,,32.0,,,,,,,Chase McLaughlin,2026-05-08,TBB
/nfl/rankings/ppr-cheatsheets.php,redraft-overall,ro,Terrance Ferguson,23091,TE,LAR,238.5,19.33,203,281,,terrance-ferguson.php,,,31.6,,,,,3.0,,Terrance Ferguson,2026-05-08,LAR
/nfl/rankings/ppr-cheatsheets.php,redraft-overall,ro,David Njoku,16399,TE,FA,239.5,16.36,203,264,,david-njoku.php,,,32.7,,,,,,,David Njoku,2026-05-08,FA
/nfl/rankings/ppr-cheatsheets.php,redraft-overall,ro,Trey Benson,25388,RB,ARI,227.42,55.62,118,322,,trey-benson.php,,,40.2,,,,,,,Trey Benson,2026-05-08,ARI
/nfl/rankings/ppr-cheatsheets.php,redraft-overall,ro,Demond Claiborne,28084,RB,MIN,240.0,36.69,161,301,,demond-claiborne.php,,,26.5,,,,,,,Demond Claiborne,2026-05-08,MIN
/nfl/rankings/ppr-cheatsheets.php,redraft-overall,ro,Kaleb Johnson,27165,RB,PIT,240.62,41.33,152,313,,kaleb-johnson-rb.php,,,26.8,,,,,,,Kaleb Johnson,2026-05-08,PIT
/nfl/rankings/ppr-cheatsheets.php,redraft-overall,ro,Cade Otton,23181,TE,TB,242.54,20.97,196,268,,cade-otton.php,,,32.8,,,,,,,Cade Otton,2026-05-08,TBB
/nfl/rankings/ppr-cheatsheets.php,redraft-overall,ro,Geno Smith,11687,QB,NYJ,244.5,35.09,153,312,,geno-smith.php,,,31.4,,,,,,,Geno Smith,2026-05-08,NYJ
/nfl/rankings/ppr-cheatsheets.php,redraft-overall,ro,Jake Bates,26075,K,DET,233.71,14.15,209,252,,jake-bates.php,,,49.2,,,,,,,Jake Bates,2026-05-08,DET
/nfl/rankings/ppr-cheatsheets.php,redraft-overall,ro,Mason Taylor,26005,TE,NYJ,245.77,31.55,196,363,,mason-taylor.php,,,39.9,,,,,-3.0,,Mason Taylor,2026-05-08,NYJ
/nfl/rankings/ppr-cheatsheets.php,redraft-overall,ro,Buffalo Bills,8030,DST,BUF,228.09,17.54,212,280,,buffalo-defense.php,,,48.8,,,,,,,Buffalo Bills,2026-05-08,BUF
/nfl/rankings/ppr-cheatsheets.php,redraft-overall,ro,Harrison Butker,16712,K,KC,241.6,29.35,198,314,,harrison-butker.php,,,50.1,,,,,,,Harrison Butker,2026-05-08,KCC
/nfl/rankings/ppr-cheatsheets.php,redraft-overall,ro,Ollie Gordon II,25984,RB,MIA,247.92,15.94,212,278,,ollie-gordon.php,,,19.1,,,,,,,Ollie Gordon,2026-05-08,MIA
/nfl/rankings/ppr-cheatsheets.php,redraft-overall,ro,Detroit Lions,8100,DST,DET,229.43,33.36,204,356,,detroit-defense.php,,,54.8,,,,,,,Detroit Lions,2026-05-08,DET
/nfl/rankings/ppr-cheatsheets.php,redraft-overall,ro,Jalen Nailor,24177,WR,LV,231.74,53.83,163,341,,jalen-nailor.php,,,30.0,,,,,,,Jalen Nailor,2026-05-08,LVR
/nfl/rankings/ppr-cheatsheets.php,redraft-overall,ro,Tank Dell,25361,WR,HOU,239.08,17.65,218,279,,nathaniel-dell.php,,,40.6,,,,,,,Tank Dell,2026-05-08,HOU
/nfl/rankings/ppr-cheatsheets.php,redraft-overall,ro,De'Zhaun Stribling,28138,WR,SF,251.94,35.33,174,308,,dezhaun-stribling.php,,,11.2,,,,,14.0,,DeZhaun Stribling,2026-05-08,SFO
/nfl/rankings/ppr-cheatsheets.php,redraft-overall,ro,Rashod Bateman,19794,WR,BAL,241.58,29.58,199,296,,rashod-bateman.php,,,24.4,,,,,,,Rashod Bateman,2026-05-08,BAL
/nfl/rankings/ppr-cheatsheets.php,redraft-overall,ro,Zachariah Branch,25419,WR,ATL,253.05,27.82,202,296,,zachariah-branch.php,,,28.7,,,,,12.0,,Zachariah Branch,2026-05-08,ATL
/nfl/rankings/ppr-cheatsheets.php,redraft-overall,ro,Chris Brazzell II,28047,WR,CAR,254.11,29.28,205,318,,chris-brazzell-ii.php,,,25.0,,,,,,,Chris Brazzell,2026-05-08,CAR
/nfl/rankings/ppr-cheatsheets.php,redraft-overall,ro,Malik Washington,26314,WR,MIA,248.88,42.54,170,347,,malik-washington.php,,,27.4,,,,,,,Malik Washington,2026-05-08,MIA
/nfl/rankings/ppr-cheatsheets.php,redraft-overall,ro,Evan Engram,16411,TE,DEN,255.5,18.32,214,290,,evan-engram.php,,,34.6,,,,,,,Evan Engram,2026-05-08,DEN
/nfl/rankings/ppr-cheatsheets.php,redraft-overall,ro,Michael Penix Jr.,22973,QB,ATL,250.36,30.78,179,324,,michael-penix-jr.php,,,31.8,,,,,,,Michael Penix,2026-05-08,ATL
/nfl/rankings/ppr-cheatsheets.php,redraft-overall,ro,Chris Boswell,13029,K,PIT,244.92,12.65,210,253,,chris-boswell.php,,,32.6,,,,,,,Chris Boswell,2026-05-08,PIT
/nfl/rankings/ppr-cheatsheets.php,redraft-overall,ro,Pat Freiermuth,20163,TE,PIT,256.27,16.64,213,300,,pat-freiermuth.php,,,32.0,,,,,,,Pat Freiermuth,2026-05-08,PIT
/nfl/rankings/ppr-cheatsheets.php,redraft-overall,ro,Kendre Miller,24360,RB,NO,256.77,42.51,177,364,,kendre-miller.php,,,14.7,,,,,,,Kendre Miller,2026-05-08,NOS
/nfl/rankings/ppr-cheatsheets.php,redraft-overall,ro,Ja'Kobi Lane,27337,WR,BAL,257.0,29.03,221,304,,jakobi-lane.php,,,28.7,,,,,,,JaKobi Lane,2026-05-08,BAL
/nfl/rankings/ppr-cheatsheets.php,redraft-overall,ro,Elijah Sarratt,27463,WR,BAL,257.68,36.21,203,371,,elijah-sarratt.php,,,26.3,,,,,,,Elijah Sarratt,2026-05-08,BAL
/nfl/rankings/ppr-cheatsheets.php,redraft-overall,ro,Colby Parkinson,19372,TE,LAR,258.0,20.48,226,300,,colby-parkinson.php,,,31.8,,,,,,,Colby Parkinson,2026-05-08,LAR
/nfl/rankings/ppr-cheatsheets.php,redraft-overall,ro,Malachi Fields,27994,WR,NYG,258.24,35.74,199,350,,malachi-fields.php,,,20.9,,,,,,,Malachi Fields,2026-05-08,NYG
/nfl/rankings/ppr-cheatsheets.php,redraft-overall,ro,Harrison Mevis,26638,K,LAR,243.13,20.95,217,282,,harrison-mevis.php,,,54.8,,,,,,,Harrison Mevis,2026-05-08,LAR
/nfl/rankings/ppr-cheatsheets.php,redraft-overall,ro,Najee Harris,19302,RB,LAC,238.0,35.3,164,303,,najee-harris-rb.php,,,31.8,,,,,,,Najee Harris,2026-05-08,LAC
/nfl/rankings/ppr-cheatsheets.php,redraft-overall,ro,Kyle Williams,27487,WR,NE,245.65,26.15,199,296,,kyle-williams-wr-2025.php,,,27.8,,,,,,,Kyle Williams,2026-05-08,NEP
/nfl/rankings/ppr-cheatsheets.php,redraft-overall,ro,Skyler Bell,28126,WR,BUF,262.33,35.73,217,351,,skyler-bell.php,,,21.8,,,,,,,Skyler Bell,2026-05-08,BUF
/nfl/rankings/ppr-cheatsheets.php,redraft-overall,ro,Marvin Mims Jr.,23080,WR,DEN,245.83,26.95,202,285,,marvin-mims.php,,,27.5,,,,,,,Marvin Mims,2026-05-08,DEN
/nfl/rankings/ppr-cheatsheets.php,redraft-overall,ro,Eli Stowers,23144,TE,PHI,263.88,31.94,207,365,,eli-stowers.php,,,34.3,,,,,,,Eli Stowers,2026-05-08,PHI
/nfl/rankings/ppr-cheatsheets.php,redraft-overall,ro,Cooper Kupp,16433,WR,SEA,248.22,26.6,208,315,,cooper-kupp.php,,,28.1,,,,,,,Cooper Kupp,2026-05-08,SEA
/nfl/rankings/ppr-cheatsheets.php,redraft-overall,ro,Keon Coleman,26019,WR,BUF,248.7,33.25,184,328,,keon-coleman.php,,,24.5,,,,,,,Keon Coleman,2026-05-08,BUF
/nfl/rankings/ppr-cheatsheets.php,redraft-overall,ro,Tory Horton,26022,WR,SEA,255.21,28.04,218,334,,tory-horton.php,,,30.0,,,,,,,Tory Horton,2026-05-08,SEA
/nfl/rankings/ppr-cheatsheets.php,redraft-overall,ro,Theo Johnson,23104,TE,NYG,260.96,31.25,181,304,,theo-johnson.php,,,31.2,,,,,,,Theo Johnson,2026-05-08,NYG
/nfl/rankings/ppr-cheatsheets.php,redraft-overall,ro,Christian Kirk,17268,WR,SF,251.39,40.97,168,305,,christian-kirk.php,,,31.6,,,,,-10.0,,Christian Kirk,2026-05-08,SFO
/nfl/rankings/ppr-cheatsheets.php,redraft-overall,ro,Jack Bech,27224,WR,LV,257.42,35.84,203,379,,jack-bech.php,,,22.8,,,,,-12.0,,Jack Bech,2026-05-08,LVR
/nfl/rankings/ppr-cheatsheets.php,redraft-overall,ro,Isaiah Davis,25977,RB,NYJ,252.43,26.65,201,311,,isaiah-davis.php,,,10.8,,,,,,,Isaiah Davis,2026-05-08,NYJ
/nfl/rankings/ppr-cheatsheets.php,redraft-overall,ro,Adam Randall,24367,RB,BAL,270.0,28.71,232,329,,adam-randall.php,,,10.7,,,,,,,Adam Randall,2026-05-08,BAL
/nfl/rankings/ppr-cheatsheets.php,redraft-overall,ro,Ted Hurst,28130,WR,TB,272.07,36.39,180,341,,ted-hurst.php,,,18.5,,,,,,,Ted Hurst,2026-05-08,TBB
/nfl/rankings/ppr-cheatsheets.php,redraft-overall,ro,Atlanta Falcons,8010,DST,ATL,256.91,32.66,194,324,,atlanta-defense.php,,,26.2,,,,,,,Atlanta Falcons,2026-05-08,ATL
/nfl/rankings/ppr-cheatsheets.php,redraft-overall,ro,Shedeur Sanders,25968,QB,CLE,272.38,35.5,176,321,,shedeur-sanders.php,,,32.8,,,,,,,Shedeur Sanders,2026-05-08,CLE
/nfl/rankings/ppr-cheatsheets.php,redraft-overall,ro,Aaron Rodgers,9001,QB,FA,263.67,32.49,179,330,,aaron-rodgers.php,,,31.0,,,,,,,Aaron Rodgers,2026-05-08,FA
/nfl/rankings/ppr-cheatsheets.php,redraft-overall,ro,Mack Hollins,16489,WR,NE,264.17,44.91,205,387,,mack-hollins.php,,,14.1,,,,,,,Mack Hollins,2026-05-08,NEP
/nfl/rankings/ppr-cheatsheets.php,redraft-overall,ro,Wil Lutz,16026,K,DEN,273.04,33.93,204,327,,wil-lutz.php,,,11.4,,,,,,,Wil Lutz,2026-05-08,DEN
/nfl/rankings/ppr-cheatsheets.php,redraft-overall,ro,Xavier Legette,26136,WR,CAR,258.41,29.48,218,303,,xavier-legette.php,,,12.9,,,,,,,Xavier Legette,2026-05-08,CAR
/nfl/rankings/ppr-cheatsheets.php,redraft-overall,ro,Brashard Smith,27259,RB,KC,259.82,22.86,233,318,,brashard-smith.php,,,22.5,,,,,,,Brashard Smith,2026-05-08,KCC
/nfl/rankings/ppr-cheatsheets.php,redraft-overall,ro,Keenan Allen,11616,WR,LAC,260.18,22.5,205,299,,keenan-allen.php,,,28.0,,,,,,,Keenan Allen,2026-05-08,LAC
/nfl/rankings/ppr-cheatsheets.php,redraft-overall,ro,Jake Tonges,24778,TE,SF,267.48,30.9,196,355,,jake-tonges.php,,,31.6,,,,,,,Jake Tonges,2026-05-08,SFO
/nfl/rankings/ppr-cheatsheets.php,redraft-overall,ro,Darius Slayton,18706,WR,NYG,272.17,32.63,225,387,,darius-slayton.php,,,16.0,,,,,,,Darius Slayton,2026-05-08,NYG
/nfl/rankings/ppr-cheatsheets.php,redraft-overall,ro,Ty Johnson,18406,RB,BUF,268.86,21.8,237,322,,ty-johnson.php,,,12.2,,,,,,,Ty Johnson,2026-05-08,BUF
/nfl/rankings/ppr-cheatsheets.php,redraft-overall,ro,Jaydon Blue,24344,RB,DAL,278.0,29.18,226,349,,jaydon-blue.php,,,28.5,,,,,,,Jaydon Blue,2026-05-08,DAL
/nfl/rankings/ppr-cheatsheets.php,redraft-overall,ro,Tua Tagovailoa,19198,QB,ATL,291.19,25.34,247,348,,tua-tagovailoa.php,,,32.9,,,,,,,Tua Tagovailoa,2026-05-08,ATL
/nfl/rankings/ppr-cheatsheets.php,redraft-overall,ro,LeQuint Allen Jr.,27285,RB,JAC,273.32,28.04,203,317,,lequint-allen-jr.php,,,20.3,,,,,,,LeQuint Allen,2026-05-08,JAC
/nfl/rankings/ppr-cheatsheets.php,redraft-overall,ro,Devaughn Vele,26409,WR,NO,279.48,26.04,241,370,,devaughn-vele.php,,,26.3,,,,,,,Devaughn Vele,2026-05-08,NOS
/nfl/rankings/ppr-cheatsheets.php,redraft-overall,ro,Charlie Smyth,26444,K,NO,264.25,27.75,227,333,,charlie-smyth.php,,,2.5,,,,,,,Charlie Smyth,2026-05-08,NOS
/nfl/rankings/ppr-cheatsheets.php,redraft-overall,ro,Justice Hill,18256,RB,BAL,276.27,24.87,212,307,,justice-hill.php,,,19.0,,,,,,,Justice Hill,2026-05-08,BAL
/nfl/rankings/ppr-cheatsheets.php,redraft-overall,ro,Joe Mixon,16420,RB,FA,265.95,43.62,160,327,,joe-mixon.php,,,28.6,,,,,,,Joe Mixon,2026-05-08,FA
/nfl/rankings/ppr-cheatsheets.php,redraft-overall,ro,Will Reichard,26341,K,MIN,244.29,33.82,198,318,,will-reichard.php,,,30.1,,,,,,,Will Reichard,2026-05-08,MIN
/nfl/rankings/ppr-cheatsheets.php,redraft-overall,ro,Jerome Ford,22921,RB,WAS,273.1,21.6,221,313,,jerome-ford.php,,,10.5,,,,,,,Jerome Ford,2026-05-08,WAS
/nfl/rankings/ppr-cheatsheets.php,redraft-overall,ro,Chris Brooks,25823,RB,GB,278.73,21.83,222,310,,christopher-brooks.php,,,7.2,,,,,,,Chris Brooks,2026-05-08,GBP
/nfl/rankings/ppr-cheatsheets.php,redraft-overall,ro,Devin Singletary,18280,RB,NYG,284.17,23.18,228,319,,devin-singletary.php,,,5.3,,,,,,,Devin Singletary,2026-05-08,NYG
/nfl/rankings/ppr-cheatsheets.php,redraft-overall,ro,San Francisco 49ers,8270,DST,SF,256.11,21.08,212,280,,san-francisco-defense.php,,,39.9,,,,,,,San Francisco 49ers,2026-05-08,SFO
/nfl/rankings/ppr-cheatsheets.php,redraft-overall,ro,DJ Giddens,27097,RB,IND,281.27,24.13,233,326,,dj-giddens.php,,,12.5,,,,,,,DJ Giddens,2026-05-08,IND
/nfl/rankings/ppr-cheatsheets.php,redraft-overall,ro,Indianapolis Colts,8130,DST,IND,277.14,23.83,235,326,,indianapolis-defense.php,,,31.9,,,,,,,Indianapolis Colts,2026-05-08,IND
/nfl/rankings/ppr-cheatsheets.php,redraft-overall,ro,Jordan James,27310,RB,SF,283.09,41.41,228,358,,jordan-james.php,,,24.6,,,,,-9.0,,Jordan James,2026-05-08,SFO
/nfl/rankings/ppr-cheatsheets.php,redraft-overall,ro,Mike Gesicki,17272,TE,CIN,277.95,23.09,242,316,,mike-gesicki.php,,,32.2,,,,,,,Mike Gesicki,2026-05-08,CIN
/nfl/rankings/ppr-cheatsheets.php,redraft-overall,ro,George Holani,22915,RB,SEA,288.27,19.79,243,324,,george-holani.php,,,29.2,,,,,,,George Holani,2026-05-08,SEA
/nfl/rankings/ppr-cheatsheets.php,redraft-overall,ro,Samaje Perine,16423,RB,CIN,293.13,32.23,201,332,,samaje-perine.php,,,7.3,,,,,,,Samaje Perine,2026-05-08,CIN
/nfl/rankings/ppr-cheatsheets.php,redraft-overall,ro,Jaleel McLaughlin,25876,RB,DEN,284.71,29.24,233,326,,jaleel-mclaughlin.php,,,2.9,,,,,,,Jaleel McLaughlin,2026-05-08,DEN
/nfl/rankings/ppr-cheatsheets.php,redraft-overall,ro,Deshaun Watson,16398,QB,CLE,294.04,24.59,251,334,,deshaun-watson.php,,,24.7,,,,,,,Deshaun Watson,2026-05-08,CLE
/nfl/rankings/ppr-cheatsheets.php,redraft-overall,ro,Hollywood Brown,18226,WR,PHI,291.14,27.18,244,372,,marquise-brown.php,,,20.0,,,,,,,Marquise Brown,2026-05-08,PHI
/nfl/rankings/ppr-cheatsheets.php,redraft-overall,ro,Isaac Guerendo,26392,RB,SF,291.59,23.18,251,330,,isaac-guerendo.php,,,7.4,,,,,,,Isaac Guerendo,2026-05-08,SFO
/nfl/rankings/ppr-cheatsheets.php,redraft-overall,ro,MarShawn Lloyd,23118,RB,GB,293.41,23.55,238,325,,marshawn-lloyd.php,,,6.4,,,,,,,MarShawn Lloyd,2026-05-08,GBP
/nfl/rankings/ppr-cheatsheets.php,redraft-overall,ro,Tyquan Thornton,22913,WR,KC,285.1,31.46,195,340,,tyquan-thornton.php,,,10.9,,,,,,,Tyquan Thornton,2026-05-08,KCC
/nfl/rankings/ppr-cheatsheets.php,redraft-overall,ro,Emari Demercado,25654,RB,KC,290.43,20.82,243,335,,emari-demercado.php,,,8.2,,,,,,,Emari Demercado,2026-05-08,KCC
/nfl/rankings/ppr-cheatsheets.php,redraft-overall,ro,Seth McGowan,23079,RB,IND,310.29,19.35,275,364,,seth-mcgowan.php,,,1.6,,,,,,,Seth McGowan,2026-05-08,IND
/nfl/rankings/ppr-cheatsheets.php,redraft-overall,ro,Kirk Cousins,11177,QB,LV,302.48,22.37,249,329,,kirk-cousins.php,,,28.6,,,,,,,Kirk Cousins,2026-05-08,LVR
/nfl/rankings/ppr-cheatsheets.php,redraft-overall,ro,Malik Davis,24205,RB,DAL,295.38,19.14,266,330,,malik-davis.php,,,5.7,,,,,,,Malik Davis,2026-05-08,DAL
/nfl/rankings/ppr-cheatsheets.php,redraft-overall,ro,Max Klare,27993,TE,LAR,314.13,28.88,264,355,,max-klare.php,,,29.0,,,,,12.0,,Max Klare,2026-05-08,LAR
/nfl/rankings/ppr-cheatsheets.php,redraft-overall,ro,Greg Dulcich,23153,TE,MIA,242.77,31.36,196,290,,greg-dulcich.php,,,22.4,,,,,,,Greg Dulcich,2026-05-08,MIA
/nfl/rankings/ppr-cheatsheets.php,redraft-overall,ro,Ty Simpson,25368,QB,LAR,321.58,25.62,272,356,,ty-simpson.php,,,30.3,,,,,,,Ty Simpson,2026-05-08,LAR
/nfl/rankings/ppr-cheatsheets.php,redraft-overall,ro,Isaiah Bond,24371,WR,CLE,298.47,37.74,247,388,,isaiah-bond.php,,,13.5,,,,,,,Isaiah Bond,2026-05-08,CLE
/nfl/rankings/ppr-cheatsheets.php,redraft-overall,ro,Tahj Brooks,26212,RB,CIN,307.9,22.55,235,366,,tahj-brooks.php,,,4.0,,,,,,,Tahj Brooks,2026-05-08,CIN
/nfl/rankings/ppr-cheatsheets.php,redraft-overall,ro,Trevor Etienne,25393,RB,CAR,304.1,19.81,271,343,,trevor-etienne.php,,,6.4,,,,,,,Trevor Etienne,2026-05-08,CAR
/nfl/rankings/ppr-cheatsheets.php,redraft-overall,ro,Andrei Iosivas,25335,WR,CIN,279.73,26.34,227,344,,andrei-iosivas.php,,,13.4,,,,,,,Andrei Iosivas,2026-05-08,CIN
/nfl/rankings/ppr-cheatsheets.php,redraft-overall,ro,J.J. McCarthy,23018,QB,MIN,303.47,44.02,159,348,,jj-mccarthy.php,,,29.8,,,,,,,JJ McCarthy,2026-05-08,MIN
/nfl/rankings/ppr-cheatsheets.php,redraft-overall,ro,Jarquez Hunter,24335,RB,LAR,306.0,26.87,238,338,,jarquez-hunter.php,,,8.4,,,,,,,Jarquez Hunter,2026-05-08,LAR
/nfl/rankings/ppr-cheatsheets.php,redraft-overall,ro,Audric Estime,23054,RB,NO,307.53,21.51,271,365,,audric-estime.php,,,10.3,,,,,,,Audric Estime,2026-05-08,NOS
/nfl/rankings/ppr-cheatsheets.php,redraft-overall,ro,Tez Johnson,27147,WR,TB,303.5,26.93,260,368,,tez-johnson.php,,,14.9,,,,,,,Tez Johnson,2026-05-08,TBB
/nfl/rankings/ppr-cheatsheets.php,redraft-overall,ro,Cedric Tillman,25287,WR,CLE,304.17,28.14,262,377,,cedric-tillman.php,,,7.2,,,,,,,Cedric Tillman,2026-05-08,CLE
/nfl/rankings/ppr-cheatsheets.php,redraft-overall,ro,Konata Mumpfield,27449,WR,LAR,285.5,19.17,258,318,,konata-mumpfield.php,,,4.3,,,,,,,Konata Mumpfield,2026-05-08,LAR
/nfl/rankings/ppr-cheatsheets.php,redraft-overall,ro,Jalen Royals,27076,WR,KC,294.47,32.42,234,376,,jalen-royals.php,,,5.1,,,,,,,Jalen Royals,2026-05-08,KCC
/nfl/rankings/ppr-cheatsheets.php,redraft-overall,ro,Oscar Delp,25430,TE,NO,335.4,34.66,278,372,,oscar-delp.php,,,10.4,,,,,13.0,,Oscar Delp,2026-05-08,NOS
/nfl/rankings/ppr-cheatsheets.php,redraft-overall,ro,Bam Knight,24901,RB,ARI,308.06,30.33,251,377,,zonovan-bam-knight.php,,,1.3,,,,,,,Bam Knight,2026-05-08,ARI
/nfl/rankings/ppr-cheatsheets.php,redraft-overall,ro,New Orleans Saints,8190,DST,NO,282.17,25.84,246,329,,new-orleans-defense.php,,,38.9,,,,,,,New Orleans Saints,2026-05-08,NOS
/nfl/rankings/ppr-cheatsheets.php,redraft-overall,ro,Kareem Hunt,16425,RB,FA,314.12,9.4,301,338,,kareem-hunt.php,,,6.9,,,,,,,Kareem Hunt,2026-05-08,FA
/nfl/rankings/ppr-cheatsheets.php,redraft-overall,ro,Calvin Austin III,23739,WR,NYG,305.67,35.75,264,376,,calvin-austin.php,,,9.3,,,,,,,Calvin Austin,2026-05-08,NYG
/nfl/rankings/ppr-cheatsheets.php,redraft-overall,ro,Kaelon Black,28401,RB,SF,266.4,31.93,219,314,,kaelon-black.php,,,6.1,,,,,,,Kaelon Black,2026-05-08,SFO
/nfl/rankings/ppr-cheatsheets.php,redraft-overall,ro,Luke McCaffrey,26328,WR,WAS,307.6,25.43,273,373,,luke-mccaffrey.php,,,5.8,,,,,,,Luke McCaffrey,2026-05-08,WAS
/nfl/rankings/ppr-cheatsheets.php,redraft-overall,ro,Will Shipley,22930,RB,PHI,308.6,16.73,277,343,,will-shipley.php,,,4.6,,,,,,,Will Shipley,2026-05-08,PHI
/nfl/rankings/ppr-cheatsheets.php,redraft-overall,ro,Jahan Dotson,23101,WR,ATL,282.64,47.25,165,363,,jahan-dotson.php,,,12.5,,,,,,,Jahan Dotson,2026-05-08,ATL
/nfl/rankings/ppr-cheatsheets.php,redraft-overall,ro,Mac Jones,20156,QB,SF,321.06,22.19,276,359,,mac-jones.php,,,33.6,,,,,,,Mac Jones,2026-05-08,SFO
/nfl/rankings/ppr-cheatsheets.php,redraft-overall,ro,Chicago Bears,8050,DST,CHI,257.86,65.57,185,356,,chicago-defense.php,,,23.1,,,,,,,Chicago Bears,2026-05-08,CHI
/nfl/rankings/ppr-cheatsheets.php,redraft-overall,ro,Carolina Panthers,8040,DST,CAR,274.63,39.57,190,326,,carolina-defense.php,,,19.5,,,,,,,Carolina Panthers,2026-05-08,CAR
/nfl/rankings/ppr-cheatsheets.php,redraft-overall,ro,Noah Gray,19539,TE,KC,308.18,27.54,274,352,,noah-gray.php,,,16.1,,,,,,,Noah Gray,2026-05-08,KCC
/nfl/rankings/ppr-cheatsheets.php,redraft-overall,ro,Darnell Washington,22967,TE,PIT,301.5,22.33,274,342,,darnell-washington.php,,,26.0,,,,,,,Darnell Washington,2026-05-08,PIT
/nfl/rankings/ppr-cheatsheets.php,redraft-overall,ro,Dallas Cowboys,8080,DST,DAL,213.6,37.36,172,276,,dallas-defense.php,,,26.7,,,,,,,Dallas Cowboys,2026-05-08,DAL
/nfl/rankings/ppr-cheatsheets.php,redraft-overall,ro,Tyler Higbee,15623,TE,LAR,305.6,23.24,256,348,,tyler-higbee.php,,,12.2,,,,,-4.0,,Tyler Higbee,2026-05-08,LAR
/nfl/rankings/ppr-cheatsheets.php,redraft-overall,ro,Nick Chubb,17246,RB,FA,325.77,14.63,307,360,,nick-chubb.php,,,3.4,,,,,,,Nick Chubb,2026-05-08,FA
/nfl/rankings/ppr-cheatsheets.php,redraft-overall,ro,Austin Ekeler,16483,RB,FA,315.82,15.08,289,342,,austin-ekeler.php,,,4.3,,,,,,,Austin Ekeler,2026-05-08,FA
/nfl/rankings/ppr-cheatsheets.php,redraft-overall,ro,Olamide Zaccheaus,18864,WR,ATL,310.6,25.51,273,362,,olamide-zaccheaus.php,,,9.9,,,,,,,Olamide Zaccheaus,2026-05-08,ATL
/nfl/rankings/ppr-cheatsheets.php,redraft-overall,ro,Michael Carter,22728,RB,TEN,324.25,18.82,305,367,,michael-carter-rb.php,,,3.0,,,,,,,Michael Carter,2026-05-08,TEN
/nfl/rankings/ppr-cheatsheets.php,redraft-overall,ro,Dont'e Thornton Jr.,27288,WR,LV,309.78,29.66,272,371,,donte-thornton-jr.php,,,7.6,,,,,,,Donte Thornton,2026-05-08,LVR
/nfl/rankings/ppr-cheatsheets.php,redraft-overall,ro,Jalen Tolbert,23770,WR,MIA,303.25,41.99,244,371,,jalen-tolbert.php,,,14.7,,,,,,,Jalen Tolbert,2026-05-08,MIA
/nfl/rankings/ppr-cheatsheets.php,redraft-overall,ro,Zane Gonzalez,16548,K,MIA,303.88,37.44,212,329,,zane-gonzalez.php,,,3.1,,,,,,,Zane Gonzalez,2026-05-08,MIA
/nfl/rankings/ppr-cheatsheets.php,redraft-overall,ro,Joshua Palmer,22845,WR,BUF,321.4,28.46,286,383,,josh-palmer.php,,,3.0,,,,,,,Josh Palmer,2026-05-08,BUF
/nfl/rankings/ppr-cheatsheets.php,redraft-overall,ro,Bryce Lance,28129,WR,NO,293.86,33.52,241,351,,bryce-lance.php,,,8.3,,,,,,,Bryce Lance,2026-05-08,NOS
/nfl/rankings/ppr-cheatsheets.php,redraft-overall,ro,Justin Fields,19781,QB,KC,326.3,21.74,277,366,,justin-fields.php,,,32.3,,,,,,,Justin Fields,2026-05-08,KCC
/nfl/rankings/ppr-cheatsheets.php,redraft-overall,ro,Caleb Douglas,28135,WR,MIA,312.38,33.25,239,351,,caleb-douglas.php,,,3.3,,,,,,,Caleb Douglas,2026-05-08,MIA
/nfl/rankings/ppr-cheatsheets.php,redraft-overall,ro,Washington Commanders,8310,DST,WAS,186.0,18.71,161,206,,washington-defense.php,,,26.7,,,,,,,Washington Commanders,2026-05-08,WAS
/nfl/rankings/ppr-cheatsheets.php,redraft-overall,ro,Anthony Richardson Sr.,24347,QB,IND,334.64,20.15,303,378,,anthony-richardson.php,,,31.1,,,,,,,Anthony Richardson,2026-05-08,IND
/nfl/rankings/ppr-cheatsheets.php,redraft-overall,ro,John Metchie III,22895,WR,CAR,322.56,35.48,287,380,,john-metchie.php,,,5.1,,,,,,,John Metchie,2026-05-08,CAR
/nfl/rankings/ppr-cheatsheets.php,redraft-overall,ro,Elijah Arroyo,23004,TE,SEA,316.13,25.0,285,352,,elijah-arroyo.php,,,24.2,,,,,,,Elijah Arroyo,2026-05-08,SEA
/nfl/rankings/ppr-cheatsheets.php,redraft-overall,ro,DeMario Douglas,25304,WR,NE,325.56,29.42,281,373,,demario-douglas.php,,,17.9,,,,,,,Demario Douglas,2026-05-08,NEP
/nfl/rankings/ppr-cheatsheets.php,redraft-overall,ro,Brenen Thompson,28133,WR,LAC,318.5,24.13,284,348,,brenen-thompson.php,,,12.0,,,,,,,Brenen Thompson,2026-05-08,LAC
/nfl/rankings/ppr-cheatsheets.php,redraft-overall,ro,Xavier Hutchinson,25332,WR,HOU,321.13,24.63,294,376,,xavier-hutchinson.php,,,4.4,,,,,,,Xavier Hutchinson,2026-05-08,HOU
/nfl/rankings/ppr-cheatsheets.php,redraft-overall,ro,Miami Dolphins,8160,DST,MIA,283.0,65.93,188,345,,miami-defense.php,,,17.6,,,,,,,Miami Dolphins,2026-05-08,MIA
/nfl/rankings/ppr-cheatsheets.php,redraft-overall,ro,Nick Folk,9491,K,ATL,215.33,27.76,181,249,,nick-folk.php,,,10.3,,,,,,,Nick Folk,2026-05-08,ATL
/nfl/rankings/ppr-cheatsheets.php,redraft-overall,ro,Eli Heidenreich,28297,RB,PIT,317.0,26.3,283,366,,eli-heidenreich.php,,,3.5,,,,,,,Eli Heidenreich,2026-05-08,PIT
/nfl/rankings/ppr-cheatsheets.php,redraft-overall,ro,Blake Grupe,25533,K,IND,224.67,20.24,207,253,,blake-grupe.php,,,3.9,,,,,,,Blake Grupe,2026-05-08,IND
/nfl/rankings/ppr-cheatsheets.php,redraft-overall,ro,Savion Williams,27144,WR,GB,319.57,13.45,302,339,,savion-williams.php,,,2.8,,,,,,,Savion Williams,2026-05-08,GBP
/nfl/rankings/ppr-cheatsheets.php,redraft-overall,ro,Jaylin Lane,27454,WR,WAS,328.5,23.89,298,369,,jaylin-lane.php,,,7.1,,,,,,,Jaylin Lane,2026-05-08,WAS
/nfl/rankings/ppr-cheatsheets.php,redraft-overall,ro,Ja'Tavion Sanders,24334,TE,CAR,311.5,20.36,295,355,,jatavion-sanders.php,,,17.1,,,,,-5.0,,JaTavion Sanders,2026-05-08,CAR
/nfl/rankings/ppr-cheatsheets.php,redraft-overall,ro,Jake Elliott,16540,K,PHI,236.67,15.69,216,254,,jake-elliott.php,,,16.0,,,,,,,Jake Elliott,2026-05-08,PHI
/nfl/rankings/ppr-cheatsheets.php,redraft-overall,ro,Ryan Fitzgerald,27261,K,CAR,238.0,40.63,184,282,,ryan-fitzgerald.php,,,3.9,,,,,,,Ryan Fitzgerald,2026-05-08,CAR
/nfl/rankings/ppr-cheatsheets.php,redraft-overall,ro,Darren Waller,14104,TE,FA,325.43,16.76,290,350,,darren-waller.php,,,11.6,,,,,,,Darren Waller,2026-05-08,FA
/nfl/rankings/ppr-cheatsheets.php,redraft-overall,ro,Tennessee Titans,8300,DST,TEN,172.5,21.5,151,194,,tennessee-defense.php,,,20.7,,,,,,,Tennessee Titans,2026-05-08,TEN
/nfl/rankings/ppr-cheatsheets.php,redraft-overall,ro,Ben Sauls,27798,K,NYG,246.67,45.07,183,281,,ben-sauls.php,,,5.0,,,,,,,Ben Sauls,2026-05-08,NYG
/nfl/rankings/ppr-cheatsheets.php,redraft-overall,ro,Tommy Myers,25167,TE,FA,305.0,16.2,290,336,,tommy-myers.php,,,0.0,,,,,,,Tommy Myers,2026-05-08,FA
/nfl/rankings/ppr-cheatsheets.php,redraft-overall,ro,Justin Joly,28079,TE,DEN,329.43,27.56,300,385,,justin-joly.php,,,7.5,,,,,,,Justin Joly,2026-05-08,DEN
/nfl/rankings/ppr-cheatsheets.php,redraft-overall,ro,New York Giants,8200,DST,NYG,185.5,0.5,185,186,,new-york-giants-defense.php,,,38.7,,,,,,,New York Giants,2026-05-08,NYG
/nfl/rankings/ppr-cheatsheets.php,redraft-overall,ro,Treylon Burks,22905,WR,WAS,308.8,29.86,262,346,,treylon-burks.php,,,4.3,,,,,,,Treylon Burks,2026-05-08,WAS
/nfl/rankings/ppr-cheatsheets.php,redraft-overall,ro,John Bates,22833,TE,WAS,311.0,29.28,274,349,,john-bates.php,,,0.8,,,,,,,John Bates,2026-05-08,WAS
/nfl/rankings/ppr-cheatsheets.php,redraft-overall,ro,Michael Mayer,23056,TE,LV,324.33,38.21,268,361,,michael-mayer.php,,,30.0,,,,,-5.0,,Michael Mayer,2026-05-08,LVR
/nfl/rankings/ppr-cheatsheets.php,redraft-overall,ro,Raheim Sanders,24351,RB,CLE,341.63,25.38,310,381,,raheim-sanders.php,,,1.7,,,,,,,Raheim Sanders,2026-05-08,CLE
/nfl/rankings/ppr-cheatsheets.php,redraft-overall,ro,Carson Beck,22953,QB,ARI,343.13,16.65,321,368,,carson-beck.php,,,18.0,,,,,,,Carson Beck,2026-05-08,ARI
/nfl/rankings/ppr-cheatsheets.php,redraft-overall,ro,Chad Ryland,25354,K,ARI,212.0,1.0,211,213,,chad-ryland.php,,,4.8,,,,,,,Chad Ryland,2026-05-08,ARI
/nfl/rankings/ppr-cheatsheets.php,redraft-overall,ro,Kevin Coleman Jr.,28067,WR,MIA,319.6,31.56,272,367,,kevin-coleman-jr.php,,,1.8,,,,,,,Kevin Coleman,2026-05-08,MIA
/nfl/rankings/ppr-cheatsheets.php,redraft-overall,ro,Jawhar Jordan,26329,RB,HOU,332.0,19.87,309,364,,jawhar-jordan.php,,,1.6,,,,,,,Jawhar Jordan,2026-05-08,HOU
/nfl/rankings/ppr-cheatsheets.php,redraft-overall,ro,Ben Sinnott,26310,TE,WAS,332.33,22.63,309,372,,ben-sinnott.php,,,11.1,,,,,,,Ben Sinnott,2026-05-08,WAS
/nfl/rankings/ppr-cheatsheets.php,redraft-overall,ro,Tutu Atwell,20126,WR,MIA,333.67,25.58,291,374,,tutu-atwell.php,,,4.3,,,,,,,Tutu Atwell,2026-05-08,MIA
/nfl/rankings/ppr-cheatsheets.php,redraft-overall,ro,Joey Slye,19028,K,TEN,226.5,10.5,216,237,,joey-slye.php,,,4.1,,,,,,,Joey Slye,2026-05-08,TEN
/nfl/rankings/ppr-cheatsheets.php,redraft-overall,ro,KaVontae Turpin,18520,WR,DAL,309.0,54.23,230,380,,kavontae-turpin.php,,,12.3,,,,,,,KaVontae Turpin,2026-05-08,DAL
/nfl/rankings/ppr-cheatsheets.php,redraft-overall,ro,Kendrick Bourne,17066,WR,ARI,337.83,32.67,289,378,,kendrick-bourne.php,,,4.7,,,,,,,Kendrick Bourne,2026-05-08,ARI
/nfl/rankings/ppr-cheatsheets.php,redraft-overall,ro,Tai Felton,27182,WR,MIN,291.67,35.18,242,319,,tai-felton.php,,,2.7,,,,,,,Tai Felton,2026-05-08,MIN
/nfl/rankings/ppr-cheatsheets.php,redraft-overall,ro,Cyrus Allen,28424,WR,KC,319.0,54.99,227,371,,cyrus-allen.php,,,0.2,,,,,,,Cyrus Allen,2026-05-08,KCC
/nfl/rankings/ppr-cheatsheets.php,redraft-overall,ro,Terrell Jennings,26964,RB,NE,321.0,10.42,307,332,,terrell-jennings.php,,,0.6,,,,,,,Terrell Jennings,2026-05-08,NEP
/nfl/rankings/ppr-cheatsheets.php,redraft-overall,ro,Cole Kmet,19229,TE,CHI,336.0,23.0,301,367,,cole-kmet.php,,,24.6,,,,,,,Cole Kmet,2026-05-08,CHI
/nfl/rankings/ppr-cheatsheets.php,redraft-overall,ro,Joe Milton III,25967,QB,DAL,336.4,28.9,308,386,,joe-milton.php,,,10.1,,,,,,,Joe Milton,2026-05-08,DAL
/nfl/rankings/ppr-cheatsheets.php,redraft-overall,ro,Kalif Raymond,16081,WR,CHI,325.0,53.89,245,397,,kalif-raymond.php,,,1.5,,,,,,,Kalif Raymond,2026-05-08,CHI
/nfl/rankings/ppr-cheatsheets.php,redraft-overall,ro,Zach Ertz,11689,TE,FA,324.75,21.04,306,357,,zach-ertz.php,,,11.4,,,,,,,Zach Ertz,2026-05-08,FA
/nfl/rankings/ppr-cheatsheets.php,redraft-overall,ro,Jameis Winston,13891,QB,NYG,346.5,16.24,331,376,,jameis-winston.php,,,16.8,,,,,,,Jameis Winston,2026-05-08,NYG
/nfl/rankings/ppr-cheatsheets.php,redraft-overall,ro,Antonio Gibson,19624,RB,FA,338.0,20.98,314,370,,antonio-gibson.php,,,0.7,,,,,,,Antonio Gibson,2026-05-08,FA
/nfl/rankings/ppr-cheatsheets.php,redraft-overall,ro,Malik Benson,26012,WR,LV,338.6,85.56,168,391,,malik-benson.php,,,0.9,,,,,,,Malik Benson,2026-05-08,LVR
/nfl/rankings/ppr-cheatsheets.php,redraft-overall,ro,Nick Westbrook-Ikhine,19747,WR,IND,262.5,78.5,184,341,,nick-westbrook.php,,,1.5,,,,,,,Nick Westbrook-Ikhine,2026-05-08,IND
/nfl/rankings/ppr-cheatsheets.php,redraft-overall,ro,Dameon Pierce,22947,RB,PHI,347.83,21.81,317,384,,dameon-pierce.php,,,1.1,,,,,,,Dameon Pierce,2026-05-08,PHI
/nfl/rankings/ppr-cheatsheets.php,redraft-overall,ro,Brandon McManus,13274,K,GB,265.5,50.5,215,316,,brandon-mcmanus.php,,,4.8,,,,,,,Brandon McManus,2026-05-08,GBP
/nfl/rankings/ppr-cheatsheets.php,redraft-overall,ro,Noah Fant,17527,TE,NO,343.0,19.43,317,377,,noah-fant.php,,,8.7,,,,,,,Noah Fant,2026-05-08,NOS
/nfl/rankings/ppr-cheatsheets.php,redraft-overall,ro,Tampa Bay Buccaneers,8290,DST,TB,273.0,83.0,190,356,,tampa-bay-defense.php,,,35.4,,,,,,,Tampa Bay Buccaneers,2026-05-08,TBB
/nfl/rankings/ppr-cheatsheets.php,redraft-overall,ro,Luke Musgrave,25282,TE,GB,345.2,16.04,320,363,,luke-musgrave.php,,,11.5,,,,,,,Luke Musgrave,2026-05-08,GBP
/nfl/rankings/ppr-cheatsheets.php,redraft-overall,ro,CJ Daniels,28125,WR,LAR,346.6,34.17,302,396,,cj-daniels.php,,,8.5,,,,,,,CJ Daniels,2026-05-08,LAR
/nfl/rankings/ppr-cheatsheets.php,redraft-overall,ro,Cincinnati Bengals,8060,DST,CIN,280.0,0.0,280,280,,cincinnati-defense.php,,,11.6,,,,,,,Cincinnati Bengals,2026-05-08,CIN
/nfl/rankings/ppr-cheatsheets.php,redraft-overall,ro,Damien Martinez,25976,RB,GB,338.75,16.72,320,360,,damien-martinez.php,,,0.6,,,,,,,Damien Martinez,2026-05-08,GBP
/nfl/rankings/ppr-cheatsheets.php,redraft-overall,ro,Zavion Thomas,28132,WR,CHI,350.2,36.65,296,384,,zavion-thomas.php,,,2.1,,,,,,,Zavion Thomas,2026-05-08,CHI
/nfl/rankings/ppr-cheatsheets.php,redraft-overall,ro,J'Mari Taylor,28109,RB,JAC,341.5,40.34,287,393,,jmari-taylor.php,,,5.3,,,,,,,JMari Taylor,2026-05-08,JAC
/nfl/rankings/ppr-cheatsheets.php,redraft-overall,ro,Dawson Knox,18631,TE,BUF,352.0,15.72,328,375,,dawson-knox.php,,,21.7,,,,,,,Dawson Knox,2026-05-08,BUF
/nfl/rankings/ppr-cheatsheets.php,redraft-overall,ro,Daniel Bellinger,24238,TE,TEN,346.75,44.59,274,395,,daniel-bellinger.php,,,5.9,,,,,,,Daniel Bellinger,2026-05-08,TEN
/nfl/rankings/ppr-cheatsheets.php,redraft-overall,ro,Deion Burks,27093,WR,IND,346.0,35.92,295,385,,deion-burks.php,,,0.6,,,,,,,Deion Burks,2026-05-08,IND
/nfl/rankings/ppr-cheatsheets.php,redraft-overall,ro,Eli Raridon,28154,TE,NE,359.2,31.53,309,392,,eli-raridon.php,,,2.7,,,,,,,Eli Raridon,2026-05-08,NEP
/nfl/rankings/ppr-cheatsheets.php,redraft-overall,ro,Jonnu Smith,16460,TE,FA,354.75,22.71,320,382,,jonnu-smith.php,,,14.1,,,,,,,Jonnu Smith,2026-05-08,FA
/nfl/rankings/ppr-cheatsheets.php,redraft-overall,ro,Joe Flacco,9300,QB,CIN,331.5,0.5,331,332,,joe-flacco.php,,,18.2,,,,,,,Joe Flacco,2026-05-08,CIN
/nfl/rankings/ppr-cheatsheets.php,redraft-overall,ro,Jam Miller,27326,RB,NE,339.5,2.5,337,342,,jam-miller.php,,,2.3,,,,,,,Jam Miller,2026-05-08,NEP
/nfl/rankings/ppr-cheatsheets.php,redraft-overall,ro,Le'Veon Moss,27323,RB,MIA,357.67,31.12,318,394,,leveon-moss.php,,,10.8,,,,,,,LeVeon Moss,2026-05-08,MIA
/nfl/rankings/ppr-cheatsheets.php,redraft-overall,ro,Gardner Minshew II,18562,QB,ARI,357.33,20.01,333,382,,gardner-minshew.php,,,6.5,,,,,,,Gardner Minshew,2026-05-08,ARI
/nfl/rankings/ppr-cheatsheets.php,redraft-overall,ro,Marcus Mariota,13890,QB,WAS,359.67,27.39,321,381,,marcus-mariota.php,,,18.0,,,,,,,Marcus Mariota,2026-05-08,WAS
/nfl/rankings/ppr-cheatsheets.php,redraft-overall,ro,Elijah Higgins,23119,TE,ARI,359.67,15.54,340,378,,elijah-higgins.php,,,3.6,,,,,,,Elijah Higgins,2026-05-08,ARI
/nfl/rankings/ppr-cheatsheets.php,redraft-overall,ro,Sam Roush,28161,TE,CHI,360.0,21.46,341,390,,sam-roush.php,,,1.8,,,,,,,Sam Roush,2026-05-08,CHI
/nfl/rankings/ppr-cheatsheets.php,redraft-overall,ro,Marlin Klein,28157,TE,HOU,352.0,17.0,335,369,,marlin-klein.php,,,3.1,,,,,,,Marlin Klein,2026-05-08,HOU
/nfl/rankings/ppr-cheatsheets.php,redraft-overall,ro,Demarcus Robinson,15665,WR,SF,356.0,14.0,342,370,,demarcus-robinson.php,,,1.6,,,,,,,Demarcus Robinson,2026-05-08,SFO
/nfl/rankings/ppr-cheatsheets.php,redraft-overall,ro,Robert Henry Jr.,28404,RB,WAS,357.5,24.5,333,382,,robert-henry-jr.php,,,0.0,,,,,,,Robert Henry,2026-05-08,WAS
/nfl/rankings/ppr-cheatsheets.php,redraft-overall,ro,Phil Mafah,22928,RB,DAL,359.5,29.5,330,389,,phil-mafah.php,,,1.8,,,,,,,Phil Mafah,2026-05-08,DAL
/nfl/rankings/ppr-cheatsheets.php,redraft-overall,ro,Devontez Walker,26011,WR,BAL,363.0,16.0,347,379,,devontez-walker.php,,,1.7,,,,,,,Devontez Walker,2026-05-08,BAL
/nfl/rankings/ppr-cheatsheets.php,redraft-overall,ro,Erick All Jr.,23837,TE,CIN,372.5,10.5,362,383,,erick-all.php,,,1.8,,,,,,,Erick All,2026-05-08,CIN
/nfl/rankings/ppr-cheatsheets.php,redraft-overall,ro,Riley Leonard,25373,QB,IND,388.5,0.5,388,389,,riley-leonard.php,,,11.2,,,,,,,Riley Leonard,2026-05-08,IND
/nfl/rankings/qb-cheatsheets.php,redraft-qb,rp,Josh Allen,17298,QB,BUF,1.04,0.19,1,2,,josh-allen-qb.php,,,99.2,,,,,,,Josh Allen,2026-05-08,BUF
/nfl/rankings/qb-cheatsheets.php,redraft-qb,rp,Lamar Jackson,17233,QB,BAL,2.41,0.73,2,5,,lamar-jackson.php,,,98.5,,,,,,,Lamar Jackson,2026-05-08,BAL
/nfl/rankings/qb-cheatsheets.php,redraft-qb,rp,Drake Maye,23046,QB,NE,3.07,0.81,2,5,,drake-maye.php,,,99.1,,,,,,,Drake Maye,2026-05-08,NEP
/nfl/rankings/qb-cheatsheets.php,redraft-qb,rp,Joe Burrow,19196,QB,CIN,4.41,1.16,3,7,,joe-burrow.php,,,85.2,,,,,,,Joe Burrow,2026-05-08,CIN
/nfl/rankings/qb-cheatsheets.php,redraft-qb,rp,Jayden Daniels,22902,QB,WAS,5.0,1.47,3,11,,jayden-daniels.php,,,87.1,,,,,,,Jayden Daniels,2026-05-08,WAS
/nfl/rankings/qb-cheatsheets.php,redraft-qb,rp,Jalen Hurts,19275,QB,PHI,5.96,0.92,4,9,,jalen-hurts.php,,,98.0,,,,,,,Jalen Hurts,2026-05-08,PHI
/nfl/rankings/qb-cheatsheets.php,redraft-qb,rp,Justin Herbert,18635,QB,LAC,8.15,1.88,6,14,,justin-herbert.php,,,79.6,,,,,,,Justin Herbert,2026-05-08,LAC
/nfl/rankings/qb-cheatsheets.php,redraft-qb,rp,Jaxson Dart,23160,QB,NYG,9.0,1.98,7,13,,jaxson-dart.php,,,84.4,,,,,,,Jaxson Dart,2026-05-08,NYG
/nfl/rankings/qb-cheatsheets.php,redraft-qb,rp,Caleb Williams,23084,QB,CHI,9.41,1.91,5,13,,caleb-williams.php,,,83.1,,,,,,,Caleb Williams,2026-05-08,CHI
/nfl/rankings/qb-cheatsheets.php,redraft-qb,rp,Trevor Lawrence,19780,QB,JAC,9.74,1.76,6,13,,trevor-lawrence.php,,,87.6,,,,,,,Trevor Lawrence,2026-05-08,JAC
/nfl/rankings/qb-cheatsheets.php,redraft-qb,rp,Dak Prescott,15600,QB,DAL,10.11,1.31,8,12,,dak-prescott.php,,,82.4,,,,,,,Dak Prescott,2026-05-08,DAL
/nfl/rankings/qb-cheatsheets.php,redraft-qb,rp,Brock Purdy,19797,QB,SF,11.7,1.38,8,13,,brock-purdy.php,,,82.8,,,,,,,Brock Purdy,2026-05-08,SFO
/nfl/rankings/qb-cheatsheets.php,redraft-qb,rp,Patrick Mahomes II,16413,QB,KC,13.78,1.97,9,18,,patrick-mahomes.php,,,82.7,,,,,,,Patrick Mahomes,2026-05-08,KCC
/nfl/rankings/qb-cheatsheets.php,redraft-qb,rp,Matthew Stafford,9451,QB,LAR,13.96,2.19,9,17,,matthew-stafford.php,,,83.5,,,,,,,Matthew Stafford,2026-05-08,LAR
/nfl/rankings/qb-cheatsheets.php,redraft-qb,rp,Bo Nix,22910,QB,DEN,14.33,1.74,10,18,,bo-nix.php,,,70.7,,,,,,,Bo Nix,2026-05-08,DEN
/nfl/rankings/qb-cheatsheets.php,redraft-qb,rp,Jared Goff,15501,QB,DET,17.44,1.83,11,20,,jared-goff.php,,,55.0,,,,,,,Jared Goff,2026-05-08,DET
/nfl/rankings/qb-cheatsheets.php,redraft-qb,rp,Kyler Murray,18600,QB,MIN,17.74,2.81,13,23,,kyler-murray.php,,,67.6,,,,,,,Kyler Murray,2026-05-08,MIN
/nfl/rankings/qb-cheatsheets.php,redraft-qb,rp,Jordan Love,19246,QB,GB,18.7,1.92,14,21,,jordan-love.php,,,47.8,,,,,,,Jordan Love,2026-05-08,GBP
/nfl/rankings/qb-cheatsheets.php,redraft-qb,rp,Malik Willis,23499,QB,MIA,18.81,2.55,14,25,,malik-willis.php,,,43.9,,,,,,,Malik Willis,2026-05-08,MIA
/nfl/rankings/qb-cheatsheets.php,redraft-qb,rp,Tyler Shough,23096,QB,NO,19.04,2.3,15,23,,tyler-shough.php,,,58.8,,,,,,,Tyler Shough,2026-05-08,NOS
/nfl/rankings/qb-cheatsheets.php,redraft-qb,rp,Baker Mayfield,17237,QB,TB,19.37,1.68,16,22,,baker-mayfield.php,,,54.2,,,,,,,Baker Mayfield,2026-05-08,TBB
/nfl/rankings/qb-cheatsheets.php,redraft-qb,rp,C.J. Stroud,23071,QB,HOU,22.56,1.64,20,28,,cj-stroud.php,,,43.0,,,,,,,CJ Stroud,2026-05-08,HOU
/nfl/rankings/qb-cheatsheets.php,redraft-qb,rp,Sam Darnold,17236,QB,SEA,22.67,1.49,19,26,,sam-darnold.php,,,45.6,,,,,,,Sam Darnold,2026-05-08,SEA
/nfl/rankings/qb-cheatsheets.php,redraft-qb,rp,Bryce Young,22900,QB,CAR,24.63,1.16,22,27,,bryce-young.php,,,41.4,,,,,,,Bryce Young,2026-05-08,CAR
/nfl/rankings/qb-cheatsheets.php,redraft-qb,rp,Cam Ward,24755,QB,TEN,25.15,1.3,22,27,,cam-ward.php,,,36.3,,,,,,,Cam Ward,2026-05-08,TEN
/nfl/rankings/qb-cheatsheets.php,redraft-qb,rp,Daniel Jones,18232,QB,IND,25.67,1.83,22,29,,daniel-jones.php,,,50.4,,,,,,,Daniel Jones,2026-05-08,IND
/nfl/rankings/qb-cheatsheets.php,redraft-qb,rp,Jacoby Brissett,15642,QB,ARI,26.26,2.91,17,31,,jacoby-brissett.php,,,33.6,,,,,,,Jacoby Brissett,2026-05-08,ARI
/nfl/rankings/qb-cheatsheets.php,redraft-qb,rp,Fernando Mendoza,28013,QB,LV,28.81,2.61,26,37,,fernando-mendoza.php,,,51.0,,,,,,,Fernando Mendoza,2026-05-08,LVR
/nfl/rankings/qb-cheatsheets.php,redraft-qb,rp,Geno Smith,11687,QB,NYJ,29.52,2.08,25,35,,geno-smith.php,,,31.4,,,,,,,Geno Smith,2026-05-08,NYJ
/nfl/rankings/qb-cheatsheets.php,redraft-qb,rp,Michael Penix Jr.,22973,QB,ATL,30.38,2.0,27,36,,michael-penix-jr.php,,,31.8,,,,,,,Michael Penix,2026-05-08,ATL
/nfl/rankings/qb-cheatsheets.php,redraft-qb,rp,Shedeur Sanders,25968,QB,CLE,31.93,2.04,27,35,,shedeur-sanders.php,,,32.8,,,,,,,Shedeur Sanders,2026-05-08,CLE
/nfl/rankings/qb-cheatsheets.php,redraft-qb,rp,Aaron Rodgers,9001,QB,FA,31.35,2.8,27,42,,aaron-rodgers.php,,,31.0,,,,,,,Aaron Rodgers,2026-05-08,FA
/nfl/rankings/qb-cheatsheets.php,redraft-qb,rp,Tua Tagovailoa,19198,QB,ATL,32.93,1.82,30,38,,tua-tagovailoa.php,,,32.9,,,,,,,Tua Tagovailoa,2026-05-08,ATL
/nfl/rankings/qb-cheatsheets.php,redraft-qb,rp,Kirk Cousins,11177,QB,LV,34.72,1.91,32,39,,kirk-cousins.php,,,28.6,,,,,,,Kirk Cousins,2026-05-08,LVR
/nfl/rankings/qb-cheatsheets.php,redraft-qb,rp,Deshaun Watson,16398,QB,CLE,34.0,2.58,30,40,,deshaun-watson.php,,,24.7,,,,,,,Deshaun Watson,2026-05-08,CLE
/nfl/rankings/qb-cheatsheets.php,redraft-qb,rp,Ty Simpson,25368,QB,LAR,39.33,3.36,34,45,,ty-simpson.php,,,30.3,,,,,,,Ty Simpson,2026-05-08,LAR
/nfl/rankings/qb-cheatsheets.php,redraft-qb,rp,J.J. McCarthy,23018,QB,MIN,35.05,2.44,29,39,,jj-mccarthy.php,,,29.8,,,,,,,JJ McCarthy,2026-05-08,MIN
/nfl/rankings/qb-cheatsheets.php,redraft-qb,rp,Mac Jones,20156,QB,SF,37.67,3.92,33,51,,mac-jones.php,,,33.6,,,,,,,Mac Jones,2026-05-08,SFO
/nfl/rankings/qb-cheatsheets.php,redraft-qb,rp,Justin Fields,19781,QB,KC,36.92,2.5,33,43,,justin-fields.php,,,32.3,,,,,,,Justin Fields,2026-05-08,KCC
/nfl/rankings/qb-cheatsheets.php,redraft-qb,rp,Anthony Richardson Sr.,24347,QB,IND,38.82,2.44,34,43,,anthony-richardson.php,,,31.1,,,,,,,Anthony Richardson,2026-05-08,IND
/nfl/rankings/qb-cheatsheets.php,redraft-qb,rp,Carson Beck,22953,QB,ARI,41.5,7.41,36,63,,carson-beck.php,,,18.0,,,,,,,Carson Beck,2026-05-08,ARI
/nfl/rankings/qb-cheatsheets.php,redraft-qb,rp,Jameis Winston,13891,QB,NYG,41.5,2.84,37,46,,jameis-winston.php,,,16.8,,,,,,,Jameis Winston,2026-05-08,NYG
/nfl/rankings/qb-cheatsheets.php,redraft-qb,rp,Marcus Mariota,13890,QB,WAS,43.0,3.2,39,50,,marcus-mariota.php,,,18.0,,,,,,,Marcus Mariota,2026-05-08,WAS
/nfl/rankings/qb-cheatsheets.php,redraft-qb,rp,Joe Milton III,25967,QB,DAL,43.67,2.43,41,47,,joe-milton.php,,,10.1,,,,,,,Joe Milton,2026-05-08,DAL
/nfl/rankings/qb-cheatsheets.php,redraft-qb,rp,Joe Flacco,9300,QB,CIN,44.2,4.26,38,50,,joe-flacco.php,,,18.2,,,,,,,Joe Flacco,2026-05-08,CIN
/nfl/rankings/qb-cheatsheets.php,redraft-qb,rp,Riley Leonard,25373,QB,IND,46.0,3.46,42,51,,riley-leonard.php,,,11.2,,,,,,,Riley Leonard,2026-05-08,IND
/nfl/rankings/qb-cheatsheets.php,redraft-qb,rp,Gardner Minshew II,18562,QB,ARI,43.25,1.64,42,46,,gardner-minshew.php,,,6.5,,,,,,,Gardner Minshew,2026-05-08,ARI
/nfl/rankings/qb-cheatsheets.php,redraft-qb,rp,Taylen Green,28094,QB,CLE,43.67,5.73,37,51,,taylen-green.php,,,6.6,,,,,,,Taylen Green,2026-05-08,CLE
/nfl/rankings/qb-cheatsheets.php,redraft-qb,rp,Quinn Ewers,23680,QB,MIA,51.25,5.26,46,60,,quinn-ewers.php,,,14.3,,,,,,,Quinn Ewers,2026-05-08,MIA
/nfl/rankings/qb-cheatsheets.php,redraft-qb,rp,Jimmy Garoppolo,12208,QB,LAR,49.67,4.03,44,53,,jimmy-garoppolo.php,,,1.4,,,,,,,Jimmy Garoppolo,2026-05-08,LAR
/nfl/rankings/qb-cheatsheets.php,redraft-qb,rp,Cade Klubnik,24361,QB,NYJ,53.67,13.27,41,72,,cade-klubnik.php,,,5.7,,,,,,,Cade Klubnik,2026-05-08,NYJ
/nfl/rankings/qb-cheatsheets.php,redraft-qb,rp,Garrett Nussmeier,22998,QB,KC,57.5,11.76,43,75,,garrett-nussmeier.php,,,14.6,,,,,,,Garrett Nussmeier,2026-05-08,KCC
/nfl/rankings/qb-cheatsheets.php,redraft-qb,rp,Tyson Bagent,25321,QB,CHI,53.0,11.52,38,66,,tyson-bagent.php,,,7.3,,,,,,,Tyson Bagent,2026-05-08,CHI
/nfl/rankings/qb-cheatsheets.php,redraft-qb,rp,Spencer Rattler,23081,QB,NO,47.5,0.5,47,48,,spencer-rattler.php,,,4.5,,,,,,,Spencer Rattler,2026-05-08,NOS
/nfl/rankings/qb-cheatsheets.php,redraft-qb,rp,Trey Lance,20082,QB,LAC,48.5,4.5,44,53,,trey-lance.php,,,4.5,,,,,,,Trey Lance,2026-05-08,LAC
/nfl/rankings/qb-cheatsheets.php,redraft-qb,rp,Tyrod Taylor,10007,QB,GB,48.5,0.5,48,49,,tyrod-taylor.php,,,1.4,,,,,,,Tyrod Taylor,2026-05-08,GBP
/nfl/rankings/qb-cheatsheets.php,redraft-qb,rp,Carson Wentz,15520,QB,MIN,60.5,10.5,51,78,,carson-wentz.php,,,0.8,,,,,,,Carson Wentz,2026-05-08,MIN
/nfl/rankings/qb-cheatsheets.php,redraft-qb,rp,Will Howard,25972,QB,PIT,49.5,6.5,43,56,,will-howard.php,,,19.8,,,,,,,Will Howard,2026-05-08,PIT
/nfl/rankings/qb-cheatsheets.php,redraft-qb,rp,Russell Wilson,11180,QB,FA,52.5,4.5,48,57,,russell-wilson.php,,,2.6,,,,,,,Russell Wilson,2026-05-08,FA
/nfl/rankings/qb-cheatsheets.php,redraft-qb,rp,Tanner McKee,24740,QB,PHI,53.5,14.5,39,68,,tanner-mckee.php,,,3.8,,,,,,,Tanner McKee,2026-05-08,PHI
/nfl/rankings/qb-cheatsheets.php,redraft-qb,rp,Kenny Pickett,22722,QB,CAR,55.5,8.5,47,64,,kenny-pickett.php,,,1.6,,,,,,,Kenny Pickett,2026-05-08,CAR
/nfl/rankings/qb-cheatsheets.php,redraft-qb,rp,Jalen Milroe,22884,QB,SEA,55.5,5.5,50,61,,jalen-milroe.php,,,15.3,,,,,,,Jalen Milroe,2026-05-08,SEA
/nfl/rankings/qb-cheatsheets.php,redraft-qb,rp,Drew Allar,24345,QB,PIT,55.5,0.5,55,56,,drew-allar.php,,,8.8,,,,,,,Drew Allar,2026-05-08,PIT
/nfl/rankings/qb-cheatsheets.php,redraft-qb,rp,Brady Cook,27161,QB,NYJ,59.5,2.5,57,62,,brady-cook.php,,,0.6,,,,,,,Brady Cook,2026-05-08,NYJ
/nfl/rankings/qb-cheatsheets.php,redraft-qb,rp,Mitchell Trubisky,16381,QB,TEN,62.0,8.0,54,70,,mitch-trubisky.php,,,1.2,,,,,,,Mitchell Trubisky,2026-05-08,TEN
/nfl/rankings/qb-cheatsheets.php,redraft-qb,rp,Will Levis,22987,QB,TEN,64.5,9.5,55,74,,will-levis.php,,,4.5,,,,,,,Will Levis,2026-05-08,TEN
/nfl/rankings/qb-cheatsheets.php,redraft-qb,rp,Dillon Gabriel,23150,QB,CLE,61.5,0.5,61,62,,dillon-gabriel.php,,,0.8,,,,,,,Dillon Gabriel,2026-05-08,CLE
/nfl/rankings/qb-cheatsheets.php,redraft-qb,rp,Zach Wilson,22679,QB,NO,64.5,6.5,58,71,,zach-wilson.php,,,0.6,,,,,,,Zach Wilson,2026-05-08,NOS
/nfl/rankings/qb-cheatsheets.php,redraft-qb,rp,Sam Howell,23045,QB,DAL,71.0,6.0,65,77,,sam-howell.php,,,0.8,,,,,,,Sam Howell,2026-05-08,DAL
/nfl/rankings/ppr-rb-cheatsheets.php,redraft-rb,rp,Bijan Robinson,23133,RB,ATL,1.15,0.36,1,2,,bijan-robinson.php,,,98.7,,,,,,,Bijan Robinson,2026-05-08,ATL
/nfl/rankings/ppr-rb-cheatsheets.php,redraft-rb,rp,Jahmyr Gibbs,22968,RB,DET,2.08,0.55,1,3,,jahmyr-gibbs.php,,,98.7,,,,,,,Jahmyr Gibbs,2026-05-08,DET
/nfl/rankings/ppr-rb-cheatsheets.php,redraft-rb,rp,Christian McCaffrey,16393,RB,SF,3.19,0.83,2,5,,christian-mccaffrey.php,,,99.0,,,,,,,Christian McCaffrey,2026-05-08,SFO
/nfl/rankings/ppr-rb-cheatsheets.php,redraft-rb,rp,Jonathan Taylor,19217,RB,IND,4.12,0.85,3,6,,jonathan-taylor.php,,,98.5,,,,,,,Jonathan Taylor,2026-05-08,IND
/nfl/rankings/ppr-rb-cheatsheets.php,redraft-rb,rp,De'Von Achane,23136,RB,MIA,6.42,1.88,4,11,,devon-achane.php,,,98.6,,,,,,,DeVon Achane,2026-05-08,MIA
/nfl/rankings/ppr-rb-cheatsheets.php,redraft-rb,rp,Ashton Jeanty,25989,RB,LV,6.62,1.52,5,10,,ashton-jeanty.php,,,87.7,,,,,,,Ashton Jeanty,2026-05-08,LVR
/nfl/rankings/ppr-rb-cheatsheets.php,redraft-rb,rp,James Cook III,22958,RB,BUF,6.69,1.9,3,10,,james-cook.php,,,98.8,,,,,,,James Cook,2026-05-08,BUF
/nfl/rankings/ppr-rb-cheatsheets.php,redraft-rb,rp,Chase Brown,25324,RB,CIN,8.12,1.72,5,11,,chase-brown.php,,,97.7,,,,,,,Chase Brown,2026-05-08,CIN
/nfl/rankings/ppr-rb-cheatsheets.php,redraft-rb,rp,Omarion Hampton,25395,RB,LAC,9.08,2.06,6,14,,omarion-hampton.php,,,87.2,,,,,,,Omarion Hampton,2026-05-08,LAC
/nfl/rankings/ppr-rb-cheatsheets.php,redraft-rb,rp,Saquon Barkley,17240,RB,PHI,9.65,1.75,7,13,,saquon-barkley.php,,,98.8,,,,,,,Saquon Barkley,2026-05-08,PHI
/nfl/rankings/ppr-rb-cheatsheets.php,redraft-rb,rp,Kenneth Walker III,23021,RB,KC,10.92,2.7,7,20,,kenneth-walker-rb.php,,,87.4,,,,,,,Kenneth Walker,2026-05-08,KCC
/nfl/rankings/ppr-rb-cheatsheets.php,redraft-rb,rp,Josh Jacobs,18269,RB,GB,12.92,1.3,10,15,,josh-jacobs.php,,,98.3,,,,,,,Josh Jacobs,2026-05-08,GBP
/nfl/rankings/ppr-rb-cheatsheets.php,redraft-rb,rp,Jeremiyah Love,25403,RB,ARI,13.38,3.11,7,20,,jeremiyah-love.php,,,83.2,,,,,4.0,,Jeremiyah Love,2026-05-08,ARI
/nfl/rankings/ppr-rb-cheatsheets.php,redraft-rb,rp,Derrick Henry,15514,RB,BAL,14.69,1.14,12,17,,derrick-henry.php,,,97.9,,,,,,,Derrick Henry,2026-05-08,BAL
/nfl/rankings/ppr-rb-cheatsheets.php,redraft-rb,rp,Breece Hall,22982,RB,NYJ,15.19,2.39,11,19,,breece-hall.php,,,91.4,,,,,,,Breece Hall,2026-05-08,NYJ
/nfl/rankings/ppr-rb-cheatsheets.php,redraft-rb,rp,Travis Etienne Jr.,19231,RB,NO,16.54,1.74,13,19,,travis-etienne.php,,,97.1,,,,,,,Travis Etienne,2026-05-08,NOS
/nfl/rankings/ppr-rb-cheatsheets.php,redraft-rb,rp,Javonte Williams,22739,RB,DAL,16.85,3.11,10,21,,javonte-williams.php,,,97.1,,,,,,,Javonte Williams,2026-05-08,DAL
/nfl/rankings/ppr-rb-cheatsheets.php,redraft-rb,rp,Kyren Williams,23059,RB,LAR,17.19,2.76,13,21,,kyren-williams.php,,,97.8,,,,,,,Kyren Williams,2026-05-08,LAR
/nfl/rankings/ppr-rb-cheatsheets.php,redraft-rb,rp,Bucky Irving,25981,RB,TB,18.04,2.41,11,22,,bucky-irving.php,,,97.1,,,,,,,Bucky Irving,2026-05-08,TBB
/nfl/rankings/ppr-rb-cheatsheets.php,redraft-rb,rp,Cam Skattebo,27166,RB,NYG,20.69,2.91,16,29,,cam-skattebo.php,,,97.2,,,,,,,Cam Skattebo,2026-05-08,NYG
/nfl/rankings/ppr-rb-cheatsheets.php,redraft-rb,rp,TreVeyon Henderson,23065,RB,NE,22.0,3.21,17,29,,treveyon-henderson.php,,,78.7,,,,,,,TreVeyon Henderson,2026-05-08,NEP
/nfl/rankings/ppr-rb-cheatsheets.php,redraft-rb,rp,David Montgomery,18239,RB,HOU,22.92,2.67,19,29,,david-montgomery.php,,,77.0,,,,,,,David Montgomery,2026-05-08,HOU
/nfl/rankings/ppr-rb-cheatsheets.php,redraft-rb,rp,D'Andre Swift,19210,RB,CHI,23.54,1.91,20,28,,dandre-swift.php,,,88.4,,,,,,,DAndre Swift,2026-05-08,CHI
/nfl/rankings/ppr-rb-cheatsheets.php,redraft-rb,rp,Quinshon Judkins,25391,RB,CLE,23.77,2.37,18,28,,quinshon-judkins.php,,,79.1,,,,,,,Quinshon Judkins,2026-05-08,CLE
/nfl/rankings/ppr-rb-cheatsheets.php,redraft-rb,rp,Jaylen Warren,24209,RB,PIT,26.42,1.78,24,30,,jaylen-warren.php,,,69.5,,,,,,,Jaylen Warren,2026-05-08,PIT
/nfl/rankings/ppr-rb-cheatsheets.php,redraft-rb,rp,Bhayshul Tuten,27297,RB,JAC,26.46,2.79,22,32,,bhayshul-tuten.php,,,70.5,,,,,,,Bhayshul Tuten,2026-05-08,JAC
/nfl/rankings/ppr-rb-cheatsheets.php,redraft-rb,rp,RJ Harvey,27142,RB,DEN,26.54,4.46,16,36,,rj-harvey.php,,,69.9,,,,,,,RJ Harvey,2026-05-08,DEN
/nfl/rankings/ppr-rb-cheatsheets.php,redraft-rb,rp,Chuba Hubbard,19792,RB,CAR,26.77,5.39,17,39,,chuba-hubbard.php,,,77.3,,,,,,,Chuba Hubbard,2026-05-08,CAR
/nfl/rankings/ppr-rb-cheatsheets.php,redraft-rb,rp,Jadarian Price,27329,RB,SEA,28.81,4.82,21,43,,jadarian-price.php,,,66.4,,,,,,,Jadarian Price,2026-05-08,SEA
/nfl/rankings/ppr-rb-cheatsheets.php,redraft-rb,rp,Rico Dowdle,19647,RB,PIT,30.35,2.32,25,35,,rico-dowdle.php,,,69.5,,,,,,,Rico Dowdle,2026-05-08,PIT
/nfl/rankings/ppr-rb-cheatsheets.php,redraft-rb,rp,Rhamondre Stevenson,22726,RB,NE,30.5,2.62,26,36,,rhamondre-stevenson.php,,,69.8,,,,,,,Rhamondre Stevenson,2026-05-08,NEP
/nfl/rankings/ppr-rb-cheatsheets.php,redraft-rb,rp,Tony Pollard,18705,RB,TEN,31.23,1.95,27,35,,tony-pollard.php,,,69.8,,,,,,,Tony Pollard,2026-05-08,TEN
/nfl/rankings/ppr-rb-cheatsheets.php,redraft-rb,rp,Kyle Monangai,27131,RB,CHI,33.08,2.54,28,37,,kyle-monangai.php,,,68.6,,,,,,,Kyle Monangai,2026-05-08,CHI
/nfl/rankings/ppr-rb-cheatsheets.php,redraft-rb,rp,Kenneth Gainwell,23310,RB,TB,35.58,4.32,28,44,,kenneth-gainwell.php,,,67.8,,,,,,,Kenneth Gainwell,2026-05-08,TBB
/nfl/rankings/ppr-rb-cheatsheets.php,redraft-rb,rp,Aaron Jones Sr.,16673,RB,MIN,35.92,3.23,27,43,,aaron-jones.php,,,68.1,,,,,,,Aaron Jones,2026-05-08,MIN
/nfl/rankings/ppr-rb-cheatsheets.php,redraft-rb,rp,Blake Corum,23013,RB,LAR,37.19,2.37,32,41,,blake-corum.php,,,65.6,,,,,,,Blake Corum,2026-05-08,LAR
/nfl/rankings/ppr-rb-cheatsheets.php,redraft-rb,rp,J.K. Dobbins,19245,RB,DEN,37.85,4.72,30,48,,jk-dobbins.php,,,68.9,,,,,,,JK Dobbins,2026-05-08,DEN
/nfl/rankings/ppr-rb-cheatsheets.php,redraft-rb,rp,Rachaad White,23891,RB,WAS,39.35,5.42,31,51,,rachaad-white.php,,,65.8,,,,,,,Rachaad White,2026-05-08,WAS
/nfl/rankings/ppr-rb-cheatsheets.php,redraft-rb,rp,Jacory Croskey-Merritt,27316,RB,WAS,40.15,2.92,36,47,,jacory-croskeymerritt.php,,,54.2,,,,,,,Jacory Croskey-Merritt,2026-05-08,WAS
/nfl/rankings/ppr-rb-cheatsheets.php,redraft-rb,rp,Tyler Allgeier,24172,RB,ARI,43.23,4.81,35,54,,tyler-allgeier.php,,,50.4,,,,,,,Tyler Allgeier,2026-05-08,ARI
/nfl/rankings/ppr-rb-cheatsheets.php,redraft-rb,rp,Zach Charbonnet,23152,RB,SEA,43.73,6.6,30,57,,zach-charbonnet.php,,,65.3,,,,,,,Zach Charbonnet,2026-05-08,SEA
/nfl/rankings/ppr-rb-cheatsheets.php,redraft-rb,rp,Tyrone Tracy Jr.,22980,RB,NYG,43.73,3.89,37,54,,tyrone-tracy-jr.php,,,41.9,,,,,,,Tyrone Tracy,2026-05-08,NYG
/nfl/rankings/ppr-rb-cheatsheets.php,redraft-rb,rp,Jordan Mason,22969,RB,MIN,43.92,3.66,35,50,,jordan-mason.php,,,48.8,,,,,,,Jordan Mason,2026-05-08,MIN
/nfl/rankings/ppr-rb-cheatsheets.php,redraft-rb,rp,Tyjae Spears,25323,RB,TEN,44.5,4.54,34,54,,tyjae-spears.php,,,56.7,,,,,,,Tyjae Spears,2026-05-08,TEN
/nfl/rankings/ppr-rb-cheatsheets.php,redraft-rb,rp,Woody Marks,27520,RB,HOU,44.73,7.25,31,59,,woody-marks.php,,,62.7,,,,,,,Woody Marks,2026-05-08,HOU
/nfl/rankings/ppr-rb-cheatsheets.php,redraft-rb,rp,Dylan Sampson,27102,RB,CLE,47.04,4.69,38,54,,dylan-sampson.php,,,39.2,,,,,,,Dylan Sampson,2026-05-08,CLE
/nfl/rankings/ppr-rb-cheatsheets.php,redraft-rb,rp,Alvin Kamara,16421,RB,NO,47.85,6.14,39,57,,alvin-kamara.php,,,62.6,,,,,,,Alvin Kamara,2026-05-08,NOS
/nfl/rankings/ppr-rb-cheatsheets.php,redraft-rb,rp,James Conner,16447,RB,ARI,48.65,9.69,30,68,,james-conner.php,,,53.8,,,,,,,James Conner,2026-05-08,ARI
/nfl/rankings/ppr-rb-cheatsheets.php,redraft-rb,rp,Chris Rodriguez Jr.,22986,RB,JAC,48.92,8.94,39,68,,chris-rodriguez-jr.php,,,45.4,,,,,,,Chris Rodriguez,2026-05-08,JAC
/nfl/rankings/ppr-rb-cheatsheets.php,redraft-rb,rp,Isiah Pacheco,24333,RB,DET,49.96,3.58,43,57,,isiah-pacheco.php,,,54.9,,,,,,,Isiah Pacheco,2026-05-08,DET
/nfl/rankings/ppr-rb-cheatsheets.php,redraft-rb,rp,Jonathon Brooks,26148,RB,CAR,50.88,10.03,36,71,,jonathon-brooks.php,,,48.7,,,,,,,Jonathon Brooks,2026-05-08,CAR
/nfl/rankings/ppr-rb-cheatsheets.php,redraft-rb,rp,Braelon Allen,24346,RB,NYJ,52.96,5.03,42,60,,braelon-allen.php,,,38.3,,,,,,,Braelon Allen,2026-05-08,NYJ
/nfl/rankings/ppr-rb-cheatsheets.php,redraft-rb,rp,Keaton Mitchell,25360,RB,LAC,52.96,5.63,45,71,,keaton-mitchell.php,,,36.7,,,,,,,Keaton Mitchell,2026-05-08,LAC
/nfl/rankings/ppr-rb-cheatsheets.php,redraft-rb,rp,Jonah Coleman,27320,RB,DEN,53.36,8.48,43,78,,jonah-coleman.php,,,39.6,,,,,,,Jonah Coleman,2026-05-08,DEN
/nfl/rankings/ppr-rb-cheatsheets.php,redraft-rb,rp,Brian Robinson Jr.,20094,RB,ATL,55.92,3.8,49,63,,brian-robinson-jr.php,,,41.9,,,,,,,Brian Robinson,2026-05-08,ATL
/nfl/rankings/ppr-rb-cheatsheets.php,redraft-rb,rp,Emanuel Wilson,25885,RB,SEA,56.5,6.19,42,67,,emanuel-wilson.php,,,36.8,,,,,,,Emanuel Wilson,2026-05-08,SEA
/nfl/rankings/ppr-rb-cheatsheets.php,redraft-rb,rp,Tank Bigsby,22908,RB,PHI,58.42,3.69,52,65,,tank-bigsby.php,,,37.7,,,,,,,Tank Bigsby,2026-05-08,PHI
/nfl/rankings/ppr-rb-cheatsheets.php,redraft-rb,rp,Kimani Vidal,26355,RB,LAC,60.46,5.53,50,72,,kimani-vidal.php,,,32.3,,,,,,,Kimani Vidal,2026-05-08,LAC
/nfl/rankings/ppr-rb-cheatsheets.php,redraft-rb,rp,Mike Washington Jr.,28108,RB,LV,60.67,9.46,49,95,,mike-washington-jr.php,,,23.2,,,,,,,Mike Washington,2026-05-08,LVR
/nfl/rankings/ppr-rb-cheatsheets.php,redraft-rb,rp,Nick Singleton,24343,RB,TEN,61.04,10.06,45,89,,nick-singleton.php,,,31.8,,,,,,,Nick Singleton,2026-05-08,TEN
/nfl/rankings/ppr-rb-cheatsheets.php,redraft-rb,rp,Emmett Johnson,28107,RB,KC,61.52,10.08,51,98,,emmett-johnson.php,,,33.1,,,,,,,Emmett Johnson,2026-05-08,KCC
/nfl/rankings/ppr-rb-cheatsheets.php,redraft-rb,rp,Ray Davis,26191,RB,BUF,62.19,4.42,53,70,,ray-davis.php,,,26.3,,,,,,,Ray Davis,2026-05-08,BUF
/nfl/rankings/ppr-rb-cheatsheets.php,redraft-rb,rp,Kaytron Allen,24362,RB,WAS,62.38,9.75,47,93,,kaytron-allen.php,,,28.7,,,,,,,Kaytron Allen,2026-05-08,WAS
/nfl/rankings/ppr-rb-cheatsheets.php,redraft-rb,rp,Jaylen Wright,25987,RB,MIA,64.15,5.7,54,81,,jaylen-wright.php,,,29.1,,,,,,,Jaylen Wright,2026-05-08,MIA
/nfl/rankings/ppr-rb-cheatsheets.php,redraft-rb,rp,Sean Tucker,23679,RB,TB,64.65,5.32,56,85,,sean-tucker.php,,,29.9,,,,,,,Sean Tucker,2026-05-08,TBB
/nfl/rankings/ppr-rb-cheatsheets.php,redraft-rb,rp,Devin Neal,23682,RB,NO,68.88,11.26,55,105,,devin-neal.php,,,29.2,,,,,,,Devin Neal,2026-05-08,NOS
/nfl/rankings/ppr-rb-cheatsheets.php,redraft-rb,rp,Kaleb Johnson,27165,RB,PIT,70.62,10.06,50,90,,kaleb-johnson-rb.php,,,26.8,,,,,,,Kaleb Johnson,2026-05-08,PIT
/nfl/rankings/ppr-rb-cheatsheets.php,redraft-rb,rp,Demond Claiborne,28084,RB,MIN,70.7,8.71,57,88,,demond-claiborne.php,,,26.5,,,,,,,Demond Claiborne,2026-05-08,MIN
/nfl/rankings/ppr-rb-cheatsheets.php,redraft-rb,rp,Ollie Gordon II,25984,RB,MIA,71.81,3.91,66,80,,ollie-gordon.php,,,19.1,,,,,,,Ollie Gordon,2026-05-08,MIA
/nfl/rankings/ppr-rb-cheatsheets.php,redraft-rb,rp,Trey Benson,25388,RB,ARI,67.92,13.92,38,94,,trey-benson.php,,,40.2,,,,,,,Trey Benson,2026-05-08,ARI
/nfl/rankings/ppr-rb-cheatsheets.php,redraft-rb,rp,Kendre Miller,24360,RB,NO,75.54,11.8,58,106,,kendre-miller.php,,,14.7,,,,,,,Kendre Miller,2026-05-08,NOS
/nfl/rankings/ppr-rb-cheatsheets.php,redraft-rb,rp,Najee Harris,19302,RB,LAC,69.36,8.13,55,88,,najee-harris-rb.php,,,31.8,,,,,,,Najee Harris,2026-05-08,LAC
/nfl/rankings/ppr-rb-cheatsheets.php,redraft-rb,rp,Isaiah Davis,25977,RB,NYJ,73.48,7.54,61,94,,isaiah-davis.php,,,10.8,,,,,,,Isaiah Davis,2026-05-08,NYJ
/nfl/rankings/ppr-rb-cheatsheets.php,redraft-rb,rp,Adam Randall,24367,RB,BAL,79.06,8.86,70,97,,adam-randall.php,,,10.7,,,,,,,Adam Randall,2026-05-08,BAL
/nfl/rankings/ppr-rb-cheatsheets.php,redraft-rb,rp,Brashard Smith,27259,RB,KC,75.09,6.85,66,94,,brashard-smith.php,,,22.5,,,,,,,Brashard Smith,2026-05-08,KCC
/nfl/rankings/ppr-rb-cheatsheets.php,redraft-rb,rp,Ty Johnson,18406,RB,BUF,77.68,6.36,68,94,,ty-johnson.php,,,12.2,,,,,,,Ty Johnson,2026-05-08,BUF
/nfl/rankings/ppr-rb-cheatsheets.php,redraft-rb,rp,LeQuint Allen Jr.,27285,RB,JAC,79.0,8.01,64,93,,lequint-allen-jr.php,,,20.3,,,,,,,LeQuint Allen,2026-05-08,JAC
/nfl/rankings/ppr-rb-cheatsheets.php,redraft-rb,rp,Jaydon Blue,24344,RB,DAL,81.09,9.32,68,107,,jaydon-blue.php,,,28.5,,,,,,,Jaydon Blue,2026-05-08,DAL
/nfl/rankings/ppr-rb-cheatsheets.php,redraft-rb,rp,Justice Hill,18256,RB,BAL,79.5,6.7,64,88,,justice-hill.php,,,19.0,,,,,,,Justice Hill,2026-05-08,BAL
/nfl/rankings/ppr-rb-cheatsheets.php,redraft-rb,rp,Chris Brooks,25823,RB,GB,80.45,6.05,63,91,,christopher-brooks.php,,,7.2,,,,,,,Chris Brooks,2026-05-08,GBP
/nfl/rankings/ppr-rb-cheatsheets.php,redraft-rb,rp,Devin Singletary,18280,RB,NYG,82.57,6.37,67,95,,devin-singletary.php,,,5.3,,,,,,,Devin Singletary,2026-05-08,NYG
/nfl/rankings/ppr-rb-cheatsheets.php,redraft-rb,rp,Jerome Ford,22921,RB,WAS,79.14,6.3,66,95,,jerome-ford.php,,,10.5,,,,,,,Jerome Ford,2026-05-08,WAS
/nfl/rankings/ppr-rb-cheatsheets.php,redraft-rb,rp,DJ Giddens,27097,RB,IND,81.59,7.94,67,98,,dj-giddens.php,,,12.5,,,,,,,DJ Giddens,2026-05-08,IND
/nfl/rankings/ppr-rb-cheatsheets.php,redraft-rb,rp,Joe Mixon,16420,RB,FA,78.35,13.38,53,100,,joe-mixon.php,,,28.6,,,,,,,Joe Mixon,2026-05-08,FA
/nfl/rankings/ppr-rb-cheatsheets.php,redraft-rb,rp,Jordan James,27310,RB,SF,84.05,14.18,64,105,,jordan-james.php,,,24.6,,,,,-9.0,,Jordan James,2026-05-08,SFO
/nfl/rankings/ppr-rb-cheatsheets.php,redraft-rb,rp,George Holani,22915,RB,SEA,84.09,6.32,70,98,,george-holani.php,,,29.2,,,,,,,George Holani,2026-05-08,SEA
/nfl/rankings/ppr-rb-cheatsheets.php,redraft-rb,rp,Samaje Perine,16423,RB,CIN,86.39,9.36,61,101,,samaje-perine.php,,,7.3,,,,,,,Samaje Perine,2026-05-08,CIN
/nfl/rankings/ppr-rb-cheatsheets.php,redraft-rb,rp,Jaleel McLaughlin,25876,RB,DEN,83.43,10.16,66,102,,jaleel-mclaughlin.php,,,2.9,,,,,,,Jaleel McLaughlin,2026-05-08,DEN
/nfl/rankings/ppr-rb-cheatsheets.php,redraft-rb,rp,Isaac Guerendo,26392,RB,SF,85.64,8.04,73,98,,isaac-guerendo.php,,,7.4,,,,,,,Isaac Guerendo,2026-05-08,SFO
/nfl/rankings/ppr-rb-cheatsheets.php,redraft-rb,rp,MarShawn Lloyd,23118,RB,GB,86.68,8.15,69,100,,marshawn-lloyd.php,,,6.4,,,,,,,MarShawn Lloyd,2026-05-08,GBP
/nfl/rankings/ppr-rb-cheatsheets.php,redraft-rb,rp,Emari Demercado,25654,RB,KC,85.38,8.12,70,102,,emari-demercado.php,,,8.2,,,,,,,Emari Demercado,2026-05-08,KCC
/nfl/rankings/ppr-rb-cheatsheets.php,redraft-rb,rp,Malik Davis,24205,RB,DAL,86.52,6.59,76,98,,malik-davis.php,,,5.7,,,,,,,Malik Davis,2026-05-08,DAL
/nfl/rankings/ppr-rb-cheatsheets.php,redraft-rb,rp,Seth McGowan,23079,RB,IND,93.21,6.04,84,106,,seth-mcgowan.php,,,1.6,,,,,,,Seth McGowan,2026-05-08,IND
/nfl/rankings/ppr-rb-cheatsheets.php,redraft-rb,rp,Trevor Etienne,25393,RB,CAR,90.3,6.84,78,100,,trevor-etienne.php,,,6.4,,,,,,,Trevor Etienne,2026-05-08,CAR
/nfl/rankings/ppr-rb-cheatsheets.php,redraft-rb,rp,Tahj Brooks,26212,RB,CIN,91.95,6.48,75,106,,tahj-brooks.php,,,4.0,,,,,,,Tahj Brooks,2026-05-08,CIN
/nfl/rankings/ppr-rb-cheatsheets.php,redraft-rb,rp,Jarquez Hunter,24335,RB,LAR,91.74,9.05,69,101,,jarquez-hunter.php,,,8.4,,,,,,,Jarquez Hunter,2026-05-08,LAR
/nfl/rankings/ppr-rb-cheatsheets.php,redraft-rb,rp,Audric Estime,23054,RB,NO,92.11,7.73,77,105,,audric-estime.php,,,10.3,,,,,,,Audric Estime,2026-05-08,NOS
/nfl/rankings/ppr-rb-cheatsheets.php,redraft-rb,rp,J'Mari Taylor,28109,RB,JAC,101.25,8.53,93,114,,jmari-taylor.php,,,5.3,,,,,,,JMari Taylor,2026-05-08,JAC
/nfl/rankings/ppr-rb-cheatsheets.php,redraft-rb,rp,Bam Knight,24901,RB,ARI,91.76,10.8,72,109,,zonovan-bam-knight.php,,,1.3,,,,,,,Bam Knight,2026-05-08,ARI
/nfl/rankings/ppr-rb-cheatsheets.php,redraft-rb,rp,Kareem Hunt,16425,RB,FA,95.94,7.6,87,121,,kareem-hunt.php,,,6.9,,,,,,,Kareem Hunt,2026-05-08,FA
/nfl/rankings/ppr-rb-cheatsheets.php,redraft-rb,rp,Kaelon Black,28401,RB,SF,77.8,10.38,63,95,,kaelon-black.php,,,6.1,,,,,,,Kaelon Black,2026-05-08,SFO
/nfl/rankings/ppr-rb-cheatsheets.php,redraft-rb,rp,Will Shipley,22930,RB,PHI,92.0,5.73,82,102,,will-shipley.php,,,4.6,,,,,,,Will Shipley,2026-05-08,PHI
/nfl/rankings/ppr-rb-cheatsheets.php,redraft-rb,rp,Nick Chubb,17246,RB,FA,98.15,3.13,92,103,,nick-chubb.php,,,3.4,,,,,,,Nick Chubb,2026-05-08,FA
/nfl/rankings/ppr-rb-cheatsheets.php,redraft-rb,rp,Michael Carter,22728,RB,TEN,97.75,5.55,89,107,,michael-carter-rb.php,,,3.0,,,,,,,Michael Carter,2026-05-08,TEN
/nfl/rankings/ppr-rb-cheatsheets.php,redraft-rb,rp,Austin Ekeler,16483,RB,FA,98.0,7.55,90,120,,austin-ekeler.php,,,4.3,,,,,,,Austin Ekeler,2026-05-08,FA
/nfl/rankings/ppr-rb-cheatsheets.php,redraft-rb,rp,Eli Heidenreich,28297,RB,PIT,94.29,7.7,86,108,,eli-heidenreich.php,,,3.5,,,,,,,Eli Heidenreich,2026-05-08,PIT
/nfl/rankings/ppr-rb-cheatsheets.php,redraft-rb,rp,Raheim Sanders,24351,RB,CLE,102.13,6.66,90,110,,raheim-sanders.php,,,1.7,,,,,,,Raheim Sanders,2026-05-08,CLE
/nfl/rankings/ppr-rb-cheatsheets.php,redraft-rb,rp,Jawhar Jordan,26329,RB,HOU,100.0,5.54,93,108,,jawhar-jordan.php,,,1.6,,,,,,,Jawhar Jordan,2026-05-08,HOU
/nfl/rankings/ppr-rb-cheatsheets.php,redraft-rb,rp,Terrell Jennings,26964,RB,NE,101.0,7.46,93,115,,terrell-jennings.php,,,0.6,,,,,,,Terrell Jennings,2026-05-08,NEP
/nfl/rankings/ppr-rb-cheatsheets.php,redraft-rb,rp,Dameon Pierce,22947,RB,PHI,105.67,4.15,99,113,,dameon-pierce.php,,,1.1,,,,,,,Dameon Pierce,2026-05-08,PHI
/nfl/rankings/ppr-rb-cheatsheets.php,redraft-rb,rp,Damien Martinez,25976,RB,GB,102.5,2.06,100,105,,damien-martinez.php,,,0.6,,,,,,,Damien Martinez,2026-05-08,GBP
/nfl/rankings/ppr-rb-cheatsheets.php,redraft-rb,rp,Antonio Gibson,19624,RB,FA,107.6,8.06,98,122,,antonio-gibson.php,,,0.7,,,,,,,Antonio Gibson,2026-05-08,FA
/nfl/rankings/ppr-rb-cheatsheets.php,redraft-rb,rp,Le'Veon Moss,27323,RB,MIA,103.67,8.99,93,115,,leveon-moss.php,,,10.8,,,,,,,LeVeon Moss,2026-05-08,MIA
/nfl/rankings/ppr-rb-cheatsheets.php,redraft-rb,rp,Jam Miller,27326,RB,NE,105.0,7.79,99,116,,jam-miller.php,,,2.3,,,,,,,Jam Miller,2026-05-08,NEP
/nfl/rankings/ppr-rb-cheatsheets.php,redraft-rb,rp,Roschon Johnson,25322,RB,CHI,104.0,13.0,91,117,,roschon-johnson.php,,,0.8,,,,,,,Roschon Johnson,2026-05-08,CHI
/nfl/rankings/ppr-rb-cheatsheets.php,redraft-rb,rp,Phil Mafah,22928,RB,DAL,110.0,8.83,98,119,,phil-mafah.php,,,1.8,,,,,,,Phil Mafah,2026-05-08,DAL
/nfl/rankings/ppr-rb-cheatsheets.php,redraft-rb,rp,Robert Henry Jr.,28404,RB,WAS,110.0,2.0,108,112,,robert-henry-jr.php,,,0.0,,,,,,,Robert Henry,2026-05-08,WAS
/nfl/rankings/ppr-rb-cheatsheets.php,redraft-rb,rp,Tyler Badie,23812,RB,DEN,110.5,5.5,105,116,,tyler-badie.php,,,1.2,,,,,,,Tyler Badie,2026-05-08,DEN
/nfl/rankings/ppr-te-cheatsheets.php,redraft-te,rp,Trey McBride,22936,TE,ARI,1.22,0.41,1,2,,trey-mcbride.php,,,98.4,,,,,,,Trey McBride,2026-05-08,ARI
/nfl/rankings/ppr-te-cheatsheets.php,redraft-te,rp,Brock Bowers,22955,TE,LV,1.78,0.41,1,2,,brock-bowers.php,,,98.9,,,,,,,Brock Bowers,2026-05-08,LVR
/nfl/rankings/ppr-te-cheatsheets.php,redraft-te,rp,Colston Loveland,26006,TE,CHI,3.52,0.65,3,5,,colston-loveland.php,,,87.3,,,,,,,Colston Loveland,2026-05-08,CHI
/nfl/rankings/ppr-te-cheatsheets.php,redraft-te,rp,Tyler Warren,26434,TE,IND,4.0,0.98,3,6,,tyler-warren.php,,,87.1,,,,,,,Tyler Warren,2026-05-08,IND
/nfl/rankings/ppr-te-cheatsheets.php,redraft-te,rp,Tucker Kraft,25298,TE,GB,5.57,1.41,4,9,,tucker-kraft.php,,,91.5,,,,,,,Tucker Kraft,2026-05-08,GBP
/nfl/rankings/ppr-te-cheatsheets.php,redraft-te,rp,Harold Fannin Jr.,27050,TE,CLE,6.35,1.4,5,11,,harold-fannin-jr.php,,,83.9,,,,,,,Harold Fannin,2026-05-08,CLE
/nfl/rankings/ppr-te-cheatsheets.php,redraft-te,rp,Sam LaPorta,22978,TE,DET,7.26,0.74,6,8,,sam-laporta.php,,,94.6,,,,,,,Sam LaPorta,2026-05-08,DET
/nfl/rankings/ppr-te-cheatsheets.php,redraft-te,rp,Kyle Pitts Sr.,20164,TE,ATL,7.3,1.12,5,10,,kyle-pitts.php,,,96.0,,,,,,,Kyle Pitts,2026-05-08,ATL
/nfl/rankings/ppr-te-cheatsheets.php,redraft-te,rp,Oronde Gadsden II,25997,TE,LAC,10.74,1.54,9,15,,oronde-gadsden-ii.php,,,52.7,,,,,,,Oronde Gadsden,2026-05-08,LAC
/nfl/rankings/ppr-te-cheatsheets.php,redraft-te,rp,Dalton Kincaid,25247,TE,BUF,11.87,2.47,9,17,,dalton-kincaid.php,,,52.8,,,,,,,Dalton Kincaid,2026-05-08,BUF
/nfl/rankings/ppr-te-cheatsheets.php,redraft-te,rp,Jake Ferguson,22718,TE,DAL,12.0,1.64,9,15,,jake-ferguson.php,,,69.6,,,,,,,Jake Ferguson,2026-05-08,DAL
/nfl/rankings/ppr-te-cheatsheets.php,redraft-te,rp,Travis Kelce,11594,TE,KC,12.22,2.69,6,17,,travis-kelce.php,,,82.1,,,,,,,Travis Kelce,2026-05-08,KCC
/nfl/rankings/ppr-te-cheatsheets.php,redraft-te,rp,Isaiah Likely,23781,TE,NYG,12.65,2.39,9,19,,isaiah-likely.php,,,70.1,,,,,,,Isaiah Likely,2026-05-08,NYG
/nfl/rankings/ppr-te-cheatsheets.php,redraft-te,rp,George Kittle,16499,TE,SF,13.83,4.34,5,22,,george-kittle.php,,,82.3,,,,,,,George Kittle,2026-05-08,SFO
/nfl/rankings/ppr-te-cheatsheets.php,redraft-te,rp,Dallas Goedert,17270,TE,PHI,14.96,1.88,11,18,,dallas-goedert.php,,,87.5,,,,,,,Dallas Goedert,2026-05-08,PHI
/nfl/rankings/ppr-te-cheatsheets.php,redraft-te,rp,Juwan Johnson,19562,TE,NO,16.09,2.67,12,21,,juwan-johnson.php,,,48.7,,,,,,,Juwan Johnson,2026-05-08,NOS
/nfl/rankings/ppr-te-cheatsheets.php,redraft-te,rp,Brenton Strange,25345,TE,JAC,17.09,2.8,13,24,,brenton-strange.php,,,42.6,,,,,,,Brenton Strange,2026-05-08,JAC
/nfl/rankings/ppr-te-cheatsheets.php,redraft-te,rp,Mark Andrews,17269,TE,BAL,17.3,2.58,12,21,,mark-andrews.php,,,67.5,,,,,,,Mark Andrews,2026-05-08,BAL
/nfl/rankings/ppr-te-cheatsheets.php,redraft-te,rp,Hunter Henry,15561,TE,NE,19.26,1.29,17,21,,hunter-henry.php,,,50.1,,,,,,,Hunter Henry,2026-05-08,NEP
/nfl/rankings/ppr-te-cheatsheets.php,redraft-te,rp,Dalton Schultz,17349,TE,HOU,20.0,2.77,14,24,,dalton-schultz.php,,,35.7,,,,,,,Dalton Schultz,2026-05-08,HOU
/nfl/rankings/ppr-te-cheatsheets.php,redraft-te,rp,Chig Okonkwo,23982,TE,WAS,20.43,3.79,14,28,,chigoziem-okonkwo.php,,,34.4,,,,,,,Chigoziem Okonkwo,2026-05-08,WAS
/nfl/rankings/ppr-te-cheatsheets.php,redraft-te,rp,T.J. Hockenson,18290,TE,MIN,21.43,2.04,17,24,,tj-hockenson.php,,,59.0,,,,,,,TJ Hockenson,2026-05-08,MIN
/nfl/rankings/ppr-te-cheatsheets.php,redraft-te,rp,Kenyon Sadiq,26055,TE,NYJ,23.96,3.97,16,35,,kenyon-sadiq.php,,,56.2,,,,,,,Kenyon Sadiq,2026-05-08,NYJ
/nfl/rankings/ppr-te-cheatsheets.php,redraft-te,rp,AJ Barner,26335,TE,SEA,24.3,1.68,21,29,,aj-barner.php,,,36.2,,,,,,,AJ Barner,2026-05-08,SEA
/nfl/rankings/ppr-te-cheatsheets.php,redraft-te,rp,Gunnar Helm,27109,TE,TEN,26.96,2.49,24,33,,gunnar-helm.php,,,32.4,,,,,,,Gunnar Helm,2026-05-08,TEN
/nfl/rankings/ppr-te-cheatsheets.php,redraft-te,rp,Terrance Ferguson,23091,TE,LAR,28.17,2.68,23,35,,terrance-ferguson.php,,,31.6,,,,,3.0,,Terrance Ferguson,2026-05-08,LAR
/nfl/rankings/ppr-te-cheatsheets.php,redraft-te,rp,David Njoku,16399,TE,FA,28.17,2.82,23,34,,david-njoku.php,,,32.7,,,,,,,David Njoku,2026-05-08,FA
/nfl/rankings/ppr-te-cheatsheets.php,redraft-te,rp,Cade Otton,23181,TE,TB,28.61,3.1,22,34,,cade-otton.php,,,32.8,,,,,,,Cade Otton,2026-05-08,TBB
/nfl/rankings/ppr-te-cheatsheets.php,redraft-te,rp,Mason Taylor,26005,TE,NYJ,30.17,6.06,22,52,,mason-taylor.php,,,39.9,,,,,-3.0,,Mason Taylor,2026-05-08,NYJ
/nfl/rankings/ppr-te-cheatsheets.php,redraft-te,rp,Evan Engram,16411,TE,DEN,30.91,2.93,25,36,,evan-engram.php,,,34.6,,,,,,,Evan Engram,2026-05-08,DEN
/nfl/rankings/ppr-te-cheatsheets.php,redraft-te,rp,Pat Freiermuth,20163,TE,PIT,31.39,2.43,27,38,,pat-freiermuth.php,,,32.0,,,,,,,Pat Freiermuth,2026-05-08,PIT
/nfl/rankings/ppr-te-cheatsheets.php,redraft-te,rp,Colby Parkinson,19372,TE,LAR,31.48,3.39,25,38,,colby-parkinson.php,,,31.8,,,,,,,Colby Parkinson,2026-05-08,LAR
/nfl/rankings/ppr-te-cheatsheets.php,redraft-te,rp,Eli Stowers,23144,TE,PHI,32.87,5.67,24,53,,eli-stowers.php,,,34.3,,,,,,,Eli Stowers,2026-05-08,PHI
/nfl/rankings/ppr-te-cheatsheets.php,redraft-te,rp,Theo Johnson,23104,TE,NYG,33.27,3.88,22,39,,theo-johnson.php,,,31.2,,,,,,,Theo Johnson,2026-05-08,NYG
/nfl/rankings/ppr-te-cheatsheets.php,redraft-te,rp,Jake Tonges,24778,TE,SF,33.95,4.85,27,49,,jake-tonges.php,,,31.6,,,,,,,Jake Tonges,2026-05-08,SFO
/nfl/rankings/ppr-te-cheatsheets.php,redraft-te,rp,Max Klare,27993,TE,LAR,42.0,3.81,37,49,,max-klare.php,,,29.0,,,,,12.0,,Max Klare,2026-05-08,LAR
/nfl/rankings/ppr-te-cheatsheets.php,redraft-te,rp,Mike Gesicki,17272,TE,CIN,35.61,3.32,28,41,,mike-gesicki.php,,,32.2,,,,,,,Mike Gesicki,2026-05-08,CIN
/nfl/rankings/ppr-te-cheatsheets.php,redraft-te,rp,Greg Dulcich,23153,TE,MIA,29.17,5.37,22,37,,greg-dulcich.php,,,22.4,,,,,,,Greg Dulcich,2026-05-08,MIA
/nfl/rankings/ppr-te-cheatsheets.php,redraft-te,rp,Oscar Delp,25430,TE,NO,54.2,9.26,41,70,,oscar-delp.php,,,10.4,,,,,13.0,,Oscar Delp,2026-05-08,NOS
/nfl/rankings/ppr-te-cheatsheets.php,redraft-te,rp,Noah Gray,19539,TE,KC,40.73,6.05,34,54,,noah-gray.php,,,16.1,,,,,,,Noah Gray,2026-05-08,KCC
/nfl/rankings/ppr-te-cheatsheets.php,redraft-te,rp,Darnell Washington,22967,TE,PIT,39.56,3.34,34,45,,darnell-washington.php,,,26.0,,,,,,,Darnell Washington,2026-05-08,PIT
/nfl/rankings/ppr-te-cheatsheets.php,redraft-te,rp,Tyler Higbee,15623,TE,LAR,40.44,5.38,30,51,,tyler-higbee.php,,,12.2,,,,,-4.0,,Tyler Higbee,2026-05-08,LAR
/nfl/rankings/ppr-te-cheatsheets.php,redraft-te,rp,Elijah Arroyo,23004,TE,SEA,42.0,3.97,36,47,,elijah-arroyo.php,,,24.2,,,,,,,Elijah Arroyo,2026-05-08,SEA
/nfl/rankings/ppr-te-cheatsheets.php,redraft-te,rp,Darren Waller,14104,TE,FA,45.0,5.45,36,53,,darren-waller.php,,,11.6,,,,,,,Darren Waller,2026-05-08,FA
/nfl/rankings/ppr-te-cheatsheets.php,redraft-te,rp,Justin Joly,28079,TE,DEN,45.57,6.5,38,59,,justin-joly.php,,,7.5,,,,,,,Justin Joly,2026-05-08,DEN
/nfl/rankings/ppr-te-cheatsheets.php,redraft-te,rp,Michael Mayer,23056,TE,LV,43.83,5.79,36,51,,michael-mayer.php,,,30.0,,,,,-5.0,,Michael Mayer,2026-05-08,LVR
/nfl/rankings/ppr-te-cheatsheets.php,redraft-te,rp,John Bates,22833,TE,WAS,41.8,8.28,34,57,,john-bates.php,,,0.8,,,,,,,John Bates,2026-05-08,WAS
/nfl/rankings/ppr-te-cheatsheets.php,redraft-te,rp,Ja'Tavion Sanders,24334,TE,CAR,42.2,4.07,37,49,,jatavion-sanders.php,,,17.1,,,,,-5.0,,JaTavion Sanders,2026-05-08,CAR
/nfl/rankings/ppr-te-cheatsheets.php,redraft-te,rp,Ben Sinnott,26310,TE,WAS,47.17,6.36,41,56,,ben-sinnott.php,,,11.1,,,,,,,Ben Sinnott,2026-05-08,WAS
/nfl/rankings/ppr-te-cheatsheets.php,redraft-te,rp,Tommy Myers,25167,TE,FA,39.25,2.28,37,43,,tommy-myers.php,,,0.0,,,,,,,Tommy Myers,2026-05-08,FA
/nfl/rankings/ppr-te-cheatsheets.php,redraft-te,rp,Cole Kmet,19229,TE,CHI,46.6,4.59,40,53,,cole-kmet.php,,,24.6,,,,,,,Cole Kmet,2026-05-08,CHI
/nfl/rankings/ppr-te-cheatsheets.php,redraft-te,rp,Noah Fant,17527,TE,NO,49.0,4.6,45,56,,noah-fant.php,,,8.7,,,,,,,Noah Fant,2026-05-08,NOS
/nfl/rankings/ppr-te-cheatsheets.php,redraft-te,rp,Zach Ertz,11689,TE,FA,45.0,6.04,39,52,,zach-ertz.php,,,11.4,,,,,,,Zach Ertz,2026-05-08,FA
/nfl/rankings/ppr-te-cheatsheets.php,redraft-te,rp,Dawson Knox,18631,TE,BUF,50.8,2.32,48,55,,dawson-knox.php,,,21.7,,,,,,,Dawson Knox,2026-05-08,BUF
/nfl/rankings/ppr-te-cheatsheets.php,redraft-te,rp,Eli Raridon,28154,TE,NE,53.0,7.24,40,60,,eli-raridon.php,,,2.7,,,,,,,Eli Raridon,2026-05-08,NEP
/nfl/rankings/ppr-te-cheatsheets.php,redraft-te,rp,Luke Musgrave,25282,TE,GB,53.0,4.56,50,62,,luke-musgrave.php,,,11.5,,,,,,,Luke Musgrave,2026-05-08,GBP
/nfl/rankings/ppr-te-cheatsheets.php,redraft-te,rp,Daniel Bellinger,24238,TE,TEN,51.25,10.43,34,60,,daniel-bellinger.php,,,5.9,,,,,,,Daniel Bellinger,2026-05-08,TEN
/nfl/rankings/ppr-te-cheatsheets.php,redraft-te,rp,Jonnu Smith,16460,TE,FA,52.25,6.76,41,58,,jonnu-smith.php,,,14.1,,,,,,,Jonnu Smith,2026-05-08,FA
/nfl/rankings/ppr-te-cheatsheets.php,redraft-te,rp,Elijah Higgins,23119,TE,ARI,54.0,2.45,51,57,,elijah-higgins.php,,,3.6,,,,,,,Elijah Higgins,2026-05-08,ARI
/nfl/rankings/ppr-te-cheatsheets.php,redraft-te,rp,Sam Roush,28161,TE,CHI,60.0,8.92,52,75,,sam-roush.php,,,1.8,,,,,,,Sam Roush,2026-05-08,CHI
/nfl/rankings/ppr-te-cheatsheets.php,redraft-te,rp,Marlin Klein,28157,TE,HOU,49.0,5.0,44,54,,marlin-klein.php,,,3.1,,,,,,,Marlin Klein,2026-05-08,HOU
/nfl/rankings/ppr-te-cheatsheets.php,redraft-te,rp,Tommy Tremble,22795,TE,CAR,53.5,8.5,45,62,,tommy-tremble.php,,,2.1,,,,,,,Tommy Tremble,2026-05-08,CAR
/nfl/rankings/ppr-te-cheatsheets.php,redraft-te,rp,Mitchell Evans,27138,TE,CAR,60.33,3.3,56,64,,mitchell-evans.php,,,1.4,,,,,,,Mitchell Evans,2026-05-08,CAR
/nfl/rankings/ppr-te-cheatsheets.php,redraft-te,rp,Jackson Hawes,27469,TE,BUF,55.5,8.5,47,64,,jackson-hawes.php,,,1.4,,,,,,,Jackson Hawes,2026-05-08,BUF
/nfl/rankings/ppr-te-cheatsheets.php,redraft-te,rp,Austin Hooper,15581,TE,ATL,55.5,7.5,48,63,,austin-hooper.php,,,2.1,,,,,,,Austin Hooper,2026-05-08,ATL
/nfl/rankings/ppr-te-cheatsheets.php,redraft-te,rp,Nate Boerkircher,28427,TE,JAC,57.5,10.5,47,68,,nate-boerkircher.php,,,0.7,,,,,,,Nate Boerkircher,2026-05-08,JAC
/nfl/rankings/ppr-te-cheatsheets.php,redraft-te,rp,Erick All Jr.,23837,TE,CIN,63.67,4.5,58,69,,erick-all.php,,,1.8,,,,,,,Erick All,2026-05-08,CIN
/nfl/rankings/ppr-te-cheatsheets.php,redraft-te,rp,Charlie Kolar,22756,TE,LAC,61.0,5.0,56,66,,charlie-kolar.php,,,5.5,,,,,,,Charlie Kolar,2026-05-08,LAC
/nfl/rankings/ppr-te-cheatsheets.php,redraft-te,rp,Thomas Fidone II,23039,TE,NYG,64.0,3.0,61,67,,thomas-fidone.php,,,0.6,,,,,,,Thomas Fidone,2026-05-08,NYG
/nfl/rankings/ppr-te-cheatsheets.php,redraft-te,rp,Michael Trigg,23167,TE,DAL,65.0,5.0,60,70,,michael-trigg.php,,,34.5,,,,,,,Michael Trigg,2026-05-08,DAL
/nfl/rankings/ppr-te-cheatsheets.php,redraft-te,rp,Jack Endries,27501,TE,CIN,68.0,6.0,62,74,,jack-endries.php,,,6.8,,,,,,,Jack Endries,2026-05-08,CIN
/nfl/rankings/ppr-te-cheatsheets.php,redraft-te,rp,Tanner Koziol,27499,TE,JAC,67.0,4.0,63,71,,tanner-koziol.php,,,0.1,,,,,,,Tanner Koziol,2026-05-08,JAC
/nfl/rankings/ppr-wr-cheatsheets.php,redraft-wr,rp,Ja'Marr Chase,19788,WR,CIN,1.12,0.32,1,2,,jamarr-chase.php,,,98.9,,,,,,,JaMarr Chase,2026-05-08,CIN
/nfl/rankings/ppr-wr-cheatsheets.php,redraft-wr,rp,Puka Nacua,23180,WR,LAR,2.15,0.66,1,4,,puka-nacua.php,,,99.1,,,,,,,Puka Nacua,2026-05-08,LAR
/nfl/rankings/ppr-wr-cheatsheets.php,redraft-wr,rp,Jaxon Smith-Njigba,23070,WR,SEA,2.73,0.44,2,3,,jaxon-smith-njigba.php,,,99.0,,,,,,,Jaxon Smith-Njigba,2026-05-08,SEA
/nfl/rankings/ppr-wr-cheatsheets.php,redraft-wr,rp,Amon-Ra St. Brown,19799,WR,DET,4.69,0.77,4,6,,amonra-stbrown.php,,,98.9,,,,,,,Amon-Ra St Brown,2026-05-08,DET
/nfl/rankings/ppr-wr-cheatsheets.php,redraft-wr,rp,CeeDee Lamb,19202,WR,DAL,4.81,0.73,4,6,,ceedee-lamb.php,,,98.6,,,,,,,CeeDee Lamb,2026-05-08,DAL
/nfl/rankings/ppr-wr-cheatsheets.php,redraft-wr,rp,Justin Jefferson,19236,WR,MIN,5.69,0.87,4,7,,justin-jefferson.php,,,87.5,,,,,,,Justin Jefferson,2026-05-08,MIN
/nfl/rankings/ppr-wr-cheatsheets.php,redraft-wr,rp,Drake London,23163,WR,ATL,7.5,1.01,6,10,,drake-london.php,,,98.3,,,,,,,Drake London,2026-05-08,ATL
/nfl/rankings/ppr-wr-cheatsheets.php,redraft-wr,rp,Malik Nabers,25409,WR,NYG,9.31,2.05,7,17,,malik-nabers.php,,,98.5,,,,,2.0,,Malik Nabers,2026-05-08,NYG
/nfl/rankings/ppr-wr-cheatsheets.php,redraft-wr,rp,Rashee Rice,23113,WR,KC,9.54,2.36,6,16,,rashee-rice.php,,,98.3,,,,,,,Rashee Rice,2026-05-08,KCC
/nfl/rankings/ppr-wr-cheatsheets.php,redraft-wr,rp,Nico Collins,20130,WR,HOU,9.62,1.42,8,13,,nico-collins.php,,,98.9,,,,,,,Nico Collins,2026-05-08,HOU
/nfl/rankings/ppr-wr-cheatsheets.php,redraft-wr,rp,George Pickens,22963,WR,DAL,11.42,1.01,9,13,,george-pickens.php,,,98.4,,,,,,,George Pickens,2026-05-08,DAL
/nfl/rankings/ppr-wr-cheatsheets.php,redraft-wr,rp,Chris Olave,20111,WR,NO,12.19,2.84,9,19,,chris-olave.php,,,97.5,,,,,,,Chris Olave,2026-05-08,NOS
/nfl/rankings/ppr-wr-cheatsheets.php,redraft-wr,rp,A.J. Brown,18218,WR,PHI,12.65,2.2,9,17,,aj-brown.php,,,98.3,,,,,,,AJ Brown,2026-05-08,PHI
/nfl/rankings/ppr-wr-cheatsheets.php,redraft-wr,rp,Tetairoa McMillan,25417,WR,CAR,14.69,1.86,12,19,,tetairoa-mcmillan.php,,,87.0,,,,,,,Tetairoa McMillan,2026-05-08,CAR
/nfl/rankings/ppr-wr-cheatsheets.php,redraft-wr,rp,Garrett Wilson,23072,WR,NYJ,15.92,2.0,10,20,,garrett-wilson.php,,,97.4,,,,,2.0,,Garrett Wilson,2026-05-08,NYJ
/nfl/rankings/ppr-wr-cheatsheets.php,redraft-wr,rp,DeVonta Smith,19222,WR,PHI,16.73,4.04,11,25,,devonta-smith.php,,,86.7,,,,,,,DeVonta Smith,2026-05-08,PHI
/nfl/rankings/ppr-wr-cheatsheets.php,redraft-wr,rp,Tee Higgins,19211,WR,CIN,16.92,1.86,13,20,,tee-higgins.php,,,97.0,,,,,,,Tee Higgins,2026-05-08,CIN
/nfl/rankings/ppr-wr-cheatsheets.php,redraft-wr,rp,Ladd McConkey,26122,WR,LAC,19.73,2.84,14,24,,ladd-mcconkey.php,,,85.9,,,,,,,Ladd McConkey,2026-05-08,LAC
/nfl/rankings/ppr-wr-cheatsheets.php,redraft-wr,rp,Zay Flowers,22916,WR,BAL,19.77,3.13,13,26,,zay-flowers.php,,,97.6,,,,,,,Zay Flowers,2026-05-08,BAL
/nfl/rankings/ppr-wr-cheatsheets.php,redraft-wr,rp,Luther Burden III,27016,WR,CHI,20.08,2.66,15,25,,luther-burden-iii.php,,,83.5,,,,,,,Luther Burden,2026-05-08,CHI
/nfl/rankings/ppr-wr-cheatsheets.php,redraft-wr,rp,Jaylen Waddle,19790,WR,DEN,20.96,3.19,15,27,,jaylen-waddle.php,,,86.0,,,,,,,Jaylen Waddle,2026-05-08,DEN
/nfl/rankings/ppr-wr-cheatsheets.php,redraft-wr,rp,Terry McLaurin,18466,WR,WAS,22.15,2.16,18,27,,terry-mclaurin.php,,,84.7,,,,,,,Terry McLaurin,2026-05-08,WAS
/nfl/rankings/ppr-wr-cheatsheets.php,redraft-wr,rp,Davante Adams,12123,WR,LAR,22.31,3.62,16,33,,davante-adams.php,,,97.6,,,,,,,Davante Adams,2026-05-08,LAR
/nfl/rankings/ppr-wr-cheatsheets.php,redraft-wr,rp,Emeka Egbuka,23062,WR,TB,23.69,3.57,16,30,,emeka-egbuka.php,,,79.4,,,,,,,Emeka Egbuka,2026-05-08,TBB
/nfl/rankings/ppr-wr-cheatsheets.php,redraft-wr,rp,Mike Evans,12119,WR,SF,24.5,3.6,14,30,,mike-evans.php,,,71.8,,,,,,,Mike Evans,2026-05-08,SFO
/nfl/rankings/ppr-wr-cheatsheets.php,redraft-wr,rp,Jameson Williams,23677,WR,DET,25.69,3.11,21,31,,jameson-williams.php,,,89.8,,,,,,,Jameson Williams,2026-05-08,DET
/nfl/rankings/ppr-wr-cheatsheets.php,redraft-wr,rp,Christian Watson,23886,WR,GB,29.08,3.64,23,41,,christian-watson.php,,,69.9,,,,,,,Christian Watson,2026-05-08,GBP
/nfl/rankings/ppr-wr-cheatsheets.php,redraft-wr,rp,DJ Moore,17265,WR,BUF,29.15,6.08,18,48,,dj-moore-wr.php,,,78.4,,,,,,,DJ Moore,2026-05-08,BUF
/nfl/rankings/ppr-wr-cheatsheets.php,redraft-wr,rp,Rome Odunze,25411,WR,CHI,30.38,5.13,20,42,,rome-odunze.php,,,77.7,,,,,,,Rome Odunze,2026-05-08,CHI
/nfl/rankings/ppr-wr-cheatsheets.php,redraft-wr,rp,Marvin Harrison Jr.,23064,WR,ARI,33.08,2.93,29,40,,marvin-harrison-jr.php,,,71.2,,,,,,,Marvin Harrison,2026-05-08,ARI
/nfl/rankings/ppr-wr-cheatsheets.php,redraft-wr,rp,Courtland Sutton,17253,WR,DEN,33.5,3.46,27,41,,courtland-sutton.php,,,78.0,,,,,,,Courtland Sutton,2026-05-08,DEN
/nfl/rankings/ppr-wr-cheatsheets.php,redraft-wr,rp,Chris Godwin Jr.,16406,WR,TB,33.92,4.21,26,44,,chris-godwin.php,,,69.5,,,,,,,Chris Godwin,2026-05-08,TBB
/nfl/rankings/ppr-wr-cheatsheets.php,redraft-wr,rp,DK Metcalf,18219,WR,PIT,34.35,3.04,27,40,,dk-metcalf.php,,,72.6,,,,,,,DK Metcalf,2026-05-08,PIT
/nfl/rankings/ppr-wr-cheatsheets.php,redraft-wr,rp,Michael Wilson,25333,WR,ARI,34.73,5.07,26,45,,michael-wilson.php,,,69.4,,,,,,,Michael Wilson,2026-05-08,ARI
/nfl/rankings/ppr-wr-cheatsheets.php,redraft-wr,rp,Carnell Tate,26009,WR,TEN,35.88,8.12,25,50,,carnell-tate.php,,,75.1,,,,,10.0,,Carnell Tate,2026-05-08,TEN
/nfl/rankings/ppr-wr-cheatsheets.php,redraft-wr,rp,Jakobi Meyers,18598,WR,JAC,35.96,3.28,29,43,,jakobi-meyers.php,,,69.8,,,,,,,Jakobi Meyers,2026-05-08,JAC
/nfl/rankings/ppr-wr-cheatsheets.php,redraft-wr,rp,Alec Pierce,23791,WR,IND,37.65,4.97,28,45,,alec-pierce.php,,,70.1,,,,,,,Alec Pierce,2026-05-08,IND
/nfl/rankings/ppr-wr-cheatsheets.php,redraft-wr,rp,Brian Thomas Jr.,23000,WR,JAC,38.92,5.01,28,49,,brian-thomas-jr.php,,,70.4,,,,,,,Brian Thomas,2026-05-08,JAC
/nfl/rankings/ppr-wr-cheatsheets.php,redraft-wr,rp,Michael Pittman Jr.,19278,WR,PIT,39.04,4.18,31,48,,michael-pittman.php,,,71.3,,,,,,,Michael Pittman,2026-05-08,PIT
/nfl/rankings/ppr-wr-cheatsheets.php,redraft-wr,rp,Jordyn Tyson,26035,WR,NO,39.56,7.27,28,51,,jordyn-tyson.php,,,65.3,,,,,7.0,,Jordyn Tyson,2026-05-08,NOS
/nfl/rankings/ppr-wr-cheatsheets.php,redraft-wr,rp,Wan'Dale Robinson,22985,WR,TEN,40.31,4.98,31,53,,wandale-robinson.php,,,68.9,,,,,,,WanDale Robinson,2026-05-08,TEN
/nfl/rankings/ppr-wr-cheatsheets.php,redraft-wr,rp,Ricky Pearsall,26214,WR,SF,41.04,4.78,34,51,,ricky-pearsall.php,,,67.9,,,,,-5.0,,Ricky Pearsall,2026-05-08,SFO
/nfl/rankings/ppr-wr-cheatsheets.php,redraft-wr,rp,Makai Lemon,25420,WR,PHI,42.88,6.29,31,56,,makai-lemon.php,,,69.4,,,,,6.0,,Makai Lemon,2026-05-08,PHI
/nfl/rankings/ppr-wr-cheatsheets.php,redraft-wr,rp,Parker Washington,23106,WR,JAC,43.0,5.22,32,53,,parker-washington.php,,,69.0,,,,,-5.0,,Parker Washington,2026-05-08,JAC
/nfl/rankings/ppr-wr-cheatsheets.php,redraft-wr,rp,Jordan Addison,23107,WR,MIN,43.38,2.5,38,48,,jordan-addison.php,,,68.5,,,,,,,Jordan Addison,2026-05-08,MIN
/nfl/rankings/ppr-wr-cheatsheets.php,redraft-wr,rp,Josh Downs,24706,WR,IND,44.88,5.75,33,54,,josh-downs.php,,,64.7,,,,,,,Josh Downs,2026-05-08,IND
/nfl/rankings/ppr-wr-cheatsheets.php,redraft-wr,rp,Jayden Reed,23020,WR,GB,46.31,4.85,35,54,,jayden-reed.php,,,63.2,,,,,,,Jayden Reed,2026-05-08,GBP
/nfl/rankings/ppr-wr-cheatsheets.php,redraft-wr,rp,Khalil Shakir,23748,WR,BUF,48.27,3.51,41,53,,khalil-shakir.php,,,66.8,,,,,,,Khalil Shakir,2026-05-08,BUF
/nfl/rankings/ppr-wr-cheatsheets.php,redraft-wr,rp,Quentin Johnston,23123,WR,LAC,49.35,3.44,43,59,,quentin-johnston.php,,,72.5,,,,,,,Quentin Johnston,2026-05-08,LAC
/nfl/rankings/ppr-wr-cheatsheets.php,redraft-wr,rp,Jayden Higgins,27077,WR,HOU,50.77,3.03,45,56,,jayden-higgins.php,,,45.0,,,,,,,Jayden Higgins,2026-05-08,HOU
/nfl/rankings/ppr-wr-cheatsheets.php,redraft-wr,rp,Romeo Doubs,23794,WR,NE,52.62,7.14,38,68,,romeo-doubs.php,,,67.5,,,,,,,Romeo Doubs,2026-05-08,NEP
/nfl/rankings/ppr-wr-cheatsheets.php,redraft-wr,rp,Xavier Worthy,23019,WR,KC,53.35,3.66,43,60,,xavier-worthy.php,,,66.7,,,,,,,Xavier Worthy,2026-05-08,KCC
/nfl/rankings/ppr-wr-cheatsheets.php,redraft-wr,rp,Jalen Coker,26403,WR,CAR,54.38,3.84,46,62,,jalen-coker.php,,,55.2,,,,,,,Jalen Coker,2026-05-08,CAR
/nfl/rankings/ppr-wr-cheatsheets.php,redraft-wr,rp,KC Concepcion,27331,WR,CLE,54.94,10.05,36,74,,kevin-concepcion.php,,,56.0,,,,,9.0,,KC Concepcion,2026-05-08,CLE
/nfl/rankings/ppr-wr-cheatsheets.php,redraft-wr,rp,Matthew Golden,26024,WR,GB,55.42,7.51,37,68,,matthew-golden.php,,,65.9,,,,,,,Matthew Golden,2026-05-08,GBP
/nfl/rankings/ppr-wr-cheatsheets.php,redraft-wr,rp,Rashid Shaheed,24687,WR,SEA,59.81,2.65,55,66,,rashid-shaheed.php,,,49.6,,,,,,,Rashid Shaheed,2026-05-08,SEA
/nfl/rankings/ppr-wr-cheatsheets.php,redraft-wr,rp,Deebo Samuel Sr.,18244,WR,FA,60.54,9.08,51,87,,deebo-samuel.php,,,44.1,,,,,,,Deebo Samuel,2026-05-08,FA
/nfl/rankings/ppr-wr-cheatsheets.php,redraft-wr,rp,Jerry Jeudy,19201,WR,CLE,61.46,4.44,55,72,,jerry-jeudy.php,,,56.4,,,,,,,Jerry Jeudy,2026-05-08,CLE
/nfl/rankings/ppr-wr-cheatsheets.php,redraft-wr,rp,Travis Hunter,26034,WR,JAC,64.04,11.48,39,87,,travis-hunter.php,,,58.0,,,,,,,Travis Hunter,2026-05-08,JAC
/nfl/rankings/ppr-wr-cheatsheets.php,redraft-wr,rp,Stefon Diggs,13981,WR,FA,57.21,14.21,37,110,,stefon-diggs.php,,,48.5,,,,,,,Stefon Diggs,2026-05-08,FA
/nfl/rankings/ppr-wr-cheatsheets.php,redraft-wr,rp,Denzel Boston,27339,WR,CLE,65.28,9.22,54,87,,denzel-boston.php,,,41.5,,,,,,,Denzel Boston,2026-05-08,CLE
/nfl/rankings/ppr-wr-cheatsheets.php,redraft-wr,rp,Adonai Mitchell,24357,WR,NYJ,65.62,7.08,58,83,,adonai-mitchell.php,,,30.6,,,,,,,Adonai Mitchell,2026-05-08,NYJ
/nfl/rankings/ppr-wr-cheatsheets.php,redraft-wr,rp,Jauan Jennings,19590,WR,MIN,59.38,9.11,46,78,,jauan-jennings.php,,,44.8,,,,,,,Jauan Jennings,2026-05-08,MIN
/nfl/rankings/ppr-wr-cheatsheets.php,redraft-wr,rp,Brandon Aiyuk,19252,WR,SF,67.58,9.42,52,95,,brandon-aiyuk.php,,,43.7,,,,,,,Brandon Aiyuk,2026-05-08,SFO
/nfl/rankings/ppr-wr-cheatsheets.php,redraft-wr,rp,Omar Cooper Jr.,28127,WR,NYJ,67.68,12.22,50,97,,omar-cooper-jr.php,,,34.8,,,,,,,Omar Cooper,2026-05-08,NYJ
/nfl/rankings/ppr-wr-cheatsheets.php,redraft-wr,rp,Jalen McMillan,23179,WR,TB,67.88,8.2,50,88,,jalen-mcmillan.php,,,45.1,,,,,,,Jalen McMillan,2026-05-08,TBB
/nfl/rankings/ppr-wr-cheatsheets.php,redraft-wr,rp,Kayshon Boutte,22989,WR,NE,69.0,4.0,64,77,,kayshon-boutte.php,,,39.8,,,,,,,Kayshon Boutte,2026-05-08,NEP
/nfl/rankings/ppr-wr-cheatsheets.php,redraft-wr,rp,Troy Franklin,23092,WR,DEN,70.35,9.1,55,92,,troy-franklin.php,,,30.7,,,,,,,Troy Franklin,2026-05-08,DEN
/nfl/rankings/ppr-wr-cheatsheets.php,redraft-wr,rp,Tre Harris,26215,WR,LAC,67.6,8.48,55,100,,tre-harris.php,,,31.6,,,,,,,Tre Harris,2026-05-08,LAC
/nfl/rankings/ppr-wr-cheatsheets.php,redraft-wr,rp,Tyreek Hill,15802,WR,FA,68.13,15.28,47,123,,tyreek-hill.php,,,54.8,,,,,,,Tyreek Hill,2026-05-08,FA
/nfl/rankings/ppr-wr-cheatsheets.php,redraft-wr,rp,Tre Tucker,25337,WR,LV,72.64,8.69,61,102,,tre-tucker.php,,,34.6,,,,,,,Tre Tucker,2026-05-08,LVR
/nfl/rankings/ppr-wr-cheatsheets.php,redraft-wr,rp,Jaylin Noel,27122,WR,HOU,71.08,7.52,58,86,,jaylin-noel.php,,,27.7,,,,,,,Jaylin Noel,2026-05-08,HOU
/nfl/rankings/ppr-wr-cheatsheets.php,redraft-wr,rp,Antonio Williams,25418,WR,WAS,77.84,16.7,58,112,,antonio-williams-wr.php,,,25.6,,,,,,,Antonio Williams,2026-05-08,WAS
/nfl/rankings/ppr-wr-cheatsheets.php,redraft-wr,rp,Calvin Ridley,17258,WR,TEN,77.92,13.01,60,129,,calvin-ridley.php,,,49.6,,,,,,,Calvin Ridley,2026-05-08,TEN
/nfl/rankings/ppr-wr-cheatsheets.php,redraft-wr,rp,Pat Bryant,27211,WR,DEN,75.0,7.81,65,93,,pat-bryant.php,,,30.3,,,,,,,Pat Bryant,2026-05-08,DEN
/nfl/rankings/ppr-wr-cheatsheets.php,redraft-wr,rp,Darnell Mooney,19810,WR,NYG,77.04,6.34,65,91,,darnell-mooney.php,,,29.6,,,,,,,Darnell Mooney,2026-05-08,NYG
/nfl/rankings/ppr-wr-cheatsheets.php,redraft-wr,rp,Ryan Flournoy,26398,WR,DAL,78.32,10.86,67,118,,ryan-flournoy.php,,,27.7,,,,,,,Ryan Flournoy,2026-05-08,DAL
/nfl/rankings/ppr-wr-cheatsheets.php,redraft-wr,rp,Isaac TeSlaa,27446,WR,DET,79.2,7.9,72,114,,isaac-teslaa.php,,,31.4,,,,,,,Isaac TeSlaa,2026-05-08,DET
/nfl/rankings/ppr-wr-cheatsheets.php,redraft-wr,rp,Chimere Dike,27315,WR,TEN,76.33,13.33,59,101,,chimere-dike.php,,,31.8,,,,,,,Chimere Dike,2026-05-08,TEN
/nfl/rankings/ppr-wr-cheatsheets.php,redraft-wr,rp,Dontayvion Wicks,24354,WR,PHI,79.56,7.32,61,92,,dontayvion-wicks.php,,,22.3,,,,,,,Dontayvion Wicks,2026-05-08,PHI
/nfl/rankings/ppr-wr-cheatsheets.php,redraft-wr,rp,Germie Bernard,26039,WR,PIT,85.35,12.13,66,109,,germie-bernard.php,,,32.3,,,,,,,Germie Bernard,2026-05-08,PIT
/nfl/rankings/ppr-wr-cheatsheets.php,redraft-wr,rp,Elic Ayomanor,27059,WR,TEN,83.88,15.4,64,121,,elic-ayomanor.php,,,34.2,,,,,,,Elic Ayomanor,2026-05-08,TEN
/nfl/rankings/ppr-wr-cheatsheets.php,redraft-wr,rp,Chris Bell,26038,WR,MIA,86.55,17.21,63,126,,chris-bell.php,,,29.4,,,,,,,Chris Bell,2026-05-08,MIA
/nfl/rankings/ppr-wr-cheatsheets.php,redraft-wr,rp,Tank Dell,25361,WR,HOU,87.63,6.1,79,100,,nathaniel-dell.php,,,40.6,,,,,,,Tank Dell,2026-05-08,HOU
/nfl/rankings/ppr-wr-cheatsheets.php,redraft-wr,rp,Zachariah Branch,25419,WR,ATL,92.91,8.59,75,107,,zachariah-branch.php,,,28.7,,,,,12.0,,Zachariah Branch,2026-05-08,ATL
/nfl/rankings/ppr-wr-cheatsheets.php,redraft-wr,rp,De'Zhaun Stribling,28138,WR,SF,93.24,11.83,67,114,,dezhaun-stribling.php,,,11.2,,,,,14.0,,DeZhaun Stribling,2026-05-08,SFO
/nfl/rankings/ppr-wr-cheatsheets.php,redraft-wr,rp,Rashod Bateman,19794,WR,BAL,88.79,9.5,74,107,,rashod-bateman.php,,,24.4,,,,,,,Rashod Bateman,2026-05-08,BAL
/nfl/rankings/ppr-wr-cheatsheets.php,redraft-wr,rp,Malik Washington,26314,WR,MIA,91.4,12.92,66,116,,malik-washington.php,,,27.4,,,,,,,Malik Washington,2026-05-08,MIA
/nfl/rankings/ppr-wr-cheatsheets.php,redraft-wr,rp,Chris Brazzell II,28047,WR,CAR,93.74,9.54,76,118,,chris-brazzell-ii.php,,,25.0,,,,,,,Chris Brazzell,2026-05-08,CAR
/nfl/rankings/ppr-wr-cheatsheets.php,redraft-wr,rp,Jalen Nailor,24177,WR,LV,86.17,18.78,62,128,,jalen-nailor.php,,,30.0,,,,,,,Jalen Nailor,2026-05-08,LVR
/nfl/rankings/ppr-wr-cheatsheets.php,redraft-wr,rp,Elijah Sarratt,27463,WR,BAL,94.5,11.93,74,133,,elijah-sarratt.php,,,26.3,,,,,,,Elijah Sarratt,2026-05-08,BAL
/nfl/rankings/ppr-wr-cheatsheets.php,redraft-wr,rp,Malachi Fields,27994,WR,NYG,94.71,12.48,76,127,,malachi-fields.php,,,20.9,,,,,,,Malachi Fields,2026-05-08,NYG
/nfl/rankings/ppr-wr-cheatsheets.php,redraft-wr,rp,Ja'Kobi Lane,27337,WR,BAL,95.9,12.28,80,119,,jakobi-lane.php,,,28.7,,,,,,,JaKobi Lane,2026-05-08,BAL
/nfl/rankings/ppr-wr-cheatsheets.php,redraft-wr,rp,Skyler Bell,28126,WR,BUF,97.07,13.45,79,128,,skyler-bell.php,,,21.8,,,,,,,Skyler Bell,2026-05-08,BUF
/nfl/rankings/ppr-wr-cheatsheets.php,redraft-wr,rp,Kyle Williams,27487,WR,NE,90.26,9.16,77,111,,kyle-williams-wr-2025.php,,,27.8,,,,,,,Kyle Williams,2026-05-08,NEP
/nfl/rankings/ppr-wr-cheatsheets.php,redraft-wr,rp,Marvin Mims Jr.,23080,WR,DEN,90.52,9.65,75,107,,marvin-mims.php,,,27.5,,,,,,,Marvin Mims,2026-05-08,DEN
/nfl/rankings/ppr-wr-cheatsheets.php,redraft-wr,rp,Keon Coleman,26019,WR,BUF,91.13,10.67,71,119,,keon-coleman.php,,,24.5,,,,,,,Keon Coleman,2026-05-08,BUF
/nfl/rankings/ppr-wr-cheatsheets.php,redraft-wr,rp,Cooper Kupp,16433,WR,SEA,91.35,9.1,76,115,,cooper-kupp.php,,,28.1,,,,,,,Cooper Kupp,2026-05-08,SEA
/nfl/rankings/ppr-wr-cheatsheets.php,redraft-wr,rp,Tory Horton,26022,WR,SEA,94.0,9.82,83,121,,tory-horton.php,,,30.0,,,,,,,Tory Horton,2026-05-08,SEA
/nfl/rankings/ppr-wr-cheatsheets.php,redraft-wr,rp,Jack Bech,27224,WR,LV,94.38,12.48,76,138,,jack-bech.php,,,22.8,,,,,-12.0,,Jack Bech,2026-05-08,LVR
/nfl/rankings/ppr-wr-cheatsheets.php,redraft-wr,rp,Christian Kirk,17268,WR,SF,92.13,13.07,65,112,,christian-kirk.php,,,31.6,,,,,-10.0,,Christian Kirk,2026-05-08,SFO
/nfl/rankings/ppr-wr-cheatsheets.php,redraft-wr,rp,Ted Hurst,28130,WR,TB,100.53,12.34,70,123,,ted-hurst.php,,,18.5,,,,,,,Ted Hurst,2026-05-08,TBB
/nfl/rankings/ppr-wr-cheatsheets.php,redraft-wr,rp,Mack Hollins,16489,WR,NE,96.46,14.48,76,141,,mack-hollins.php,,,14.1,,,,,,,Mack Hollins,2026-05-08,NEP
/nfl/rankings/ppr-wr-cheatsheets.php,redraft-wr,rp,Xavier Legette,26136,WR,CAR,94.91,10.09,79,111,,xavier-legette.php,,,12.9,,,,,,,Xavier Legette,2026-05-08,CAR
/nfl/rankings/ppr-wr-cheatsheets.php,redraft-wr,rp,Keenan Allen,11616,WR,LAC,95.18,7.94,76,109,,keenan-allen.php,,,28.0,,,,,,,Keenan Allen,2026-05-08,LAC
/nfl/rankings/ppr-wr-cheatsheets.php,redraft-wr,rp,Darius Slayton,18706,WR,NYG,99.22,9.84,83,129,,darius-slayton.php,,,16.0,,,,,,,Darius Slayton,2026-05-08,NYG
/nfl/rankings/ppr-wr-cheatsheets.php,redraft-wr,rp,Devaughn Vele,26409,WR,NO,101.3,6.97,91,118,,devaughn-vele.php,,,26.3,,,,,,,Devaughn Vele,2026-05-08,NOS
/nfl/rankings/ppr-wr-cheatsheets.php,redraft-wr,rp,Hollywood Brown,18226,WR,PHI,106.27,7.17,93,122,,marquise-brown.php,,,20.0,,,,,,,Marquise Brown,2026-05-08,PHI
/nfl/rankings/ppr-wr-cheatsheets.php,redraft-wr,rp,Tyquan Thornton,22913,WR,KC,104.8,12.25,72,134,,tyquan-thornton.php,,,10.9,,,,,,,Tyquan Thornton,2026-05-08,KCC
/nfl/rankings/ppr-wr-cheatsheets.php,redraft-wr,rp,Isaiah Bond,24371,WR,CLE,108.58,13.67,91,142,,isaiah-bond.php,,,13.5,,,,,,,Isaiah Bond,2026-05-08,CLE
/nfl/rankings/ppr-wr-cheatsheets.php,redraft-wr,rp,Andrei Iosivas,25335,WR,CIN,102.27,9.29,84,116,,andrei-iosivas.php,,,13.4,,,,,,,Andrei Iosivas,2026-05-08,CIN
/nfl/rankings/ppr-wr-cheatsheets.php,redraft-wr,rp,Tez Johnson,27147,WR,TB,111.39,6.99,100,131,,tez-johnson.php,,,14.9,,,,,,,Tez Johnson,2026-05-08,TBB
/nfl/rankings/ppr-wr-cheatsheets.php,redraft-wr,rp,Cedric Tillman,25287,WR,CLE,111.72,9.72,101,137,,cedric-tillman.php,,,7.2,,,,,,,Cedric Tillman,2026-05-08,CLE
/nfl/rankings/ppr-wr-cheatsheets.php,redraft-wr,rp,Konata Mumpfield,27449,WR,LAR,104.0,9.2,92,127,,konata-mumpfield.php,,,4.3,,,,,,,Konata Mumpfield,2026-05-08,LAR
/nfl/rankings/ppr-wr-cheatsheets.php,redraft-wr,rp,Jalen Royals,27076,WR,KC,107.47,9.39,93,124,,jalen-royals.php,,,5.1,,,,,,,Jalen Royals,2026-05-08,KCC
/nfl/rankings/ppr-wr-cheatsheets.php,redraft-wr,rp,Calvin Austin III,23739,WR,NYG,111.87,12.16,94,136,,calvin-austin.php,,,9.3,,,,,,,Calvin Austin,2026-05-08,NYG
/nfl/rankings/ppr-wr-cheatsheets.php,redraft-wr,rp,Luke McCaffrey,26328,WR,WAS,112.6,7.36,100,123,,luke-mccaffrey.php,,,5.8,,,,,,,Luke McCaffrey,2026-05-08,WAS
/nfl/rankings/ppr-wr-cheatsheets.php,redraft-wr,rp,Jahan Dotson,23101,WR,ATL,104.36,14.93,63,124,,jahan-dotson.php,,,12.5,,,,,,,Jahan Dotson,2026-05-08,ATL
/nfl/rankings/ppr-wr-cheatsheets.php,redraft-wr,rp,Olamide Zaccheaus,18864,WR,ATL,116.36,10.23,100,137,,olamide-zaccheaus.php,,,9.9,,,,,,,Olamide Zaccheaus,2026-05-08,ATL
/nfl/rankings/ppr-wr-cheatsheets.php,redraft-wr,rp,Dont'e Thornton Jr.,27288,WR,LV,114.2,12.27,99,143,,donte-thornton-jr.php,,,7.6,,,,,,,Donte Thornton,2026-05-08,LVR
/nfl/rankings/ppr-wr-cheatsheets.php,redraft-wr,rp,Joshua Palmer,22845,WR,BUF,117.0,10.24,102,137,,josh-palmer.php,,,3.0,,,,,,,Josh Palmer,2026-05-08,BUF
/nfl/rankings/ppr-wr-cheatsheets.php,redraft-wr,rp,Jalen Tolbert,23770,WR,MIA,111.5,12.11,89,131,,jalen-tolbert.php,,,14.7,,,,,,,Jalen Tolbert,2026-05-08,MIA
/nfl/rankings/ppr-wr-cheatsheets.php,redraft-wr,rp,John Metchie III,22895,WR,CAR,117.11,11.73,103,139,,john-metchie.php,,,5.1,,,,,,,John Metchie,2026-05-08,CAR
/nfl/rankings/ppr-wr-cheatsheets.php,redraft-wr,rp,Caleb Douglas,28135,WR,MIA,113.13,11.04,87,123,,caleb-douglas.php,,,3.3,,,,,,,Caleb Douglas,2026-05-08,MIA
/nfl/rankings/ppr-wr-cheatsheets.php,redraft-wr,rp,DeMario Douglas,25304,WR,NE,121.3,8.87,108,134,,demario-douglas.php,,,17.9,,,,,,,Demario Douglas,2026-05-08,NEP
/nfl/rankings/ppr-wr-cheatsheets.php,redraft-wr,rp,Bryce Lance,28129,WR,NO,110.0,10.43,97,128,,bryce-lance.php,,,8.3,,,,,,,Bryce Lance,2026-05-08,NOS
/nfl/rankings/ppr-wr-cheatsheets.php,redraft-wr,rp,Brenen Thompson,28133,WR,LAC,115.88,7.2,105,129,,brenen-thompson.php,,,12.0,,,,,,,Brenen Thompson,2026-05-08,LAC
/nfl/rankings/ppr-wr-cheatsheets.php,redraft-wr,rp,Xavier Hutchinson,25332,WR,HOU,120.78,10.17,107,136,,xavier-hutchinson.php,,,4.4,,,,,,,Xavier Hutchinson,2026-05-08,HOU
/nfl/rankings/ppr-wr-cheatsheets.php,redraft-wr,rp,Jaylin Lane,27454,WR,WAS,121.67,7.63,108,131,,jaylin-lane.php,,,7.1,,,,,,,Jaylin Lane,2026-05-08,WAS
/nfl/rankings/ppr-wr-cheatsheets.php,redraft-wr,rp,Savion Williams,27144,WR,GB,120.0,8.37,110,133,,savion-williams.php,,,2.8,,,,,,,Savion Williams,2026-05-08,GBP
/nfl/rankings/ppr-wr-cheatsheets.php,redraft-wr,rp,Treylon Burks,22905,WR,WAS,118.5,14.61,93,139,,treylon-burks.php,,,4.3,,,,,,,Treylon Burks,2026-05-08,WAS
/nfl/rankings/ppr-wr-cheatsheets.php,redraft-wr,rp,Tutu Atwell,20126,WR,MIA,120.0,10.57,105,133,,tutu-atwell.php,,,4.3,,,,,,,Tutu Atwell,2026-05-08,MIA
/nfl/rankings/ppr-wr-cheatsheets.php,redraft-wr,rp,Kendrick Bourne,17066,WR,ARI,121.83,9.33,104,135,,kendrick-bourne.php,,,4.7,,,,,,,Kendrick Bourne,2026-05-08,ARI
/nfl/rankings/ppr-wr-cheatsheets.php,redraft-wr,rp,Kevin Coleman Jr.,28067,WR,MIA,116.8,12.17,99,130,,kevin-coleman-jr.php,,,1.8,,,,,,,Kevin Coleman,2026-05-08,MIA
/nfl/rankings/ppr-wr-cheatsheets.php,redraft-wr,rp,Cyrus Allen,28424,WR,KC,119.6,18.58,84,135,,cyrus-allen.php,,,0.2,,,,,,,Cyrus Allen,2026-05-08,KCC
/nfl/rankings/ppr-wr-cheatsheets.php,redraft-wr,rp,Malik Benson,26012,WR,LV,120.4,27.96,65,140,,malik-benson.php,,,0.9,,,,,,,Malik Benson,2026-05-08,LVR
/nfl/rankings/ppr-wr-cheatsheets.php,redraft-wr,rp,KaVontae Turpin,18520,WR,DAL,120.8,17.79,96,144,,kavontae-turpin.php,,,12.3,,,,,,,KaVontae Turpin,2026-05-08,DAL
/nfl/rankings/ppr-wr-cheatsheets.php,redraft-wr,rp,CJ Daniels,28125,WR,LAR,128.0,10.12,110,141,,cj-daniels.php,,,8.5,,,,,,,CJ Daniels,2026-05-08,LAR
/nfl/rankings/ppr-wr-cheatsheets.php,redraft-wr,rp,Kalif Raymond,16081,WR,CHI,123.4,18.85,90,142,,kalif-raymond.php,,,1.5,,,,,,,Kalif Raymond,2026-05-08,CHI
/nfl/rankings/ppr-wr-cheatsheets.php,redraft-wr,rp,Tai Felton,27182,WR,MIN,110.33,8.73,98,117,,tai-felton.php,,,2.7,,,,,,,Tai Felton,2026-05-08,MIN
/nfl/rankings/ppr-wr-cheatsheets.php,redraft-wr,rp,Nick Westbrook-Ikhine,19747,WR,IND,117.0,32.78,71,145,,nick-westbrook.php,,,1.5,,,,,,,Nick Westbrook-Ikhine,2026-05-08,IND
/nfl/rankings/ppr-wr-cheatsheets.php,redraft-wr,rp,Zavion Thomas,28132,WR,CHI,134.6,7.58,121,142,,zavion-thomas.php,,,2.1,,,,,,,Zavion Thomas,2026-05-08,CHI
/nfl/rankings/ppr-wr-cheatsheets.php,redraft-wr,rp,Deion Burks,27093,WR,IND,134.8,6.73,124,144,,deion-burks.php,,,0.6,,,,,,,Deion Burks,2026-05-08,IND
/nfl/rankings/ppr-wr-cheatsheets.php,redraft-wr,rp,Dyami Brown,20113,WR,WAS,117.0,40.0,77,157,,dyami-brown.php,,,1.3,,,,,,,Dyami Brown,2026-05-08,WAS
/nfl/rankings/ppr-wr-cheatsheets.php,redraft-wr,rp,Jordan Whittington,23135,WR,LAR,123.5,19.5,104,143,,jordan-whittington.php,,,1.5,,,,,,,Jordan Whittington,2026-05-08,LAR
/nfl/rankings/ppr-wr-cheatsheets.php,redraft-wr,rp,Mitch Tinsley,24370,WR,CIN,126.0,21.0,105,147,,mitchell-tinsley.php,,,0.6,,,,,,,Mitch Tinsley,2026-05-08,CIN
/nfl/rankings/ppr-wr-cheatsheets.php,redraft-wr,rp,Devontez Walker,26011,WR,BAL,135.0,6.98,126,143,,devontez-walker.php,,,1.7,,,,,,,Devontez Walker,2026-05-08,BAL
/nfl/rankings/ppr-wr-cheatsheets.php,redraft-wr,rp,Demarcus Robinson,15665,WR,SF,141.0,10.03,132,155,,demarcus-robinson.php,,,1.6,,,,,,,Demarcus Robinson,2026-05-08,SFO
/nfl/rankings/ppr-wr-cheatsheets.php,redraft-wr,rp,Greg Dortch,18585,WR,DET,135.0,11.0,124,146,,greg-dortch.php,,,2.3,,,,,,,Greg Dortch,2026-05-08,DET
/nfl/rankings/ppr-wr-cheatsheets.php,redraft-wr,rp,Roman Wilson,26160,WR,PIT,141.0,7.0,134,148,,roman-wilson.php,,,2.4,,,,,,,Roman Wilson,2026-05-08,PIT
/nfl/rankings/ppr-wr-cheatsheets.php,redraft-wr,rp,Josh Cameron,28137,WR,JAC,144.0,6.0,138,150,,josh-cameron.php,,,0.6,,,,,,,Josh Cameron,2026-05-08,JAC
/nfl/rankings/ppr-wr-cheatsheets.php,redraft-wr,rp,Reggie Virgil,28141,WR,ARI,144.0,4.0,140,148,,reggie-virgil.php,,,0.7,,,,,,,Reggie Virgil,2026-05-08,ARI
