fp_page,page_type,ecr_type,player,id,pos,team,ecr,sd,best,worst,sportsdata_id,player_filename,yahoo_id,cbs_id,player_owned_avg,player_owned_espn,player_owned_yahoo,player_image_url,player_square_image_url,rank_delta,bye,mergename,scrape_date,tm
/nfl/rankings/best-ball-dst.php,best-dst,bp,Houston Texans,8120,DST,HOU,1.0,0.0,1,1,,houston-defense.php,,,94.2,,,,,,8.0,Houston Texans,2026-05-29,HOU
/nfl/rankings/best-ball-dst.php,best-dst,bp,Denver Broncos,8090,DST,DEN,2.0,0.0,2,2,,denver-defense.php,,,92.4,,,,,,10.0,Denver Broncos,2026-05-29,DEN
/nfl/rankings/best-ball-dst.php,best-dst,bp,Seattle Seahawks,8260,DST,SEA,3.0,0.0,3,3,,seattle-defense.php,,,95.2,,,,,,11.0,Seattle Seahawks,2026-05-29,SEA
/nfl/rankings/best-ball-dst.php,best-dst,bp,Los Angeles Rams,8280,DST,LAR,4.0,0.0,4,4,,los-angeles-rams-defense.php,,,76.1,,,,,,11.0,Los Angeles Rams,2026-05-29,LAR
/nfl/rankings/best-ball-dst.php,best-dst,bp,Philadelphia Eagles,8230,DST,PHI,5.0,0.0,5,5,,philadelphia-defense.php,,,81.3,,,,,,10.0,Philadelphia Eagles,2026-05-29,PHI
/nfl/rankings/best-ball-dst.php,best-dst,bp,Minnesota Vikings,8170,DST,MIN,6.0,0.0,6,6,,minnesota-defense.php,,,63.6,,,,,,6.0,Minnesota Vikings,2026-05-29,MIN
/nfl/rankings/best-ball-dst.php,best-dst,bp,Jacksonville Jaguars,8140,DST,JAC,7.5,0.5,7,8,,jacksonville-defense.php,,,65.5,,,,,,7.0,Jacksonville Jaguars,2026-05-29,JAC
/nfl/rankings/best-ball-dst.php,best-dst,bp,New England Patriots,8180,DST,NE,7.5,0.5,7,8,,new-england-defense.php,,,80.9,,,,,,11.0,New England Patriots,2026-05-29,NEP
/nfl/rankings/best-ball-dst.php,best-dst,bp,Los Angeles Chargers,8250,DST,LAC,9.0,0.0,9,9,,los-angeles-chargers-defense.php,,,48.3,,,,,,7.0,Los Angeles Chargers,2026-05-29,LAC
/nfl/rankings/best-ball-dst.php,best-dst,bp,Green Bay Packers,8110,DST,GB,10.0,0.0,10,10,,green-bay-defense.php,,,36.7,,,,,2.0,11.0,Green Bay Packers,2026-05-29,GBP
/nfl/rankings/best-ball-dst.php,best-dst,bp,Pittsburgh Steelers,8240,DST,PIT,11.0,0.0,11,11,,pittsburgh-defense.php,,,66.0,,,,,4.0,9.0,Pittsburgh Steelers,2026-05-29,PIT
/nfl/rankings/best-ball-dst.php,best-dst,bp,Cleveland Browns,8070,DST,CLE,12.0,0.0,12,12,,cleveland-defense.php,,,36.6,,,,,6.0,11.0,Cleveland Browns,2026-05-29,CLE
/nfl/rankings/best-ball-dst.php,best-dst,bp,Detroit Lions,8100,DST,DET,13.0,0.0,13,13,,detroit-defense.php,,,39.6,,,,,6.0,6.0,Detroit Lions,2026-05-29,DET
/nfl/rankings/best-ball-dst.php,best-dst,bp,Kansas City Chiefs,8150,DST,KC,14.0,0.0,14,14,,kansas-city-defense.php,,,25.1,,,,,7.0,5.0,Kansas City Chiefs,2026-05-29,KCC
/nfl/rankings/best-ball-dst.php,best-dst,bp,Buffalo Bills,8030,DST,BUF,15.0,0.0,15,15,,buffalo-defense.php,,,32.7,,,,,8.0,7.0,Buffalo Bills,2026-05-29,BUF
/nfl/rankings/best-ball-dst.php,best-dst,bp,Baltimore Ravens,8020,DST,BAL,16.0,0.0,16,16,,baltimore-defense.php,,,42.7,,,,,8.0,13.0,Baltimore Ravens,2026-05-29,BAL
/nfl/rankings/best-ball-dst.php,best-dst,bp,New Orleans Saints,8190,DST,NO,17.5,0.5,17,18,,new-orleans-defense.php,,,23.5,,,,,9.0,8.0,New Orleans Saints,2026-05-29,NOS
/nfl/rankings/best-ball-dst.php,best-dst,bp,Atlanta Falcons,8010,DST,ATL,18.5,0.5,18,19,,atlanta-defense.php,,,14.4,,,,,9.0,11.0,Atlanta Falcons,2026-05-29,ATL
/nfl/rankings/best-ball-dst.php,best-dst,bp,Indianapolis Colts,8130,DST,IND,19.5,0.5,19,20,,indianapolis-defense.php,,,20.0,,,,,-13.0,13.0,Indianapolis Colts,2026-05-29,IND
/nfl/rankings/best-ball-dst.php,best-dst,bp,Dallas Cowboys,8080,DST,DAL,21.0,4.0,17,25,,dallas-defense.php,,,20.2,,,,,-6.0,14.0,Dallas Cowboys,2026-05-29,DAL
/nfl/rankings/best-ball-dst.php,best-dst,bp,San Francisco 49ers,8270,DST,SF,22.5,1.5,21,24,,san-francisco-defense.php,,,27.5,,,,,-10.0,8.0,San Francisco 49ers,2026-05-29,SFO
/nfl/rankings/best-ball-dst.php,best-dst,bp,Tampa Bay Buccaneers,8290,DST,TB,22.5,1.5,21,24,,tampa-bay-defense.php,,,23.4,,,,,-5.0,10.0,Tampa Bay Buccaneers,2026-05-29,TBB
/nfl/rankings/best-ball-dst.php,best-dst,bp,Chicago Bears,8050,DST,CHI,22.5,0.5,22,23,,chicago-defense.php,,,16.6,,,,,-10.0,10.0,Chicago Bears,2026-05-29,CHI
/nfl/rankings/best-ball-dst.php,best-dst,bp,Carolina Panthers,8040,DST,CAR,24.0,2.0,22,26,,carolina-defense.php,,,9.2,,,,,-4.0,5.0,Carolina Panthers,2026-05-29,CAR
/nfl/rankings/best-ball-dst.php,best-dst,bp,Miami Dolphins,8160,DST,MIA,24.5,4.5,20,29,,miami-defense.php,,,10.9,,,,,-9.0,6.0,Miami Dolphins,2026-05-29,MIA
/nfl/rankings/best-ball-dst.php,best-dst,bp,New York Jets,8210,DST,NYJ,27.0,4.0,23,31,,new-york-jets-defense.php,,,8.0,,,,,-4.0,13.0,New York Jets,2026-05-29,NYJ
/nfl/rankings/best-ball-dst.php,best-dst,bp,New York Giants,8200,DST,NYG,26.5,0.5,26,27,,new-york-giants-defense.php,,,27.5,,,,,,8.0,New York Giants,2026-05-29,NYG
/nfl/rankings/best-ball-dst.php,best-dst,bp,Tennessee Titans,8300,DST,TEN,25.0,0.0,25,25,,tennessee-defense.php,,,12.7,,,,,,9.0,Tennessee Titans,2026-05-29,TEN
/nfl/rankings/best-ball-dst.php,best-dst,bp,Cincinnati Bengals,8060,DST,CIN,27.0,0.0,27,27,,cincinnati-defense.php,,,4.8,,,,,,6.0,Cincinnati Bengals,2026-05-29,CIN
/nfl/rankings/best-ball-dst.php,best-dst,bp,Washington Commanders,8310,DST,WAS,28.0,0.0,28,28,,washington-defense.php,,,17.8,,,,,,7.0,Washington Commanders,2026-05-29,WAS
/nfl/rankings/best-ball-dst.php,best-dst,bp,Arizona Cardinals,8000,DST,ARI,30.0,2.0,28,32,,arizona-defense.php,,,5.8,,,,,-3.0,14.0,Arizona Cardinals,2026-05-29,ARI
/nfl/rankings/best-ball-dst.php,best-dst,bp,Las Vegas Raiders,8220,DST,LV,30.0,0.0,30,30,,las-vegas-defense.php,,,12.2,,,,,,13.0,Las Vegas Raiders,2026-05-29,LVR
/nfl/rankings/best-ball-overall.php,best-overall,bo,Bijan Robinson,23133,RB,ATL,1.5,0.76,1,3,,bijan-robinson.php,,,99.0,,,,,,11.0,Bijan Robinson,2026-05-29,ATL
/nfl/rankings/best-ball-overall.php,best-overall,bo,Jahmyr Gibbs,22968,RB,DET,1.83,0.37,1,2,,jahmyr-gibbs.php,,,99.0,,,,,,6.0,Jahmyr Gibbs,2026-05-29,DET
/nfl/rankings/best-ball-overall.php,best-overall,bo,Ja'Marr Chase,19788,WR,CIN,2.83,0.37,2,3,,jamarr-chase.php,,,99.0,,,,,,6.0,JaMarr Chase,2026-05-29,CIN
/nfl/rankings/best-ball-overall.php,best-overall,bo,Puka Nacua,23180,WR,LAR,4.33,0.47,4,5,,puka-nacua.php,,,99.3,,,,,,11.0,Puka Nacua,2026-05-29,LAR
/nfl/rankings/best-ball-overall.php,best-overall,bo,Jaxon Smith-Njigba,23070,WR,SEA,4.83,0.69,4,6,,jaxon-smith-njigba.php,,,99.4,,,,,,11.0,Jaxon Smith-Njigba,2026-05-29,SEA
/nfl/rankings/best-ball-overall.php,best-overall,bo,Jonathan Taylor,19217,RB,IND,7.33,1.7,6,11,,jonathan-taylor.php,,,99.0,,,,,,13.0,Jonathan Taylor,2026-05-29,IND
/nfl/rankings/best-ball-overall.php,best-overall,bo,Amon-Ra St. Brown,19799,WR,DET,7.67,0.75,7,9,,amonra-stbrown.php,,,99.0,,,,,,6.0,Amon-Ra St Brown,2026-05-29,DET
/nfl/rankings/best-ball-overall.php,best-overall,bo,Christian McCaffrey,16393,RB,SF,8.5,1.71,6,11,,christian-mccaffrey.php,,,99.3,,,,,,8.0,Christian McCaffrey,2026-05-29,SFO
/nfl/rankings/best-ball-overall.php,best-overall,bo,James Cook III,22958,RB,BUF,9.0,2.83,5,12,,james-cook.php,,,99.4,,,,,,7.0,James Cook,2026-05-29,BUF
/nfl/rankings/best-ball-overall.php,best-overall,bo,Justin Jefferson,19236,WR,MIN,9.83,0.69,9,11,,justin-jefferson.php,,,98.9,,,,,,6.0,Justin Jefferson,2026-05-29,MIN
/nfl/rankings/best-ball-overall.php,best-overall,bo,CeeDee Lamb,19202,WR,DAL,10.67,1.8,8,13,,ceedee-lamb.php,,,99.0,,,,,,14.0,CeeDee Lamb,2026-05-29,DAL
/nfl/rankings/best-ball-overall.php,best-overall,bo,Ashton Jeanty,25989,RB,LV,13.5,2.63,10,17,,ashton-jeanty.php,,,98.8,,,,,,13.0,Ashton Jeanty,2026-05-29,LVR
/nfl/rankings/best-ball-overall.php,best-overall,bo,De'Von Achane,23136,RB,MIA,13.83,1.86,10,16,,devon-achane.php,,,98.9,,,,,,6.0,DeVon Achane,2026-05-29,MIA
/nfl/rankings/best-ball-overall.php,best-overall,bo,Drake London,23163,WR,ATL,14.33,2.21,11,18,,drake-london.php,,,98.8,,,,,,11.0,Drake London,2026-05-29,ATL
/nfl/rankings/best-ball-overall.php,best-overall,bo,Chase Brown,25324,RB,CIN,16.67,3.5,12,23,,chase-brown.php,,,98.3,,,,,,6.0,Chase Brown,2026-05-29,CIN
/nfl/rankings/best-ball-overall.php,best-overall,bo,Omarion Hampton,25395,RB,LAC,17.17,3.44,13,23,,omarion-hampton.php,,,98.2,,,,,,7.0,Omarion Hampton,2026-05-29,LAC
/nfl/rankings/best-ball-overall.php,best-overall,bo,Kenneth Walker III,23021,RB,KC,18.33,2.21,15,22,,kenneth-walker-rb.php,,,99.0,,,,,,5.0,Kenneth Walker,2026-05-29,KCC
/nfl/rankings/best-ball-overall.php,best-overall,bo,Brock Bowers,22955,TE,LV,20.0,1.41,19,22,,brock-bowers.php,,,98.8,,,,,,13.0,Brock Bowers,2026-05-29,LVR
/nfl/rankings/best-ball-overall.php,best-overall,bo,Nico Collins,20130,WR,HOU,20.17,2.79,16,24,,nico-collins.php,,,99.1,,,,,,8.0,Nico Collins,2026-05-29,HOU
/nfl/rankings/best-ball-overall.php,best-overall,bo,Trey McBride,22936,TE,ARI,21.0,1.83,18,23,,trey-mcbride.php,,,98.8,,,,,,14.0,Trey McBride,2026-05-29,ARI
/nfl/rankings/best-ball-overall.php,best-overall,bo,Saquon Barkley,17240,RB,PHI,21.33,4.61,13,28,,saquon-barkley.php,,,99.2,,,,,,10.0,Saquon Barkley,2026-05-29,PHI
/nfl/rankings/best-ball-overall.php,best-overall,bo,Malik Nabers,25409,WR,NYG,21.33,4.68,16,30,,malik-nabers.php,,,98.5,,,,,,8.0,Malik Nabers,2026-05-29,NYG
/nfl/rankings/best-ball-overall.php,best-overall,bo,A.J. Brown,18218,WR,PHI,23.33,3.35,17,26,,aj-brown.php,,,98.8,,,,,,10.0,AJ Brown,2026-05-29,PHI
/nfl/rankings/best-ball-overall.php,best-overall,bo,George Pickens,22963,WR,DAL,23.33,2.13,20,26,,george-pickens.php,,,98.7,,,,,,14.0,George Pickens,2026-05-29,DAL
/nfl/rankings/best-ball-overall.php,best-overall,bo,Derrick Henry,15514,RB,BAL,24.0,6.0,17,33,,derrick-henry.php,,,98.4,,,,,,13.0,Derrick Henry,2026-05-29,BAL
/nfl/rankings/best-ball-overall.php,best-overall,bo,Rashee Rice,23113,WR,KC,25.83,5.34,18,34,,rashee-rice.php,,,97.8,,,,,-2.0,5.0,Rashee Rice,2026-05-29,KCC
/nfl/rankings/best-ball-overall.php,best-overall,bo,Jeremiyah Love,25403,RB,ARI,26.5,4.11,21,32,,jeremiyah-love.php,,,96.2,,,,,,14.0,Jeremiyah Love,2026-05-29,ARI
/nfl/rankings/best-ball-overall.php,best-overall,bo,Chris Olave,20111,WR,NO,29.5,3.95,25,36,,chris-olave.php,,,97.8,,,,,,8.0,Chris Olave,2026-05-29,NOS
/nfl/rankings/best-ball-overall.php,best-overall,bo,Josh Allen,17298,QB,BUF,30.0,3.37,24,33,,josh-allen-qb.php,,,99.3,,,,,,7.0,Josh Allen,2026-05-29,BUF
/nfl/rankings/best-ball-overall.php,best-overall,bo,Josh Jacobs,18269,RB,GB,31.17,8.15,25,49,,josh-jacobs.php,,,98.5,,,,,,11.0,Josh Jacobs,2026-05-29,GBP
/nfl/rankings/best-ball-overall.php,best-overall,bo,Javonte Williams,22739,RB,DAL,33.0,6.53,23,42,,javonte-williams.php,,,97.1,,,,,,14.0,Javonte Williams,2026-05-29,DAL
/nfl/rankings/best-ball-overall.php,best-overall,bo,DeVonta Smith,19222,WR,PHI,33.17,3.53,29,38,,devonta-smith.php,,,97.6,,,,,,10.0,DeVonta Smith,2026-05-29,PHI
/nfl/rankings/best-ball-overall.php,best-overall,bo,Zay Flowers,22916,WR,BAL,33.5,2.75,30,38,,zay-flowers.php,,,97.1,,,,,,13.0,Zay Flowers,2026-05-29,BAL
/nfl/rankings/best-ball-overall.php,best-overall,bo,Breece Hall,22982,RB,NYJ,34.83,3.53,30,41,,breece-hall.php,,,97.5,,,,,,13.0,Breece Hall,2026-05-29,NYJ
/nfl/rankings/best-ball-overall.php,best-overall,bo,Tee Higgins,19211,WR,CIN,35.0,4.12,27,39,,tee-higgins.php,,,97.4,,,,,,6.0,Tee Higgins,2026-05-29,CIN
/nfl/rankings/best-ball-overall.php,best-overall,bo,Tetairoa McMillan,25417,WR,CAR,35.33,3.86,31,41,,tetairoa-mcmillan.php,,,97.9,,,,,,5.0,Tetairoa McMillan,2026-05-29,CAR
/nfl/rankings/best-ball-overall.php,best-overall,bo,Garrett Wilson,23072,WR,NYJ,35.5,3.45,31,39,,garrett-wilson.php,,,97.4,,,,,,13.0,Garrett Wilson,2026-05-29,NYJ
/nfl/rankings/best-ball-overall.php,best-overall,bo,Kyren Williams,23059,RB,LAR,38.83,2.91,36,45,,kyren-williams.php,,,97.8,,,,,,11.0,Kyren Williams,2026-05-29,LAR
/nfl/rankings/best-ball-overall.php,best-overall,bo,Travis Etienne Jr.,19231,RB,NO,39.83,4.84,36,50,,travis-etienne.php,,,97.1,,,,,,8.0,Travis Etienne,2026-05-29,NOS
/nfl/rankings/best-ball-overall.php,best-overall,bo,Colston Loveland,26006,TE,CHI,41.0,3.74,34,46,,colston-loveland.php,,,98.6,,,,,,10.0,Colston Loveland,2026-05-29,CHI
/nfl/rankings/best-ball-overall.php,best-overall,bo,Ladd McConkey,26122,WR,LAC,42.0,5.45,34,48,,ladd-mcconkey.php,,,96.9,,,,,,7.0,Ladd McConkey,2026-05-29,LAC
/nfl/rankings/best-ball-overall.php,best-overall,bo,Lamar Jackson,17233,QB,BAL,43.17,6.49,35,53,,lamar-jackson.php,,,98.7,,,,,,13.0,Lamar Jackson,2026-05-29,BAL
/nfl/rankings/best-ball-overall.php,best-overall,bo,Jaylen Waddle,19790,WR,DEN,44.83,7.6,32,58,,jaylen-waddle.php,,,96.1,,,,,,10.0,Jaylen Waddle,2026-05-29,DEN
/nfl/rankings/best-ball-overall.php,best-overall,bo,DJ Moore,17265,WR,BUF,46.5,4.65,37,52,,dj-moore-wr.php,,,94.6,,,,,,7.0,DJ Moore,2026-05-29,BUF
/nfl/rankings/best-ball-overall.php,best-overall,bo,Emeka Egbuka,23062,WR,TB,47.17,1.67,45,50,,emeka-egbuka.php,,,95.8,,,,,,10.0,Emeka Egbuka,2026-05-29,TBB
/nfl/rankings/best-ball-overall.php,best-overall,bo,Bucky Irving,25981,RB,TB,47.5,5.91,40,56,,bucky-irving.php,,,96.6,,,,,,10.0,Bucky Irving,2026-05-29,TBB
/nfl/rankings/best-ball-overall.php,best-overall,bo,Terry McLaurin,18466,WR,WAS,48.33,2.56,45,52,,terry-mclaurin.php,,,95.3,,,,,,7.0,Terry McLaurin,2026-05-29,WAS
/nfl/rankings/best-ball-overall.php,best-overall,bo,Luther Burden III,27016,WR,CHI,48.5,6.18,42,59,,luther-burden-iii.php,,,94.4,,,,,,10.0,Luther Burden,2026-05-29,CHI
/nfl/rankings/best-ball-overall.php,best-overall,bo,Mike Evans,12119,WR,SF,49.33,3.99,44,54,,mike-evans.php,,,93.7,,,,,,8.0,Mike Evans,2026-05-29,SFO
/nfl/rankings/best-ball-overall.php,best-overall,bo,Jameson Williams,23677,WR,DET,50.17,11.85,33,70,,jameson-williams.php,,,95.5,,,,,3.0,6.0,Jameson Williams,2026-05-29,DET
/nfl/rankings/best-ball-overall.php,best-overall,bo,Davante Adams,12123,WR,LAR,51.0,6.14,44,63,,davante-adams.php,,,97.3,,,,,,11.0,Davante Adams,2026-05-29,LAR
/nfl/rankings/best-ball-overall.php,best-overall,bo,Jayden Daniels,22902,QB,WAS,52.5,4.79,48,61,,jayden-daniels.php,,,97.6,,,,,,7.0,Jayden Daniels,2026-05-29,WAS
/nfl/rankings/best-ball-overall.php,best-overall,bo,Christian Watson,23886,WR,GB,53.83,2.79,50,58,,christian-watson.php,,,92.0,,,,,,11.0,Christian Watson,2026-05-29,GBP
/nfl/rankings/best-ball-overall.php,best-overall,bo,David Montgomery,18239,RB,HOU,53.83,2.27,51,57,,david-montgomery.php,,,93.8,,,,,,8.0,David Montgomery,2026-05-29,HOU
/nfl/rankings/best-ball-overall.php,best-overall,bo,Drake Maye,23046,QB,NE,54.17,16.17,28,72,,drake-maye.php,,,99.0,,,,,,11.0,Drake Maye,2026-05-29,NEP
/nfl/rankings/best-ball-overall.php,best-overall,bo,Joe Burrow,19196,QB,CIN,55.17,8.97,42,70,,joe-burrow.php,,,96.9,,,,,,6.0,Joe Burrow,2026-05-29,CIN
/nfl/rankings/best-ball-overall.php,best-overall,bo,Quinshon Judkins,25391,RB,CLE,57.33,4.35,53,66,,quinshon-judkins.php,,,95.0,,,,,,11.0,Quinshon Judkins,2026-05-29,CLE
/nfl/rankings/best-ball-overall.php,best-overall,bo,TreVeyon Henderson,23065,RB,NE,58.83,12.82,43,84,,treveyon-henderson.php,,,95.0,,,,,,11.0,TreVeyon Henderson,2026-05-29,NEP
/nfl/rankings/best-ball-overall.php,best-overall,bo,Carnell Tate,26009,WR,TEN,60.17,2.79,56,64,,carnell-tate.php,,,92.8,,,,,,9.0,Carnell Tate,2026-05-29,TEN
/nfl/rankings/best-ball-overall.php,best-overall,bo,Cam Skattebo,27166,RB,NYG,60.5,5.97,51,71,,cam-skattebo.php,,,96.9,,,,,,8.0,Cam Skattebo,2026-05-29,NYG
/nfl/rankings/best-ball-overall.php,best-overall,bo,D'Andre Swift,19210,RB,CHI,61.17,1.34,59,63,,dandre-swift.php,,,94.0,,,,,,10.0,DAndre Swift,2026-05-29,CHI
/nfl/rankings/best-ball-overall.php,best-overall,bo,Bhayshul Tuten,27297,RB,JAC,61.83,3.48,57,67,,bhayshul-tuten.php,,,92.2,,,,,,7.0,Bhayshul Tuten,2026-05-29,JAC
/nfl/rankings/best-ball-overall.php,best-overall,bo,Alec Pierce,23791,WR,IND,63.5,7.93,48,73,,alec-pierce.php,,,91.1,,,,,,13.0,Alec Pierce,2026-05-29,IND
/nfl/rankings/best-ball-overall.php,best-overall,bo,Tyler Warren,26434,TE,IND,64.17,8.82,47,76,,tyler-warren.php,,,98.3,,,,,,13.0,Tyler Warren,2026-05-29,IND
/nfl/rankings/best-ball-overall.php,best-overall,bo,Rome Odunze,25411,WR,CHI,64.33,9.29,51,77,,rome-odunze.php,,,94.1,,,,,,10.0,Rome Odunze,2026-05-29,CHI
/nfl/rankings/best-ball-overall.php,best-overall,bo,Jalen Hurts,19275,QB,PHI,64.33,6.05,57,73,,jalen-hurts.php,,,97.8,,,,,,10.0,Jalen Hurts,2026-05-29,PHI
/nfl/rankings/best-ball-overall.php,best-overall,bo,Marvin Harrison Jr.,23064,WR,ARI,67.5,5.12,62,76,,marvin-harrison-jr.php,,,92.3,,,,,,14.0,Marvin Harrison,2026-05-29,ARI
/nfl/rankings/best-ball-overall.php,best-overall,bo,Jadarian Price,27329,RB,SEA,67.83,6.18,60,80,,jadarian-price.php,,,89.6,,,,,,11.0,Jadarian Price,2026-05-29,SEA
/nfl/rankings/best-ball-overall.php,best-overall,bo,Jordyn Tyson,26035,WR,NO,69.83,4.37,61,74,,jordyn-tyson.php,,,88.9,,,,,,8.0,Jordyn Tyson,2026-05-29,NOS
/nfl/rankings/best-ball-overall.php,best-overall,bo,Caleb Williams,23084,QB,CHI,70.17,6.91,62,81,,caleb-williams.php,,,94.1,,,,,,10.0,Caleb Williams,2026-05-29,CHI
/nfl/rankings/best-ball-overall.php,best-overall,bo,DK Metcalf,18219,WR,PIT,72.5,9.57,55,83,,dk-metcalf.php,,,93.6,,,,,,9.0,DK Metcalf,2026-05-29,PIT
/nfl/rankings/best-ball-overall.php,best-overall,bo,Jaxson Dart,23160,QB,NYG,74.17,7.45,66,87,,jaxson-dart.php,,,95.6,,,,,,8.0,Jaxson Dart,2026-05-29,NYG
/nfl/rankings/best-ball-overall.php,best-overall,bo,Tucker Kraft,25298,TE,GB,74.83,6.99,64,83,,tucker-kraft.php,,,92.7,,,,,,11.0,Tucker Kraft,2026-05-29,GBP
/nfl/rankings/best-ball-overall.php,best-overall,bo,RJ Harvey,27142,RB,DEN,76.33,6.37,67,83,,rj-harvey.php,,,91.5,,,,,,10.0,RJ Harvey,2026-05-29,DEN
/nfl/rankings/best-ball-overall.php,best-overall,bo,Justin Herbert,18635,QB,LAC,77.83,11.54,58,96,,justin-herbert.php,,,91.9,,,,,,7.0,Justin Herbert,2026-05-29,LAC
/nfl/rankings/best-ball-overall.php,best-overall,bo,Courtland Sutton,17253,WR,DEN,77.83,6.28,68,84,,courtland-sutton.php,,,92.8,,,,,,10.0,Courtland Sutton,2026-05-29,DEN
/nfl/rankings/best-ball-overall.php,best-overall,bo,Jaylen Warren,24209,RB,PIT,78.17,4.41,71,86,,jaylen-warren.php,,,91.2,,,,,,9.0,Jaylen Warren,2026-05-29,PIT
/nfl/rankings/best-ball-overall.php,best-overall,bo,Chuba Hubbard,19792,RB,CAR,79.33,7.06,70,91,,chuba-hubbard.php,,,92.7,,,,,,5.0,Chuba Hubbard,2026-05-29,CAR
/nfl/rankings/best-ball-overall.php,best-overall,bo,Rhamondre Stevenson,22726,RB,NE,80.67,8.5,71,93,,rhamondre-stevenson.php,,,90.5,,,,,,11.0,Rhamondre Stevenson,2026-05-29,NEP
/nfl/rankings/best-ball-overall.php,best-overall,bo,Dak Prescott,15600,QB,DAL,81.0,5.23,76,88,,dak-prescott.php,,,93.1,,,,,,14.0,Dak Prescott,2026-05-29,DAL
/nfl/rankings/best-ball-overall.php,best-overall,bo,Brock Purdy,19797,QB,SF,81.33,7.06,72,94,,brock-purdy.php,,,92.3,,,,,,8.0,Brock Purdy,2026-05-29,SFO
/nfl/rankings/best-ball-overall.php,best-overall,bo,Sam LaPorta,22978,TE,DET,81.67,6.24,73,88,,sam-laporta.php,,,95.1,,,,,,6.0,Sam LaPorta,2026-05-29,DET
/nfl/rankings/best-ball-overall.php,best-overall,bo,Brian Thomas Jr.,23000,WR,JAC,82.67,12.39,69,106,,brian-thomas-jr.php,,,91.4,,,,,,7.0,Brian Thomas,2026-05-29,JAC
/nfl/rankings/best-ball-overall.php,best-overall,bo,Makai Lemon,25420,WR,PHI,82.67,2.92,79,88,,makai-lemon.php,,,88.7,,,,,,10.0,Makai Lemon,2026-05-29,PHI
/nfl/rankings/best-ball-overall.php,best-overall,bo,Harold Fannin Jr.,27050,TE,CLE,83.0,8.6,75,96,,harold-fannin-jr.php,,,95.1,,,,,,11.0,Harold Fannin,2026-05-29,CLE
/nfl/rankings/best-ball-overall.php,best-overall,bo,Parker Washington,23106,WR,JAC,84.67,11.63,70,102,,parker-washington.php,,,89.8,,,,,,7.0,Parker Washington,2026-05-29,JAC
/nfl/rankings/best-ball-overall.php,best-overall,bo,Trevor Lawrence,19780,QB,JAC,87.17,8.67,77,104,,trevor-lawrence.php,,,92.7,,,,,,7.0,Trevor Lawrence,2026-05-29,JAC
/nfl/rankings/best-ball-overall.php,best-overall,bo,Kyle Pitts Sr.,20164,TE,ATL,88.17,7.65,75,98,,kyle-pitts.php,,,95.9,,,,,,11.0,Kyle Pitts,2026-05-29,ATL
/nfl/rankings/best-ball-overall.php,best-overall,bo,Michael Wilson,25333,WR,ARI,89.67,6.55,81,102,,michael-wilson.php,,,90.7,,,,,,14.0,Michael Wilson,2026-05-29,ARI
/nfl/rankings/best-ball-overall.php,best-overall,bo,Rico Dowdle,19647,RB,PIT,91.83,8.03,76,101,,rico-dowdle.php,,,91.1,,,,,,9.0,Rico Dowdle,2026-05-29,PIT
/nfl/rankings/best-ball-overall.php,best-overall,bo,Kyle Monangai,27131,RB,CHI,92.0,6.68,82,101,,kyle-monangai.php,,,89.5,,,,,,10.0,Kyle Monangai,2026-05-29,CHI
/nfl/rankings/best-ball-overall.php,best-overall,bo,Jakobi Meyers,18598,WR,JAC,92.67,8.99,84,107,,jakobi-meyers.php,,,89.4,,,,,,7.0,Jakobi Meyers,2026-05-29,JAC
/nfl/rankings/best-ball-overall.php,best-overall,bo,Patrick Mahomes II,16413,QB,KC,94.0,6.08,87,103,,patrick-mahomes.php,,,92.9,,,,,,5.0,Patrick Mahomes,2026-05-29,KCC
/nfl/rankings/best-ball-overall.php,best-overall,bo,Chris Godwin Jr.,16406,WR,TB,94.17,3.89,89,99,,chris-godwin.php,,,89.7,,,,,,10.0,Chris Godwin,2026-05-29,TBB
/nfl/rankings/best-ball-overall.php,best-overall,bo,Jordan Addison,23107,WR,MIN,95.0,10.42,78,108,,jordan-addison.php,,,88.1,,,,,,6.0,Jordan Addison,2026-05-29,MIN
/nfl/rankings/best-ball-overall.php,best-overall,bo,Tony Pollard,18705,RB,TEN,95.83,9.32,79,108,,tony-pollard.php,,,90.6,,,,,,9.0,Tony Pollard,2026-05-29,TEN
/nfl/rankings/best-ball-overall.php,best-overall,bo,KC Concepcion,27331,WR,CLE,95.83,5.81,86,102,,kevin-concepcion.php,,,70.8,,,,,,11.0,KC Concepcion,2026-05-29,CLE
/nfl/rankings/best-ball-overall.php,best-overall,bo,Michael Pittman Jr.,19278,WR,PIT,97.83,8.51,81,108,,michael-pittman.php,,,90.5,,,,,,9.0,Michael Pittman,2026-05-29,PIT
/nfl/rankings/best-ball-overall.php,best-overall,bo,J.K. Dobbins,19245,RB,DEN,98.83,10.16,92,119,,jk-dobbins.php,,,89.5,,,,,,10.0,JK Dobbins,2026-05-29,DEN
/nfl/rankings/best-ball-overall.php,best-overall,bo,Ricky Pearsall,26214,WR,SF,99.67,6.99,90,108,,ricky-pearsall.php,,,88.3,,,,,,8.0,Ricky Pearsall,2026-05-29,SFO
/nfl/rankings/best-ball-overall.php,best-overall,bo,Wan'Dale Robinson,22985,WR,TEN,101.83,6.07,93,110,,wandale-robinson.php,,,86.0,,,,,,9.0,WanDale Robinson,2026-05-29,TEN
/nfl/rankings/best-ball-overall.php,best-overall,bo,Josh Downs,24706,WR,IND,102.0,11.72,89,119,,josh-downs.php,,,81.7,,,,,,13.0,Josh Downs,2026-05-29,IND
/nfl/rankings/best-ball-overall.php,best-overall,bo,Jayden Reed,23020,WR,GB,103.83,6.59,95,112,,jayden-reed.php,,,81.8,,,,,,11.0,Jayden Reed,2026-05-29,GBP
/nfl/rankings/best-ball-overall.php,best-overall,bo,Bo Nix,22910,QB,DEN,105.33,5.59,95,112,,bo-nix.php,,,91.3,,,,,,10.0,Bo Nix,2026-05-29,DEN
/nfl/rankings/best-ball-overall.php,best-overall,bo,Matthew Stafford,9451,QB,LAR,105.5,4.75,99,112,,matthew-stafford.php,,,92.7,,,,,,11.0,Matthew Stafford,2026-05-29,LAR
/nfl/rankings/best-ball-overall.php,best-overall,bo,Blake Corum,23013,RB,LAR,106.0,11.18,91,124,,blake-corum.php,,,86.9,,,,,,11.0,Blake Corum,2026-05-29,LAR
/nfl/rankings/best-ball-overall.php,best-overall,bo,Travis Kelce,11594,TE,KC,107.0,7.66,96,116,,travis-kelce.php,,,91.9,,,,,,5.0,Travis Kelce,2026-05-29,KCC
/nfl/rankings/best-ball-overall.php,best-overall,bo,Kyler Murray,18600,QB,MIN,107.17,5.98,100,117,,kyler-murray.php,,,80.1,,,,,,6.0,Kyler Murray,2026-05-29,MIN
/nfl/rankings/best-ball-overall.php,best-overall,bo,Jared Goff,15501,QB,DET,111.67,12.32,89,128,,jared-goff.php,,,77.0,,,,,,6.0,Jared Goff,2026-05-29,DET
/nfl/rankings/best-ball-overall.php,best-overall,bo,Romeo Doubs,23794,WR,NE,111.67,11.9,94,127,,romeo-doubs.php,,,78.1,,,,,,11.0,Romeo Doubs,2026-05-29,NEP
/nfl/rankings/best-ball-overall.php,best-overall,bo,George Kittle,16499,TE,SF,112.5,6.8,102,122,,george-kittle.php,,,92.3,,,,,,8.0,George Kittle,2026-05-29,SFO
/nfl/rankings/best-ball-overall.php,best-overall,bo,Jordan Love,19246,QB,GB,114.17,4.88,109,123,,jordan-love.php,,,64.8,,,,,,11.0,Jordan Love,2026-05-29,GBP
/nfl/rankings/best-ball-overall.php,best-overall,bo,Jacory Croskey-Merritt,27316,RB,WAS,115.33,7.78,102,126,,jacory-croskeymerritt.php,,,79.6,,,,,,7.0,Jacory Croskey-Merritt,2026-05-29,WAS
/nfl/rankings/best-ball-overall.php,best-overall,bo,Kenneth Gainwell,23310,RB,TB,115.5,2.63,113,120,,kenneth-gainwell.php,,,86.7,,,,,,10.0,Kenneth Gainwell,2026-05-29,TBB
/nfl/rankings/best-ball-overall.php,best-overall,bo,Baker Mayfield,17237,QB,TB,116.5,6.05,109,127,,baker-mayfield.php,,,64.9,,,,,,10.0,Baker Mayfield,2026-05-29,TBB
/nfl/rankings/best-ball-overall.php,best-overall,bo,Jayden Higgins,27077,WR,HOU,116.67,7.99,100,123,,jayden-higgins.php,,,55.1,,,,,,8.0,Jayden Higgins,2026-05-29,HOU
/nfl/rankings/best-ball-overall.php,best-overall,bo,Xavier Worthy,23019,WR,KC,117.0,10.12,103,127,,xavier-worthy.php,,,82.3,,,,,,5.0,Xavier Worthy,2026-05-29,KCC
/nfl/rankings/best-ball-overall.php,best-overall,bo,Jake Ferguson,22718,TE,DAL,117.33,9.05,105,129,,jake-ferguson.php,,,90.9,,,,,,14.0,Jake Ferguson,2026-05-29,DAL
/nfl/rankings/best-ball-overall.php,best-overall,bo,Isaiah Likely,23781,TE,NYG,117.5,13.15,97,134,,isaiah-likely.php,,,86.1,,,,,,8.0,Isaiah Likely,2026-05-29,NYG
/nfl/rankings/best-ball-overall.php,best-overall,bo,Malik Willis,23499,QB,MIA,118.83,8.27,102,128,,malik-willis.php,,,59.4,,,,,,6.0,Malik Willis,2026-05-29,MIA
/nfl/rankings/best-ball-overall.php,best-overall,bo,Tyler Shough,23096,QB,NO,120.17,9.48,106,133,,tyler-shough.php,,,68.9,,,,,,8.0,Tyler Shough,2026-05-29,NOS
/nfl/rankings/best-ball-overall.php,best-overall,bo,Rachaad White,23891,RB,WAS,120.67,11.5,97,135,,rachaad-white.php,,,78.6,,,,,,7.0,Rachaad White,2026-05-29,WAS
/nfl/rankings/best-ball-overall.php,best-overall,bo,Aaron Jones Sr.,16673,RB,MIN,122.5,9.48,107,137,,aaron-jones.php,,,88.3,,,,,,6.0,Aaron Jones,2026-05-29,MIN
/nfl/rankings/best-ball-overall.php,best-overall,bo,Dalton Kincaid,25247,TE,BUF,123.83,18.05,101,155,,dalton-kincaid.php,,,73.0,,,,,,7.0,Dalton Kincaid,2026-05-29,BUF
/nfl/rankings/best-ball-overall.php,best-overall,bo,Oronde Gadsden II,25997,TE,LAC,126.0,11.85,109,143,,oronde-gadsden-ii.php,,,68.7,,,,,,7.0,Oronde Gadsden,2026-05-29,LAC
/nfl/rankings/best-ball-overall.php,best-overall,bo,Quentin Johnston,23123,WR,LAC,126.67,14.95,104,141,,quentin-johnston.php,,,81.0,,,,,,7.0,Quentin Johnston,2026-05-29,LAC
/nfl/rankings/best-ball-overall.php,best-overall,bo,Jordan Mason,22969,RB,MIN,127.83,5.7,118,136,,jordan-mason.php,,,65.2,,,,,,6.0,Jordan Mason,2026-05-29,MIN
/nfl/rankings/best-ball-overall.php,best-overall,bo,Omar Cooper Jr.,28127,WR,NYJ,127.83,4.18,119,132,,omar-cooper-jr.php,,,53.2,,,,,,13.0,Omar Cooper,2026-05-29,NYJ
/nfl/rankings/best-ball-overall.php,best-overall,bo,Mark Andrews,17269,TE,BAL,128.83,4.49,122,136,,mark-andrews.php,,,87.0,,,,,,13.0,Mark Andrews,2026-05-29,BAL
/nfl/rankings/best-ball-overall.php,best-overall,bo,Khalil Shakir,23748,WR,BUF,129.83,3.29,124,135,,khalil-shakir.php,,,75.5,,,,,,7.0,Khalil Shakir,2026-05-29,BUF
/nfl/rankings/best-ball-overall.php,best-overall,bo,Dallas Goedert,17270,TE,PHI,130.5,5.5,125,142,,dallas-goedert.php,,,91.0,,,,,,10.0,Dallas Goedert,2026-05-29,PHI
/nfl/rankings/best-ball-overall.php,best-overall,bo,Jonathon Brooks,26148,RB,CAR,131.33,18.08,112,157,,jonathon-brooks.php,,,61.4,,,,,,5.0,Jonathon Brooks,2026-05-29,CAR
/nfl/rankings/best-ball-overall.php,best-overall,bo,Chris Rodriguez Jr.,22986,RB,JAC,131.5,13.43,118,154,,chris-rodriguez-jr.php,,,53.9,,,,,,7.0,Chris Rodriguez,2026-05-29,JAC
/nfl/rankings/best-ball-overall.php,best-overall,bo,Matthew Golden,26024,WR,GB,131.83,11.2,114,146,,matthew-golden.php,,,74.4,,,,,,11.0,Matthew Golden,2026-05-29,GBP
/nfl/rankings/best-ball-overall.php,best-overall,bo,Jalen Coker,26403,WR,CAR,135.83,12.18,120,151,,jalen-coker.php,,,57.9,,,,,,5.0,Jalen Coker,2026-05-29,CAR
/nfl/rankings/best-ball-overall.php,best-overall,bo,Tyler Allgeier,24172,RB,ARI,136.67,11.41,119,151,,tyler-allgeier.php,,,61.7,,,,,,14.0,Tyler Allgeier,2026-05-29,ARI
/nfl/rankings/best-ball-overall.php,best-overall,bo,Sam Darnold,17236,QB,SEA,137.67,5.31,132,146,,sam-darnold.php,,,52.3,,,,,,11.0,Sam Darnold,2026-05-29,SEA
/nfl/rankings/best-ball-overall.php,best-overall,bo,Denzel Boston,27339,WR,CLE,141.83,4.14,137,148,,denzel-boston.php,,,45.7,,,,,,11.0,Denzel Boston,2026-05-29,CLE
/nfl/rankings/best-ball-overall.php,best-overall,bo,Jonah Coleman,27320,RB,DEN,142.33,12.04,133,167,,jonah-coleman.php,,,43.4,,,,,,10.0,Jonah Coleman,2026-05-29,DEN
/nfl/rankings/best-ball-overall.php,best-overall,bo,C.J. Stroud,23071,QB,HOU,142.83,7.86,132,155,,cj-stroud.php,,,48.1,,,,,,8.0,CJ Stroud,2026-05-29,HOU
/nfl/rankings/best-ball-overall.php,best-overall,bo,Zach Charbonnet,23152,RB,SEA,146.0,22.27,124,191,,zach-charbonnet.php,,,74.7,,,,,,11.0,Zach Charbonnet,2026-05-29,SEA
/nfl/rankings/best-ball-overall.php,best-overall,bo,Brenton Strange,25345,TE,JAC,146.67,7.76,137,158,,brenton-strange.php,,,59.6,,,,,,7.0,Brenton Strange,2026-05-29,JAC
/nfl/rankings/best-ball-overall.php,best-overall,bo,Juwan Johnson,19562,TE,NO,147.17,11.13,136,170,,juwan-johnson.php,,,59.8,,,,,,8.0,Juwan Johnson,2026-05-29,NOS
/nfl/rankings/best-ball-overall.php,best-overall,bo,Tyrone Tracy Jr.,22980,RB,NYG,147.83,7.69,138,157,,tyrone-tracy-jr.php,,,49.8,,,,,,8.0,Tyrone Tracy,2026-05-29,NYG
/nfl/rankings/best-ball-overall.php,best-overall,bo,Rashid Shaheed,24687,WR,SEA,149.83,10.14,133,162,,rashid-shaheed.php,,,52.2,,,,,,11.0,Rashid Shaheed,2026-05-29,SEA
/nfl/rankings/best-ball-overall.php,best-overall,bo,Keaton Mitchell,25360,RB,LAC,151.67,6.26,143,159,,keaton-mitchell.php,,,39.7,,,,,,7.0,Keaton Mitchell,2026-05-29,LAC
/nfl/rankings/best-ball-overall.php,best-overall,bo,Kenyon Sadiq,26055,TE,NYJ,152.67,23.34,130,202,,kenyon-sadiq.php,,,75.0,,,,,,13.0,Kenyon Sadiq,2026-05-29,NYJ
/nfl/rankings/best-ball-overall.php,best-overall,bo,Stefon Diggs,13981,WR,FA,152.83,10.19,140,169,,stefon-diggs.php,,,56.1,,,,,,,Stefon Diggs,2026-05-29,FA
/nfl/rankings/best-ball-overall.php,best-overall,bo,Cam Ward,24755,QB,TEN,153.67,11.41,138,174,,cam-ward.php,,,43.7,,,,,,9.0,Cam Ward,2026-05-29,TEN
/nfl/rankings/best-ball-overall.php,best-overall,bo,Woody Marks,27520,RB,HOU,154.17,7.36,144,165,,woody-marks.php,,,67.6,,,,,,8.0,Woody Marks,2026-05-29,HOU
/nfl/rankings/best-ball-overall.php,best-overall,bo,Dylan Sampson,27102,RB,CLE,155.33,11.63,134,170,,dylan-sampson.php,,,37.5,,,,,,11.0,Dylan Sampson,2026-05-29,CLE
/nfl/rankings/best-ball-overall.php,best-overall,bo,Bryce Young,22900,QB,CAR,156.5,16.17,138,190,,bryce-young.php,,,41.3,,,,,,5.0,Bryce Young,2026-05-29,CAR
/nfl/rankings/best-ball-overall.php,best-overall,bo,Jalen McMillan,23179,WR,TB,157.33,20.2,129,183,,jalen-mcmillan.php,,,42.2,,,,,,10.0,Jalen McMillan,2026-05-29,TBB
/nfl/rankings/best-ball-overall.php,best-overall,bo,Chig Okonkwo,23982,TE,WAS,157.5,7.54,148,171,,chigoziem-okonkwo.php,,,42.8,,,,,,7.0,Chigoziem Okonkwo,2026-05-29,WAS
/nfl/rankings/best-ball-overall.php,best-overall,bo,Isiah Pacheco,24333,RB,DET,159.0,12.22,139,177,,isiah-pacheco.php,,,59.5,,,,,,6.0,Isiah Pacheco,2026-05-29,DET
/nfl/rankings/best-ball-overall.php,best-overall,bo,Emmett Johnson,28107,RB,KC,161.67,14.0,144,185,,emmett-johnson.php,,,31.8,,,,,,5.0,Emmett Johnson,2026-05-29,KCC
/nfl/rankings/best-ball-overall.php,best-overall,bo,Jauan Jennings,19590,WR,MIN,164.33,17.76,137,185,,jauan-jennings.php,,,46.4,,,,,,6.0,Jauan Jennings,2026-05-29,MIN
/nfl/rankings/best-ball-overall.php,best-overall,bo,Hunter Henry,15561,TE,NE,166.0,13.0,146,180,,hunter-henry.php,,,68.4,,,,,,11.0,Hunter Henry,2026-05-29,NEP
/nfl/rankings/best-ball-overall.php,best-overall,bo,Antonio Williams,25418,WR,WAS,166.67,15.77,149,196,,antonio-williams-wr.php,,,29.2,,,,,,7.0,Antonio Williams,2026-05-29,WAS
/nfl/rankings/best-ball-overall.php,best-overall,bo,Daniel Jones,18232,QB,IND,167.17,26.8,147,226,,daniel-jones.php,,,52.6,,,,,,13.0,Daniel Jones,2026-05-29,IND
/nfl/rankings/best-ball-overall.php,best-overall,bo,Jalen Nailor,24177,WR,LV,168.5,20.19,148,204,,jalen-nailor.php,,,32.0,,,,,,13.0,Jalen Nailor,2026-05-29,LVR
/nfl/rankings/best-ball-overall.php,best-overall,bo,Braelon Allen,24346,RB,NYJ,169.0,25.42,144,221,,braelon-allen.php,,,34.6,,,,,,13.0,Braelon Allen,2026-05-29,NYJ
/nfl/rankings/best-ball-overall.php,best-overall,bo,Tyjae Spears,25323,RB,TEN,169.0,6.78,158,176,,tyjae-spears.php,,,61.1,,,,,,9.0,Tyjae Spears,2026-05-29,TEN
/nfl/rankings/best-ball-overall.php,best-overall,bo,T.J. Hockenson,18290,TE,MIN,169.5,19.47,145,198,,tj-hockenson.php,,,67.4,,,,,,6.0,TJ Hockenson,2026-05-29,MIN
/nfl/rankings/best-ball-overall.php,best-overall,bo,Jerry Jeudy,19201,WR,CLE,170.5,11.84,152,190,,jerry-jeudy.php,,,45.9,,,,,,11.0,Jerry Jeudy,2026-05-29,CLE
/nfl/rankings/best-ball-overall.php,best-overall,bo,Dalton Schultz,17349,TE,HOU,170.67,15.4,146,189,,dalton-schultz.php,,,38.1,,,,,,8.0,Dalton Schultz,2026-05-29,HOU
/nfl/rankings/best-ball-overall.php,best-overall,bo,Alvin Kamara,16421,RB,NO,172.33,16.35,155,199,,alvin-kamara.php,,,58.1,,,,,,8.0,Alvin Kamara,2026-05-29,NOS
/nfl/rankings/best-ball-overall.php,best-overall,bo,Brian Robinson Jr.,20094,RB,ATL,173.83,16.3,152,200,,brian-robinson-jr.php,,,40.0,,,,,,11.0,Brian Robinson,2026-05-29,ATL
/nfl/rankings/best-ball-overall.php,best-overall,bo,Germie Bernard,26039,WR,PIT,175.0,17.89,153,199,,germie-bernard.php,,,22.4,,,,,,9.0,Germie Bernard,2026-05-29,PIT
/nfl/rankings/best-ball-overall.php,best-overall,bo,Kaytron Allen,24362,RB,WAS,178.0,18.78,154,211,,kaytron-allen.php,,,24.8,,,,,,7.0,Kaytron Allen,2026-05-29,WAS
/nfl/rankings/best-ball-overall.php,best-overall,bo,Tank Bigsby,22908,RB,PHI,178.83,5.18,168,184,,tank-bigsby.php,,,28.1,,,,,,10.0,Tank Bigsby,2026-05-29,PHI
/nfl/rankings/best-ball-overall.php,best-overall,bo,Mike Washington Jr.,28108,RB,LV,179.67,20.95,150,211,,mike-washington-jr.php,,,30.9,,,,,,13.0,Mike Washington,2026-05-29,LVR
/nfl/rankings/best-ball-overall.php,best-overall,bo,AJ Barner,26335,TE,SEA,180.5,12.37,160,195,,aj-barner.php,,,41.6,,,,,,11.0,AJ Barner,2026-05-29,SEA
/nfl/rankings/best-ball-overall.php,best-overall,bo,Brandon Aiyuk,19252,WR,SF,181.33,11.91,162,197,,brandon-aiyuk.php,,,41.7,,,,,,8.0,Brandon Aiyuk,2026-05-29,SFO
/nfl/rankings/best-ball-overall.php,best-overall,bo,Travis Hunter,26034,WR,JAC,182.0,28.88,153,230,,travis-hunter.php,,,67.6,,,,,,7.0,Travis Hunter,2026-05-29,JAC
/nfl/rankings/best-ball-overall.php,best-overall,bo,Calvin Ridley,17258,WR,TEN,182.5,12.95,159,200,,calvin-ridley.php,,,37.7,,,,,,9.0,Calvin Ridley,2026-05-29,TEN
/nfl/rankings/best-ball-overall.php,best-overall,bo,Kayshon Boutte,22989,WR,NE,183.67,8.71,173,195,,kayshon-boutte.php,,,30.8,,,,,,11.0,Kayshon Boutte,2026-05-29,NEP
/nfl/rankings/best-ball-overall.php,best-overall,bo,Emanuel Wilson,25885,RB,SEA,184.67,22.4,144,216,,emanuel-wilson.php,,,30.0,,,,,,11.0,Emanuel Wilson,2026-05-29,SEA
/nfl/rankings/best-ball-overall.php,best-overall,bo,Isaac TeSlaa,27446,WR,DET,185.17,15.68,163,206,,isaac-teslaa.php,,,26.5,,,,,,6.0,Isaac TeSlaa,2026-05-29,DET
/nfl/rankings/best-ball-overall.php,best-overall,bo,Tre' Harris,26215,WR,LAC,187.17,8.39,177,202,,tre-harris.php,,,23.8,,,,,,7.0,Tre Harris,2026-05-29,LAC
/nfl/rankings/best-ball-overall.php,best-overall,bo,Darnell Mooney,19810,WR,NYG,188.83,12.44,171,209,,darnell-mooney.php,,,21.7,,,,,,8.0,Darnell Mooney,2026-05-29,NYG
/nfl/rankings/best-ball-overall.php,best-overall,bo,Adonai Mitchell,24357,WR,NYJ,190.33,10.86,175,208,,adonai-mitchell.php,,,23.1,,,,,,13.0,Adonai Mitchell,2026-05-29,NYJ
/nfl/rankings/best-ball-overall.php,best-overall,bo,Jaylin Noel,27122,WR,HOU,194.33,24.07,161,223,,jaylin-noel.php,,,18.2,,,,,,8.0,Jaylin Noel,2026-05-29,HOU
/nfl/rankings/best-ball-overall.php,best-overall,bo,Dontayvion Wicks,24354,WR,PHI,195.83,18.74,172,221,,dontayvion-wicks.php,,,15.0,,,,,,10.0,Dontayvion Wicks,2026-05-29,PHI
/nfl/rankings/best-ball-overall.php,best-overall,bo,Greg Dulcich,23153,TE,MIA,197.83,21.13,156,226,,greg-dulcich.php,,,15.6,,,,,,6.0,Greg Dulcich,2026-05-29,MIA
/nfl/rankings/best-ball-overall.php,best-overall,bo,Chris Bell,26038,WR,MIA,197.83,17.22,170,226,,chris-bell.php,,,26.9,,,,,,6.0,Chris Bell,2026-05-29,MIA
/nfl/rankings/best-ball-overall.php,best-overall,bo,Jacoby Brissett,15642,QB,ARI,198.5,16.46,175,218,,jacoby-brissett.php,,,30.8,,,,,,14.0,Jacoby Brissett,2026-05-29,ARI
/nfl/rankings/best-ball-overall.php,best-overall,bo,Geno Smith,11687,QB,NYJ,174.8,22.19,156,217,,geno-smith.php,,,25.3,,,,,,13.0,Geno Smith,2026-05-29,NYJ
/nfl/rankings/best-ball-overall.php,best-overall,bo,Nicholas Singleton,24343,RB,TEN,200.67,54.92,167,322,,nick-singleton.php,,,30.7,,,,,,9.0,Nicholas Singleton,2026-05-29,TEN
/nfl/rankings/best-ball-overall.php,best-overall,bo,Tre Tucker,25337,WR,LV,177.4,19.68,141,196,,tre-tucker.php,,,28.8,,,,,,13.0,Tre Tucker,2026-05-29,LVR
/nfl/rankings/best-ball-overall.php,best-overall,bo,Chris Brazzell II,28047,WR,CAR,202.5,9.79,189,216,,chris-brazzell-ii.php,,,17.6,,,,,,5.0,Chris Brazzell,2026-05-29,CAR
/nfl/rankings/best-ball-overall.php,best-overall,bo,Fernando Mendoza,28013,QB,LV,180.4,4.22,176,186,,fernando-mendoza.php,,,42.9,,,,,,13.0,Fernando Mendoza,2026-05-29,LVR
/nfl/rankings/best-ball-overall.php,best-overall,bo,Cade Otton,23181,TE,TB,208.83,13.55,193,230,,cade-otton.php,,,26.8,,,,,,10.0,Cade Otton,2026-05-29,TBB
/nfl/rankings/best-ball-overall.php,best-overall,bo,Pat Freiermuth,20163,TE,PIT,187.8,23.66,156,229,,pat-freiermuth.php,,,25.0,,,,,,9.0,Pat Freiermuth,2026-05-29,PIT
/nfl/rankings/best-ball-overall.php,best-overall,bo,Zachariah Branch,25419,WR,ATL,212.17,11.11,199,231,,zachariah-branch.php,,,23.1,,,,,,11.0,Zachariah Branch,2026-05-29,ATL
/nfl/rankings/best-ball-overall.php,best-overall,bo,Gunnar Helm,27109,TE,TEN,214.0,13.87,198,237,,gunnar-helm.php,,,26.0,,,,,,9.0,Gunnar Helm,2026-05-29,TEN
/nfl/rankings/best-ball-overall.php,best-overall,bo,Elijah Sarratt,27463,WR,BAL,215.0,15.77,198,238,,elijah-sarratt.php,,,19.4,,,,,,13.0,Elijah Sarratt,2026-05-29,BAL
/nfl/rankings/best-ball-overall.php,best-overall,bo,Ryan Flournoy,26398,WR,DAL,194.0,32.35,152,247,,ryan-flournoy.php,,,20.4,,,,,,14.0,Ryan Flournoy,2026-05-29,DAL
/nfl/rankings/best-ball-overall.php,best-overall,bo,De'Zhaun Stribling,28138,WR,SF,195.0,19.52,161,220,,dezhaun-stribling.php,,,16.1,,,,,,8.0,DeZhaun Stribling,2026-05-29,SFO
/nfl/rankings/best-ball-overall.php,best-overall,bo,Terrance Ferguson,23091,TE,LAR,216.83,6.49,209,227,,terrance-ferguson.php,,,26.9,,,,,,11.0,Terrance Ferguson,2026-05-29,LAR
/nfl/rankings/best-ball-overall.php,best-overall,bo,Houston Texans,8120,DST,HOU,167.25,22.7,149,205,,houston-defense.php,,,94.2,,,,,,8.0,Houston Texans,2026-05-29,HOU
/nfl/rankings/best-ball-overall.php,best-overall,bo,Tank Dell,25361,WR,HOU,198.0,17.49,177,228,,nathaniel-dell.php,,,30.0,,,,,,8.0,Tank Dell,2026-05-29,HOU
/nfl/rankings/best-ball-overall.php,best-overall,bo,Aaron Rodgers,9001,QB,PIT,198.2,32.96,164,258,,aaron-rodgers.php,,,27.3,,,,,,9.0,Aaron Rodgers,2026-05-29,PIT
/nfl/rankings/best-ball-overall.php,best-overall,bo,Ted Hurst III,28130,WR,TB,218.67,17.99,186,239,,ted-hurst.php,,,16.2,,,,,,10.0,Ted Hurst,2026-05-29,TBB
/nfl/rankings/best-ball-overall.php,best-overall,bo,Deshaun Watson,16398,QB,CLE,199.8,35.04,141,240,,deshaun-watson.php,,,18.7,,,,,,11.0,Deshaun Watson,2026-05-29,CLE
/nfl/rankings/best-ball-overall.php,best-overall,bo,Tyreek Hill,15802,WR,FA,200.2,18.28,179,231,,tyreek-hill.php,,,49.0,,,,,,,Tyreek Hill,2026-05-29,FA
/nfl/rankings/best-ball-overall.php,best-overall,bo,James Conner,16447,RB,ARI,221.33,39.41,170,300,,james-conner.php,,,41.1,,,,,,14.0,James Conner,2026-05-29,ARI
/nfl/rankings/best-ball-overall.php,best-overall,bo,Denver Broncos,8090,DST,DEN,173.0,21.61,158,210,,denver-defense.php,,,92.4,,,,,,10.0,Denver Broncos,2026-05-29,DEN
/nfl/rankings/best-ball-overall.php,best-overall,bo,Pat Bryant,27211,WR,DEN,223.0,25.07,192,266,,pat-bryant.php,,,20.9,,,,,,10.0,Pat Bryant,2026-05-29,DEN
/nfl/rankings/best-ball-overall.php,best-overall,bo,Deebo Samuel Sr.,18244,WR,FA,204.4,28.97,172,256,,deebo-samuel.php,,,42.1,,,,,,,Deebo Samuel,2026-05-29,FA
/nfl/rankings/best-ball-overall.php,best-overall,bo,Seattle Seahawks,8260,DST,SEA,176.75,20.98,163,213,,seattle-defense.php,,,95.2,,,,,,11.0,Seattle Seahawks,2026-05-29,SEA
/nfl/rankings/best-ball-overall.php,best-overall,bo,Malik Washington,26314,WR,MIA,206.0,17.55,189,238,,malik-washington.php,,,20.5,,,,,,6.0,Malik Washington,2026-05-29,MIA
/nfl/rankings/best-ball-overall.php,best-overall,bo,Cooper Kupp,16433,WR,SEA,225.17,18.79,201,260,,cooper-kupp.php,,,20.7,,,,,,11.0,Cooper Kupp,2026-05-29,SEA
/nfl/rankings/best-ball-overall.php,best-overall,bo,Mike Gesicki,17272,TE,CIN,225.33,23.04,187,255,,mike-gesicki.php,,,18.5,,,,,,6.0,Mike Gesicki,2026-05-29,CIN
/nfl/rankings/best-ball-overall.php,best-overall,bo,Ray Davis,26191,RB,BUF,225.67,17.23,202,250,,ray-davis.php,,,20.9,,,,,,7.0,Ray Davis,2026-05-29,BUF
/nfl/rankings/best-ball-overall.php,best-overall,bo,Rashod Bateman,19794,WR,BAL,225.83,21.54,196,252,,rashod-bateman.php,,,13.0,,,,,,13.0,Rashod Bateman,2026-05-29,BAL
/nfl/rankings/best-ball-overall.php,best-overall,bo,Malachi Fields,27994,WR,NYG,226.33,16.43,205,255,,malachi-fields.php,,,18.3,,,,,,8.0,Malachi Fields,2026-05-29,NYG
/nfl/rankings/best-ball-overall.php,best-overall,bo,Los Angeles Rams,8280,DST,LAR,180.0,21.41,166,217,,los-angeles-rams-defense.php,,,76.1,,,,,,11.0,Los Angeles Rams,2026-05-29,LAR
/nfl/rankings/best-ball-overall.php,best-overall,bo,Philadelphia Eagles,8230,DST,PHI,181.25,21.84,167,219,,philadelphia-defense.php,,,81.3,,,,,,10.0,Philadelphia Eagles,2026-05-29,PHI
/nfl/rankings/best-ball-overall.php,best-overall,bo,Chimere Dike,27315,WR,TEN,229.17,19.33,211,259,,chimere-dike.php,,,22.0,,,,,,9.0,Chimere Dike,2026-05-29,TEN
/nfl/rankings/best-ball-overall.php,best-overall,bo,Kimani Vidal,26355,RB,LAC,230.0,38.28,202,314,,kimani-vidal.php,,,25.1,,,,,,7.0,Kimani Vidal,2026-05-29,LAC
/nfl/rankings/best-ball-overall.php,best-overall,bo,Troy Franklin,23092,WR,DEN,230.0,10.52,212,243,,troy-franklin.php,,,22.6,,,,,,10.0,Troy Franklin,2026-05-29,DEN
/nfl/rankings/best-ball-overall.php,best-overall,bo,David Njoku,16399,TE,LAC,212.6,17.58,194,242,,david-njoku.php,,,34.0,,,,,,7.0,David Njoku,2026-05-29,LAC
/nfl/rankings/best-ball-overall.php,best-overall,bo,Minnesota Vikings,8170,DST,MIN,189.25,20.22,174,224,,minnesota-defense.php,,,63.6,,,,,,6.0,Minnesota Vikings,2026-05-29,MIN
/nfl/rankings/best-ball-overall.php,best-overall,bo,Ja'Kobi Lane,27337,WR,BAL,217.0,49.56,134,280,,jakobi-lane.php,,,20.2,,,,,,13.0,JaKobi Lane,2026-05-29,BAL
/nfl/rankings/best-ball-overall.php,best-overall,bo,Bryce Lance,28129,WR,NO,217.8,30.28,162,245,,bryce-lance.php,,,4.3,,,,,,8.0,Bryce Lance,2026-05-29,NOS
/nfl/rankings/best-ball-overall.php,best-overall,bo,New England Patriots,8180,DST,NE,192.25,21.41,176,229,,new-england-defense.php,,,80.9,,,,,,11.0,New England Patriots,2026-05-29,NEP
/nfl/rankings/best-ball-overall.php,best-overall,bo,Jacksonville Jaguars,8140,DST,JAC,192.75,21.61,177,230,,jacksonville-defense.php,,,65.5,,,,,,7.0,Jacksonville Jaguars,2026-05-29,JAC
/nfl/rankings/best-ball-overall.php,best-overall,bo,Los Angeles Chargers,8250,DST,LAC,194.75,21.61,179,232,,los-angeles-chargers-defense.php,,,48.3,,,,,,7.0,Los Angeles Chargers,2026-05-29,LAC
/nfl/rankings/best-ball-overall.php,best-overall,bo,Green Bay Packers,8110,DST,GB,196.25,21.37,180,233,,green-bay-defense.php,,,36.7,,,,,2.0,11.0,Green Bay Packers,2026-05-29,GBP
/nfl/rankings/best-ball-overall.php,best-overall,bo,Eli Stowers,23144,TE,PHI,238.33,42.83,192,324,,eli-stowers.php,,,30.8,,,,,,10.0,Eli Stowers,2026-05-29,PHI
/nfl/rankings/best-ball-overall.php,best-overall,bo,Pittsburgh Steelers,8240,DST,PIT,198.0,22.66,181,237,,pittsburgh-defense.php,,,66.0,,,,,4.0,9.0,Pittsburgh Steelers,2026-05-29,PIT
/nfl/rankings/best-ball-overall.php,best-overall,bo,Michael Penix Jr.,22973,QB,ATL,223.2,19.28,191,248,,michael-penix-jr.php,,,23.5,,,,,,11.0,Michael Penix,2026-05-29,ATL
/nfl/rankings/best-ball-overall.php,best-overall,bo,Sean Tucker,23679,RB,TB,224.4,39.08,182,290,,sean-tucker.php,,,22.5,,,,,,10.0,Sean Tucker,2026-05-29,TBB
/nfl/rankings/best-ball-overall.php,best-overall,bo,Elic Ayomanor,27059,WR,TEN,240.5,25.71,219,286,,elic-ayomanor.php,,,18.4,,,,,,9.0,Elic Ayomanor,2026-05-29,TEN
/nfl/rankings/best-ball-overall.php,best-overall,bo,Tory Horton,26022,WR,SEA,225.2,15.09,206,241,,tory-horton.php,,,20.3,,,,,,11.0,Tory Horton,2026-05-29,SEA
/nfl/rankings/best-ball-overall.php,best-overall,bo,Christian Kirk,17268,WR,SF,226.0,24.11,184,254,,christian-kirk.php,,,18.5,,,,,,8.0,Christian Kirk,2026-05-29,SFO
/nfl/rankings/best-ball-overall.php,best-overall,bo,Cleveland Browns,8070,DST,CLE,203.75,22.38,184,241,,cleveland-defense.php,,,36.6,,,,,6.0,11.0,Cleveland Browns,2026-05-29,CLE
/nfl/rankings/best-ball-overall.php,best-overall,bo,Jaylen Wright,25987,RB,MIA,244.5,33.48,210,315,,jaylen-wright.php,,,18.1,,,,,,6.0,Jaylen Wright,2026-05-29,MIA
/nfl/rankings/best-ball-overall.php,best-overall,bo,Detroit Lions,8100,DST,DET,206.5,21.37,189,243,,detroit-defense.php,,,39.6,,,,,6.0,6.0,Detroit Lions,2026-05-29,DET
/nfl/rankings/best-ball-overall.php,best-overall,bo,Tua Tagovailoa,19198,QB,ATL,229.4,20.92,205,264,,tua-tagovailoa.php,,,25.2,,,,,,11.0,Tua Tagovailoa,2026-05-29,ATL
/nfl/rankings/best-ball-overall.php,best-overall,bo,Darius Slayton,18706,WR,NYG,234.0,27.48,200,268,,darius-slayton.php,,,9.3,,,,,,8.0,Darius Slayton,2026-05-29,NYG
/nfl/rankings/best-ball-overall.php,best-overall,bo,Jahan Dotson,23101,WR,ATL,234.6,44.23,163,285,,jahan-dotson.php,,,5.8,,,,,,11.0,Jahan Dotson,2026-05-29,ATL
/nfl/rankings/best-ball-overall.php,best-overall,bo,Kaelon Black,28401,RB,SF,235.6,13.84,214,255,,kaelon-black.php,,,10.4,,,,,,8.0,Kaelon Black,2026-05-29,SFO
/nfl/rankings/best-ball-overall.php,best-overall,bo,Kansas City Chiefs,8150,DST,KC,214.75,19.32,201,248,,kansas-city-defense.php,,,25.1,,,,,7.0,5.0,Kansas City Chiefs,2026-05-29,KCC
/nfl/rankings/best-ball-overall.php,best-overall,bo,Devaughn Vele,26409,WR,NO,236.8,23.06,208,269,,devaughn-vele.php,,,15.1,,,,,,8.0,Devaughn Vele,2026-05-29,NOS
/nfl/rankings/best-ball-overall.php,best-overall,bo,Tyquan Thornton,22913,WR,KC,238.2,51.94,140,295,,tyquan-thornton.php,,,6.8,,,,,,5.0,Tyquan Thornton,2026-05-29,KCC
/nfl/rankings/best-ball-overall.php,best-overall,bo,Skyler Bell,28126,WR,BUF,239.4,26.99,211,272,,skyler-bell.php,,,15.8,,,,,,7.0,Skyler Bell,2026-05-29,BUF
/nfl/rankings/best-ball-overall.php,best-overall,bo,Shedeur Sanders,25968,QB,CLE,239.8,9.24,224,252,,shedeur-sanders.php,,,23.8,,,,,,11.0,Shedeur Sanders,2026-05-29,CLE
/nfl/rankings/best-ball-overall.php,best-overall,bo,Evan Engram,16411,TE,DEN,239.8,9.74,224,249,,evan-engram.php,,,18.9,,,,,,10.0,Evan Engram,2026-05-29,DEN
/nfl/rankings/best-ball-overall.php,best-overall,bo,Buffalo Bills,8030,DST,BUF,220.0,19.3,206,253,,buffalo-defense.php,,,32.7,,,,,8.0,7.0,Buffalo Bills,2026-05-29,BUF
/nfl/rankings/best-ball-overall.php,best-overall,bo,Ollie Gordon II,25984,RB,MIA,241.2,42.46,197,312,,ollie-gordon.php,,,9.9,,,,,,6.0,Ollie Gordon,2026-05-29,MIA
/nfl/rankings/best-ball-overall.php,best-overall,bo,Theo Johnson,23104,TE,NYG,242.2,14.91,226,267,,theo-johnson.php,,,22.0,,,,,,8.0,Theo Johnson,2026-05-29,NYG
/nfl/rankings/best-ball-overall.php,best-overall,bo,Justice Hill,18256,RB,BAL,242.4,30.97,193,271,,justice-hill.php,,,10.7,,,,,,13.0,Justice Hill,2026-05-29,BAL
/nfl/rankings/best-ball-overall.php,best-overall,bo,Jack Bech,27224,WR,LV,242.6,25.77,209,285,,jack-bech.php,,,16.6,,,,,,13.0,Jack Bech,2026-05-29,LVR
/nfl/rankings/best-ball-overall.php,best-overall,bo,Demond Claiborne,28084,RB,MIN,246.2,43.88,213,333,,demond-claiborne.php,,,18.0,,,,,,6.0,Demond Claiborne,2026-05-29,MIN
/nfl/rankings/best-ball-overall.php,best-overall,bo,Kirk Cousins,11177,QB,LV,246.6,23.43,202,267,,kirk-cousins.php,,,19.6,,,,,,13.0,Kirk Cousins,2026-05-29,LVR
/nfl/rankings/best-ball-overall.php,best-overall,bo,Hollywood Brown,18226,WR,PHI,249.2,8.8,236,259,,marquise-brown.php,,,10.2,,,,,,10.0,Marquise Brown,2026-05-29,PHI
/nfl/rankings/best-ball-overall.php,best-overall,bo,DJ Giddens,27097,RB,IND,268.17,42.67,225,356,,dj-giddens.php,,,6.9,,,,,,13.0,DJ Giddens,2026-05-29,IND
/nfl/rankings/best-ball-overall.php,best-overall,bo,Ty Johnson,18406,RB,BUF,251.2,28.19,213,279,,ty-johnson.php,,,6.6,,,,,,7.0,Ty Johnson,2026-05-29,BUF
/nfl/rankings/best-ball-overall.php,best-overall,bo,Baltimore Ravens,8020,DST,BAL,234.0,18.07,220,265,,baltimore-defense.php,,,42.7,,,,,8.0,13.0,Baltimore Ravens,2026-05-29,BAL
/nfl/rankings/best-ball-overall.php,best-overall,bo,Joshua Palmer,22845,WR,BUF,251.4,23.17,212,278,,josh-palmer.php,,,1.9,,,,,,7.0,Josh Palmer,2026-05-29,BUF
/nfl/rankings/best-ball-overall.php,best-overall,bo,Brandon Aubrey,26068,K,DAL,206.33,37.28,178,259,,brandon-aubrey.php,,,96.3,,,,,,14.0,Brandon Aubrey,2026-05-29,DAL
/nfl/rankings/best-ball-overall.php,best-overall,bo,Jordan James,27310,RB,SF,259.4,54.64,200,357,,jordan-james.php,,,16.4,,,,,,8.0,Jordan James,2026-05-29,SFO
/nfl/rankings/best-ball-overall.php,best-overall,bo,Marvin Mims Jr.,23080,WR,DEN,236.5,36.94,177,277,,marvin-mims.php,,,14.8,,,,,,10.0,Marvin Mims,2026-05-29,DEN
/nfl/rankings/best-ball-overall.php,best-overall,bo,Ka'imi Fairbairn,15756,K,HOU,210.0,36.12,182,261,,kaimi-fairbairn.php,,,86.5,,,,,,8.0,Kaimi Fairbairn,2026-05-29,HOU
/nfl/rankings/best-ball-overall.php,best-overall,bo,Cam Little,26475,K,JAC,211.67,37.06,183,264,,cam-little.php,,,83.7,,,,,,7.0,Cam Little,2026-05-29,JAC
/nfl/rankings/best-ball-overall.php,best-overall,bo,Samaje Perine,16423,RB,CIN,255.6,23.15,222,289,,samaje-perine.php,,,5.2,,,,,,6.0,Samaje Perine,2026-05-29,CIN
/nfl/rankings/best-ball-overall.php,best-overall,bo,Kyle Williams,27487,WR,NE,241.25,18.1,224,271,,kyle-williams-wr-2025.php,,,14.6,,,,,,11.0,Kyle Williams,2026-05-29,NEP
/nfl/rankings/best-ball-overall.php,best-overall,bo,Cameron Dicker,23901,K,LAC,217.0,37.53,188,270,,cameron-dicker.php,,,93.7,,,,,,7.0,Cameron Dicker,2026-05-29,LAC
/nfl/rankings/best-ball-overall.php,best-overall,bo,Najee Harris,19302,RB,LAC,258.6,37.59,225,318,,najee-harris-rb.php,,,16.2,,,,,,7.0,Najee Harris,2026-05-29,LAC
/nfl/rankings/best-ball-overall.php,best-overall,bo,Keenan Allen,11616,WR,LAC,259.4,32.38,207,293,,keenan-allen.php,,,14.0,,,,,,7.0,Keenan Allen,2026-05-29,LAC
/nfl/rankings/best-ball-overall.php,best-overall,bo,Kendrick Bourne,17066,WR,ARI,244.25,39.56,189,287,,kendrick-bourne.php,,,3.7,,,,,,14.0,Kendrick Bourne,2026-05-29,ARI
/nfl/rankings/best-ball-overall.php,best-overall,bo,Jaydon Blue,24344,RB,DAL,260.2,25.51,230,307,,jaydon-blue.php,,,15.6,,,,,,14.0,Jaydon Blue,2026-05-29,DAL
/nfl/rankings/best-ball-overall.php,best-overall,bo,Jalen Tolbert,23770,WR,MIA,260.8,14.69,244,282,,jalen-tolbert.php,,,8.0,,,,,,6.0,Jalen Tolbert,2026-05-29,MIA
/nfl/rankings/best-ball-overall.php,best-overall,bo,Evan McPherson,23297,K,CIN,221.67,36.63,190,273,,evan-mcpherson.php,,,44.5,,,,,,6.0,Evan McPherson,2026-05-29,CIN
/nfl/rankings/best-ball-overall.php,best-overall,bo,Jake Tonges,24778,TE,SF,261.6,31.69,228,316,,jake-tonges.php,,,26.3,,,,,,8.0,Jake Tonges,2026-05-29,SFO
/nfl/rankings/best-ball-overall.php,best-overall,bo,Tyler Loop,27534,K,BAL,223.67,35.71,195,274,,tyler-loop.php,,,55.2,,,,,,13.0,Tyler Loop,2026-05-29,BAL
/nfl/rankings/best-ball-overall.php,best-overall,bo,Xavier Legette,26136,WR,CAR,248.5,30.83,203,290,,xavier-legette.php,,,6.6,,,,,,5.0,Xavier Legette,2026-05-29,CAR
/nfl/rankings/best-ball-overall.php,best-overall,bo,Jason Myers,14003,K,SEA,226.0,35.59,196,276,,jason-myers.php,,,89.9,,,,,,11.0,Jason Myers,2026-05-29,SEA
/nfl/rankings/best-ball-overall.php,best-overall,bo,Adam Randall,24367,RB,BAL,250.5,18.3,220,268,,adam-randall.php,,,8.1,,,,,,13.0,Adam Randall,2026-05-29,BAL
/nfl/rankings/best-ball-overall.php,best-overall,bo,Kaleb Johnson,27165,RB,PIT,272.2,49.78,217,355,,kaleb-johnson-rb.php,,,17.6,,,,,,9.0,Kaleb Johnson,2026-05-29,PIT
/nfl/rankings/best-ball-overall.php,best-overall,bo,Andy Borregales,27291,K,NE,229.33,35.98,200,280,,andres-borregales.php,,,34.0,,,,,,11.0,Andy Borregales,2026-05-29,NEP
/nfl/rankings/best-ball-overall.php,best-overall,bo,Keon Coleman,26019,WR,BUF,253.25,23.64,220,284,,keon-coleman.php,,,16.3,,,,,,7.0,Keon Coleman,2026-05-29,BUF
/nfl/rankings/best-ball-overall.php,best-overall,bo,Eddy Pineiro,17575,K,SF,231.33,35.24,203,281,,eddy-pineiro.php,,,67.2,,,,,,8.0,Eddy Pineiro,2026-05-29,SFO
/nfl/rankings/best-ball-overall.php,best-overall,bo,Andrei Iosivas,25335,WR,CIN,254.5,37.33,199,304,,andrei-iosivas.php,,,8.2,,,,,,6.0,Andrei Iosivas,2026-05-29,CIN
/nfl/rankings/best-ball-overall.php,best-overall,bo,Chase McLaughlin,19058,K,TB,232.67,35.71,204,283,,chase-mclaughlin.php,,,24.3,,,,,,10.0,Chase McLaughlin,2026-05-29,TBB
/nfl/rankings/best-ball-overall.php,best-overall,bo,J.J. McCarthy,23018,QB,MIN,257.5,24.18,229,291,,jj-mccarthy.php,,,20.0,,,,,,6.0,JJ McCarthy,2026-05-29,MIN
/nfl/rankings/best-ball-overall.php,best-overall,bo,Justin Fields,19781,QB,KC,238.0,37.97,192,285,,justin-fields.php,,,17.6,,,,,,5.0,Justin Fields,2026-05-29,KCC
/nfl/rankings/best-ball-overall.php,best-overall,bo,Cairo Santos,13731,K,CHI,238.33,33.91,210,286,,cairo-santos.php,,,24.4,,,,,,10.0,Cairo Santos,2026-05-29,CHI
/nfl/rankings/best-ball-overall.php,best-overall,bo,Colby Parkinson,19372,TE,LAR,275.8,37.18,240,339,,colby-parkinson.php,,,24.5,,,,,,11.0,Colby Parkinson,2026-05-29,LAR
/nfl/rankings/best-ball-overall.php,best-overall,bo,Brenen Thompson,28133,WR,LAC,261.75,28.99,228,308,,brenen-thompson.php,,,6.5,,,,,,7.0,Brenen Thompson,2026-05-29,LAC
/nfl/rankings/best-ball-overall.php,best-overall,bo,Mason Taylor,26005,TE,NYJ,274.6,35.33,231,325,,mason-taylor.php,,,22.6,,,,,,13.0,Mason Taylor,2026-05-29,NYJ
/nfl/rankings/best-ball-overall.php,best-overall,bo,Harrison Mevis,26638,K,LAR,245.0,33.44,217,292,,harrison-mevis.php,,,39.9,,,,,,11.0,Harrison Mevis,2026-05-29,LAR
/nfl/rankings/best-ball-overall.php,best-overall,bo,Max Klare,27993,TE,LAR,245.33,15.84,223,258,,max-klare.php,,,16.8,,,,,,11.0,Max Klare,2026-05-29,LAR
/nfl/rankings/best-ball-overall.php,best-overall,bo,Jake Bates,26075,K,DET,249.0,33.54,220,296,,jake-bates.php,,,42.9,,,,,,6.0,Jake Bates,2026-05-29,DET
/nfl/rankings/best-ball-overall.php,best-overall,bo,Trey Benson,25388,RB,ARI,275.5,57.19,215,352,,trey-benson.php,,,23.1,,,,,,14.0,Trey Benson,2026-05-29,ARI
/nfl/rankings/best-ball-overall.php,best-overall,bo,Devin Neal,23682,RB,NO,290.4,49.13,237,372,,devin-neal.php,,,15.1,,,,,,8.0,Devin Neal,2026-05-29,NOS
/nfl/rankings/best-ball-overall.php,best-overall,bo,Kevin Coleman Jr.,28067,WR,MIA,254.67,45.91,190,292,,kevin-coleman-jr.php,,,2.5,,,,,,6.0,Kevin Coleman,2026-05-29,MIA
/nfl/rankings/best-ball-overall.php,best-overall,bo,Cyrus Allen,28424,WR,KC,254.67,46.55,215,320,,cyrus-allen.php,,,1.9,,,,,,5.0,Cyrus Allen,2026-05-29,KCC
/nfl/rankings/best-ball-overall.php,best-overall,bo,Charlie Smyth,26444,K,NO,254.67,31.33,225,298,,charlie-smyth.php,,,2.5,,,,,,8.0,Charlie Smyth,2026-05-29,NOS
/nfl/rankings/best-ball-overall.php,best-overall,bo,Chris Boswell,13029,K,PIT,256.0,31.19,226,299,,chris-boswell.php,,,42.5,,,,,,9.0,Chris Boswell,2026-05-29,PIT
/nfl/rankings/best-ball-overall.php,best-overall,bo,George Holani,22915,RB,SEA,285.8,35.81,245,340,,george-holani.php,,,10.7,,,,,,11.0,George Holani,2026-05-29,SEA
/nfl/rankings/best-ball-overall.php,best-overall,bo,Wil Lutz,16026,K,DEN,257.0,31.19,227,300,,wil-lutz.php,,,7.5,,,,,,10.0,Wil Lutz,2026-05-29,DEN
/nfl/rankings/best-ball-overall.php,best-overall,bo,Kendre Miller,24360,RB,NO,285.75,55.95,225,370,,kendre-miller.php,,,8.7,,,,,,8.0,Kendre Miller,2026-05-29,NOS
/nfl/rankings/best-ball-overall.php,best-overall,bo,New Orleans Saints,8190,DST,NO,258.33,31.01,233,302,,new-orleans-defense.php,,,23.5,,,,,9.0,8.0,New Orleans Saints,2026-05-29,NOS
/nfl/rankings/best-ball-overall.php,best-overall,bo,Chris Brooks,25823,RB,GB,259.0,26.98,221,281,,christopher-brooks.php,,,7.2,,,,,,11.0,Chris Brooks,2026-05-29,GBP
/nfl/rankings/best-ball-overall.php,best-overall,bo,Caleb Douglas,28135,WR,MIA,259.67,8.96,251,272,,caleb-douglas.php,,,5.2,,,,,,6.0,Caleb Douglas,2026-05-29,MIA
/nfl/rankings/best-ball-overall.php,best-overall,bo,Atlanta Falcons,8010,DST,ATL,261.0,35.52,218,305,,atlanta-defense.php,,,14.4,,,,,9.0,11.0,Atlanta Falcons,2026-05-29,ATL
/nfl/rankings/best-ball-overall.php,best-overall,bo,Malik Davis,24205,RB,DAL,261.33,33.56,222,304,,malik-davis.php,,,4.0,,,,,,14.0,Malik Davis,2026-05-29,DAL
/nfl/rankings/best-ball-overall.php,best-overall,bo,Elijah Arroyo,23004,TE,SEA,276.75,20.83,260,312,,elijah-arroyo.php,,,12.7,,,,,,11.0,Elijah Arroyo,2026-05-29,SEA
/nfl/rankings/best-ball-overall.php,best-overall,bo,Olamide Zaccheaus,18864,WR,ATL,263.33,24.42,231,290,,olamide-zaccheaus.php,,,5.3,,,,,,11.0,Olamide Zaccheaus,2026-05-29,ATL
/nfl/rankings/best-ball-overall.php,best-overall,bo,Tez Johnson,27147,WR,TB,278.0,21.58,257,314,,tez-johnson.php,,,6.8,,,,,,10.0,Tez Johnson,2026-05-29,TBB
/nfl/rankings/best-ball-overall.php,best-overall,bo,Luke McCaffrey,26328,WR,WAS,264.33,47.67,201,316,,luke-mccaffrey.php,,,3.1,,,,,,7.0,Luke McCaffrey,2026-05-29,WAS
/nfl/rankings/best-ball-overall.php,best-overall,bo,LeQuint Allen Jr.,27285,RB,JAC,264.67,7.85,256,275,,lequint-allen-jr.php,,,10.9,,,,,,7.0,LeQuint Allen,2026-05-29,JAC
/nfl/rankings/best-ball-overall.php,best-overall,bo,Darnell Washington,22967,TE,PIT,279.0,32.6,232,315,,darnell-washington.php,,,14.8,,,,,,9.0,Darnell Washington,2026-05-29,PIT
/nfl/rankings/best-ball-overall.php,best-overall,bo,Indianapolis Colts,8130,DST,IND,268.67,31.9,234,311,,indianapolis-defense.php,,,20.0,,,,,-13.0,13.0,Indianapolis Colts,2026-05-29,IND
/nfl/rankings/best-ball-overall.php,best-overall,bo,Harrison Butker,16712,K,KC,270.33,32.26,235,313,,harrison-butker.php,,,39.5,,,,,,5.0,Harrison Butker,2026-05-29,KCC
/nfl/rankings/best-ball-overall.php,best-overall,bo,Mack Hollins,16489,WR,NE,270.67,24.24,238,296,,mack-hollins.php,,,7.2,,,,,,11.0,Mack Hollins,2026-05-29,NEP
/nfl/rankings/best-ball-overall.php,best-overall,bo,Isaiah Davis,25977,RB,NYJ,272.33,18.73,246,288,,isaiah-davis.php,,,5.8,,,,,,13.0,Isaiah Davis,2026-05-29,NYJ
/nfl/rankings/best-ball-overall.php,best-overall,bo,Michael Mayer,23056,TE,LV,286.75,37.91,236,329,,michael-mayer.php,,,16.2,,,,,,13.0,Michael Mayer,2026-05-29,LVR
/nfl/rankings/best-ball-overall.php,best-overall,bo,Cedric Tillman,25287,WR,CLE,274.33,16.44,253,293,,cedric-tillman.php,,,3.4,,,,,,11.0,Cedric Tillman,2026-05-29,CLE
/nfl/rankings/best-ball-overall.php,best-overall,bo,Zane Gonzalez,16548,K,MIA,275.0,34.07,236,319,,zane-gonzalez.php,,,2.0,,,,,,6.0,Zane Gonzalez,2026-05-29,MIA
/nfl/rankings/best-ball-overall.php,best-overall,bo,Jordan Whittington,23135,WR,LAR,254.5,32.5,222,287,,jordan-whittington.php,,,1.1,,,,,,11.0,Jordan Whittington,2026-05-29,LAR
/nfl/rankings/best-ball-overall.php,best-overall,bo,Miami Dolphins,8160,DST,MIA,254.5,17.5,237,272,,miami-defense.php,,,10.9,,,,,-9.0,6.0,Miami Dolphins,2026-05-29,MIA
/nfl/rankings/best-ball-overall.php,best-overall,bo,DeMario Douglas,25304,WR,NE,276.67,13.27,264,295,,demario-douglas.php,,,10.0,,,,,,11.0,Demario Douglas,2026-05-29,NEP
/nfl/rankings/best-ball-overall.php,best-overall,bo,MarShawn Lloyd,23118,RB,GB,279.0,13.14,262,294,,marshawn-lloyd.php,,,10.2,,,,,,11.0,MarShawn Lloyd,2026-05-29,GBP
/nfl/rankings/best-ball-overall.php,best-overall,bo,Brashard Smith,27259,RB,KC,280.33,21.48,250,297,,brashard-smith.php,,,11.5,,,,,,5.0,Brashard Smith,2026-05-29,KCC
/nfl/rankings/best-ball-overall.php,best-overall,bo,CJ Daniels,28125,WR,LAR,264.5,32.5,232,297,,cj-daniels.php,,,2.7,,,,,,11.0,CJ Daniels,2026-05-29,LAR
/nfl/rankings/best-ball-overall.php,best-overall,bo,Isaiah Bond,24371,WR,CLE,264.5,5.5,259,270,,isaiah-bond.php,,,6.0,,,,,,11.0,Isaiah Bond,2026-05-29,CLE
/nfl/rankings/best-ball-overall.php,best-overall,bo,Ja'Tavion Sanders,24334,TE,CAR,265.0,13.0,252,278,,jatavion-sanders.php,,,7.8,,,,,,5.0,JaTavion Sanders,2026-05-29,CAR
/nfl/rankings/best-ball-overall.php,best-overall,bo,Marcus Mariota,13890,QB,WAS,267.0,4.0,263,271,,marcus-mariota.php,,,9.8,,,,,,7.0,Marcus Mariota,2026-05-29,WAS
/nfl/rankings/best-ball-overall.php,best-overall,bo,Carson Beck,22953,QB,ARI,268.0,14.0,254,282,,carson-beck.php,,,13.7,,,,,,14.0,Carson Beck,2026-05-29,ARI
/nfl/rankings/best-ball-overall.php,best-overall,bo,Malik Benson,26012,WR,LV,271.0,18.0,253,289,,malik-benson.php,,,0.9,,,,,,13.0,Malik Benson,2026-05-29,LVR
/nfl/rankings/best-ball-overall.php,best-overall,bo,Savion Williams,27144,WR,GB,272.0,3.0,269,275,,savion-williams.php,,,2.0,,,,,,11.0,Savion Williams,2026-05-29,GBP
/nfl/rankings/best-ball-overall.php,best-overall,bo,Calvin Austin III,23739,WR,NYG,274.0,0.0,274,274,,calvin-austin.php,,,5.0,,,,,,8.0,Calvin Austin,2026-05-29,NYG
/nfl/rankings/best-ball-overall.php,best-overall,bo,Seth McGowan,23079,RB,IND,291.67,37.81,239,326,,seth-mcgowan.php,,,3.1,,,,,,13.0,Seth McGowan,2026-05-29,IND
/nfl/rankings/best-ball-overall.php,best-overall,bo,Justin Joly,28079,TE,DEN,281.0,50.0,231,331,,justin-joly.php,,,9.8,,,,,,10.0,Justin Joly,2026-05-29,DEN
/nfl/rankings/best-ball-overall.php,best-overall,bo,Devin Singletary,18280,RB,NYG,277.5,11.5,266,289,,devin-singletary.php,,,3.4,,,,,,8.0,Devin Singletary,2026-05-29,NYG
/nfl/rankings/best-ball-overall.php,best-overall,bo,Dont'e Thornton Jr.,27288,WR,LV,277.5,1.5,276,279,,donte-thornton-jr.php,,,4.3,,,,,,13.0,Donte Thornton,2026-05-29,LVR
/nfl/rankings/best-ball-overall.php,best-overall,bo,Eli Heidenreich,28297,RB,PIT,301.0,44.52,240,345,,eli-heidenreich.php,,,3.0,,,,,,9.0,Eli Heidenreich,2026-05-29,PIT
/nfl/rankings/best-ball-overall.php,best-overall,bo,Zavion Thomas,28132,WR,CHI,280.0,3.0,277,283,,zavion-thomas.php,,,3.3,,,,,,10.0,Zavion Thomas,2026-05-29,CHI
/nfl/rankings/best-ball-overall.php,best-overall,bo,Deion Burks,27093,WR,IND,283.5,3.5,280,287,,deion-burks.php,,,0.7,,,,,,13.0,Deion Burks,2026-05-29,IND
/nfl/rankings/best-ball-overall.php,best-overall,bo,Dawson Knox,18631,TE,BUF,284.5,17.5,267,302,,dawson-knox.php,,,11.6,,,,,,7.0,Dawson Knox,2026-05-29,BUF
/nfl/rankings/best-ball-overall.php,best-overall,bo,Cole Kmet,19229,TE,CHI,287.5,8.5,279,296,,cole-kmet.php,,,12.3,,,,,,10.0,Cole Kmet,2026-05-29,CHI
/nfl/rankings/best-ball-overall.php,best-overall,bo,John Metchie III,22895,WR,CAR,288.0,10.0,278,298,,john-metchie.php,,,2.5,,,,,,5.0,John Metchie,2026-05-29,CAR
/nfl/rankings/best-ball-overall.php,best-overall,bo,Oscar Delp,25430,TE,NO,313.5,49.5,264,363,,oscar-delp.php,,,6.9,,,,,,8.0,Oscar Delp,2026-05-29,NOS
/nfl/rankings/best-ball-overall.php,best-overall,bo,Eli Raridon,28154,TE,NE,302.0,33.0,269,335,,eli-raridon.php,,,4.5,,,,,,11.0,Eli Raridon,2026-05-29,NEP
/nfl/rankings/best-ball-overall.php,best-overall,bo,Joe Mixon,16420,RB,FA,300.5,19.5,281,320,,joe-mixon.php,,,15.9,,,,,,,Joe Mixon,2026-05-29,FA
/nfl/rankings/best-ball-overall.php,best-overall,bo,Will Kacmarek,28403,TE,MIA,324.5,33.5,291,358,,will-kacmarek.php,,,4.3,,,,,,6.0,Will Kacmarek,2026-05-29,MIA
/nfl/rankings/best-ball-qb.php,best-qb,bp,Josh Allen,17298,QB,BUF,1.0,0.0,1,1,,josh-allen-qb.php,,,99.3,,,,,,7.0,Josh Allen,2026-05-29,BUF
/nfl/rankings/best-ball-qb.php,best-qb,bp,Lamar Jackson,17233,QB,BAL,2.67,1.11,2,5,,lamar-jackson.php,,,98.7,,,,,,13.0,Lamar Jackson,2026-05-29,BAL
/nfl/rankings/best-ball-qb.php,best-qb,bp,Jayden Daniels,22902,QB,WAS,4.0,1.0,3,6,,jayden-daniels.php,,,97.6,,,,,,7.0,Jayden Daniels,2026-05-29,WAS
/nfl/rankings/best-ball-qb.php,best-qb,bp,Drake Maye,23046,QB,NE,4.5,1.5,3,7,,drake-maye.php,,,99.0,,,,,,11.0,Drake Maye,2026-05-29,NEP
/nfl/rankings/best-ball-qb.php,best-qb,bp,Joe Burrow,19196,QB,CIN,4.83,0.69,4,6,,joe-burrow.php,,,96.9,,,,,,6.0,Joe Burrow,2026-05-29,CIN
/nfl/rankings/best-ball-qb.php,best-qb,bp,Jalen Hurts,19275,QB,PHI,5.67,2.13,2,9,,jalen-hurts.php,,,97.8,,,,,,10.0,Jalen Hurts,2026-05-29,PHI
/nfl/rankings/best-ball-qb.php,best-qb,bp,Caleb Williams,23084,QB,CHI,7.67,1.49,7,11,,caleb-williams.php,,,94.1,,,,,,10.0,Caleb Williams,2026-05-29,CHI
/nfl/rankings/best-ball-qb.php,best-qb,bp,Jaxson Dart,23160,QB,NYG,8.83,1.21,8,11,,jaxson-dart.php,,,95.6,,,,,,8.0,Jaxson Dart,2026-05-29,NYG
/nfl/rankings/best-ball-qb.php,best-qb,bp,Justin Herbert,18635,QB,LAC,9.0,1.83,6,12,,justin-herbert.php,,,91.9,,,,,,7.0,Justin Herbert,2026-05-29,LAC
/nfl/rankings/best-ball-qb.php,best-qb,bp,Dak Prescott,15600,QB,DAL,10.33,1.49,8,12,,dak-prescott.php,,,93.1,,,,,,14.0,Dak Prescott,2026-05-29,DAL
/nfl/rankings/best-ball-qb.php,best-qb,bp,Brock Purdy,19797,QB,SF,10.5,0.96,9,12,,brock-purdy.php,,,92.3,,,,,,8.0,Brock Purdy,2026-05-29,SFO
/nfl/rankings/best-ball-qb.php,best-qb,bp,Trevor Lawrence,19780,QB,JAC,11.17,2.41,9,16,,trevor-lawrence.php,,,92.7,,,,,,7.0,Trevor Lawrence,2026-05-29,JAC
/nfl/rankings/best-ball-qb.php,best-qb,bp,Patrick Mahomes II,16413,QB,KC,13.17,1.21,11,15,,patrick-mahomes.php,,,92.9,,,,,,5.0,Patrick Mahomes,2026-05-29,KCC
/nfl/rankings/best-ball-qb.php,best-qb,bp,Bo Nix,22910,QB,DEN,15.0,1.15,14,17,,bo-nix.php,,,91.3,,,,,,10.0,Bo Nix,2026-05-29,DEN
/nfl/rankings/best-ball-qb.php,best-qb,bp,Kyler Murray,18600,QB,MIN,16.0,2.16,13,20,,kyler-murray.php,,,80.1,,,,,,6.0,Kyler Murray,2026-05-29,MIN
/nfl/rankings/best-ball-qb.php,best-qb,bp,Matthew Stafford,9451,QB,LAR,16.0,1.15,15,18,,matthew-stafford.php,,,92.7,,,,,,11.0,Matthew Stafford,2026-05-29,LAR
/nfl/rankings/best-ball-qb.php,best-qb,bp,Jared Goff,15501,QB,DET,17.17,2.54,12,20,,jared-goff.php,,,77.0,,,,,,6.0,Jared Goff,2026-05-29,DET
/nfl/rankings/best-ball-qb.php,best-qb,bp,Jordan Love,19246,QB,GB,17.67,1.25,16,19,,jordan-love.php,,,64.8,,,,,,11.0,Jordan Love,2026-05-29,GBP
/nfl/rankings/best-ball-qb.php,best-qb,bp,Tyler Shough,23096,QB,NO,19.17,1.95,16,21,,tyler-shough.php,,,68.9,,,,,,8.0,Tyler Shough,2026-05-29,NOS
/nfl/rankings/best-ball-qb.php,best-qb,bp,Baker Mayfield,17237,QB,TB,19.17,1.34,17,21,,baker-mayfield.php,,,64.9,,,,,,10.0,Baker Mayfield,2026-05-29,TBB
/nfl/rankings/best-ball-qb.php,best-qb,bp,Malik Willis,23499,QB,MIA,19.5,2.5,16,24,,malik-willis.php,,,59.4,,,,,,6.0,Malik Willis,2026-05-29,MIA
/nfl/rankings/best-ball-qb.php,best-qb,bp,C.J. Stroud,23071,QB,HOU,22.83,1.57,20,25,,cj-stroud.php,,,48.1,,,,,,8.0,CJ Stroud,2026-05-29,HOU
/nfl/rankings/best-ball-qb.php,best-qb,bp,Sam Darnold,17236,QB,SEA,22.83,1.46,22,26,,sam-darnold.php,,,52.3,,,,,,11.0,Sam Darnold,2026-05-29,SEA
/nfl/rankings/best-ball-qb.php,best-qb,bp,Cam Ward,24755,QB,TEN,24.5,1.12,23,26,,cam-ward.php,,,43.7,,,,,,9.0,Cam Ward,2026-05-29,TEN
/nfl/rankings/best-ball-qb.php,best-qb,bp,Daniel Jones,18232,QB,IND,25.0,1.15,23,26,,daniel-jones.php,,,52.6,,,,,,13.0,Daniel Jones,2026-05-29,IND
/nfl/rankings/best-ball-qb.php,best-qb,bp,Bryce Young,22900,QB,CAR,25.17,1.34,24,28,,bryce-young.php,,,41.3,,,,,,5.0,Bryce Young,2026-05-29,CAR
/nfl/rankings/best-ball-qb.php,best-qb,bp,Geno Smith,11687,QB,NYJ,27.5,1.61,25,30,,geno-smith.php,,,25.3,,,,,,13.0,Geno Smith,2026-05-29,NYJ
/nfl/rankings/best-ball-qb.php,best-qb,bp,Fernando Mendoza,28013,QB,LV,28.67,1.6,27,32,,fernando-mendoza.php,,,42.9,,,,,,13.0,Fernando Mendoza,2026-05-29,LVR
/nfl/rankings/best-ball-qb.php,best-qb,bp,Jacoby Brissett,15642,QB,ARI,29.0,1.15,27,31,,jacoby-brissett.php,,,30.8,,,,,,14.0,Jacoby Brissett,2026-05-29,ARI
/nfl/rankings/best-ball-qb.php,best-qb,bp,Aaron Rodgers,9001,QB,PIT,29.0,1.15,27,30,,aaron-rodgers.php,,,27.3,,,,,,9.0,Aaron Rodgers,2026-05-29,PIT
/nfl/rankings/best-ball-qb.php,best-qb,bp,Tua Tagovailoa,19198,QB,ATL,32.0,0.82,31,33,,tua-tagovailoa.php,,,25.2,,,,,,11.0,Tua Tagovailoa,2026-05-29,ATL
/nfl/rankings/best-ball-qb.php,best-qb,bp,Michael Penix Jr.,22973,QB,ATL,32.83,1.95,30,35,,michael-penix-jr.php,,,23.5,,,,,,11.0,Michael Penix,2026-05-29,ATL
/nfl/rankings/best-ball-qb.php,best-qb,bp,Deshaun Watson,16398,QB,CLE,32.83,2.03,31,37,,deshaun-watson.php,,,18.7,,,,,,11.0,Deshaun Watson,2026-05-29,CLE
/nfl/rankings/best-ball-qb.php,best-qb,bp,Shedeur Sanders,25968,QB,CLE,33.83,0.9,32,35,,shedeur-sanders.php,,,23.8,,,,,,11.0,Shedeur Sanders,2026-05-29,CLE
/nfl/rankings/best-ball-qb.php,best-qb,bp,Kirk Cousins,11177,QB,LV,35.67,1.25,34,38,,kirk-cousins.php,,,19.6,,,,,,13.0,Kirk Cousins,2026-05-29,LVR
/nfl/rankings/best-ball-qb.php,best-qb,bp,J.J. McCarthy,23018,QB,MIN,36.33,1.8,34,39,,jj-mccarthy.php,,,20.0,,,,,,6.0,JJ McCarthy,2026-05-29,MIN
/nfl/rankings/best-ball-qb.php,best-qb,bp,Justin Fields,19781,QB,KC,35.6,1.62,33,38,,justin-fields.php,,,17.6,,,,,,5.0,Justin Fields,2026-05-29,KCC
/nfl/rankings/best-ball-qb.php,best-qb,bp,Ty Simpson,25368,QB,LAR,39.2,4.17,31,42,,ty-simpson.php,,,20.6,,,,,,11.0,Ty Simpson,2026-05-29,LAR
/nfl/rankings/best-ball-qb.php,best-qb,bp,Mac Jones,20156,QB,SF,39.8,6.97,33,52,,mac-jones.php,,,17.3,,,,,,8.0,Mac Jones,2026-05-29,SFO
/nfl/rankings/best-ball-qb.php,best-qb,bp,Carson Beck,22953,QB,ARI,38.75,1.09,37,40,,carson-beck.php,,,13.7,,,,,,14.0,Carson Beck,2026-05-29,ARI
/nfl/rankings/best-ball-qb.php,best-qb,bp,Anthony Richardson Sr.,24347,QB,IND,39.5,3.2,36,44,,anthony-richardson.php,,,16.2,,,,,,13.0,Anthony Richardson,2026-05-29,IND
/nfl/rankings/best-ball-qb.php,best-qb,bp,Marcus Mariota,13890,QB,WAS,43.0,6.6,35,50,,marcus-mariota.php,,,9.8,,,,,,7.0,Marcus Mariota,2026-05-29,WAS
/nfl/rankings/best-ball-qb.php,best-qb,bp,Joe Flacco,9300,QB,CIN,45.75,5.36,38,53,,joe-flacco.php,,,9.4,,,,,,6.0,Joe Flacco,2026-05-29,CIN
/nfl/rankings/best-ball-qb.php,best-qb,bp,Gardner Minshew II,18562,QB,ARI,44.33,4.19,40,50,,gardner-minshew.php,,,3.3,,,,,,14.0,Gardner Minshew,2026-05-29,ARI
/nfl/rankings/best-ball-qb.php,best-qb,bp,Jameis Winston,13891,QB,NYG,44.67,1.89,42,46,,jameis-winston.php,,,9.2,,,,,,8.0,Jameis Winston,2026-05-29,NYG
/nfl/rankings/best-ball-qb.php,best-qb,bp,Riley Leonard,25373,QB,IND,53.0,8.64,45,65,,riley-leonard.php,,,9.3,,,,,,13.0,Riley Leonard,2026-05-29,IND
/nfl/rankings/best-ball-qb.php,best-qb,bp,Jimmy Garoppolo,12208,QB,LAR,54.33,10.08,44,68,,jimmy-garoppolo.php,,,1.1,,,,,,11.0,Jimmy Garoppolo,2026-05-29,LAR
/nfl/rankings/best-ball-qb.php,best-qb,bp,Quinn Ewers,23680,QB,MIA,57.0,5.66,49,61,,quinn-ewers.php,,,7.2,,,,,,6.0,Quinn Ewers,2026-05-29,MIA
/nfl/rankings/best-ball-qb.php,best-qb,bp,Drew Allar,24345,QB,PIT,46.5,1.5,45,48,,drew-allar.php,,,3.7,,,,,,9.0,Drew Allar,2026-05-29,PIT
/nfl/rankings/best-ball-qb.php,best-qb,bp,Garrett Nussmeier,22998,QB,KC,47.5,4.5,43,52,,garrett-nussmeier.php,,,10.9,,,,,,5.0,Garrett Nussmeier,2026-05-29,KCC
/nfl/rankings/best-ball-qb.php,best-qb,bp,Taylen Green,28094,QB,CLE,50.5,3.5,47,54,,taylen-green.php,,,8.0,,,,,,11.0,Taylen Green,2026-05-29,CLE
/nfl/rankings/best-ball-qb.php,best-qb,bp,Joe Milton III,25967,QB,DAL,53.5,3.5,50,57,,joe-milton.php,,,5.4,,,,,,14.0,Joe Milton,2026-05-29,DAL
/nfl/rankings/best-ball-qb.php,best-qb,bp,Carson Wentz,15520,QB,MIN,53.5,2.5,51,56,,carson-wentz.php,,,0.8,,,,,,6.0,Carson Wentz,2026-05-29,MIN
/nfl/rankings/best-ball-qb.php,best-qb,bp,Spencer Rattler,23081,QB,NO,57.5,6.5,51,64,,spencer-rattler.php,,,2.4,,,,,,8.0,Spencer Rattler,2026-05-29,NOS
/nfl/rankings/best-ball-qb.php,best-qb,bp,Cade Klubnik,24361,QB,NYJ,58.5,17.5,41,76,,cade-klubnik.php,,,8.8,,,,,,13.0,Cade Klubnik,2026-05-29,NYJ
/nfl/rankings/best-ball-qb.php,best-qb,bp,Jalen Milroe,22884,QB,SEA,59.0,6.0,53,65,,jalen-milroe.php,,,7.9,,,,,,11.0,Jalen Milroe,2026-05-29,SEA
/nfl/rankings/best-ball-qb.php,best-qb,bp,Tanner McKee,24740,QB,PHI,59.0,0.0,59,59,,tanner-mckee.php,,,3.5,,,,,,10.0,Tanner McKee,2026-05-29,PHI
/nfl/rankings/best-ball-qb.php,best-qb,bp,Trey Lance,20082,QB,LAC,60.0,12.0,48,72,,trey-lance.php,,,2.4,,,,,,7.0,Trey Lance,2026-05-29,LAC
/nfl/rankings/best-ball-qb.php,best-qb,bp,Will Howard,25972,QB,PIT,61.5,14.5,47,76,,will-howard.php,,,9.0,,,,,,9.0,Will Howard,2026-05-29,PIT
/nfl/rankings/best-ball-qb.php,best-qb,bp,Sam Howell,23045,QB,DAL,63.0,5.0,58,68,,sam-howell.php,,,0.8,,,,,,14.0,Sam Howell,2026-05-29,DAL
/nfl/rankings/best-ball-qb.php,best-qb,bp,Zach Wilson,22679,QB,NO,64.5,8.5,56,73,,zach-wilson.php,,,0.6,,,,,,8.0,Zach Wilson,2026-05-29,NOS
/nfl/rankings/best-ball-qb.php,best-qb,bp,Davis Mills,22799,QB,HOU,65.0,10.0,55,75,,davis-mills.php,,,3.2,,,,,,8.0,Davis Mills,2026-05-29,HOU
/nfl/rankings/best-ball-qb.php,best-qb,bp,Jake Browning,18557,QB,TB,66.0,3.0,63,69,,jake-browning.php,,,1.0,,,,,,10.0,Jake Browning,2026-05-29,TBB
/nfl/rankings/best-ball-qb.php,best-qb,bp,Russell Wilson,11180,QB,FA,66.5,0.5,66,67,,russell-wilson.php,,,1.6,,,,,,,Russell Wilson,2026-05-29,FA
/nfl/rankings/best-ball-qb.php,best-qb,bp,Cooper Rush,16477,QB,FA,67.0,4.0,63,71,,cooper-rush.php,,,0.7,,,,,,,Cooper Rush,2026-05-29,FA
/nfl/rankings/best-ball-qb.php,best-qb,bp,Jarrett Stidham,18604,QB,DEN,67.5,5.5,62,73,,jarrett-stidham.php,,,2.7,,,,,,10.0,Jarrett Stidham,2026-05-29,DEN
/nfl/rankings/best-ball-qb.php,best-qb,bp,Drew Lock,18225,QB,SEA,68.0,4.0,64,72,,drew-lock.php,,,0.9,,,,,,11.0,Drew Lock,2026-05-29,SEA
/nfl/rankings/best-ball-qb.php,best-qb,bp,Mason Rudolph,17234,QB,PIT,70.0,13.0,57,83,,mason-rudolph.php,,,2.6,,,,,,9.0,Mason Rudolph,2026-05-29,PIT
/nfl/rankings/best-ball-qb.php,best-qb,bp,Nick Mullens,16726,QB,JAC,72.0,2.0,70,74,,nick-mullens.php,,,0.7,,,,,,7.0,Nick Mullens,2026-05-29,JAC
/nfl/rankings/best-ball-qb.php,best-qb,bp,Joshua Dobbs,16417,QB,FA,72.5,6.5,66,79,,joshua-dobbs.php,,,0.6,,,,,,,Joshua Dobbs,2026-05-29,FA
/nfl/rankings/best-ball-qb.php,best-qb,bp,Tyson Bagent,25321,QB,CHI,74.5,3.5,71,78,,tyson-bagent.php,,,5.5,,,,,,10.0,Tyson Bagent,2026-05-29,CHI
/nfl/rankings/best-ball-qb.php,best-qb,bp,Mitchell Trubisky,16381,QB,TEN,74.5,0.5,74,75,,mitch-trubisky.php,,,1.3,,,,,,9.0,Mitchell Trubisky,2026-05-29,TEN
/nfl/rankings/best-ball-qb.php,best-qb,bp,Kenny Pickett,22722,QB,CAR,75.0,5.0,70,80,,kenny-pickett.php,,,1.6,,,,,,5.0,Kenny Pickett,2026-05-29,CAR
/nfl/rankings/best-ball-qb.php,best-qb,bp,Brandon Allen,15745,QB,NYG,79.5,2.5,77,82,,brandon-allen.php,,,0.1,,,,,,8.0,Brandon Allen,2026-05-29,NYG
/nfl/rankings/best-ball-qb.php,best-qb,bp,Andy Dalton,9907,QB,PHI,79.5,1.5,78,81,,andy-dalton.php,,,1.4,,,,,,10.0,Andy Dalton,2026-05-29,PHI
/nfl/rankings/best-ball-rb.php,best-rb,bp,Bijan Robinson,23133,RB,ATL,1.33,0.47,1,2,,bijan-robinson.php,,,99.0,,,,,,11.0,Bijan Robinson,2026-05-29,ATL
/nfl/rankings/best-ball-rb.php,best-rb,bp,Jahmyr Gibbs,22968,RB,DET,1.67,0.47,1,2,,jahmyr-gibbs.php,,,99.0,,,,,,6.0,Jahmyr Gibbs,2026-05-29,DET
/nfl/rankings/best-ball-rb.php,best-rb,bp,Jonathan Taylor,19217,RB,IND,3.67,0.75,3,5,,jonathan-taylor.php,,,99.0,,,,,,13.0,Jonathan Taylor,2026-05-29,IND
/nfl/rankings/best-ball-rb.php,best-rb,bp,Christian McCaffrey,16393,RB,SF,4.5,1.12,4,7,,christian-mccaffrey.php,,,99.3,,,,,,8.0,Christian McCaffrey,2026-05-29,SFO
/nfl/rankings/best-ball-rb.php,best-rb,bp,James Cook III,22958,RB,BUF,4.67,1.37,3,6,,james-cook.php,,,99.4,,,,,,7.0,James Cook,2026-05-29,BUF
/nfl/rankings/best-ball-rb.php,best-rb,bp,Ashton Jeanty,25989,RB,LV,6.83,1.67,5,9,,ashton-jeanty.php,,,98.8,,,,,,13.0,Ashton Jeanty,2026-05-29,LVR
/nfl/rankings/best-ball-rb.php,best-rb,bp,De'Von Achane,23136,RB,MIA,7.5,0.76,6,8,,devon-achane.php,,,98.9,,,,,,6.0,DeVon Achane,2026-05-29,MIA
/nfl/rankings/best-ball-rb.php,best-rb,bp,Chase Brown,25324,RB,CIN,9.0,1.91,7,12,,chase-brown.php,,,98.3,,,,,,6.0,Chase Brown,2026-05-29,CIN
/nfl/rankings/best-ball-rb.php,best-rb,bp,Kenneth Walker III,23021,RB,KC,9.33,0.94,8,11,,kenneth-walker-rb.php,,,99.0,,,,,,5.0,Kenneth Walker,2026-05-29,KCC
/nfl/rankings/best-ball-rb.php,best-rb,bp,Omarion Hampton,25395,RB,LAC,9.5,1.89,7,13,,omarion-hampton.php,,,98.2,,,,,,7.0,Omarion Hampton,2026-05-29,LAC
/nfl/rankings/best-ball-rb.php,best-rb,bp,Saquon Barkley,17240,RB,PHI,10.5,1.71,7,12,,saquon-barkley.php,,,99.2,,,,,,10.0,Saquon Barkley,2026-05-29,PHI
/nfl/rankings/best-ball-rb.php,best-rb,bp,Derrick Henry,15514,RB,BAL,11.83,1.21,10,13,,derrick-henry.php,,,98.4,,,,,,13.0,Derrick Henry,2026-05-29,BAL
/nfl/rankings/best-ball-rb.php,best-rb,bp,Jeremiyah Love,25403,RB,ARI,12.83,2.03,10,16,,jeremiyah-love.php,,,96.2,,,,,,14.0,Jeremiyah Love,2026-05-29,ARI
/nfl/rankings/best-ball-rb.php,best-rb,bp,Josh Jacobs,18269,RB,GB,14.17,1.07,13,16,,josh-jacobs.php,,,98.5,,,,,,11.0,Josh Jacobs,2026-05-29,GBP
/nfl/rankings/best-ball-rb.php,best-rb,bp,Javonte Williams,22739,RB,DAL,15.0,2.45,12,19,,javonte-williams.php,,,97.1,,,,,,14.0,Javonte Williams,2026-05-29,DAL
/nfl/rankings/best-ball-rb.php,best-rb,bp,Breece Hall,22982,RB,NYJ,15.17,1.07,14,17,,breece-hall.php,,,97.5,,,,,,13.0,Breece Hall,2026-05-29,NYJ
/nfl/rankings/best-ball-rb.php,best-rb,bp,Travis Etienne Jr.,19231,RB,NO,16.33,1.37,15,18,,travis-etienne.php,,,97.1,,,,,,8.0,Travis Etienne,2026-05-29,NOS
/nfl/rankings/best-ball-rb.php,best-rb,bp,Kyren Williams,23059,RB,LAR,16.83,0.37,16,17,,kyren-williams.php,,,97.8,,,,,,11.0,Kyren Williams,2026-05-29,LAR
/nfl/rankings/best-ball-rb.php,best-rb,bp,Bucky Irving,25981,RB,TB,18.83,0.69,18,20,,bucky-irving.php,,,96.6,,,,,,10.0,Bucky Irving,2026-05-29,TBB
/nfl/rankings/best-ball-rb.php,best-rb,bp,David Montgomery,18239,RB,HOU,20.83,0.69,20,22,,david-montgomery.php,,,93.8,,,,,,8.0,David Montgomery,2026-05-29,HOU
/nfl/rankings/best-ball-rb.php,best-rb,bp,Quinshon Judkins,25391,RB,CLE,22.67,1.7,21,26,,quinshon-judkins.php,,,95.0,,,,,,11.0,Quinshon Judkins,2026-05-29,CLE
/nfl/rankings/best-ball-rb.php,best-rb,bp,TreVeyon Henderson,23065,RB,NE,23.33,3.68,20,31,,treveyon-henderson.php,,,95.0,,,,,,11.0,TreVeyon Henderson,2026-05-29,NEP
/nfl/rankings/best-ball-rb.php,best-rb,bp,D'Andre Swift,19210,RB,CHI,23.67,1.8,20,26,,dandre-swift.php,,,94.0,,,,,,10.0,DAndre Swift,2026-05-29,CHI
/nfl/rankings/best-ball-rb.php,best-rb,bp,Bhayshul Tuten,27297,RB,JAC,23.67,1.11,22,25,,bhayshul-tuten.php,,,92.2,,,,,,7.0,Bhayshul Tuten,2026-05-29,JAC
/nfl/rankings/best-ball-rb.php,best-rb,bp,Cam Skattebo,27166,RB,NYG,23.83,1.77,22,27,,cam-skattebo.php,,,96.9,,,,,,8.0,Cam Skattebo,2026-05-29,NYG
/nfl/rankings/best-ball-rb.php,best-rb,bp,Jadarian Price,27329,RB,SEA,25.0,1.0,23,26,,jadarian-price.php,,,89.6,,,,,,11.0,Jadarian Price,2026-05-29,SEA
/nfl/rankings/best-ball-rb.php,best-rb,bp,RJ Harvey,27142,RB,DEN,28.5,1.98,26,31,,rj-harvey.php,,,91.5,,,,,,10.0,RJ Harvey,2026-05-29,DEN
/nfl/rankings/best-ball-rb.php,best-rb,bp,Jaylen Warren,24209,RB,PIT,28.5,0.76,27,29,,jaylen-warren.php,,,91.2,,,,,,9.0,Jaylen Warren,2026-05-29,PIT
/nfl/rankings/best-ball-rb.php,best-rb,bp,Chuba Hubbard,19792,RB,CAR,28.83,2.61,25,33,,chuba-hubbard.php,,,92.7,,,,,,5.0,Chuba Hubbard,2026-05-29,CAR
/nfl/rankings/best-ball-rb.php,best-rb,bp,Rhamondre Stevenson,22726,RB,NE,29.5,2.06,27,33,,rhamondre-stevenson.php,,,90.5,,,,,,11.0,Rhamondre Stevenson,2026-05-29,NEP
/nfl/rankings/best-ball-rb.php,best-rb,bp,Rico Dowdle,19647,RB,PIT,31.17,2.03,28,34,,rico-dowdle.php,,,91.1,,,,,,9.0,Rico Dowdle,2026-05-29,PIT
/nfl/rankings/best-ball-rb.php,best-rb,bp,Kyle Monangai,27131,RB,CHI,31.67,1.7,30,35,,kyle-monangai.php,,,89.5,,,,,,10.0,Kyle Monangai,2026-05-29,CHI
/nfl/rankings/best-ball-rb.php,best-rb,bp,Tony Pollard,18705,RB,TEN,32.67,1.89,30,35,,tony-pollard.php,,,90.6,,,,,,9.0,Tony Pollard,2026-05-29,TEN
/nfl/rankings/best-ball-rb.php,best-rb,bp,J.K. Dobbins,19245,RB,DEN,33.83,2.11,30,37,,jk-dobbins.php,,,89.5,,,,,,10.0,JK Dobbins,2026-05-29,DEN
/nfl/rankings/best-ball-rb.php,best-rb,bp,Blake Corum,23013,RB,LAR,35.67,1.89,33,38,,blake-corum.php,,,86.9,,,,,,11.0,Blake Corum,2026-05-29,LAR
/nfl/rankings/best-ball-rb.php,best-rb,bp,Kenneth Gainwell,23310,RB,TB,37.67,1.6,35,40,,kenneth-gainwell.php,,,86.7,,,,,,10.0,Kenneth Gainwell,2026-05-29,TBB
/nfl/rankings/best-ball-rb.php,best-rb,bp,Jacory Croskey-Merritt,27316,RB,WAS,38.17,2.11,36,41,,jacory-croskeymerritt.php,,,79.6,,,,,,7.0,Jacory Croskey-Merritt,2026-05-29,WAS
/nfl/rankings/best-ball-rb.php,best-rb,bp,Rachaad White,23891,RB,WAS,38.67,2.81,34,42,,rachaad-white.php,,,78.6,,,,,,7.0,Rachaad White,2026-05-29,WAS
/nfl/rankings/best-ball-rb.php,best-rb,bp,Jonathon Brooks,26148,RB,CAR,40.17,4.18,34,47,,jonathon-brooks.php,,,61.4,,,,,,5.0,Jonathon Brooks,2026-05-29,CAR
/nfl/rankings/best-ball-rb.php,best-rb,bp,Aaron Jones Sr.,16673,RB,MIN,40.17,2.61,36,44,,aaron-jones.php,,,88.3,,,,,,6.0,Aaron Jones,2026-05-29,MIN
/nfl/rankings/best-ball-rb.php,best-rb,bp,Chris Rodriguez Jr.,22986,RB,JAC,40.33,3.5,38,48,,chris-rodriguez-jr.php,,,53.9,,,,,,7.0,Chris Rodriguez,2026-05-29,JAC
/nfl/rankings/best-ball-rb.php,best-rb,bp,Jordan Mason,22969,RB,MIN,41.0,2.52,37,44,,jordan-mason.php,,,65.2,,,,,,6.0,Jordan Mason,2026-05-29,MIN
/nfl/rankings/best-ball-rb.php,best-rb,bp,Tyler Allgeier,24172,RB,ARI,44.0,3.65,40,50,,tyler-allgeier.php,,,61.7,,,,,,14.0,Tyler Allgeier,2026-05-29,ARI
/nfl/rankings/best-ball-rb.php,best-rb,bp,Zach Charbonnet,23152,RB,SEA,45.83,4.78,38,53,,zach-charbonnet.php,,,74.7,,,,,,11.0,Zach Charbonnet,2026-05-29,SEA
/nfl/rankings/best-ball-rb.php,best-rb,bp,Jonah Coleman,27320,RB,DEN,45.83,3.02,42,52,,jonah-coleman.php,,,43.4,,,,,,10.0,Jonah Coleman,2026-05-29,DEN
/nfl/rankings/best-ball-rb.php,best-rb,bp,Dylan Sampson,27102,RB,CLE,47.83,3.13,44,53,,dylan-sampson.php,,,37.5,,,,,,11.0,Dylan Sampson,2026-05-29,CLE
/nfl/rankings/best-ball-rb.php,best-rb,bp,Woody Marks,27520,RB,HOU,48.33,3.35,43,53,,woody-marks.php,,,67.6,,,,,,8.0,Woody Marks,2026-05-29,HOU
/nfl/rankings/best-ball-rb.php,best-rb,bp,Tyrone Tracy Jr.,22980,RB,NYG,48.33,3.94,44,54,,tyrone-tracy-jr.php,,,49.8,,,,,,8.0,Tyrone Tracy,2026-05-29,NYG
/nfl/rankings/best-ball-rb.php,best-rb,bp,Isiah Pacheco,24333,RB,DET,50.0,2.52,46,52,,isiah-pacheco.php,,,59.5,,,,,,6.0,Isiah Pacheco,2026-05-29,DET
/nfl/rankings/best-ball-rb.php,best-rb,bp,Keaton Mitchell,25360,RB,LAC,50.33,2.98,47,56,,keaton-mitchell.php,,,39.7,,,,,,7.0,Keaton Mitchell,2026-05-29,LAC
/nfl/rankings/best-ball-rb.php,best-rb,bp,Emmett Johnson,28107,RB,KC,51.83,2.91,48,56,,emmett-johnson.php,,,31.8,,,,,,5.0,Emmett Johnson,2026-05-29,KCC
/nfl/rankings/best-ball-rb.php,best-rb,bp,Braelon Allen,24346,RB,NYJ,52.0,3.92,46,58,,braelon-allen.php,,,34.6,,,,,,13.0,Braelon Allen,2026-05-29,NYJ
/nfl/rankings/best-ball-rb.php,best-rb,bp,Brian Robinson Jr.,20094,RB,ATL,53.17,4.41,48,62,,brian-robinson-jr.php,,,40.0,,,,,,11.0,Brian Robinson,2026-05-29,ATL
/nfl/rankings/best-ball-rb.php,best-rb,bp,Tyjae Spears,25323,RB,TEN,53.83,3.39,50,59,,tyjae-spears.php,,,61.1,,,,,,9.0,Tyjae Spears,2026-05-29,TEN
/nfl/rankings/best-ball-rb.php,best-rb,bp,Mike Washington Jr.,28108,RB,LV,54.0,5.13,46,61,,mike-washington-jr.php,,,30.9,,,,,,13.0,Mike Washington,2026-05-29,LVR
/nfl/rankings/best-ball-rb.php,best-rb,bp,Tank Bigsby,22908,RB,PHI,55.83,2.41,52,59,,tank-bigsby.php,,,28.1,,,,,,10.0,Tank Bigsby,2026-05-29,PHI
/nfl/rankings/best-ball-rb.php,best-rb,bp,Alvin Kamara,16421,RB,NO,56.0,5.63,45,62,,alvin-kamara.php,,,58.1,,,,,,8.0,Alvin Kamara,2026-05-29,NOS
/nfl/rankings/best-ball-rb.php,best-rb,bp,Emanuel Wilson,25885,RB,SEA,56.0,4.08,49,60,,emanuel-wilson.php,,,30.0,,,,,,11.0,Emanuel Wilson,2026-05-29,SEA
/nfl/rankings/best-ball-rb.php,best-rb,bp,Kaytron Allen,24362,RB,WAS,57.0,3.87,53,65,,kaytron-allen.php,,,24.8,,,,,,7.0,Kaytron Allen,2026-05-29,WAS
/nfl/rankings/best-ball-rb.php,best-rb,bp,Nicholas Singleton,24343,RB,TEN,60.0,6.66,54,74,,nick-singleton.php,,,30.7,,,,,,9.0,Nicholas Singleton,2026-05-29,TEN
/nfl/rankings/best-ball-rb.php,best-rb,bp,Ray Davis,26191,RB,BUF,63.5,2.81,60,68,,ray-davis.php,,,20.9,,,,,,7.0,Ray Davis,2026-05-29,BUF
/nfl/rankings/best-ball-rb.php,best-rb,bp,James Conner,16447,RB,ARI,64.17,4.95,56,71,,james-conner.php,,,41.1,,,,,,14.0,James Conner,2026-05-29,ARI
/nfl/rankings/best-ball-rb.php,best-rb,bp,Kimani Vidal,26355,RB,LAC,64.83,3.53,60,71,,kimani-vidal.php,,,25.1,,,,,,7.0,Kimani Vidal,2026-05-29,LAC
/nfl/rankings/best-ball-rb.php,best-rb,bp,Sean Tucker,23679,RB,TB,65.17,5.7,57,74,,sean-tucker.php,,,22.5,,,,,,10.0,Sean Tucker,2026-05-29,TBB
/nfl/rankings/best-ball-rb.php,best-rb,bp,Kaelon Black,28401,RB,SF,67.5,4.68,63,74,,kaelon-black.php,,,10.4,,,,,,8.0,Kaelon Black,2026-05-29,SFO
/nfl/rankings/best-ball-rb.php,best-rb,bp,Demond Claiborne,28084,RB,MIN,68.5,5.71,63,79,,demond-claiborne.php,,,18.0,,,,,,6.0,Demond Claiborne,2026-05-29,MIN
/nfl/rankings/best-ball-rb.php,best-rb,bp,Jaylen Wright,25987,RB,MIA,69.5,4.35,62,74,,jaylen-wright.php,,,18.1,,,,,,6.0,Jaylen Wright,2026-05-29,MIA
/nfl/rankings/best-ball-rb.php,best-rb,bp,Jordan James,27310,RB,SF,69.5,5.19,63,77,,jordan-james.php,,,16.4,,,,,,8.0,Jordan James,2026-05-29,SFO
/nfl/rankings/best-ball-rb.php,best-rb,bp,Ollie Gordon II,25984,RB,MIA,70.67,3.2,65,76,,ollie-gordon.php,,,9.9,,,,,,6.0,Ollie Gordon,2026-05-29,MIA
/nfl/rankings/best-ball-rb.php,best-rb,bp,DJ Giddens,27097,RB,IND,72.67,7.36,65,85,,dj-giddens.php,,,6.9,,,,,,13.0,DJ Giddens,2026-05-29,IND
/nfl/rankings/best-ball-rb.php,best-rb,bp,Jaydon Blue,24344,RB,DAL,72.67,2.43,68,75,,jaydon-blue.php,,,15.6,,,,,,14.0,Jaydon Blue,2026-05-29,DAL
/nfl/rankings/best-ball-rb.php,best-rb,bp,Justice Hill,18256,RB,BAL,73.83,8.51,60,85,,justice-hill.php,,,10.7,,,,,,13.0,Justice Hill,2026-05-29,BAL
/nfl/rankings/best-ball-rb.php,best-rb,bp,Samaje Perine,16423,RB,CIN,76.83,6.87,68,87,,samaje-perine.php,,,5.2,,,,,,6.0,Samaje Perine,2026-05-29,CIN
/nfl/rankings/best-ball-rb.php,best-rb,bp,Kaleb Johnson,27165,RB,PIT,77.67,8.01,70,91,,kaleb-johnson-rb.php,,,17.6,,,,,,9.0,Kaleb Johnson,2026-05-29,PIT
/nfl/rankings/best-ball-rb.php,best-rb,bp,Chris Brooks,25823,RB,GB,77.83,9.15,65,88,,christopher-brooks.php,,,7.2,,,,,,11.0,Chris Brooks,2026-05-29,GBP
/nfl/rankings/best-ball-rb.php,best-rb,bp,Adam Randall,24367,RB,BAL,77.83,6.18,68,86,,adam-randall.php,,,8.1,,,,,,13.0,Adam Randall,2026-05-29,BAL
/nfl/rankings/best-ball-rb.php,best-rb,bp,George Holani,22915,RB,SEA,79.5,3.69,74,84,,george-holani.php,,,10.7,,,,,,11.0,George Holani,2026-05-29,SEA
/nfl/rankings/best-ball-rb.php,best-rb,bp,Ty Johnson,18406,RB,BUF,72.4,5.5,66,81,,ty-johnson.php,,,6.6,,,,,,7.0,Ty Johnson,2026-05-29,BUF
/nfl/rankings/best-ball-rb.php,best-rb,bp,MarShawn Lloyd,23118,RB,GB,81.0,8.56,69,92,,marshawn-lloyd.php,,,10.2,,,,,,11.0,MarShawn Lloyd,2026-05-29,GBP
/nfl/rankings/best-ball-rb.php,best-rb,bp,LeQuint Allen Jr.,27285,RB,JAC,81.67,5.53,73,89,,lequint-allen-jr.php,,,10.9,,,,,,7.0,LeQuint Allen,2026-05-29,JAC
/nfl/rankings/best-ball-rb.php,best-rb,bp,Isaiah Davis,25977,RB,NYJ,82.5,5.25,75,89,,isaiah-davis.php,,,5.8,,,,,,13.0,Isaiah Davis,2026-05-29,NYJ
/nfl/rankings/best-ball-rb.php,best-rb,bp,Najee Harris,19302,RB,LAC,75.8,3.43,71,80,,najee-harris-rb.php,,,16.2,,,,,,7.0,Najee Harris,2026-05-29,LAC
/nfl/rankings/best-ball-rb.php,best-rb,bp,Trey Benson,25388,RB,ARI,83.5,8.46,68,95,,trey-benson.php,,,23.1,,,,,,14.0,Trey Benson,2026-05-29,ARI
/nfl/rankings/best-ball-rb.php,best-rb,bp,Devin Neal,23682,RB,NO,85.17,11.07,72,106,,devin-neal.php,,,15.1,,,,,,8.0,Devin Neal,2026-05-29,NOS
/nfl/rankings/best-ball-rb.php,best-rb,bp,Brashard Smith,27259,RB,KC,82.2,4.62,77,90,,brashard-smith.php,,,11.5,,,,,,5.0,Brashard Smith,2026-05-29,KCC
/nfl/rankings/best-ball-rb.php,best-rb,bp,Malik Davis,24205,RB,DAL,83.4,9.35,72,95,,malik-davis.php,,,4.0,,,,,,14.0,Malik Davis,2026-05-29,DAL
/nfl/rankings/best-ball-rb.php,best-rb,bp,Kendre Miller,24360,RB,NO,90.0,13.56,76,111,,kendre-miller.php,,,8.7,,,,,,8.0,Kendre Miller,2026-05-29,NOS
/nfl/rankings/best-ball-rb.php,best-rb,bp,Seth McGowan,23079,RB,IND,85.8,2.79,83,90,,seth-mcgowan.php,,,3.1,,,,,,13.0,Seth McGowan,2026-05-29,IND
/nfl/rankings/best-ball-rb.php,best-rb,bp,Joe Mixon,16420,RB,FA,86.2,4.62,81,93,,joe-mixon.php,,,15.9,,,,,,,Joe Mixon,2026-05-29,FA
/nfl/rankings/best-ball-rb.php,best-rb,bp,Eli Heidenreich,28297,RB,PIT,86.8,8.23,76,101,,eli-heidenreich.php,,,3.0,,,,,,9.0,Eli Heidenreich,2026-05-29,PIT
/nfl/rankings/best-ball-rb.php,best-rb,bp,Isaac Guerendo,26392,RB,SF,87.6,7.06,75,96,,isaac-guerendo.php,,,3.4,,,,,,8.0,Isaac Guerendo,2026-05-29,SFO
/nfl/rankings/best-ball-rb.php,best-rb,bp,Emari Demercado,25654,RB,KC,88.2,6.68,77,97,,emari-demercado.php,,,4.2,,,,,,5.0,Emari Demercado,2026-05-29,KCC
/nfl/rankings/best-ball-rb.php,best-rb,bp,Devin Singletary,18280,RB,NYG,90.0,15.59,80,121,,devin-singletary.php,,,3.4,,,,,,8.0,Devin Singletary,2026-05-29,NYG
/nfl/rankings/best-ball-rb.php,best-rb,bp,Jerome Ford,22921,RB,WAS,90.6,2.87,88,96,,jerome-ford.php,,,5.4,,,,,,7.0,Jerome Ford,2026-05-29,WAS
/nfl/rankings/best-ball-rb.php,best-rb,bp,Trevor Etienne,25393,RB,CAR,93.6,1.36,91,95,,trevor-etienne.php,,,3.8,,,,,,5.0,Trevor Etienne,2026-05-29,CAR
/nfl/rankings/best-ball-rb.php,best-rb,bp,Will Shipley,22930,RB,PHI,93.8,8.66,78,101,,will-shipley.php,,,3.2,,,,,,10.0,Will Shipley,2026-05-29,PHI
/nfl/rankings/best-ball-rb.php,best-rb,bp,Bam Knight,24901,RB,ARI,96.6,12.66,78,117,,zonovan-bam-knight.php,,,1.2,,,,,,14.0,Bam Knight,2026-05-29,ARI
/nfl/rankings/best-ball-rb.php,best-rb,bp,Kareem Hunt,16425,RB,FA,97.0,7.92,87,110,,kareem-hunt.php,,,3.1,,,,,,,Kareem Hunt,2026-05-29,FA
/nfl/rankings/best-ball-rb.php,best-rb,bp,Jarquez Hunter,24335,RB,LAR,97.2,6.91,90,107,,jarquez-hunter.php,,,5.6,,,,,,11.0,Jarquez Hunter,2026-05-29,LAR
/nfl/rankings/best-ball-rb.php,best-rb,bp,Jaleel McLaughlin,25876,RB,DEN,99.8,10.28,92,120,,jaleel-mclaughlin.php,,,1.4,,,,,,10.0,Jaleel McLaughlin,2026-05-29,DEN
/nfl/rankings/best-ball-rb.php,best-rb,bp,J'Mari Taylor,28109,RB,JAC,99.0,5.61,93,108,,jmari-taylor.php,,,5.2,,,,,,7.0,JMari Taylor,2026-05-29,JAC
/nfl/rankings/best-ball-rb.php,best-rb,bp,Roman Hemby,25387,RB,LV,96.33,10.21,84,109,,roman-hemby.php,,,0.0,,,,,,13.0,Roman Hemby,2026-05-29,LVR
/nfl/rankings/best-ball-rb.php,best-rb,bp,Audric Estime,23054,RB,NO,99.67,9.18,90,112,,audric-estime.php,,,6.3,,,,,,8.0,Audric Estime,2026-05-29,NOS
/nfl/rankings/best-ball-rb.php,best-rb,bp,Rasheen Ali,25983,RB,BAL,94.5,7.5,87,102,,rasheen-ali.php,,,2.9,,,,,,13.0,Rasheen Ali,2026-05-29,BAL
/nfl/rankings/best-ball-rb.php,best-rb,bp,Michael Carter,22728,RB,TEN,96.5,4.5,92,101,,michael-carter-rb.php,,,1.8,,,,,,9.0,Michael Carter,2026-05-29,TEN
/nfl/rankings/best-ball-rb.php,best-rb,bp,Tahj Brooks,26212,RB,CIN,98.0,4.0,94,102,,tahj-brooks.php,,,2.6,,,,,,6.0,Tahj Brooks,2026-05-29,CIN
/nfl/rankings/best-ball-rb.php,best-rb,bp,Jawhar Jordan,26329,RB,HOU,99.0,19.0,80,118,,jawhar-jordan.php,,,1.1,,,,,,8.0,Jawhar Jordan,2026-05-29,HOU
/nfl/rankings/best-ball-rb.php,best-rb,bp,Kyle Juszczyk,11798,RB,SF,100.5,2.5,98,103,,kyle-juszczyk.php,,,1.4,,,,,,8.0,Kyle Juszczyk,2026-05-29,SFO
/nfl/rankings/best-ball-rb.php,best-rb,bp,Raheim Sanders,24351,RB,CLE,107.0,23.0,84,130,,raheim-sanders.php,,,1.1,,,,,,11.0,Raheim Sanders,2026-05-29,CLE
/nfl/rankings/best-ball-rb.php,best-rb,bp,Jam Miller,27326,RB,NE,101.5,8.5,93,110,,jam-miller.php,,,2.2,,,,,,11.0,Jam Miller,2026-05-29,NEP
/nfl/rankings/best-ball-rb.php,best-rb,bp,Roschon Johnson,25322,RB,CHI,111.5,21.5,90,133,,roschon-johnson.php,,,0.7,,,,,,10.0,Roschon Johnson,2026-05-29,CHI
/nfl/rankings/best-ball-rb.php,best-rb,bp,Zavier Scott,25748,RB,MIN,113.0,16.0,97,129,,zavier-scott.php,,,0.7,,,,,,6.0,Zavier Scott,2026-05-29,MIN
/nfl/rankings/best-ball-rb.php,best-rb,bp,Nick Chubb,17246,RB,FA,107.5,4.5,103,112,,nick-chubb.php,,,2.3,,,,,,,Nick Chubb,2026-05-29,FA
/nfl/rankings/best-ball-rb.php,best-rb,bp,Miles Sanders,18283,RB,FA,110.0,5.0,105,115,,miles-sanders.php,,,0.7,,,,,,,Miles Sanders,2026-05-29,FA
/nfl/rankings/best-ball-rb.php,best-rb,bp,Jeremy McNichols,16445,RB,WAS,125.5,14.5,111,140,,jeremy-mcnichols.php,,,0.8,,,,,,7.0,Jeremy McNichols,2026-05-29,WAS
/nfl/rankings/best-ball-rb.php,best-rb,bp,Tyler Badie,23812,RB,DEN,119.5,6.5,113,126,,tyler-badie.php,,,1.0,,,,,,10.0,Tyler Badie,2026-05-29,DEN
/nfl/rankings/best-ball-rb.php,best-rb,bp,Tyler Goodson,22976,RB,ATL,128.5,12.5,116,141,,tyler-goodson.php,,,0.6,,,,,,11.0,Tyler Goodson,2026-05-29,ATL
/nfl/rankings/best-ball-te.php,best-te,bp,Brock Bowers,22955,TE,LV,1.17,0.37,1,2,,brock-bowers.php,,,98.8,,,,,,13.0,Brock Bowers,2026-05-29,LVR
/nfl/rankings/best-ball-te.php,best-te,bp,Trey McBride,22936,TE,ARI,1.83,0.37,1,2,,trey-mcbride.php,,,98.8,,,,,,14.0,Trey McBride,2026-05-29,ARI
/nfl/rankings/best-ball-te.php,best-te,bp,Colston Loveland,26006,TE,CHI,3.0,0.0,3,3,,colston-loveland.php,,,98.6,,,,,,10.0,Colston Loveland,2026-05-29,CHI
/nfl/rankings/best-ball-te.php,best-te,bp,Tyler Warren,26434,TE,IND,4.33,0.47,4,5,,tyler-warren.php,,,98.3,,,,,,13.0,Tyler Warren,2026-05-29,IND
/nfl/rankings/best-ball-te.php,best-te,bp,Tucker Kraft,25298,TE,GB,5.17,0.69,4,6,,tucker-kraft.php,,,92.7,,,,,,11.0,Tucker Kraft,2026-05-29,GBP
/nfl/rankings/best-ball-te.php,best-te,bp,Harold Fannin Jr.,27050,TE,CLE,6.67,0.75,6,8,,harold-fannin-jr.php,,,95.1,,,,,,11.0,Harold Fannin,2026-05-29,CLE
/nfl/rankings/best-ball-te.php,best-te,bp,Sam LaPorta,22978,TE,DET,6.83,1.07,5,8,,sam-laporta.php,,,95.1,,,,,,6.0,Sam LaPorta,2026-05-29,DET
/nfl/rankings/best-ball-te.php,best-te,bp,Kyle Pitts Sr.,20164,TE,ATL,7.17,0.69,6,8,,kyle-pitts.php,,,95.9,,,,,,11.0,Kyle Pitts,2026-05-29,ATL
/nfl/rankings/best-ball-te.php,best-te,bp,Travis Kelce,11594,TE,KC,10.33,0.94,9,12,,travis-kelce.php,,,91.9,,,,,,5.0,Travis Kelce,2026-05-29,KCC
/nfl/rankings/best-ball-te.php,best-te,bp,George Kittle,16499,TE,SF,11.33,1.11,10,13,,george-kittle.php,,,92.3,,,,,,8.0,George Kittle,2026-05-29,SFO
/nfl/rankings/best-ball-te.php,best-te,bp,Jake Ferguson,22718,TE,DAL,11.5,1.38,10,14,,jake-ferguson.php,,,90.9,,,,,,14.0,Jake Ferguson,2026-05-29,DAL
/nfl/rankings/best-ball-te.php,best-te,bp,Isaiah Likely,23781,TE,NYG,12.5,1.61,11,15,,isaiah-likely.php,,,86.1,,,,,,8.0,Isaiah Likely,2026-05-29,NYG
/nfl/rankings/best-ball-te.php,best-te,bp,Dalton Kincaid,25247,TE,BUF,14.17,3.24,11,20,,dalton-kincaid.php,,,73.0,,,,,,7.0,Dalton Kincaid,2026-05-29,BUF
/nfl/rankings/best-ball-te.php,best-te,bp,Oronde Gadsden II,25997,TE,LAC,14.33,3.35,9,19,,oronde-gadsden-ii.php,,,68.7,,,,,,7.0,Oronde Gadsden,2026-05-29,LAC
/nfl/rankings/best-ball-te.php,best-te,bp,Mark Andrews,17269,TE,BAL,14.83,0.69,14,16,,mark-andrews.php,,,87.0,,,,,,13.0,Mark Andrews,2026-05-29,BAL
/nfl/rankings/best-ball-te.php,best-te,bp,Dallas Goedert,17270,TE,PHI,15.17,1.34,14,18,,dallas-goedert.php,,,91.0,,,,,,10.0,Dallas Goedert,2026-05-29,PHI
/nfl/rankings/best-ball-te.php,best-te,bp,Juwan Johnson,19562,TE,NO,18.17,1.86,16,22,,juwan-johnson.php,,,59.8,,,,,,8.0,Juwan Johnson,2026-05-29,NOS
/nfl/rankings/best-ball-te.php,best-te,bp,Brenton Strange,25345,TE,JAC,18.33,2.05,16,21,,brenton-strange.php,,,59.6,,,,,,7.0,Brenton Strange,2026-05-29,JAC
/nfl/rankings/best-ball-te.php,best-te,bp,Kenyon Sadiq,26055,TE,NYJ,18.5,2.99,14,24,,kenyon-sadiq.php,,,75.0,,,,,,13.0,Kenyon Sadiq,2026-05-29,NYJ
/nfl/rankings/best-ball-te.php,best-te,bp,Chig Okonkwo,23982,TE,WAS,20.17,1.21,19,22,,chigoziem-okonkwo.php,,,42.8,,,,,,7.0,Chigoziem Okonkwo,2026-05-29,WAS
/nfl/rankings/best-ball-te.php,best-te,bp,Hunter Henry,15561,TE,NE,20.33,1.37,18,22,,hunter-henry.php,,,68.4,,,,,,11.0,Hunter Henry,2026-05-29,NEP
/nfl/rankings/best-ball-te.php,best-te,bp,T.J. Hockenson,18290,TE,MIN,21.83,1.57,19,24,,tj-hockenson.php,,,67.4,,,,,,6.0,TJ Hockenson,2026-05-29,MIN
/nfl/rankings/best-ball-te.php,best-te,bp,Dalton Schultz,17349,TE,HOU,22.5,1.89,20,25,,dalton-schultz.php,,,38.1,,,,,,8.0,Dalton Schultz,2026-05-29,HOU
/nfl/rankings/best-ball-te.php,best-te,bp,AJ Barner,26335,TE,SEA,23.67,1.49,22,26,,aj-barner.php,,,41.6,,,,,,11.0,AJ Barner,2026-05-29,SEA
/nfl/rankings/best-ball-te.php,best-te,bp,Pat Freiermuth,20163,TE,PIT,25.83,3.89,20,31,,pat-freiermuth.php,,,25.0,,,,,,9.0,Pat Freiermuth,2026-05-29,PIT
/nfl/rankings/best-ball-te.php,best-te,bp,Greg Dulcich,23153,TE,MIA,26.5,3.45,23,31,,greg-dulcich.php,,,15.6,,,,,,6.0,Greg Dulcich,2026-05-29,MIA
/nfl/rankings/best-ball-te.php,best-te,bp,Gunnar Helm,27109,TE,TEN,27.83,1.07,26,29,,gunnar-helm.php,,,26.0,,,,,,9.0,Gunnar Helm,2026-05-29,TEN
/nfl/rankings/best-ball-te.php,best-te,bp,Cade Otton,23181,TE,TB,28.33,2.21,25,31,,cade-otton.php,,,26.8,,,,,,10.0,Cade Otton,2026-05-29,TBB
/nfl/rankings/best-ball-te.php,best-te,bp,Terrance Ferguson,23091,TE,LAR,29.33,2.49,26,32,,terrance-ferguson.php,,,26.9,,,,,,11.0,Terrance Ferguson,2026-05-29,LAR
/nfl/rankings/best-ball-te.php,best-te,bp,David Njoku,16399,TE,LAC,30.0,2.94,27,35,,david-njoku.php,,,34.0,,,,,,7.0,David Njoku,2026-05-29,LAC
/nfl/rankings/best-ball-te.php,best-te,bp,Eli Stowers,23144,TE,PHI,30.5,3.1,26,35,,eli-stowers.php,,,30.8,,,,,,10.0,Eli Stowers,2026-05-29,PHI
/nfl/rankings/best-ball-te.php,best-te,bp,Mike Gesicki,17272,TE,CIN,30.5,2.29,28,34,,mike-gesicki.php,,,18.5,,,,,,6.0,Mike Gesicki,2026-05-29,CIN
/nfl/rankings/best-ball-te.php,best-te,bp,Evan Engram,16411,TE,DEN,33.33,2.21,29,36,,evan-engram.php,,,18.9,,,,,,10.0,Evan Engram,2026-05-29,DEN
/nfl/rankings/best-ball-te.php,best-te,bp,Mason Taylor,26005,TE,NYJ,35.17,2.11,33,38,,mason-taylor.php,,,22.6,,,,,,13.0,Mason Taylor,2026-05-29,NYJ
/nfl/rankings/best-ball-te.php,best-te,bp,Theo Johnson,23104,TE,NYG,35.17,0.9,34,36,,theo-johnson.php,,,22.0,,,,,,8.0,Theo Johnson,2026-05-29,NYG
/nfl/rankings/best-ball-te.php,best-te,bp,Colby Parkinson,19372,TE,LAR,35.33,3.35,31,39,,colby-parkinson.php,,,24.5,,,,,,11.0,Colby Parkinson,2026-05-29,LAR
/nfl/rankings/best-ball-te.php,best-te,bp,Jake Tonges,24778,TE,SF,36.17,2.73,32,39,,jake-tonges.php,,,26.3,,,,,,8.0,Jake Tonges,2026-05-29,SFO
/nfl/rankings/best-ball-te.php,best-te,bp,Michael Mayer,23056,TE,LV,42.17,6.15,37,54,,michael-mayer.php,,,16.2,,,,,,13.0,Michael Mayer,2026-05-29,LVR
/nfl/rankings/best-ball-te.php,best-te,bp,Elijah Arroyo,23004,TE,SEA,40.2,3.25,37,45,,elijah-arroyo.php,,,12.7,,,,,,11.0,Elijah Arroyo,2026-05-29,SEA
/nfl/rankings/best-ball-te.php,best-te,bp,Max Klare,27993,TE,LAR,36.75,4.66,30,42,,max-klare.php,,,16.8,,,,,,11.0,Max Klare,2026-05-29,LAR
/nfl/rankings/best-ball-te.php,best-te,bp,Darnell Washington,22967,TE,PIT,40.0,4.42,33,45,,darnell-washington.php,,,14.8,,,,,,9.0,Darnell Washington,2026-05-29,PIT
/nfl/rankings/best-ball-te.php,best-te,bp,Noah Gray,19539,TE,KC,47.0,7.52,39,55,,noah-gray.php,,,7.5,,,,,,5.0,Noah Gray,2026-05-29,KCC
/nfl/rankings/best-ball-te.php,best-te,bp,Ja'Tavion Sanders,24334,TE,CAR,40.0,4.32,36,46,,jatavion-sanders.php,,,7.8,,,,,,5.0,JaTavion Sanders,2026-05-29,CAR
/nfl/rankings/best-ball-te.php,best-te,bp,Tyler Higbee,15623,TE,LAR,52.5,17.44,30,79,,tyler-higbee.php,,,6.1,,,,,,11.0,Tyler Higbee,2026-05-29,LAR
/nfl/rankings/best-ball-te.php,best-te,bp,Ben Sinnott,26310,TE,WAS,52.75,8.01,41,63,,ben-sinnott.php,,,4.7,,,,,,7.0,Ben Sinnott,2026-05-29,WAS
/nfl/rankings/best-ball-te.php,best-te,bp,Dawson Knox,18631,TE,BUF,44.67,1.7,43,47,,dawson-knox.php,,,11.6,,,,,,7.0,Dawson Knox,2026-05-29,BUF
/nfl/rankings/best-ball-te.php,best-te,bp,Justin Joly,28079,TE,DEN,45.67,9.53,33,56,,justin-joly.php,,,9.8,,,,,,10.0,Justin Joly,2026-05-29,DEN
/nfl/rankings/best-ball-te.php,best-te,bp,Noah Fant,17527,TE,NO,47.33,7.13,40,57,,noah-fant.php,,,4.2,,,,,,8.0,Noah Fant,2026-05-29,NOS
/nfl/rankings/best-ball-te.php,best-te,bp,Eli Raridon,28154,TE,NE,47.67,8.18,40,59,,eli-raridon.php,,,4.5,,,,,,11.0,Eli Raridon,2026-05-29,NEP
/nfl/rankings/best-ball-te.php,best-te,bp,Oscar Delp,25430,TE,NO,50.0,12.73,41,68,,oscar-delp.php,,,6.9,,,,,,8.0,Oscar Delp,2026-05-29,NOS
/nfl/rankings/best-ball-te.php,best-te,bp,Darren Waller,14104,TE,FA,54.33,11.95,41,70,,darren-waller.php,,,5.9,,,,,,,Darren Waller,2026-05-29,FA
/nfl/rankings/best-ball-te.php,best-te,bp,Marlin Klein,28157,TE,HOU,55.0,8.29,44,64,,marlin-klein.php,,,2.6,,,,,,8.0,Marlin Klein,2026-05-29,HOU
/nfl/rankings/best-ball-te.php,best-te,bp,Luke Musgrave,25282,TE,GB,55.67,4.11,51,61,,luke-musgrave.php,,,7.0,,,,,,11.0,Luke Musgrave,2026-05-29,GBP
/nfl/rankings/best-ball-te.php,best-te,bp,Cole Kmet,19229,TE,CHI,44.5,2.5,42,47,,cole-kmet.php,,,12.3,,,,,,10.0,Cole Kmet,2026-05-29,CHI
/nfl/rankings/best-ball-te.php,best-te,bp,Sam Roush,28161,TE,CHI,59.0,11.43,49,75,,sam-roush.php,,,1.4,,,,,,10.0,Sam Roush,2026-05-29,CHI
/nfl/rankings/best-ball-te.php,best-te,bp,Jonnu Smith,16460,TE,FA,48.5,10.5,38,59,,jonnu-smith.php,,,6.3,,,,,,,Jonnu Smith,2026-05-29,FA
/nfl/rankings/best-ball-te.php,best-te,bp,Tommy Tremble,22795,TE,CAR,49.5,3.5,46,53,,tommy-tremble.php,,,2.3,,,,,,5.0,Tommy Tremble,2026-05-29,CAR
/nfl/rankings/best-ball-te.php,best-te,bp,Daniel Bellinger,24238,TE,TEN,51.5,16.5,35,68,,daniel-bellinger.php,,,4.9,,,,,,9.0,Daniel Bellinger,2026-05-29,TEN
/nfl/rankings/best-ball-te.php,best-te,bp,Zach Ertz,11689,TE,FA,54.0,11.0,43,65,,zach-ertz.php,,,5.5,,,,,,,Zach Ertz,2026-05-29,FA
/nfl/rankings/best-ball-te.php,best-te,bp,Austin Hooper,15581,TE,ATL,55.0,7.0,48,62,,austin-hooper.php,,,1.9,,,,,,11.0,Austin Hooper,2026-05-29,ATL
/nfl/rankings/best-ball-te.php,best-te,bp,Will Kacmarek,28403,TE,MIA,57.5,9.5,48,67,,will-kacmarek.php,,,4.3,,,,,,6.0,Will Kacmarek,2026-05-29,MIA
/nfl/rankings/best-ball-te.php,best-te,bp,Nate Boerkircher,28427,TE,JAC,59.0,10.0,49,69,,nate-boerkircher.php,,,0.6,,,,,,7.0,Nate Boerkircher,2026-05-29,JAC
/nfl/rankings/best-ball-te.php,best-te,bp,Mitchell Evans,27138,TE,CAR,59.0,3.0,56,62,,mitchell-evans.php,,,1.0,,,,,,5.0,Mitchell Evans,2026-05-29,CAR
/nfl/rankings/best-ball-te.php,best-te,bp,Elijah Higgins,23119,TE,ARI,59.0,1.0,58,60,,elijah-higgins.php,,,3.0,,,,,,14.0,Elijah Higgins,2026-05-29,ARI
/nfl/rankings/best-ball-te.php,best-te,bp,Erick All Jr.,23837,TE,CIN,60.5,2.5,58,63,,erick-all.php,,,1.6,,,,,,6.0,Erick All,2026-05-29,CIN
/nfl/rankings/best-ball-te.php,best-te,bp,Charlie Kolar,22756,TE,LAC,63.5,13.5,50,77,,charlie-kolar.php,,,3.4,,,,,,7.0,Charlie Kolar,2026-05-29,LAC
/nfl/rankings/best-ball-te.php,best-te,bp,Jared Wiley,26343,TE,KC,65.5,10.5,55,76,,jared-wiley.php,,,0.6,,,,,,5.0,Jared Wiley,2026-05-29,KCC
/nfl/rankings/best-ball-te.php,best-te,bp,Durham Smythe,17508,TE,BAL,77.0,30.0,47,107,,durham-smythe.php,,,0.7,,,,,,13.0,Durham Smythe,2026-05-29,BAL
/nfl/rankings/best-ball-te.php,best-te,bp,Michael Trigg,23167,TE,DAL,66.0,12.0,54,78,,michael-trigg.php,,,14.1,,,,,,14.0,Michael Trigg,2026-05-29,DAL
/nfl/rankings/best-ball-te.php,best-te,bp,Jackson Hawes,27469,TE,BUF,76.0,26.0,50,102,,jackson-hawes.php,,,1.0,,,,,,7.0,Jackson Hawes,2026-05-29,BUF
/nfl/rankings/best-ball-te.php,best-te,bp,Tanner Koziol,27499,TE,JAC,69.0,2.0,67,71,,tanner-koziol.php,,,1.1,,,,,,7.0,Tanner Koziol,2026-05-29,JAC
/nfl/rankings/best-ball-te.php,best-te,bp,Luke Schoonmaker,25267,TE,DAL,72.0,12.0,60,84,,luke-schoonmaker.php,,,1.0,,,,,,14.0,Luke Schoonmaker,2026-05-29,DAL
/nfl/rankings/best-ball-te.php,best-te,bp,Joe Royer,27312,TE,CLE,72.5,7.5,65,80,,joe-royer.php,,,0.9,,,,,,11.0,Joe Royer,2026-05-29,CLE
/nfl/rankings/best-ball-te.php,best-te,bp,Josh Oliver,18487,TE,MIN,73.5,7.5,66,81,,josh-oliver.php,,,1.4,,,,,,6.0,Josh Oliver,2026-05-29,MIN
/nfl/rankings/best-ball-te.php,best-te,bp,Tyler Conklin,17598,TE,DET,77.5,13.5,64,91,,tyler-conklin.php,,,1.3,,,,,,6.0,Tyler Conklin,2026-05-29,DET
/nfl/rankings/best-ball-te.php,best-te,bp,Grant Calcaterra,24180,TE,PHI,75.0,6.0,69,81,,grant-calcaterra.php,,,1.0,,,,,,10.0,Grant Calcaterra,2026-05-29,PHI
/nfl/rankings/best-ball-te.php,best-te,bp,Jack Endries,27501,TE,CIN,79.5,6.5,73,86,,jack-endries.php,,,4.4,,,,,,6.0,Jack Endries,2026-05-29,CIN
/nfl/rankings/best-ball-te.php,best-te,bp,Cade Stover,25269,TE,HOU,82.5,0.5,82,83,,cade-stover.php,,,1.8,,,,,,8.0,Cade Stover,2026-05-29,HOU
/nfl/rankings/best-ball-te.php,best-te,bp,Johnny Mundt,16743,TE,PHI,89.0,7.0,82,96,,johnny-mundt.php,,,0.1,,,,,,10.0,Johnny Mundt,2026-05-29,PHI
/nfl/rankings/best-ball-wr.php,best-wr,bp,Ja'Marr Chase,19788,WR,CIN,1.0,0.0,1,1,,jamarr-chase.php,,,99.0,,,,,,6.0,JaMarr Chase,2026-05-29,CIN
/nfl/rankings/best-ball-wr.php,best-wr,bp,Puka Nacua,23180,WR,LAR,2.33,0.47,2,3,,puka-nacua.php,,,99.3,,,,,,11.0,Puka Nacua,2026-05-29,LAR
/nfl/rankings/best-ball-wr.php,best-wr,bp,Jaxon Smith-Njigba,23070,WR,SEA,2.67,0.47,2,3,,jaxon-smith-njigba.php,,,99.4,,,,,,11.0,Jaxon Smith-Njigba,2026-05-29,SEA
/nfl/rankings/best-ball-wr.php,best-wr,bp,Amon-Ra St. Brown,19799,WR,DET,4.0,0.0,4,4,,amonra-stbrown.php,,,99.0,,,,,,6.0,Amon-Ra St Brown,2026-05-29,DET
/nfl/rankings/best-ball-wr.php,best-wr,bp,CeeDee Lamb,19202,WR,DAL,5.5,0.5,5,6,,ceedee-lamb.php,,,99.0,,,,,,14.0,CeeDee Lamb,2026-05-29,DAL
/nfl/rankings/best-ball-wr.php,best-wr,bp,Justin Jefferson,19236,WR,MIN,5.5,0.5,5,6,,justin-jefferson.php,,,98.9,,,,,,6.0,Justin Jefferson,2026-05-29,MIN
/nfl/rankings/best-ball-wr.php,best-wr,bp,Drake London,23163,WR,ATL,6.83,0.37,6,7,,drake-london.php,,,98.8,,,,,,11.0,Drake London,2026-05-29,ATL
/nfl/rankings/best-ball-wr.php,best-wr,bp,Nico Collins,20130,WR,HOU,8.83,0.69,8,10,,nico-collins.php,,,99.1,,,,,,8.0,Nico Collins,2026-05-29,HOU
/nfl/rankings/best-ball-wr.php,best-wr,bp,Malik Nabers,25409,WR,NYG,10.17,2.03,8,14,,malik-nabers.php,,,98.5,,,,,,8.0,Malik Nabers,2026-05-29,NYG
/nfl/rankings/best-ball-wr.php,best-wr,bp,George Pickens,22963,WR,DAL,10.5,0.76,9,11,,george-pickens.php,,,98.7,,,,,,14.0,George Pickens,2026-05-29,DAL
/nfl/rankings/best-ball-wr.php,best-wr,bp,A.J. Brown,18218,WR,PHI,10.67,1.11,9,12,,aj-brown.php,,,98.8,,,,,,10.0,AJ Brown,2026-05-29,PHI
/nfl/rankings/best-ball-wr.php,best-wr,bp,Rashee Rice,23113,WR,KC,11.83,3.13,8,17,,rashee-rice.php,,,97.8,,,,,-2.0,5.0,Rashee Rice,2026-05-29,KCC
/nfl/rankings/best-ball-wr.php,best-wr,bp,Chris Olave,20111,WR,NO,14.0,1.83,12,17,,chris-olave.php,,,97.8,,,,,,8.0,Chris Olave,2026-05-29,NOS
/nfl/rankings/best-ball-wr.php,best-wr,bp,DeVonta Smith,19222,WR,PHI,15.17,1.95,13,18,,devonta-smith.php,,,97.6,,,,,,10.0,DeVonta Smith,2026-05-29,PHI
/nfl/rankings/best-ball-wr.php,best-wr,bp,Zay Flowers,22916,WR,BAL,15.5,1.38,14,18,,zay-flowers.php,,,97.1,,,,,,13.0,Zay Flowers,2026-05-29,BAL
/nfl/rankings/best-ball-wr.php,best-wr,bp,Tetairoa McMillan,25417,WR,CAR,16.33,2.05,14,19,,tetairoa-mcmillan.php,,,97.9,,,,,,5.0,Tetairoa McMillan,2026-05-29,CAR
/nfl/rankings/best-ball-wr.php,best-wr,bp,Garrett Wilson,23072,WR,NYJ,16.33,1.11,15,18,,garrett-wilson.php,,,97.4,,,,,,13.0,Garrett Wilson,2026-05-29,NYJ
/nfl/rankings/best-ball-wr.php,best-wr,bp,Tee Higgins,19211,WR,CIN,16.5,2.29,13,19,,tee-higgins.php,,,97.4,,,,,,6.0,Tee Higgins,2026-05-29,CIN
/nfl/rankings/best-ball-wr.php,best-wr,bp,Ladd McConkey,26122,WR,LAC,20.17,2.41,17,23,,ladd-mcconkey.php,,,96.9,,,,,,7.0,Ladd McConkey,2026-05-29,LAC
/nfl/rankings/best-ball-wr.php,best-wr,bp,Jaylen Waddle,19790,WR,DEN,21.0,3.21,15,25,,jaylen-waddle.php,,,96.1,,,,,,10.0,Jaylen Waddle,2026-05-29,DEN
/nfl/rankings/best-ball-wr.php,best-wr,bp,DJ Moore,17265,WR,BUF,23.0,2.38,18,25,,dj-moore-wr.php,,,94.6,,,,,,7.0,DJ Moore,2026-05-29,BUF
/nfl/rankings/best-ball-wr.php,best-wr,bp,Emeka Egbuka,23062,WR,TB,23.17,1.57,21,26,,emeka-egbuka.php,,,95.8,,,,,,10.0,Emeka Egbuka,2026-05-29,TBB
/nfl/rankings/best-ball-wr.php,best-wr,bp,Luther Burden III,27016,WR,CHI,23.5,2.5,19,26,,luther-burden-iii.php,,,94.4,,,,,,10.0,Luther Burden,2026-05-29,CHI
/nfl/rankings/best-ball-wr.php,best-wr,bp,Terry McLaurin,18466,WR,WAS,23.5,1.98,21,26,,terry-mclaurin.php,,,95.3,,,,,,7.0,Terry McLaurin,2026-05-29,WAS
/nfl/rankings/best-ball-wr.php,best-wr,bp,Jameson Williams,23677,WR,DET,23.67,5.34,16,31,,jameson-williams.php,,,95.5,,,,,3.0,6.0,Jameson Williams,2026-05-29,DET
/nfl/rankings/best-ball-wr.php,best-wr,bp,Mike Evans,12119,WR,SF,24.0,1.83,21,27,,mike-evans.php,,,93.7,,,,,,8.0,Mike Evans,2026-05-29,SFO
/nfl/rankings/best-ball-wr.php,best-wr,bp,Davante Adams,12123,WR,LAR,26.0,3.56,20,31,,davante-adams.php,,,97.3,,,,,,11.0,Davante Adams,2026-05-29,LAR
/nfl/rankings/best-ball-wr.php,best-wr,bp,Christian Watson,23886,WR,GB,26.83,2.79,22,30,,christian-watson.php,,,92.0,,,,,,11.0,Christian Watson,2026-05-29,GBP
/nfl/rankings/best-ball-wr.php,best-wr,bp,Carnell Tate,26009,WR,TEN,29.0,1.15,27,30,,carnell-tate.php,,,92.8,,,,,,9.0,Carnell Tate,2026-05-29,TEN
/nfl/rankings/best-ball-wr.php,best-wr,bp,Alec Pierce,23791,WR,IND,30.33,2.98,26,35,,alec-pierce.php,,,91.1,,,,,,13.0,Alec Pierce,2026-05-29,IND
/nfl/rankings/best-ball-wr.php,best-wr,bp,Rome Odunze,25411,WR,CHI,30.67,1.97,28,34,,rome-odunze.php,,,94.1,,,,,,10.0,Rome Odunze,2026-05-29,CHI
/nfl/rankings/best-ball-wr.php,best-wr,bp,Marvin Harrison Jr.,23064,WR,ARI,32.33,2.36,30,36,,marvin-harrison-jr.php,,,92.3,,,,,,14.0,Marvin Harrison,2026-05-29,ARI
/nfl/rankings/best-ball-wr.php,best-wr,bp,Jordyn Tyson,26035,WR,NO,32.67,0.47,32,33,,jordyn-tyson.php,,,88.9,,,,,,8.0,Jordyn Tyson,2026-05-29,NOS
/nfl/rankings/best-ball-wr.php,best-wr,bp,DK Metcalf,18219,WR,PIT,32.83,2.67,28,36,,dk-metcalf.php,,,93.6,,,,,,9.0,DK Metcalf,2026-05-29,PIT
/nfl/rankings/best-ball-wr.php,best-wr,bp,Courtland Sutton,17253,WR,DEN,36.33,1.49,34,38,,courtland-sutton.php,,,92.8,,,,,,10.0,Courtland Sutton,2026-05-29,DEN
/nfl/rankings/best-ball-wr.php,best-wr,bp,Brian Thomas Jr.,23000,WR,JAC,37.33,4.07,31,43,,brian-thomas-jr.php,,,91.4,,,,,,7.0,Brian Thomas,2026-05-29,JAC
/nfl/rankings/best-ball-wr.php,best-wr,bp,Makai Lemon,25420,WR,PHI,37.33,2.43,34,40,,makai-lemon.php,,,88.7,,,,,,10.0,Makai Lemon,2026-05-29,PHI
/nfl/rankings/best-ball-wr.php,best-wr,bp,Parker Washington,23106,WR,JAC,38.67,3.9,34,44,,parker-washington.php,,,89.8,,,,,,7.0,Parker Washington,2026-05-29,JAC
/nfl/rankings/best-ball-wr.php,best-wr,bp,Michael Wilson,25333,WR,ARI,40.67,4.03,37,49,,michael-wilson.php,,,90.7,,,,,,14.0,Michael Wilson,2026-05-29,ARI
/nfl/rankings/best-ball-wr.php,best-wr,bp,Jakobi Meyers,18598,WR,JAC,41.33,2.81,38,46,,jakobi-meyers.php,,,89.4,,,,,,7.0,Jakobi Meyers,2026-05-29,JAC
/nfl/rankings/best-ball-wr.php,best-wr,bp,Chris Godwin Jr.,16406,WR,TB,41.5,1.5,39,44,,chris-godwin.php,,,89.7,,,,,,10.0,Chris Godwin,2026-05-29,TBB
/nfl/rankings/best-ball-wr.php,best-wr,bp,Jordan Addison,23107,WR,MIN,41.83,2.79,38,45,,jordan-addison.php,,,88.1,,,,,,6.0,Jordan Addison,2026-05-29,MIN
/nfl/rankings/best-ball-wr.php,best-wr,bp,KC Concepcion,27331,WR,CLE,42.67,3.2,38,47,,kevin-concepcion.php,,,70.8,,,,,,11.0,KC Concepcion,2026-05-29,CLE
/nfl/rankings/best-ball-wr.php,best-wr,bp,Michael Pittman Jr.,19278,WR,PIT,43.67,3.59,36,46,,michael-pittman.php,,,90.5,,,,,,9.0,Michael Pittman,2026-05-29,PIT
/nfl/rankings/best-ball-wr.php,best-wr,bp,Ricky Pearsall,26214,WR,SF,44.17,3.02,40,49,,ricky-pearsall.php,,,88.3,,,,,,8.0,Ricky Pearsall,2026-05-29,SFO
/nfl/rankings/best-ball-wr.php,best-wr,bp,Josh Downs,24706,WR,IND,45.33,4.07,41,50,,josh-downs.php,,,81.7,,,,,,13.0,Josh Downs,2026-05-29,IND
/nfl/rankings/best-ball-wr.php,best-wr,bp,Wan'Dale Robinson,22985,WR,TEN,45.83,2.19,42,48,,wandale-robinson.php,,,86.0,,,,,,9.0,WanDale Robinson,2026-05-29,TEN
/nfl/rankings/best-ball-wr.php,best-wr,bp,Jayden Reed,23020,WR,GB,46.33,2.13,43,49,,jayden-reed.php,,,81.8,,,,,,11.0,Jayden Reed,2026-05-29,GBP
/nfl/rankings/best-ball-wr.php,best-wr,bp,Romeo Doubs,23794,WR,NE,48.5,4.03,42,53,,romeo-doubs.php,,,78.1,,,,,,11.0,Romeo Doubs,2026-05-29,NEP
/nfl/rankings/best-ball-wr.php,best-wr,bp,Jayden Higgins,27077,WR,HOU,50.33,2.69,46,54,,jayden-higgins.php,,,55.1,,,,,,8.0,Jayden Higgins,2026-05-29,HOU
/nfl/rankings/best-ball-wr.php,best-wr,bp,Xavier Worthy,23019,WR,KC,50.67,2.36,47,54,,xavier-worthy.php,,,82.3,,,,,,5.0,Xavier Worthy,2026-05-29,KCC
/nfl/rankings/best-ball-wr.php,best-wr,bp,Omar Cooper Jr.,28127,WR,NYJ,52.5,2.43,48,56,,omar-cooper-jr.php,,,53.2,,,,,,13.0,Omar Cooper,2026-05-29,NYJ
/nfl/rankings/best-ball-wr.php,best-wr,bp,Quentin Johnston,23123,WR,LAC,53.0,4.0,47,58,,quentin-johnston.php,,,81.0,,,,,,7.0,Quentin Johnston,2026-05-29,LAC
/nfl/rankings/best-ball-wr.php,best-wr,bp,Khalil Shakir,23748,WR,BUF,54.0,0.82,53,55,,khalil-shakir.php,,,75.5,,,,,,7.0,Khalil Shakir,2026-05-29,BUF
/nfl/rankings/best-ball-wr.php,best-wr,bp,Matthew Golden,26024,WR,GB,54.67,3.64,51,62,,matthew-golden.php,,,74.4,,,,,,11.0,Matthew Golden,2026-05-29,GBP
/nfl/rankings/best-ball-wr.php,best-wr,bp,Jalen Coker,26403,WR,CAR,55.83,3.29,51,61,,jalen-coker.php,,,57.9,,,,,,5.0,Jalen Coker,2026-05-29,CAR
/nfl/rankings/best-ball-wr.php,best-wr,bp,Denzel Boston,27339,WR,CLE,57.33,1.49,55,59,,denzel-boston.php,,,45.7,,,,,,11.0,Denzel Boston,2026-05-29,CLE
/nfl/rankings/best-ball-wr.php,best-wr,bp,Rashid Shaheed,24687,WR,SEA,59.33,2.62,55,63,,rashid-shaheed.php,,,52.2,,,,,,11.0,Rashid Shaheed,2026-05-29,SEA
/nfl/rankings/best-ball-wr.php,best-wr,bp,Stefon Diggs,13981,WR,FA,62.0,4.83,58,71,,stefon-diggs.php,,,56.1,,,,,,,Stefon Diggs,2026-05-29,FA
/nfl/rankings/best-ball-wr.php,best-wr,bp,Jalen McMillan,23179,WR,TB,62.67,5.34,55,71,,jalen-mcmillan.php,,,42.2,,,,,,10.0,Jalen McMillan,2026-05-29,TBB
/nfl/rankings/best-ball-wr.php,best-wr,bp,Jauan Jennings,19590,WR,MIN,65.33,5.71,58,73,,jauan-jennings.php,,,46.4,,,,,,6.0,Jauan Jennings,2026-05-29,MIN
/nfl/rankings/best-ball-wr.php,best-wr,bp,Antonio Williams,25418,WR,WAS,65.67,7.02,58,79,,antonio-williams-wr.php,,,29.2,,,,,,7.0,Antonio Williams,2026-05-29,WAS
/nfl/rankings/best-ball-wr.php,best-wr,bp,Jalen Nailor,24177,WR,LV,66.5,7.78,58,80,,jalen-nailor.php,,,32.0,,,,,,13.0,Jalen Nailor,2026-05-29,LVR
/nfl/rankings/best-ball-wr.php,best-wr,bp,Jerry Jeudy,19201,WR,CLE,67.83,5.4,61,77,,jerry-jeudy.php,,,45.9,,,,,,11.0,Jerry Jeudy,2026-05-29,CLE
/nfl/rankings/best-ball-wr.php,best-wr,bp,Germie Bernard,26039,WR,PIT,68.33,6.1,62,79,,germie-bernard.php,,,22.4,,,,,,9.0,Germie Bernard,2026-05-29,PIT
/nfl/rankings/best-ball-wr.php,best-wr,bp,Calvin Ridley,17258,WR,TEN,71.33,3.9,64,75,,calvin-ridley.php,,,37.7,,,,,,9.0,Calvin Ridley,2026-05-29,TEN
/nfl/rankings/best-ball-wr.php,best-wr,bp,Brandon Aiyuk,19252,WR,SF,71.67,4.57,65,78,,brandon-aiyuk.php,,,41.7,,,,,,8.0,Brandon Aiyuk,2026-05-29,SFO
/nfl/rankings/best-ball-wr.php,best-wr,bp,Travis Hunter,26034,WR,JAC,72.0,10.65,61,87,,travis-hunter.php,,,67.6,,,,,,7.0,Travis Hunter,2026-05-29,JAC
/nfl/rankings/best-ball-wr.php,best-wr,bp,Kayshon Boutte,22989,WR,NE,72.33,4.35,67,80,,kayshon-boutte.php,,,30.8,,,,,,11.0,Kayshon Boutte,2026-05-29,NEP
/nfl/rankings/best-ball-wr.php,best-wr,bp,Isaac TeSlaa,27446,WR,DET,73.67,7.34,66,86,,isaac-teslaa.php,,,26.5,,,,,,6.0,Isaac TeSlaa,2026-05-29,DET
/nfl/rankings/best-ball-wr.php,best-wr,bp,Tre Tucker,25337,WR,LV,74.17,9.19,60,90,,tre-tucker.php,,,28.8,,,,,,13.0,Tre Tucker,2026-05-29,LVR
/nfl/rankings/best-ball-wr.php,best-wr,bp,Darnell Mooney,19810,WR,NYG,74.17,4.37,69,80,,darnell-mooney.php,,,21.7,,,,,,8.0,Darnell Mooney,2026-05-29,NYG
/nfl/rankings/best-ball-wr.php,best-wr,bp,Adonai Mitchell,24357,WR,NYJ,75.33,4.31,69,80,,adonai-mitchell.php,,,23.1,,,,,,13.0,Adonai Mitchell,2026-05-29,NYJ
/nfl/rankings/best-ball-wr.php,best-wr,bp,Tre' Harris,26215,WR,LAC,75.67,5.53,70,85,,tre-harris.php,,,23.8,,,,,,7.0,Tre Harris,2026-05-29,LAC
/nfl/rankings/best-ball-wr.php,best-wr,bp,Chris Bell,26038,WR,MIA,78.83,7.9,66,92,,chris-bell.php,,,26.9,,,,,,6.0,Chris Bell,2026-05-29,MIA
/nfl/rankings/best-ball-wr.php,best-wr,bp,Dontayvion Wicks,24354,WR,PHI,79.67,8.46,68,91,,dontayvion-wicks.php,,,15.0,,,,,,10.0,Dontayvion Wicks,2026-05-29,PHI
/nfl/rankings/best-ball-wr.php,best-wr,bp,Jaylin Noel,27122,WR,HOU,80.33,14.02,61,97,,jaylin-noel.php,,,18.2,,,,,,8.0,Jaylin Noel,2026-05-29,HOU
/nfl/rankings/best-ball-wr.php,best-wr,bp,De'Zhaun Stribling,28138,WR,SF,81.33,10.98,64,98,,dezhaun-stribling.php,,,16.1,,,,,,8.0,DeZhaun Stribling,2026-05-29,SFO
/nfl/rankings/best-ball-wr.php,best-wr,bp,Chris Brazzell II,28047,WR,CAR,82.0,3.27,76,87,,chris-brazzell-ii.php,,,17.6,,,,,,5.0,Chris Brazzell,2026-05-29,CAR
/nfl/rankings/best-ball-wr.php,best-wr,bp,Tyreek Hill,15802,WR,FA,82.5,7.63,73,94,,tyreek-hill.php,,,49.0,,,,,,,Tyreek Hill,2026-05-29,FA
/nfl/rankings/best-ball-wr.php,best-wr,bp,Zachariah Branch,25419,WR,ATL,84.83,6.07,77,95,,zachariah-branch.php,,,23.1,,,,,,11.0,Zachariah Branch,2026-05-29,ATL
/nfl/rankings/best-ball-wr.php,best-wr,bp,Deebo Samuel Sr.,18244,WR,FA,86.17,18.7,68,125,,deebo-samuel.php,,,42.1,,,,,,,Deebo Samuel,2026-05-29,FA
/nfl/rankings/best-ball-wr.php,best-wr,bp,Ryan Flournoy,26398,WR,DAL,86.33,10.98,67,101,,ryan-flournoy.php,,,20.4,,,,,,14.0,Ryan Flournoy,2026-05-29,DAL
/nfl/rankings/best-ball-wr.php,best-wr,bp,Elijah Sarratt,27463,WR,BAL,86.33,7.06,74,97,,elijah-sarratt.php,,,19.4,,,,,,13.0,Elijah Sarratt,2026-05-29,BAL
/nfl/rankings/best-ball-wr.php,best-wr,bp,Malik Washington,26314,WR,MIA,87.33,10.48,76,100,,malik-washington.php,,,20.5,,,,,,6.0,Malik Washington,2026-05-29,MIA
/nfl/rankings/best-ball-wr.php,best-wr,bp,Pat Bryant,27211,WR,DEN,87.33,5.28,81,96,,pat-bryant.php,,,20.9,,,,,,10.0,Pat Bryant,2026-05-29,DEN
/nfl/rankings/best-ball-wr.php,best-wr,bp,Ted Hurst III,28130,WR,TB,87.67,7.85,73,98,,ted-hurst.php,,,16.2,,,,,,10.0,Ted Hurst,2026-05-29,TBB
/nfl/rankings/best-ball-wr.php,best-wr,bp,Tank Dell,25361,WR,HOU,87.83,8.97,73,97,,nathaniel-dell.php,,,30.0,,,,,,8.0,Tank Dell,2026-05-29,HOU
/nfl/rankings/best-ball-wr.php,best-wr,bp,Rashod Bateman,19794,WR,BAL,89.33,10.47,76,101,,rashod-bateman.php,,,13.0,,,,,,13.0,Rashod Bateman,2026-05-29,BAL
/nfl/rankings/best-ball-wr.php,best-wr,bp,Malachi Fields,27994,WR,NYG,89.67,10.64,78,107,,malachi-fields.php,,,18.3,,,,,,8.0,Malachi Fields,2026-05-29,NYG
/nfl/rankings/best-ball-wr.php,best-wr,bp,Chimere Dike,27315,WR,TEN,92.0,5.1,86,101,,chimere-dike.php,,,22.0,,,,,,9.0,Chimere Dike,2026-05-29,TEN
/nfl/rankings/best-ball-wr.php,best-wr,bp,Cooper Kupp,16433,WR,SEA,92.5,9.54,76,105,,cooper-kupp.php,,,20.7,,,,,,11.0,Cooper Kupp,2026-05-29,SEA
/nfl/rankings/best-ball-wr.php,best-wr,bp,Christian Kirk,17268,WR,SF,92.67,10.67,75,106,,christian-kirk.php,,,18.5,,,,,,8.0,Christian Kirk,2026-05-29,SFO
/nfl/rankings/best-ball-wr.php,best-wr,bp,Troy Franklin,23092,WR,DEN,92.83,5.4,86,101,,troy-franklin.php,,,22.6,,,,,,10.0,Troy Franklin,2026-05-29,DEN
/nfl/rankings/best-ball-wr.php,best-wr,bp,Elic Ayomanor,27059,WR,TEN,96.33,8.65,86,111,,elic-ayomanor.php,,,18.4,,,,,,9.0,Elic Ayomanor,2026-05-29,TEN
/nfl/rankings/best-ball-wr.php,best-wr,bp,Tory Horton,26022,WR,SEA,98.0,9.07,85,114,,tory-horton.php,,,20.3,,,,,,11.0,Tory Horton,2026-05-29,SEA
/nfl/rankings/best-ball-wr.php,best-wr,bp,Darius Slayton,18706,WR,NYG,98.5,10.61,84,111,,darius-slayton.php,,,9.3,,,,,,8.0,Darius Slayton,2026-05-29,NYG
/nfl/rankings/best-ball-wr.php,best-wr,bp,Marvin Mims Jr.,23080,WR,DEN,98.83,7.58,89,109,,marvin-mims.php,,,14.8,,,,,,10.0,Marvin Mims,2026-05-29,DEN
/nfl/rankings/best-ball-wr.php,best-wr,bp,Bryce Lance,28129,WR,NO,99.5,4.11,93,104,,bryce-lance.php,,,4.3,,,,,,8.0,Bryce Lance,2026-05-29,NOS
/nfl/rankings/best-ball-wr.php,best-wr,bp,Kyle Williams,27487,WR,NE,100.17,5.9,93,109,,kyle-williams-wr-2025.php,,,14.6,,,,,,11.0,Kyle Williams,2026-05-29,NEP
/nfl/rankings/best-ball-wr.php,best-wr,bp,Skyler Bell,28126,WR,BUF,100.83,19.86,79,134,,skyler-bell.php,,,15.8,,,,,,7.0,Skyler Bell,2026-05-29,BUF
/nfl/rankings/best-ball-wr.php,best-wr,bp,Ja'Kobi Lane,27337,WR,BAL,100.83,13.17,84,120,,jakobi-lane.php,,,20.2,,,,,,13.0,JaKobi Lane,2026-05-29,BAL
/nfl/rankings/best-ball-wr.php,best-wr,bp,Devaughn Vele,26409,WR,NO,101.67,7.93,92,115,,devaughn-vele.php,,,15.1,,,,,,8.0,Devaughn Vele,2026-05-29,NOS
/nfl/rankings/best-ball-wr.php,best-wr,bp,Keon Coleman,26019,WR,BUF,105.0,5.45,97,112,,keon-coleman.php,,,16.3,,,,,,7.0,Keon Coleman,2026-05-29,BUF
/nfl/rankings/best-ball-wr.php,best-wr,bp,Tyquan Thornton,22913,WR,KC,105.83,2.67,103,110,,tyquan-thornton.php,,,6.8,,,,,,5.0,Tyquan Thornton,2026-05-29,KCC
/nfl/rankings/best-ball-wr.php,best-wr,bp,Hollywood Brown,18226,WR,PHI,107.17,13.01,88,128,,marquise-brown.php,,,10.2,,,,,,10.0,Marquise Brown,2026-05-29,PHI
/nfl/rankings/best-ball-wr.php,best-wr,bp,Jack Bech,27224,WR,LV,107.83,16.83,88,141,,jack-bech.php,,,16.6,,,,,,13.0,Jack Bech,2026-05-29,LVR
/nfl/rankings/best-ball-wr.php,best-wr,bp,Andrei Iosivas,25335,WR,CIN,108.0,4.76,101,117,,andrei-iosivas.php,,,8.2,,,,,,6.0,Andrei Iosivas,2026-05-29,CIN
/nfl/rankings/best-ball-wr.php,best-wr,bp,Xavier Legette,26136,WR,CAR,108.33,7.2,100,121,,xavier-legette.php,,,6.6,,,,,,5.0,Xavier Legette,2026-05-29,CAR
/nfl/rankings/best-ball-wr.php,best-wr,bp,Keenan Allen,11616,WR,LAC,109.33,17.44,94,145,,keenan-allen.php,,,14.0,,,,,,7.0,Keenan Allen,2026-05-29,LAC
/nfl/rankings/best-ball-wr.php,best-wr,bp,Jalen Tolbert,23770,WR,MIA,109.5,12.11,93,128,,jalen-tolbert.php,,,8.0,,,,,,6.0,Jalen Tolbert,2026-05-29,MIA
/nfl/rankings/best-ball-wr.php,best-wr,bp,Kevin Coleman Jr.,28067,WR,MIA,103.6,17.62,70,122,,kevin-coleman-jr.php,,,2.5,,,,,,6.0,Kevin Coleman,2026-05-29,MIA
/nfl/rankings/best-ball-wr.php,best-wr,bp,Jahan Dotson,23101,WR,ATL,104.4,10.19,87,117,,jahan-dotson.php,,,5.8,,,,,,11.0,Jahan Dotson,2026-05-29,ATL
/nfl/rankings/best-ball-wr.php,best-wr,bp,Caleb Douglas,28135,WR,MIA,109.6,7.86,102,123,,caleb-douglas.php,,,5.2,,,,,,6.0,Caleb Douglas,2026-05-29,MIA
/nfl/rankings/best-ball-wr.php,best-wr,bp,Cedric Tillman,25287,WR,CLE,118.67,9.72,106,137,,cedric-tillman.php,,,3.4,,,,,,11.0,Cedric Tillman,2026-05-29,CLE
/nfl/rankings/best-ball-wr.php,best-wr,bp,Brenen Thompson,28133,WR,LAC,112.4,11.27,92,126,,brenen-thompson.php,,,6.5,,,,,,7.0,Brenen Thompson,2026-05-29,LAC
/nfl/rankings/best-ball-wr.php,best-wr,bp,Kendrick Bourne,17066,WR,ARI,113.0,6.1,106,124,,kendrick-bourne.php,,,3.7,,,,,,14.0,Kendrick Bourne,2026-05-29,ARI
/nfl/rankings/best-ball-wr.php,best-wr,bp,Tutu Atwell,20126,WR,MIA,104.0,23.41,66,130,,tutu-atwell.php,,,2.5,,,,,,6.0,Tutu Atwell,2026-05-29,MIA
/nfl/rankings/best-ball-wr.php,best-wr,bp,DeMario Douglas,25304,WR,NE,117.4,11.77,96,129,,demario-douglas.php,,,10.0,,,,,,11.0,Demario Douglas,2026-05-29,NEP
/nfl/rankings/best-ball-wr.php,best-wr,bp,Luke McCaffrey,26328,WR,WAS,117.8,14.81,92,138,,luke-mccaffrey.php,,,3.1,,,,,,7.0,Luke McCaffrey,2026-05-29,WAS
/nfl/rankings/best-ball-wr.php,best-wr,bp,Mack Hollins,16489,WR,NE,117.8,12.35,105,138,,mack-hollins.php,,,7.2,,,,,,11.0,Mack Hollins,2026-05-29,NEP
/nfl/rankings/best-ball-wr.php,best-wr,bp,Olamide Zaccheaus,18864,WR,ATL,118.0,7.59,112,132,,olamide-zaccheaus.php,,,5.3,,,,,,11.0,Olamide Zaccheaus,2026-05-29,ATL
/nfl/rankings/best-ball-wr.php,best-wr,bp,Tez Johnson,27147,WR,TB,120.0,6.93,110,131,,tez-johnson.php,,,6.8,,,,,,10.0,Tez Johnson,2026-05-29,TBB
/nfl/rankings/best-ball-wr.php,best-wr,bp,Joshua Palmer,22845,WR,BUF,121.4,17.77,108,156,,josh-palmer.php,,,1.9,,,,,,7.0,Josh Palmer,2026-05-29,BUF
/nfl/rankings/best-ball-wr.php,best-wr,bp,Konata Mumpfield,27449,WR,LAR,111.75,19.21,100,145,,konata-mumpfield.php,,,2.4,,,,,,11.0,Konata Mumpfield,2026-05-29,LAR
/nfl/rankings/best-ball-wr.php,best-wr,bp,Isaiah Bond,24371,WR,CLE,122.2,9.87,109,133,,isaiah-bond.php,,,6.0,,,,,,11.0,Isaiah Bond,2026-05-29,CLE
/nfl/rankings/best-ball-wr.php,best-wr,bp,CJ Daniels,28125,WR,LAR,116.75,5.93,113,127,,cj-daniels.php,,,2.7,,,,,,11.0,CJ Daniels,2026-05-29,LAR
/nfl/rankings/best-ball-wr.php,best-wr,bp,Kalif Raymond,16081,WR,CHI,118.5,22.39,82,143,,kalif-raymond.php,,,1.1,,,,,,10.0,Kalif Raymond,2026-05-29,CHI
/nfl/rankings/best-ball-wr.php,best-wr,bp,Cyrus Allen,28424,WR,KC,105.0,15.51,84,121,,cyrus-allen.php,,,1.9,,,,,,5.0,Cyrus Allen,2026-05-29,KCC
/nfl/rankings/best-ball-wr.php,best-wr,bp,Deion Burks,27093,WR,IND,122.25,11.95,111,142,,deion-burks.php,,,0.7,,,,,,13.0,Deion Burks,2026-05-29,IND
/nfl/rankings/best-ball-wr.php,best-wr,bp,Calvin Austin III,23739,WR,NYG,128.75,8.26,116,137,,calvin-austin.php,,,5.0,,,,,,8.0,Calvin Austin,2026-05-29,NYG
/nfl/rankings/best-ball-wr.php,best-wr,bp,Savion Williams,27144,WR,GB,120.0,8.64,112,132,,savion-williams.php,,,2.0,,,,,,11.0,Savion Williams,2026-05-29,GBP
/nfl/rankings/best-ball-wr.php,best-wr,bp,Zavion Thomas,28132,WR,CHI,121.0,13.59,109,140,,zavion-thomas.php,,,3.3,,,,,,10.0,Zavion Thomas,2026-05-29,CHI
/nfl/rankings/best-ball-wr.php,best-wr,bp,Dont'e Thornton Jr.,27288,WR,LV,131.75,14.1,119,153,,donte-thornton-jr.php,,,4.3,,,,,,13.0,Donte Thornton,2026-05-29,LVR
/nfl/rankings/best-ball-wr.php,best-wr,bp,Nick Westbrook-Ikhine,19747,WR,IND,103.5,36.5,67,140,,nick-westbrook.php,,,1.5,,,,,,13.0,Nick Westbrook-Ikhine,2026-05-29,IND
/nfl/rankings/best-ball-wr.php,best-wr,bp,Treylon Burks,22905,WR,WAS,108.0,20.0,88,128,,treylon-burks.php,,,2.9,,,,,,7.0,Treylon Burks,2026-05-29,WAS
/nfl/rankings/best-ball-wr.php,best-wr,bp,Xavier Hutchinson,25332,WR,HOU,126.33,19.43,105,152,,xavier-hutchinson.php,,,2.3,,,,,,8.0,Xavier Hutchinson,2026-05-29,HOU
/nfl/rankings/best-ball-wr.php,best-wr,bp,Jordan Whittington,23135,WR,LAR,113.5,5.5,108,119,,jordan-whittington.php,,,1.1,,,,,,11.0,Jordan Whittington,2026-05-29,LAR
/nfl/rankings/best-ball-wr.php,best-wr,bp,KaVontae Turpin,18520,WR,DAL,114.0,25.0,89,139,,kavontae-turpin.php,,,7.5,,,,,,14.0,KaVontae Turpin,2026-05-29,DAL
/nfl/rankings/best-ball-wr.php,best-wr,bp,John Metchie III,22895,WR,CAR,131.0,11.52,118,146,,john-metchie.php,,,2.5,,,,,,5.0,John Metchie,2026-05-29,CAR
/nfl/rankings/best-ball-wr.php,best-wr,bp,Dyami Brown,20113,WR,WAS,135.0,61.0,74,196,,dyami-brown.php,,,1.2,,,,,,7.0,Dyami Brown,2026-05-29,WAS
/nfl/rankings/best-ball-wr.php,best-wr,bp,Malik Benson,26012,WR,LV,122.0,2.0,120,124,,malik-benson.php,,,0.9,,,,,,13.0,Malik Benson,2026-05-29,LVR
/nfl/rankings/best-ball-wr.php,best-wr,bp,Jaylin Lane,27454,WR,WAS,128.0,7.0,121,135,,jaylin-lane.php,,,3.7,,,,,,7.0,Jaylin Lane,2026-05-29,WAS
/nfl/rankings/best-ball-wr.php,best-wr,bp,Tai Felton,27182,WR,MIN,131.0,10.0,121,141,,tai-felton.php,,,2.0,,,,,,6.0,Tai Felton,2026-05-29,MIN
/nfl/rankings/best-ball-wr.php,best-wr,bp,Jalen Royals,27076,WR,KC,133.5,16.5,117,150,,jalen-royals.php,,,3.0,,,,,,5.0,Jalen Royals,2026-05-29,KCC
/nfl/rankings/best-ball-wr.php,best-wr,bp,Mitch Tinsley,24370,WR,CIN,141.5,35.5,106,177,,mitchell-tinsley.php,,,0.6,,,,,,6.0,Mitch Tinsley,2026-05-29,CIN
/nfl/rankings/best-ball-wr.php,best-wr,bp,Greg Dortch,18585,WR,DET,137.5,1.5,136,139,,greg-dortch.php,,,1.5,,,,,,6.0,Greg Dortch,2026-05-29,DET
/nfl/rankings/best-ball-wr.php,best-wr,bp,Roman Wilson,26160,WR,FA,147.5,25.5,122,173,,roman-wilson.php,,,1.6,,,,,,,Roman Wilson,2026-05-29,FA
/nfl/rankings/best-ball-wr.php,best-wr,bp,Elijah Moore,20114,WR,PHI,145.0,1.0,144,146,,elijah-moore.php,,,0.6,,,,,,10.0,Elijah Moore,2026-05-29,PHI
/nfl/rankings/best-ball-wr.php,best-wr,bp,Demarcus Robinson,15665,WR,SF,148.5,18.5,130,167,,demarcus-robinson.php,,,1.2,,,,,,8.0,Demarcus Robinson,2026-05-29,SFO
/nfl/rankings/best-ball-wr.php,best-wr,bp,Tyrell Shavers,25813,WR,BUF,153.0,2.0,151,155,,tyrell-shavers.php,,,0.8,,,,,,7.0,Tyrell Shavers,2026-05-29,BUF
/nfl/rankings/best-ball-wr.php,best-wr,bp,Josh Cameron,28137,WR,JAC,155.0,7.0,148,162,,josh-cameron.php,,,1.4,,,,,,7.0,Josh Cameron,2026-05-29,JAC
/nfl/rankings/best-ball-wr.php,best-wr,bp,Barion Brown,25416,WR,NO,167.5,16.5,151,184,,barion-brown.php,,,1.1,,,,,,8.0,Barion Brown,2026-05-29,NOS
/nfl/rankings/best-ball-wr.php,best-wr,bp,DeAndre Hopkins,11606,WR,BAL,159.0,7.0,152,166,,deandre-hopkins.php,,,0.7,,,,,,13.0,DeAndre Hopkins,2026-05-29,BAL
/nfl/rankings/best-ball-wr.php,best-wr,bp,Noah Brown,16443,WR,FA,171.5,17.5,154,189,,noah-brown.php,,,0.7,,,,,,,Noah Brown,2026-05-29,FA
/nfl/rankings/best-ball-wr.php,best-wr,bp,Arian Smith,22965,WR,NYJ,178.0,22.0,156,200,,arian-smith.php,,,0.7,,,,,,13.0,Arian Smith,2026-05-29,NYJ
/nfl/rankings/best-ball-wr.php,best-wr,bp,JuJu Smith-Schuster,16427,WR,FA,168.5,11.5,157,180,,juju-smith-schuster.php,,,0.8,,,,,,,JuJu Smith-Schuster,2026-05-29,FA
/nfl/rankings/best-ball-wr.php,best-wr,bp,Zay Jones,16431,WR,FA,176.5,17.5,159,194,,zay-jones.php,,,1.0,,,,,,,Zay Jones,2026-05-29,FA
/nfl/rankings/best-ball-wr.php,best-wr,bp,Jimmy Horn Jr.,27294,WR,CAR,160.5,0.5,160,161,,jimmy-horn-jr.php,,,1.5,,,,,,5.0,Jimmy Horn,2026-05-29,CAR
/nfl/rankings/dynasty-db.php,dynasty-db,dp,Nick Cross,24198,DB,WAS,1.0,0.0,1,1,,nick-cross.php,,,52.0,,,,,,7.0,Nick Cross,2026-05-29,WAS
/nfl/rankings/dynasty-db.php,dynasty-db,dp,Nick Emmanwori,27053,DB,SEA,2.0,0.0,2,2,,nick-emmanwori.php,,,66.8,,,,,,11.0,Nick Emmanwori,2026-05-29,SEA
/nfl/rankings/dynasty-db.php,dynasty-db,dp,Derwin James Jr.,17310,DB,LAC,3.0,0.0,3,3,,derwin-james.php,,,67.6,,,,,,7.0,Derwin James,2026-05-29,LAC
/nfl/rankings/dynasty-db.php,dynasty-db,dp,Brian Branch,25235,DB,DET,4.0,0.0,4,4,,brian-branch.php,,,60.7,,,,,,6.0,Brian Branch,2026-05-29,DET
/nfl/rankings/dynasty-db.php,dynasty-db,dp,Kyle Hamilton,23494,DB,BAL,5.0,0.0,5,5,,kyle-hamilton.php,,,79.5,,,,,,13.0,Kyle Hamilton,2026-05-29,BAL
/nfl/rankings/dynasty-db.php,dynasty-db,dp,Kam Curl,19459,DB,LAR,6.0,0.0,6,6,,kamren-curl.php,,,55.4,,,,,,11.0,Kam Curl,2026-05-29,LAR
/nfl/rankings/dynasty-db.php,dynasty-db,dp,Jessie Bates III,17544,DB,ATL,7.0,0.0,7,7,,jessie-bates-iii.php,,,40.3,,,,,,11.0,Jessie Bates,2026-05-29,ATL
/nfl/rankings/dynasty-db.php,dynasty-db,dp,Antoine Winfield Jr.,19266,DB,TB,8.0,0.0,8,8,,antoine-winfield-s.php,,,37.6,,,,,,10.0,Antoine Winfield,2026-05-29,TBB
/nfl/rankings/dynasty-db.php,dynasty-db,dp,Jaquan Brisker,23719,DB,PIT,9.0,0.0,9,9,,jaquan-brisker.php,,,30.1,,,,,,9.0,Jaquan Brisker,2026-05-29,PIT
/nfl/rankings/dynasty-db.php,dynasty-db,dp,Tyler Nubin,26117,DB,NYG,10.0,0.0,10,10,,tyler-nubin.php,,,22.5,,,,,,8.0,Tyler Nubin,2026-05-29,NYG
/nfl/rankings/dynasty-db.php,dynasty-db,dp,Joshua Metellus,19580,DB,MIN,11.0,0.0,11,11,,josh-metellus.php,,,27.7,,,,,,6.0,Joshua Metellus,2026-05-29,MIN
/nfl/rankings/dynasty-db.php,dynasty-db,dp,Malachi Moore,24708,DB,NYJ,12.0,0.0,12,12,,malachi-moore.php,,,24.2,,,,,,13.0,Malachi Moore,2026-05-29,NYJ
/nfl/rankings/dynasty-db.php,dynasty-db,dp,Tre'von Moehrig,22699,DB,CAR,13.0,0.0,13,13,,trevon-moehrig.php,,,42.2,,,,,,5.0,Trevon Moehrig,2026-05-29,CAR
/nfl/rankings/dynasty-db.php,dynasty-db,dp,Tykee Smith,23751,DB,TB,14.0,0.0,14,14,,tykee-smith.php,,,55.7,,,,,,10.0,Tykee Smith,2026-05-29,TBB
/nfl/rankings/dynasty-db.php,dynasty-db,dp,DeShon Elliott,17344,DB,PIT,15.0,0.0,15,15,,deshon-elliott.php,,,19.6,,,,,,9.0,DeShon Elliott,2026-05-29,PIT
/nfl/rankings/dynasty-db.php,dynasty-db,dp,Chamarri Conner,25509,DB,KC,16.0,0.0,16,16,,chamarri-conner.php,,,32.1,,,,,,5.0,Chamarri Conner,2026-05-29,KCC
/nfl/rankings/dynasty-db.php,dynasty-db,dp,Xavier Watts,27067,DB,ATL,17.0,0.0,17,17,,xavier-watts.php,,,41.6,,,,,,11.0,Xavier Watts,2026-05-29,ATL
/nfl/rankings/dynasty-db.php,dynasty-db,dp,Kyle Dugger,19337,DB,CIN,18.0,0.0,18,18,,kyle-dugger.php,,,4.0,,,,,,6.0,Kyle Dugger,2026-05-29,CIN
/nfl/rankings/dynasty-db.php,dynasty-db,dp,Cam Bynum,22757,DB,IND,19.0,0.0,19,19,,camryn-bynum.php,,,23.9,,,,,,13.0,Cam Bynum,2026-05-29,IND
/nfl/rankings/dynasty-db.php,dynasty-db,dp,Jeremy Chinn,19429,DB,LV,20.0,0.0,20,20,,jeremy-chinn.php,,,39.3,,,,,,13.0,Jeremy Chinn,2026-05-29,LVR
/nfl/rankings/dynasty-db.php,dynasty-db,dp,Talanoa Hufanga,22817,DB,DEN,21.0,0.0,21,21,,talanoa-hufanga.php,,,57.5,,,,,,10.0,Talanoa Hufanga,2026-05-29,DEN
/nfl/rankings/dynasty-db.php,dynasty-db,dp,Julian Love,18243,DB,SEA,22.0,0.0,22,22,,julian-love.php,,,45.0,,,,,,11.0,Julian Love,2026-05-29,SEA
/nfl/rankings/dynasty-db.php,dynasty-db,dp,Jordan Battle,23471,DB,CIN,23.0,0.0,23,23,,jordan-battle.php,,,34.2,,,,,,6.0,Jordan Battle,2026-05-29,CIN
/nfl/rankings/dynasty-db.php,dynasty-db,dp,Devon Witherspoon,25243,DB,SEA,24.0,0.0,24,24,,devon-witherspoon.php,,,43.4,,,,,,11.0,Devon Witherspoon,2026-05-29,SEA
/nfl/rankings/dynasty-db.php,dynasty-db,dp,Cole Bishop,26229,DB,BUF,25.0,0.0,25,25,,cole-bishop.php,,,23.4,,,,,,7.0,Cole Bishop,2026-05-29,BUF
/nfl/rankings/dynasty-db.php,dynasty-db,dp,Quentin Lake,24302,DB,LAR,26.0,0.0,26,26,,quentin-lake.php,,,42.0,,,,,,11.0,Quentin Lake,2026-05-29,LAR
/nfl/rankings/dynasty-db.php,dynasty-db,dp,Marcus Jones,23890,DB,NE,27.0,0.0,27,27,,marcus-jones.php,,,41.6,,,,,,11.0,Marcus Jones,2026-05-29,NEP
/nfl/rankings/dynasty-db.php,dynasty-db,dp,Kerby Joseph,23800,DB,DET,28.0,0.0,28,28,,kerby-joseph.php,,,22.3,,,,,,6.0,Kerby Joseph,2026-05-29,DET
/nfl/rankings/dynasty-db.php,dynasty-db,dp,Dadrion Taylor-Demerson,26346,DB,ARI,29.0,0.0,29,29,,dadrion-taylor-demerson.php,,,10.7,,,,,,14.0,Dadrion Taylor-Demerson,2026-05-29,ARI
/nfl/rankings/dynasty-db.php,dynasty-db,dp,Jaylinn Hawkins,19769,DB,BAL,30.0,0.0,30,30,,jaylinn-hawkins.php,,,6.2,,,,,,13.0,Jaylinn Hawkins,2026-05-29,BAL
/nfl/rankings/dynasty-dl.php,dynasty-dl,dp,Will Anderson Jr.,24717,DL,HOU,1.0,0.0,1,1,,will-anderson.php,,,76.6,,,,,,8.0,Will Anderson,2026-05-29,HOU
/nfl/rankings/dynasty-dl.php,dynasty-dl,dp,Aidan Hutchinson,22738,DL,DET,2.0,0.0,2,2,,aidan-hutchinson.php,,,79.6,,,,,,6.0,Aidan Hutchinson,2026-05-29,DET
/nfl/rankings/dynasty-dl.php,dynasty-dl,dp,Brian Burns,18223,DL,NYG,3.0,0.0,3,3,,brian-burns.php,,,71.2,,,,,,8.0,Brian Burns,2026-05-29,NYG
/nfl/rankings/dynasty-dl.php,dynasty-dl,dp,Micah Parsons,19784,LB,GB,4.0,0.0,4,4,,micah-parsons.php,,,64.8,,,,,,11.0,Micah Parsons,2026-05-29,GBP
/nfl/rankings/dynasty-dl.php,dynasty-dl,dp,Maxx Crosby,18702,DL,LV,5.0,0.0,5,5,,maxx-crosby.php,,,78.8,,,,,,13.0,Maxx Crosby,2026-05-29,LVR
/nfl/rankings/dynasty-dl.php,dynasty-dl,dp,Myles Garrett,16370,DL,CLE,6.0,0.0,6,6,,myles-garrett.php,,,84.4,,,,,,11.0,Myles Garrett,2026-05-29,CLE
/nfl/rankings/dynasty-dl.php,dynasty-dl,dp,Nik Bonitto,23763,DL,DEN,7.0,0.0,7,7,,nik-bonitto.php,,,55.8,,,,,,10.0,Nik Bonitto,2026-05-29,DEN
/nfl/rankings/dynasty-dl.php,dynasty-dl,dp,Byron Young,25449,DL,LAR,8.0,0.0,8,8,,byron-young-edge.php,,,49.4,,,,,,11.0,Byron Young,2026-05-29,LAR
/nfl/rankings/dynasty-dl.php,dynasty-dl,dp,Laiatu Latu,26096,DL,IND,9.0,0.0,9,9,,laiatu-latu.php,,,28.1,,,,,,13.0,Laiatu Latu,2026-05-29,IND
/nfl/rankings/dynasty-dl.php,dynasty-dl,dp,Jared Verse,25234,DL,LAR,10.0,0.0,10,10,,jared-verse.php,,,53.3,,,,,,11.0,Jared Verse,2026-05-29,LAR
/nfl/rankings/dynasty-dl.php,dynasty-dl,dp,Alex Highsmith,19316,LB,PIT,11.0,0.0,11,11,,alex-highsmith.php,,,44.9,,,,,,9.0,Alex Highsmith,2026-05-29,PIT
/nfl/rankings/dynasty-dl.php,dynasty-dl,dp,Abdul Carter,27022,DL,NYG,12.0,0.0,12,12,,abdul-carter.php,,,43.1,,,,,,8.0,Abdul Carter,2026-05-29,NYG
/nfl/rankings/dynasty-dl.php,dynasty-dl,dp,Nick Bosa,18199,DL,SF,13.0,0.0,13,13,,nick-bosa.php,,,74.3,,,,,,8.0,Nick Bosa,2026-05-29,SFO
/nfl/rankings/dynasty-dl.php,dynasty-dl,dp,Chase Young,19195,DL,NO,14.0,0.0,14,14,,chase-young.php,,,30.9,,,,,,8.0,Chase Young,2026-05-29,NOS
/nfl/rankings/dynasty-dl.php,dynasty-dl,dp,George Karlaftis III,23501,DL,KC,15.0,0.0,15,15,,george-karlaftis-iii.php,,,21.0,,,,,,5.0,George Karlaftis,2026-05-29,KCC
/nfl/rankings/dynasty-dl.php,dynasty-dl,dp,Tuli Tuipulotu,25364,DL,LAC,16.0,0.0,16,16,,tuli-tuipulotu.php,,,43.7,,,,,,7.0,Tuli Tuipulotu,2026-05-29,LAC
/nfl/rankings/dynasty-dl.php,dynasty-dl,dp,T.J. Watt,16469,LB,PIT,17.0,0.0,17,17,,tj-watt.php,,,66.1,,,,,,9.0,TJ Watt,2026-05-29,PIT
/nfl/rankings/dynasty-dl.php,dynasty-dl,dp,Montez Sweat,18213,DL,CHI,18.0,0.0,18,18,,montez-sweat.php,,,36.2,,,,,,10.0,Montez Sweat,2026-05-29,CHI
/nfl/rankings/dynasty-dl.php,dynasty-dl,dp,Jeffery Simmons,18207,DL,TEN,19.0,0.0,19,19,,jeffery-simmons.php,,,73.7,,,,,,9.0,Jeffery Simmons,2026-05-29,TEN
/nfl/rankings/dynasty-dl.php,dynasty-dl,dp,Jaelan Phillips,22734,DL,CAR,20.0,0.0,20,20,,jaelan-phillips.php,,,25.6,,,,,,5.0,Jaelan Phillips,2026-05-29,CAR
/nfl/rankings/dynasty-dl.php,dynasty-dl,dp,Greg Rousseau,19787,DL,BUF,21.0,0.0,21,21,,gregory-rousseau.php,,,33.3,,,,,,7.0,Gregory Rousseau,2026-05-29,BUF
/nfl/rankings/dynasty-dl.php,dynasty-dl,dp,Dallas Turner,26097,DL,MIN,22.0,0.0,22,22,,dallas-turner.php,,,31.8,,,,,,6.0,Dallas Turner,2026-05-29,MIN
/nfl/rankings/dynasty-dl.php,dynasty-dl,dp,DeForest Buckner,15494,DL,IND,23.0,0.0,23,23,,deforest-buckner.php,,,39.6,,,,,,13.0,DeForest Buckner,2026-05-29,IND
/nfl/rankings/dynasty-dl.php,dynasty-dl,dp,Jalon Walker,27027,LB,ATL,24.0,0.0,24,24,,jalon-walker.php,,,23.4,,,,,,11.0,Jalon Walker,2026-05-29,ATL
/nfl/rankings/dynasty-dl.php,dynasty-dl,dp,Trey Hendrickson,16719,DL,BAL,25.0,0.0,25,25,,trey-hendrickson.php,,,48.8,,,,,,13.0,Trey Hendrickson,2026-05-29,BAL
/nfl/rankings/dynasty-dl.php,dynasty-dl,dp,Andrew Van Ginkel,18573,LB,MIN,26.0,0.0,26,26,,andrew-van-ginkel.php,,,58.2,,,,,,6.0,Andrew Van Ginkel,2026-05-29,MIN
/nfl/rankings/dynasty-dl.php,dynasty-dl,dp,Leonard Williams,13892,DL,SEA,27.0,0.0,27,27,,leonard-williams.php,,,31.7,,,,,,11.0,Leonard Williams,2026-05-29,SEA
/nfl/rankings/dynasty-dl.php,dynasty-dl,dp,Nick Herbig,25464,LB,PIT,28.0,0.0,28,28,,nick-herbig.php,,,13.8,,,,,,9.0,Nick Herbig,2026-05-29,PIT
/nfl/rankings/dynasty-dl.php,dynasty-dl,dp,Myles Murphy,24709,DL,CIN,29.0,0.0,29,29,,myles-murphy.php,,,6.4,,,,,,6.0,Myles Murphy,2026-05-29,CIN
/nfl/rankings/dynasty-dl.php,dynasty-dl,dp,Mykel Williams,27013,DL,SF,30.0,0.0,30,30,,mykel-williams.php,,,14.1,,,,,,8.0,Mykel Williams,2026-05-29,SFO
/nfl/rankings/dynasty-dl.php,dynasty-dl,dp,Yaya Diaby,25264,DL,TB,31.0,0.0,31,31,,yaya-diaby.php,,,25.2,,,,,,10.0,YaYa Diaby,2026-05-29,TBB
/nfl/rankings/dynasty-dst.php,dynasty-dst,dp,Denver Broncos,8090,DST,DEN,1.25,0.43,1,2,,denver-defense.php,,,92.4,,,,,,10.0,Denver Broncos,2026-05-29,DEN
/nfl/rankings/dynasty-dst.php,dynasty-dst,dp,Houston Texans,8120,DST,HOU,1.75,0.43,1,2,,houston-defense.php,,,94.2,,,,,,8.0,Houston Texans,2026-05-29,HOU
/nfl/rankings/dynasty-dst.php,dynasty-dst,dp,Philadelphia Eagles,8230,DST,PHI,3.5,0.5,3,4,,philadelphia-defense.php,,,81.3,,,,,,10.0,Philadelphia Eagles,2026-05-29,PHI
/nfl/rankings/dynasty-dst.php,dynasty-dst,dp,Seattle Seahawks,8260,DST,SEA,4.0,1.22,3,6,,seattle-defense.php,,,95.2,,,,,,11.0,Seattle Seahawks,2026-05-29,SEA
/nfl/rankings/dynasty-dst.php,dynasty-dst,dp,Los Angeles Rams,8280,DST,LAR,5.5,0.87,5,7,,los-angeles-rams-defense.php,,,76.1,,,,,,11.0,Los Angeles Rams,2026-05-29,LAR
/nfl/rankings/dynasty-dst.php,dynasty-dst,dp,Pittsburgh Steelers,8240,DST,PIT,5.75,0.43,5,6,,pittsburgh-defense.php,,,66.0,,,,,,9.0,Pittsburgh Steelers,2026-05-29,PIT
/nfl/rankings/dynasty-dst.php,dynasty-dst,dp,Jacksonville Jaguars,8140,DST,JAC,12.4,6.41,1,19,,jacksonville-defense.php,,,65.5,,,,,-2.0,7.0,Jacksonville Jaguars,2026-05-29,JAC
/nfl/rankings/dynasty-dst.php,dynasty-dst,dp,Detroit Lions,8100,DST,DET,8.25,0.83,7,9,,detroit-defense.php,,,39.6,,,,,3.0,6.0,Detroit Lions,2026-05-29,DET
/nfl/rankings/dynasty-dst.php,dynasty-dst,dp,Green Bay Packers,8110,DST,GB,8.5,1.66,7,11,,green-bay-defense.php,,,36.7,,,,,,11.0,Green Bay Packers,2026-05-29,GBP
/nfl/rankings/dynasty-dst.php,dynasty-dst,dp,Minnesota Vikings,8170,DST,MIN,9.0,1.73,8,12,,minnesota-defense.php,,,63.6,,,,,3.0,6.0,Minnesota Vikings,2026-05-29,MIN
/nfl/rankings/dynasty-dst.php,dynasty-dst,dp,Kansas City Chiefs,8150,DST,KC,10.0,3.67,4,13,,kansas-city-defense.php,,,25.1,,,,,4.0,5.0,Kansas City Chiefs,2026-05-29,KCC
/nfl/rankings/dynasty-dst.php,dynasty-dst,dp,Chicago Bears,8050,DST,CHI,14.8,6.43,2,19,,chicago-defense.php,,,16.6,,,,,-4.0,10.0,Chicago Bears,2026-05-29,CHI
/nfl/rankings/dynasty-dst.php,dynasty-dst,dp,Baltimore Ravens,8020,DST,BAL,10.75,1.92,9,14,,baltimore-defense.php,,,42.7,,,,,,13.0,Baltimore Ravens,2026-05-29,BAL
/nfl/rankings/dynasty-dst.php,dynasty-dst,dp,New England Patriots,8180,DST,NE,12.25,1.09,11,14,,new-england-defense.php,,,80.9,,,,,4.0,11.0,New England Patriots,2026-05-29,NEP
/nfl/rankings/dynasty-dst.php,dynasty-dst,dp,New Orleans Saints,8190,DST,NO,16.6,6.83,4,24,,new-orleans-defense.php,,,23.5,,,,,-3.0,8.0,New Orleans Saints,2026-05-29,NOS
/nfl/rankings/dynasty-dst.php,dynasty-dst,dp,San Francisco 49ers,8270,DST,SF,16.8,7.44,5,27,,san-francisco-defense.php,,,27.5,,,,,-7.0,8.0,San Francisco 49ers,2026-05-29,SFO
/nfl/rankings/dynasty-dst.php,dynasty-dst,dp,Cleveland Browns,8070,DST,CLE,13.5,2.6,11,17,,cleveland-defense.php,,,36.6,,,,,,11.0,Cleveland Browns,2026-05-29,CLE
/nfl/rankings/dynasty-dst.php,dynasty-dst,dp,Los Angeles Chargers,8250,DST,LAC,14.0,1.41,12,16,,los-angeles-chargers-defense.php,,,48.3,,,,,,7.0,Los Angeles Chargers,2026-05-29,LAC
/nfl/rankings/dynasty-dst.php,dynasty-dst,dp,Dallas Cowboys,8080,DST,DAL,18.2,7.83,3,25,,dallas-defense.php,,,20.2,,,,,-3.0,14.0,Dallas Cowboys,2026-05-29,DAL
/nfl/rankings/dynasty-dst.php,dynasty-dst,dp,New York Giants,8200,DST,NYG,19.2,5.56,11,26,,new-york-giants-defense.php,,,27.5,,,,,-3.0,8.0,New York Giants,2026-05-29,NYG
/nfl/rankings/dynasty-dst.php,dynasty-dst,dp,Buffalo Bills,8030,DST,BUF,16.5,4.5,13,24,,buffalo-defense.php,,,32.7,,,,,3.0,7.0,Buffalo Bills,2026-05-29,BUF
/nfl/rankings/dynasty-dst.php,dynasty-dst,dp,New York Jets,8210,DST,NYJ,20.6,7.76,6,29,,new-york-jets-defense.php,,,8.0,,,,,,13.0,New York Jets,2026-05-29,NYJ
/nfl/rankings/dynasty-dst.php,dynasty-dst,dp,Tampa Bay Buccaneers,8290,DST,TB,21.2,6.91,8,28,,tampa-bay-defense.php,,,23.4,,,,,,10.0,Tampa Bay Buccaneers,2026-05-29,TBB
/nfl/rankings/dynasty-dst.php,dynasty-dst,dp,Atlanta Falcons,8010,DST,ATL,22.6,6.77,10,29,,atlanta-defense.php,,,14.4,,,,,,11.0,Atlanta Falcons,2026-05-29,ATL
/nfl/rankings/dynasty-dst.php,dynasty-dst,dp,Arizona Cardinals,8000,DST,ARI,21.75,3.11,19,27,,arizona-defense.php,,,5.8,,,,,,14.0,Arizona Cardinals,2026-05-29,ARI
/nfl/rankings/dynasty-dst.php,dynasty-dst,dp,Miami Dolphins,8160,DST,MIA,24.0,8.88,7,32,,miami-defense.php,,,10.9,,,,,,6.0,Miami Dolphins,2026-05-29,MIA
/nfl/rankings/dynasty-dst.php,dynasty-dst,dp,Washington Commanders,8310,DST,WAS,22.25,4.38,18,28,,washington-defense.php,,,17.8,,,,,,7.0,Washington Commanders,2026-05-29,WAS
/nfl/rankings/dynasty-dst.php,dynasty-dst,dp,Las Vegas Raiders,8220,DST,LV,25.0,8.44,9,32,,las-vegas-defense.php,,,12.2,,,,,,13.0,Las Vegas Raiders,2026-05-29,LVR
/nfl/rankings/dynasty-dst.php,dynasty-dst,dp,Carolina Panthers,8040,DST,CAR,23.33,4.03,20,29,,carolina-defense.php,,,9.2,,,,,,5.0,Carolina Panthers,2026-05-29,CAR
/nfl/rankings/dynasty-dst.php,dynasty-dst,dp,Indianapolis Colts,8130,DST,IND,27.0,4.97,20,31,,indianapolis-defense.php,,,20.0,,,,,,13.0,Indianapolis Colts,2026-05-29,IND
/nfl/rankings/dynasty-dst.php,dynasty-dst,dp,Cincinnati Bengals,8060,DST,CIN,28.33,1.25,27,30,,cincinnati-defense.php,,,4.8,,,,,,6.0,Cincinnati Bengals,2026-05-29,CIN
/nfl/rankings/dynasty-dst.php,dynasty-dst,dp,Tennessee Titans,8300,DST,TEN,29.67,1.89,27,31,,tennessee-defense.php,,,12.7,,,,,,9.0,Tennessee Titans,2026-05-29,TEN
/nfl/rankings/dynasty-idp.php,dynasty-idp,do,Will Anderson Jr.,24717,DL,HOU,1.0,0.0,1,1,,will-anderson.php,,,76.6,,,,,,8.0,Will Anderson,2026-05-29,HOU
/nfl/rankings/dynasty-idp.php,dynasty-idp,do,Aidan Hutchinson,22738,DL,DET,2.0,0.0,2,2,,aidan-hutchinson.php,,,79.6,,,,,,6.0,Aidan Hutchinson,2026-05-29,DET
/nfl/rankings/dynasty-idp.php,dynasty-idp,do,Brian Burns,18223,DL,NYG,3.0,0.0,3,3,,brian-burns.php,,,71.2,,,,,,8.0,Brian Burns,2026-05-29,NYG
/nfl/rankings/dynasty-idp.php,dynasty-idp,do,Micah Parsons,19784,LB,GB,4.0,0.0,4,4,,micah-parsons.php,,,64.8,,,,,,11.0,Micah Parsons,2026-05-29,GBP
/nfl/rankings/dynasty-idp.php,dynasty-idp,do,Maxx Crosby,18702,DL,LV,5.0,0.0,5,5,,maxx-crosby.php,,,78.8,,,,,,13.0,Maxx Crosby,2026-05-29,LVR
/nfl/rankings/dynasty-idp.php,dynasty-idp,do,Myles Garrett,16370,DL,CLE,6.0,0.0,6,6,,myles-garrett.php,,,84.4,,,,,,11.0,Myles Garrett,2026-05-29,CLE
/nfl/rankings/dynasty-idp.php,dynasty-idp,do,Nik Bonitto,23763,DL,DEN,7.0,0.0,7,7,,nik-bonitto.php,,,55.8,,,,,,10.0,Nik Bonitto,2026-05-29,DEN
/nfl/rankings/dynasty-idp.php,dynasty-idp,do,Roquan Smith,17311,LB,BAL,8.0,0.0,8,8,,roquan-smith.php,,,72.3,,,,,,13.0,Roquan Smith,2026-05-29,BAL
/nfl/rankings/dynasty-idp.php,dynasty-idp,do,Jordyn Brooks,19292,LB,MIA,9.0,0.0,9,9,,jordyn-brooks.php,,,78.4,,,,,,6.0,Jordyn Brooks,2026-05-29,MIA
/nfl/rankings/dynasty-idp.php,dynasty-idp,do,Ernest Jones IV,23245,LB,SEA,10.0,0.0,10,10,,ernest-jones.php,,,56.8,,,,,,11.0,Ernest Jones,2026-05-29,SEA
/nfl/rankings/dynasty-idp.php,dynasty-idp,do,Cedric Gray,26168,LB,TEN,11.0,0.0,11,11,,cedric-gray.php,,,61.1,,,,,,9.0,Cedric Gray,2026-05-29,TEN
/nfl/rankings/dynasty-idp.php,dynasty-idp,do,Nate Landman,24674,LB,LAR,12.0,0.0,12,12,,nathan-landman.php,,,48.7,,,,,,11.0,Nate Landman,2026-05-29,LAR
/nfl/rankings/dynasty-idp.php,dynasty-idp,do,T.J. Edwards,18281,LB,CHI,13.0,0.0,13,13,,tj-edwards.php,,,34.5,,,,,,10.0,TJ Edwards,2026-05-29,CHI
/nfl/rankings/dynasty-idp.php,dynasty-idp,do,Jack Campbell,25435,LB,DET,14.0,0.0,14,14,,jack-campbell.php,,,79.6,,,,,,6.0,Jack Campbell,2026-05-29,DET
/nfl/rankings/dynasty-idp.php,dynasty-idp,do,Fred Warner,17526,LB,SF,15.0,0.0,15,15,,fred-warner.php,,,75.7,,,,,,8.0,Fred Warner,2026-05-29,SFO
/nfl/rankings/dynasty-idp.php,dynasty-idp,do,Foyesade Oluokun,17607,LB,JAC,16.0,0.0,16,16,,foyesade-oluokun.php,,,69.1,,,,,,7.0,Foyesade Oluokun,2026-05-29,JAC
/nfl/rankings/dynasty-idp.php,dynasty-idp,do,Carson Schwesinger,27236,LB,CLE,17.0,0.0,17,17,,carson-schwesinger.php,,,77.0,,,,,,11.0,Carson Schwesinger,2026-05-29,CLE
/nfl/rankings/dynasty-idp.php,dynasty-idp,do,Zaire Franklin,17563,LB,GB,18.0,0.0,18,18,,zaire-franklin.php,,,45.3,,,,,,11.0,Zaire Franklin,2026-05-29,GBP
/nfl/rankings/dynasty-idp.php,dynasty-idp,do,Nick Bolton,22689,LB,KC,19.0,0.0,19,19,,nick-bolton.php,,,68.0,,,,,,5.0,Nick Bolton,2026-05-29,KCC
/nfl/rankings/dynasty-idp.php,dynasty-idp,do,Alex Singleton,14399,LB,DEN,20.0,0.0,20,20,,alex-singleton.php,,,50.0,,,,,,10.0,Alex Singleton,2026-05-29,DEN
/nfl/rankings/dynasty-idp.php,dynasty-idp,do,Kaden Elliss,18716,LB,NO,21.0,0.0,21,21,,kaden-elliss.php,,,36.5,,,,,,8.0,Kaden Elliss,2026-05-29,NOS
/nfl/rankings/dynasty-idp.php,dynasty-idp,do,Quay Walker,23729,LB,LV,22.0,0.0,22,22,,quay-walker.php,,,53.2,,,,,,13.0,Quay Walker,2026-05-29,LVR
/nfl/rankings/dynasty-idp.php,dynasty-idp,do,Quincy Williams,18679,LB,CLE,23.0,0.0,23,23,,quincy-williams.php,,,31.2,,,,,,11.0,Quincy Williams,2026-05-29,CLE
/nfl/rankings/dynasty-idp.php,dynasty-idp,do,Azeez Al-Shaair,18361,LB,HOU,24.0,0.0,24,24,,azeez-al-shaair.php,,,31.5,,,,,,8.0,Azeez Al-Shaair,2026-05-29,HOU
/nfl/rankings/dynasty-idp.php,dynasty-idp,do,Robert Spillane,18103,LB,NE,25.0,0.0,25,25,,robert-spillane.php,,,41.3,,,,,,11.0,Robert Spillane,2026-05-29,NEP
/nfl/rankings/dynasty-idp.php,dynasty-idp,do,Edgerrin Cooper,26137,LB,GB,26.0,0.0,26,26,,edgerrin-cooper.php,,,46.9,,,,,,11.0,Edgerrin Cooper,2026-05-29,GBP
/nfl/rankings/dynasty-idp.php,dynasty-idp,do,Payton Wilson,26183,LB,PIT,27.0,0.0,27,27,,payton-wilson.php,,,27.7,,,,,,9.0,Payton Wilson,2026-05-29,PIT
/nfl/rankings/dynasty-idp.php,dynasty-idp,do,Daiyan Henley,25436,LB,LAC,28.0,0.0,28,28,,daiyanhenley.php,,,46.8,,,,,,7.0,Daiyan Henley,2026-05-29,LAC
/nfl/rankings/dynasty-idp.php,dynasty-idp,do,Tyrel Dodson,18584,LB,MIA,29.0,0.0,29,29,,tyrel-dodson.php,,,41.5,,,,,,6.0,Tyrel Dodson,2026-05-29,MIA
/nfl/rankings/dynasty-idp.php,dynasty-idp,do,Blake Cashman,18421,LB,MIN,30.0,0.0,30,30,,blake-cashman.php,,,59.4,,,,,,6.0,Blake Cashman,2026-05-29,MIN
/nfl/rankings/dynasty-idp.php,dynasty-idp,do,Bobby Okereke,18678,LB,FA,31.0,0.0,31,31,,bobby-okereke.php,,,29.5,,,,,,,Bobby Okereke,2026-05-29,FA
/nfl/rankings/dynasty-idp.php,dynasty-idp,do,Jihaad Campbell,27051,LB,PHI,32.0,0.0,32,32,,jihaad-campbell.php,,,31.3,,,,,,10.0,Jihaad Campbell,2026-05-29,PHI
/nfl/rankings/dynasty-idp.php,dynasty-idp,do,Dre Greenlaw,18310,LB,SF,33.0,0.0,33,33,,dre-greenlaw.php,,,23.6,,,,,,8.0,Dre Greenlaw,2026-05-29,SFO
/nfl/rankings/dynasty-idp.php,dynasty-idp,do,Zack Baun,19238,LB,PHI,34.0,0.0,34,34,,zack-baun.php,,,64.1,,,,,,10.0,Zack Baun,2026-05-29,PHI
/nfl/rankings/dynasty-idp.php,dynasty-idp,do,Eric Wilson,16691,LB,MIN,35.0,0.0,35,35,,eric-wilson.php,,,24.0,,,,,,6.0,Eric Wilson,2026-05-29,MIN
/nfl/rankings/dynasty-idp.php,dynasty-idp,do,Jamien Sherwood,23194,LB,NYJ,36.0,0.0,36,36,,jamien-sherwood.php,,,56.8,,,,,,13.0,Jamien Sherwood,2026-05-29,NYJ
/nfl/rankings/dynasty-idp.php,dynasty-idp,do,DeMarvion Overshown,25314,LB,DAL,37.0,0.0,37,37,,demarvion-overshown.php,,,26.0,,,,,,14.0,DeMarvion Overshown,2026-05-29,DAL
/nfl/rankings/dynasty-idp.php,dynasty-idp,do,Jack Gibbens,24690,LB,ARI,38.0,0.0,38,38,,jack-gibbens.php,,,12.3,,,,,,14.0,Jack Gibbens,2026-05-29,ARI
/nfl/rankings/dynasty-idp.php,dynasty-idp,do,SirVocea Dennis,23990,LB,TB,39.0,0.0,39,39,,sirvocea-dennis.php,,,28.3,,,,,,10.0,SirVocea Dennis,2026-05-29,TBB
/nfl/rankings/dynasty-idp.php,dynasty-idp,do,Divine Deablo,23208,LB,ATL,40.0,0.0,40,40,,divine-deablo.php,,,38.8,,,,,,11.0,Divine Deablo,2026-05-29,ATL
/nfl/rankings/dynasty-idp.php,dynasty-idp,do,Devin Bush Jr.,18237,LB,CHI,41.0,0.0,41,41,,devin-bush.php,,,41.4,,,,,,10.0,Devin Bush,2026-05-29,CHI
/nfl/rankings/dynasty-idp.php,dynasty-idp,do,Drake Thomas,25905,LB,SEA,42.0,0.0,42,42,,drake-thomas.php,,,16.0,,,,,,11.0,Drake Thomas,2026-05-29,SEA
/nfl/rankings/dynasty-idp.php,dynasty-idp,do,Nakobe Dean,23702,LB,LV,43.0,0.0,43,43,,nakobe-dean.php,,,45.8,,,,,,13.0,Nakobe Dean,2026-05-29,LVR
/nfl/rankings/dynasty-idp.php,dynasty-idp,do,Germaine Pratt,18291,LB,FA,44.0,0.0,44,44,,germaine-pratt.php,,,14.9,,,,,,,Germaine Pratt,2026-05-29,FA
/nfl/rankings/dynasty-idp.php,dynasty-idp,do,Byron Young,25449,DL,LAR,45.0,0.0,45,45,,byron-young-edge.php,,,49.4,,,,,,11.0,Byron Young,2026-05-29,LAR
/nfl/rankings/dynasty-idp.php,dynasty-idp,do,Nick Cross,24198,DB,WAS,46.0,0.0,46,46,,nick-cross.php,,,52.0,,,,,,7.0,Nick Cross,2026-05-29,WAS
/nfl/rankings/dynasty-idp.php,dynasty-idp,do,Nick Emmanwori,27053,DB,SEA,47.0,0.0,47,47,,nick-emmanwori.php,,,66.8,,,,,,11.0,Nick Emmanwori,2026-05-29,SEA
/nfl/rankings/dynasty-idp.php,dynasty-idp,do,Derwin James Jr.,17310,DB,LAC,48.0,0.0,48,48,,derwin-james.php,,,67.6,,,,,,7.0,Derwin James,2026-05-29,LAC
/nfl/rankings/dynasty-idp.php,dynasty-idp,do,Brian Branch,25235,DB,DET,49.0,0.0,49,49,,brian-branch.php,,,60.7,,,,,,6.0,Brian Branch,2026-05-29,DET
/nfl/rankings/dynasty-idp.php,dynasty-idp,do,Kyle Hamilton,23494,DB,BAL,50.0,0.0,50,50,,kyle-hamilton.php,,,79.5,,,,,,13.0,Kyle Hamilton,2026-05-29,BAL
/nfl/rankings/dynasty-idp.php,dynasty-idp,do,Kam Curl,19459,DB,LAR,51.0,0.0,51,51,,kamren-curl.php,,,55.4,,,,,,11.0,Kam Curl,2026-05-29,LAR
/nfl/rankings/dynasty-idp.php,dynasty-idp,do,Jessie Bates III,17544,DB,ATL,52.0,0.0,52,52,,jessie-bates-iii.php,,,40.3,,,,,,11.0,Jessie Bates,2026-05-29,ATL
/nfl/rankings/dynasty-idp.php,dynasty-idp,do,Antoine Winfield Jr.,19266,DB,TB,53.0,0.0,53,53,,antoine-winfield-s.php,,,37.6,,,,,,10.0,Antoine Winfield,2026-05-29,TBB
/nfl/rankings/dynasty-idp.php,dynasty-idp,do,Jaquan Brisker,23719,DB,PIT,54.0,0.0,54,54,,jaquan-brisker.php,,,30.1,,,,,,9.0,Jaquan Brisker,2026-05-29,PIT
/nfl/rankings/dynasty-idp.php,dynasty-idp,do,Tyler Nubin,26117,DB,NYG,55.0,0.0,55,55,,tyler-nubin.php,,,22.5,,,,,,8.0,Tyler Nubin,2026-05-29,NYG
/nfl/rankings/dynasty-idp.php,dynasty-idp,do,Joshua Metellus,19580,DB,MIN,56.0,0.0,56,56,,josh-metellus.php,,,27.7,,,,,,6.0,Joshua Metellus,2026-05-29,MIN
/nfl/rankings/dynasty-idp.php,dynasty-idp,do,Malachi Moore,24708,DB,NYJ,57.0,0.0,57,57,,malachi-moore.php,,,24.2,,,,,,13.0,Malachi Moore,2026-05-29,NYJ
/nfl/rankings/dynasty-idp.php,dynasty-idp,do,Tre'von Moehrig,22699,DB,CAR,58.0,0.0,58,58,,trevon-moehrig.php,,,42.2,,,,,,5.0,Trevon Moehrig,2026-05-29,CAR
/nfl/rankings/dynasty-idp.php,dynasty-idp,do,Tykee Smith,23751,DB,TB,59.0,0.0,59,59,,tykee-smith.php,,,55.7,,,,,,10.0,Tykee Smith,2026-05-29,TBB
/nfl/rankings/dynasty-idp.php,dynasty-idp,do,DeShon Elliott,17344,DB,PIT,60.0,0.0,60,60,,deshon-elliott.php,,,19.6,,,,,,9.0,DeShon Elliott,2026-05-29,PIT
/nfl/rankings/dynasty-idp.php,dynasty-idp,do,Chamarri Conner,25509,DB,KC,61.0,0.0,61,61,,chamarri-conner.php,,,32.1,,,,,,5.0,Chamarri Conner,2026-05-29,KCC
/nfl/rankings/dynasty-idp.php,dynasty-idp,do,Xavier Watts,27067,DB,ATL,62.0,0.0,62,62,,xavier-watts.php,,,41.6,,,,,,11.0,Xavier Watts,2026-05-29,ATL
/nfl/rankings/dynasty-idp.php,dynasty-idp,do,Laiatu Latu,26096,DL,IND,63.0,0.0,63,63,,laiatu-latu.php,,,28.1,,,,,,13.0,Laiatu Latu,2026-05-29,IND
/nfl/rankings/dynasty-idp.php,dynasty-idp,do,Kyle Dugger,19337,DB,CIN,64.0,0.0,64,64,,kyle-dugger.php,,,4.0,,,,,,6.0,Kyle Dugger,2026-05-29,CIN
/nfl/rankings/dynasty-idp.php,dynasty-idp,do,Cam Bynum,22757,DB,IND,65.0,0.0,65,65,,camryn-bynum.php,,,23.9,,,,,,13.0,Cam Bynum,2026-05-29,IND
/nfl/rankings/dynasty-idp.php,dynasty-idp,do,Jeremy Chinn,19429,DB,LV,66.0,0.0,66,66,,jeremy-chinn.php,,,39.3,,,,,,13.0,Jeremy Chinn,2026-05-29,LVR
/nfl/rankings/dynasty-idp.php,dynasty-idp,do,Talanoa Hufanga,22817,DB,DEN,67.0,0.0,67,67,,talanoa-hufanga.php,,,57.5,,,,,,10.0,Talanoa Hufanga,2026-05-29,DEN
/nfl/rankings/dynasty-idp.php,dynasty-idp,do,Julian Love,18243,DB,SEA,68.0,0.0,68,68,,julian-love.php,,,45.0,,,,,,11.0,Julian Love,2026-05-29,SEA
/nfl/rankings/dynasty-idp.php,dynasty-idp,do,Jordan Battle,23471,DB,CIN,69.0,0.0,69,69,,jordan-battle.php,,,34.2,,,,,,6.0,Jordan Battle,2026-05-29,CIN
/nfl/rankings/dynasty-idp.php,dynasty-idp,do,Devon Witherspoon,25243,DB,SEA,70.0,0.0,70,70,,devon-witherspoon.php,,,43.4,,,,,,11.0,Devon Witherspoon,2026-05-29,SEA
/nfl/rankings/dynasty-k.php,dynasty-k,dp,Brandon Aubrey,26068,K,DAL,1.2,0.4,1,2,,brandon-aubrey.php,,,96.3,,,,,,14.0,Brandon Aubrey,2026-05-29,DAL
/nfl/rankings/dynasty-k.php,dynasty-k,dp,Cam Little,26475,K,JAC,2.8,0.4,2,3,,cam-little.php,,,83.7,,,,,1.0,7.0,Cam Little,2026-05-29,JAC
/nfl/rankings/dynasty-k.php,dynasty-k,dp,Cameron Dicker,23901,K,LAC,3.4,1.2,2,5,,cameron-dicker.php,,,93.7,,,,,1.0,7.0,Cameron Dicker,2026-05-29,LAC
/nfl/rankings/dynasty-k.php,dynasty-k,dp,Ka'imi Fairbairn,15756,K,HOU,5.8,1.83,4,9,,kaimi-fairbairn.php,,,86.5,,,,,3.0,8.0,Kaimi Fairbairn,2026-05-29,HOU
/nfl/rankings/dynasty-k.php,dynasty-k,dp,Jason Myers,14003,K,SEA,7.6,2.87,3,11,,jason-myers.php,,,89.9,,,,,-3.0,11.0,Jason Myers,2026-05-29,SEA
/nfl/rankings/dynasty-k.php,dynasty-k,dp,Tyler Loop,27534,K,BAL,8.4,3.93,4,14,,tyler-loop.php,,,55.2,,,,,-1.0,13.0,Tyler Loop,2026-05-29,BAL
/nfl/rankings/dynasty-k.php,dynasty-k,dp,Will Reichard,26341,K,MIN,9.0,5.66,4,20,,will-reichard.php,,,22.5,,,,,,6.0,Will Reichard,2026-05-29,MIN
/nfl/rankings/dynasty-k.php,dynasty-k,dp,Chris Boswell,13029,K,PIT,9.4,2.58,7,13,,chris-boswell.php,,,42.5,,,,,,9.0,Chris Boswell,2026-05-29,PIT
/nfl/rankings/dynasty-k.php,dynasty-k,dp,Evan McPherson,23297,K,CIN,10.2,2.14,7,13,,evan-mcpherson.php,,,44.5,,,,,,6.0,Evan McPherson,2026-05-29,CIN
/nfl/rankings/dynasty-k.php,dynasty-k,dp,Chase McLaughlin,19058,K,TB,11.0,1.9,8,13,,chase-mclaughlin.php,,,24.3,,,,,-2.0,10.0,Chase McLaughlin,2026-05-29,TBB
/nfl/rankings/dynasty-k.php,dynasty-k,dp,Harrison Butker,16712,K,KC,11.8,5.71,5,18,,harrison-butker.php,,,39.5,,,,,,5.0,Harrison Butker,2026-05-29,KCC
/nfl/rankings/dynasty-k.php,dynasty-k,dp,Wil Lutz,16026,K,DEN,11.8,1.72,10,15,,wil-lutz.php,,,7.5,,,,,,10.0,Wil Lutz,2026-05-29,DEN
/nfl/rankings/dynasty-k.php,dynasty-k,dp,Jake Moody,24009,K,WAS,13.2,3.6,9,17,,jake-moody.php,,,2.2,,,,,,7.0,Jake Moody,2026-05-29,WAS
/nfl/rankings/dynasty-k.php,dynasty-k,dp,Jake Bates,26075,K,DET,14.6,4.18,9,18,,jake-bates.php,,,42.9,,,,,,6.0,Jake Bates,2026-05-29,DET
/nfl/rankings/dynasty-k.php,dynasty-k,dp,Joshua Karty,26478,K,ARI,12.75,3.96,8,18,,joshua-karty.php,,,0.7,,,,,2.0,14.0,Joshua Karty,2026-05-29,ARI
/nfl/rankings/dynasty-k.php,dynasty-k,dp,Andy Borregales,27291,K,NE,16.0,6.26,9,24,,andres-borregales.php,,,34.0,,,,,-3.0,11.0,Andy Borregales,2026-05-29,NEP
/nfl/rankings/dynasty-k.php,dynasty-k,dp,Jake Elliott,16540,K,PHI,17.0,1.41,15,19,,jake-elliott.php,,,8.7,,,,,5.0,10.0,Jake Elliott,2026-05-29,PHI
/nfl/rankings/dynasty-k.php,dynasty-k,dp,Daniel Carlson,17420,K,LV,17.6,8.69,2,28,,daniel-carlson.php,,,1.2,,,,,,13.0,Daniel Carlson,2026-05-29,LVR
/nfl/rankings/dynasty-k.php,dynasty-k,dp,Tyler Bass,19760,K,BUF,17.75,3.63,15,24,,tyler-bass.php,,,10.2,,,,,,7.0,Tyler Bass,2026-05-29,BUF
/nfl/rankings/dynasty-k.php,dynasty-k,dp,Blake Grupe,25533,K,IND,18.25,4.09,14,25,,blake-grupe.php,,,2.4,,,,,5.0,13.0,Blake Grupe,2026-05-29,IND
/nfl/rankings/dynasty-k.php,dynasty-k,dp,Eddy Pineiro,17575,K,SF,20.4,6.15,11,28,,eddy-pineiro.php,,,67.2,,,,,8.0,8.0,Eddy Pineiro,2026-05-29,SFO
/nfl/rankings/dynasty-k.php,dynasty-k,dp,Brandon McManus,13274,K,FA,20.4,1.96,19,24,,brandon-mcmanus.php,,,2.2,,,,,,,Brandon McManus,2026-05-29,FA
/nfl/rankings/dynasty-k.php,dynasty-k,dp,Cairo Santos,13731,K,CHI,20.6,4.72,12,26,,cairo-santos.php,,,24.4,,,,,,10.0,Cairo Santos,2026-05-29,CHI
/nfl/rankings/dynasty-k.php,dynasty-k,dp,Spencer Shrader,26763,K,IND,19.25,7.69,11,31,,spencer-shrader.php,,,1.7,,,,,-5.0,13.0,Spencer Shrader,2026-05-29,IND
/nfl/rankings/dynasty-k.php,dynasty-k,dp,Matt Gay,18545,K,LV,21.8,9.11,4,29,,matt-gay.php,,,5.4,,,,,,13.0,Matt Gay,2026-05-29,LVR
/nfl/rankings/dynasty-k.php,dynasty-k,dp,Jason Sanders,17533,K,NYG,21.8,3.49,16,26,,jason-sanders.php,,,5.4,,,,,-8.0,8.0,Jason Sanders,2026-05-29,NYG
/nfl/rankings/dynasty-k.php,dynasty-k,dp,Ryan Fitzgerald,27261,K,CAR,20.5,5.32,13,28,,ryan-fitzgerald.php,,,2.0,,,,,6.0,5.0,Ryan Fitzgerald,2026-05-29,CAR
/nfl/rankings/dynasty-k.php,dynasty-k,dp,Harrison Mevis,26638,K,LAR,20.33,1.25,19,22,,harrison-mevis.php,,,39.9,,,,,,11.0,Harrison Mevis,2026-05-29,LAR
/nfl/rankings/dynasty-k.php,dynasty-k,dp,Dustin Hopkins,11818,K,FA,20.0,13.0,7,33,,dustin-hopkins.php,,,0.6,,,,,-3.0,,Dustin Hopkins,2026-05-29,FA
/nfl/rankings/dynasty-k.php,dynasty-k,dp,Younghoe Koo,16910,K,NYJ,21.0,13.0,8,34,,younghoe-koo.php,,,1.1,,,,,-3.0,13.0,Younghoe Koo,2026-05-29,NYJ
/nfl/rankings/dynasty-k.php,dynasty-k,dp,Greg Zuerlein,11345,K,FA,22.0,13.0,9,35,,greg-zuerlein.php,,,0.8,,,,,-3.0,,Greg Zuerlein,2026-05-29,FA
/nfl/rankings/dynasty-k.php,dynasty-k,dp,Riley Patterson,23370,K,MIA,22.33,2.05,20,25,,riley-patterson.php,,,4.3,,,,,,6.0,Riley Patterson,2026-05-29,MIA
/nfl/rankings/dynasty-k.php,dynasty-k,dp,Chad Ryland,25354,K,ARI,23.0,4.0,19,27,,chad-ryland.php,,,2.9,,,,,,14.0,Chad Ryland,2026-05-29,ARI
/nfl/rankings/dynasty-lb.php,dynasty-lb,dp,Brian Burns,18223,DL,NYG,1.0,0.0,1,1,,brian-burns.php,,,71.2,,,,,,8.0,Brian Burns,2026-05-29,NYG
/nfl/rankings/dynasty-lb.php,dynasty-lb,dp,Micah Parsons,19784,LB,GB,2.0,0.0,2,2,,micah-parsons.php,,,64.8,,,,,,11.0,Micah Parsons,2026-05-29,GBP
/nfl/rankings/dynasty-lb.php,dynasty-lb,dp,Nik Bonitto,23763,DL,DEN,3.0,0.0,3,3,,nik-bonitto.php,,,55.8,,,,,,10.0,Nik Bonitto,2026-05-29,DEN
/nfl/rankings/dynasty-lb.php,dynasty-lb,dp,Roquan Smith,17311,LB,BAL,4.0,0.0,4,4,,roquan-smith.php,,,72.3,,,,,,13.0,Roquan Smith,2026-05-29,BAL
/nfl/rankings/dynasty-lb.php,dynasty-lb,dp,Jordyn Brooks,19292,LB,MIA,5.0,0.0,5,5,,jordyn-brooks.php,,,78.4,,,,,,6.0,Jordyn Brooks,2026-05-29,MIA
/nfl/rankings/dynasty-lb.php,dynasty-lb,dp,Ernest Jones IV,23245,LB,SEA,6.0,0.0,6,6,,ernest-jones.php,,,56.8,,,,,,11.0,Ernest Jones,2026-05-29,SEA
/nfl/rankings/dynasty-lb.php,dynasty-lb,dp,Cedric Gray,26168,LB,TEN,7.0,0.0,7,7,,cedric-gray.php,,,61.1,,,,,,9.0,Cedric Gray,2026-05-29,TEN
/nfl/rankings/dynasty-lb.php,dynasty-lb,dp,Nate Landman,24674,LB,LAR,8.0,0.0,8,8,,nathan-landman.php,,,48.7,,,,,,11.0,Nate Landman,2026-05-29,LAR
/nfl/rankings/dynasty-lb.php,dynasty-lb,dp,T.J. Edwards,18281,LB,CHI,9.0,0.0,9,9,,tj-edwards.php,,,34.5,,,,,,10.0,TJ Edwards,2026-05-29,CHI
/nfl/rankings/dynasty-lb.php,dynasty-lb,dp,Jack Campbell,25435,LB,DET,10.0,0.0,10,10,,jack-campbell.php,,,79.6,,,,,,6.0,Jack Campbell,2026-05-29,DET
/nfl/rankings/dynasty-lb.php,dynasty-lb,dp,Fred Warner,17526,LB,SF,11.0,0.0,11,11,,fred-warner.php,,,75.7,,,,,,8.0,Fred Warner,2026-05-29,SFO
/nfl/rankings/dynasty-lb.php,dynasty-lb,dp,Foyesade Oluokun,17607,LB,JAC,12.0,0.0,12,12,,foyesade-oluokun.php,,,69.1,,,,,,7.0,Foyesade Oluokun,2026-05-29,JAC
/nfl/rankings/dynasty-lb.php,dynasty-lb,dp,Carson Schwesinger,27236,LB,CLE,13.0,0.0,13,13,,carson-schwesinger.php,,,77.0,,,,,,11.0,Carson Schwesinger,2026-05-29,CLE
/nfl/rankings/dynasty-lb.php,dynasty-lb,dp,Zaire Franklin,17563,LB,GB,14.0,0.0,14,14,,zaire-franklin.php,,,45.3,,,,,,11.0,Zaire Franklin,2026-05-29,GBP
/nfl/rankings/dynasty-lb.php,dynasty-lb,dp,Nick Bolton,22689,LB,KC,15.0,0.0,15,15,,nick-bolton.php,,,68.0,,,,,,5.0,Nick Bolton,2026-05-29,KCC
/nfl/rankings/dynasty-lb.php,dynasty-lb,dp,Alex Singleton,14399,LB,DEN,16.0,0.0,16,16,,alex-singleton.php,,,50.0,,,,,,10.0,Alex Singleton,2026-05-29,DEN
/nfl/rankings/dynasty-lb.php,dynasty-lb,dp,Kaden Elliss,18716,LB,NO,17.0,0.0,17,17,,kaden-elliss.php,,,36.5,,,,,,8.0,Kaden Elliss,2026-05-29,NOS
/nfl/rankings/dynasty-lb.php,dynasty-lb,dp,Quay Walker,23729,LB,LV,18.0,0.0,18,18,,quay-walker.php,,,53.2,,,,,,13.0,Quay Walker,2026-05-29,LVR
/nfl/rankings/dynasty-lb.php,dynasty-lb,dp,Quincy Williams,18679,LB,CLE,19.0,0.0,19,19,,quincy-williams.php,,,31.2,,,,,,11.0,Quincy Williams,2026-05-29,CLE
/nfl/rankings/dynasty-lb.php,dynasty-lb,dp,Azeez Al-Shaair,18361,LB,HOU,20.0,0.0,20,20,,azeez-al-shaair.php,,,31.5,,,,,,8.0,Azeez Al-Shaair,2026-05-29,HOU
/nfl/rankings/dynasty-lb.php,dynasty-lb,dp,Robert Spillane,18103,LB,NE,21.0,0.0,21,21,,robert-spillane.php,,,41.3,,,,,,11.0,Robert Spillane,2026-05-29,NEP
/nfl/rankings/dynasty-lb.php,dynasty-lb,dp,Edgerrin Cooper,26137,LB,GB,22.0,0.0,22,22,,edgerrin-cooper.php,,,46.9,,,,,,11.0,Edgerrin Cooper,2026-05-29,GBP
/nfl/rankings/dynasty-lb.php,dynasty-lb,dp,Payton Wilson,26183,LB,PIT,23.0,0.0,23,23,,payton-wilson.php,,,27.7,,,,,,9.0,Payton Wilson,2026-05-29,PIT
/nfl/rankings/dynasty-lb.php,dynasty-lb,dp,Daiyan Henley,25436,LB,LAC,24.0,0.0,24,24,,daiyanhenley.php,,,46.8,,,,,,7.0,Daiyan Henley,2026-05-29,LAC
/nfl/rankings/dynasty-lb.php,dynasty-lb,dp,Tyrel Dodson,18584,LB,MIA,25.0,0.0,25,25,,tyrel-dodson.php,,,41.5,,,,,,6.0,Tyrel Dodson,2026-05-29,MIA
/nfl/rankings/dynasty-lb.php,dynasty-lb,dp,Blake Cashman,18421,LB,MIN,26.0,0.0,26,26,,blake-cashman.php,,,59.4,,,,,,6.0,Blake Cashman,2026-05-29,MIN
/nfl/rankings/dynasty-lb.php,dynasty-lb,dp,Bobby Okereke,18678,LB,FA,27.0,0.0,27,27,,bobby-okereke.php,,,29.5,,,,,,,Bobby Okereke,2026-05-29,FA
/nfl/rankings/dynasty-lb.php,dynasty-lb,dp,Jihaad Campbell,27051,LB,PHI,28.0,0.0,28,28,,jihaad-campbell.php,,,31.3,,,,,,10.0,Jihaad Campbell,2026-05-29,PHI
/nfl/rankings/dynasty-lb.php,dynasty-lb,dp,Dre Greenlaw,18310,LB,SF,29.0,0.0,29,29,,dre-greenlaw.php,,,23.6,,,,,,8.0,Dre Greenlaw,2026-05-29,SFO
/nfl/rankings/dynasty-lb.php,dynasty-lb,dp,Zack Baun,19238,LB,PHI,30.0,0.0,30,30,,zack-baun.php,,,64.1,,,,,,10.0,Zack Baun,2026-05-29,PHI
/nfl/rankings/dynasty-lb.php,dynasty-lb,dp,Eric Wilson,16691,LB,MIN,31.0,0.0,31,31,,eric-wilson.php,,,24.0,,,,,,6.0,Eric Wilson,2026-05-29,MIN
/nfl/rankings/dynasty-lb.php,dynasty-lb,dp,Jamien Sherwood,23194,LB,NYJ,32.0,0.0,32,32,,jamien-sherwood.php,,,56.8,,,,,,13.0,Jamien Sherwood,2026-05-29,NYJ
/nfl/rankings/dynasty-lb.php,dynasty-lb,dp,DeMarvion Overshown,25314,LB,DAL,33.0,0.0,33,33,,demarvion-overshown.php,,,26.0,,,,,,14.0,DeMarvion Overshown,2026-05-29,DAL
/nfl/rankings/dynasty-lb.php,dynasty-lb,dp,Jack Gibbens,24690,LB,ARI,34.0,0.0,34,34,,jack-gibbens.php,,,12.3,,,,,,14.0,Jack Gibbens,2026-05-29,ARI
/nfl/rankings/dynasty-lb.php,dynasty-lb,dp,SirVocea Dennis,23990,LB,TB,35.0,0.0,35,35,,sirvocea-dennis.php,,,28.3,,,,,,10.0,SirVocea Dennis,2026-05-29,TBB
/nfl/rankings/dynasty-lb.php,dynasty-lb,dp,Divine Deablo,23208,LB,ATL,36.0,0.0,36,36,,divine-deablo.php,,,38.8,,,,,,11.0,Divine Deablo,2026-05-29,ATL
/nfl/rankings/dynasty-lb.php,dynasty-lb,dp,Devin Bush Jr.,18237,LB,CHI,37.0,0.0,37,37,,devin-bush.php,,,41.4,,,,,,10.0,Devin Bush,2026-05-29,CHI
/nfl/rankings/dynasty-lb.php,dynasty-lb,dp,Drake Thomas,25905,LB,SEA,38.0,0.0,38,38,,drake-thomas.php,,,16.0,,,,,,11.0,Drake Thomas,2026-05-29,SEA
/nfl/rankings/dynasty-lb.php,dynasty-lb,dp,Nakobe Dean,23702,LB,LV,39.0,0.0,39,39,,nakobe-dean.php,,,45.8,,,,,,13.0,Nakobe Dean,2026-05-29,LVR
/nfl/rankings/dynasty-lb.php,dynasty-lb,dp,Germaine Pratt,18291,LB,FA,40.0,0.0,40,40,,germaine-pratt.php,,,14.9,,,,,,,Germaine Pratt,2026-05-29,FA
/nfl/rankings/dynasty-lb.php,dynasty-lb,dp,Byron Young,25449,DL,LAR,41.0,0.0,41,41,,byron-young-edge.php,,,49.4,,,,,,11.0,Byron Young,2026-05-29,LAR
/nfl/rankings/dynasty-lb.php,dynasty-lb,dp,Danny Stutsman,27031,LB,NO,42.0,0.0,42,42,,danny-stutsman.php,,,6.5,,,,,,8.0,Danny Stutsman,2026-05-29,NOS
/nfl/rankings/dynasty-lb.php,dynasty-lb,dp,Pete Werner,22809,LB,NO,43.0,0.0,43,43,,pete-werner.php,,,10.7,,,,,,8.0,Pete Werner,2026-05-29,NOS
/nfl/rankings/dynasty-superflex.php,dynasty-op,dsf,Josh Allen,17298,QB,BUF,1.27,0.52,1,3,,josh-allen-qb.php,,,99.3,,,,,,7.0,Josh Allen,2026-05-29,BUF
/nfl/rankings/dynasty-superflex.php,dynasty-op,dsf,Drake Maye,23046,QB,NE,2.5,1.84,1,10,,drake-maye.php,,,99.0,,,,,,11.0,Drake Maye,2026-05-29,NEP
/nfl/rankings/dynasty-superflex.php,dynasty-op,dsf,Jayden Daniels,22902,QB,WAS,5.85,3.25,3,12,,jayden-daniels.php,,,97.6,,,,,1.0,7.0,Jayden Daniels,2026-05-29,WAS
/nfl/rankings/dynasty-superflex.php,dynasty-op,dsf,Ja'Marr Chase,19788,WR,CIN,6.19,2.39,1,9,,jamarr-chase.php,,,99.0,,,,,,6.0,JaMarr Chase,2026-05-29,CIN
/nfl/rankings/dynasty-superflex.php,dynasty-op,dsf,Lamar Jackson,17233,QB,BAL,6.5,6.65,3,30,,lamar-jackson.php,,,98.7,,,,,-1.0,13.0,Lamar Jackson,2026-05-29,BAL
/nfl/rankings/dynasty-superflex.php,dynasty-op,dsf,Joe Burrow,19196,QB,CIN,8.77,6.11,3,25,,joe-burrow.php,,,96.9,,,,,,6.0,Joe Burrow,2026-05-29,CIN
/nfl/rankings/dynasty-superflex.php,dynasty-op,dsf,Jaxon Smith-Njigba,23070,WR,SEA,8.77,2.66,4,16,,jaxon-smith-njigba.php,,,99.4,,,,,,11.0,Jaxon Smith-Njigba,2026-05-29,SEA
/nfl/rankings/dynasty-superflex.php,dynasty-op,dsf,Puka Nacua,23180,WR,LAR,9.35,3.29,5,18,,puka-nacua.php,,,99.3,,,,,,11.0,Puka Nacua,2026-05-29,LAR
/nfl/rankings/dynasty-superflex.php,dynasty-op,dsf,Caleb Williams,23084,QB,CHI,9.92,7.03,4,36,,caleb-williams.php,,,94.1,,,,,,10.0,Caleb Williams,2026-05-29,CHI
/nfl/rankings/dynasty-superflex.php,dynasty-op,dsf,Patrick Mahomes II,16413,QB,KC,11.46,5.51,4,24,,patrick-mahomes.php,,,92.9,,,,,,5.0,Patrick Mahomes,2026-05-29,KCC
/nfl/rankings/dynasty-superflex.php,dynasty-op,dsf,Bijan Robinson,23133,RB,ATL,11.81,4.42,4,18,,bijan-robinson.php,,,99.0,,,,,,11.0,Bijan Robinson,2026-05-29,ATL
/nfl/rankings/dynasty-superflex.php,dynasty-op,dsf,Jahmyr Gibbs,22968,RB,DET,13.46,4.25,6,19,,jahmyr-gibbs.php,,,99.0,,,,,,6.0,Jahmyr Gibbs,2026-05-29,DET
/nfl/rankings/dynasty-superflex.php,dynasty-op,dsf,Justin Herbert,18635,QB,LAC,14.73,7.52,6,34,,justin-herbert.php,,,91.9,,,,,,7.0,Justin Herbert,2026-05-29,LAC
/nfl/rankings/dynasty-superflex.php,dynasty-op,dsf,Justin Jefferson,19236,WR,MIN,15.92,3.66,10,22,,justin-jefferson.php,,,98.9,,,,,,6.0,Justin Jefferson,2026-05-29,MIN
/nfl/rankings/dynasty-superflex.php,dynasty-op,dsf,Jalen Hurts,19275,QB,PHI,17.0,6.55,6,31,,jalen-hurts.php,,,97.8,,,,,,10.0,Jalen Hurts,2026-05-29,PHI
/nfl/rankings/dynasty-superflex.php,dynasty-op,dsf,CeeDee Lamb,19202,WR,DAL,17.69,4.52,8,28,,ceedee-lamb.php,,,99.0,,,,,-1.0,14.0,CeeDee Lamb,2026-05-29,DAL
/nfl/rankings/dynasty-superflex.php,dynasty-op,dsf,Amon-Ra St. Brown,19799,WR,DET,18.38,5.8,7,26,,amonra-stbrown.php,,,99.0,,,,,,6.0,Amon-Ra St Brown,2026-05-29,DET
/nfl/rankings/dynasty-superflex.php,dynasty-op,dsf,Malik Nabers,25409,WR,NYG,19.0,4.88,9,27,,malik-nabers.php,,,98.5,,,,,,8.0,Malik Nabers,2026-05-29,NYG
/nfl/rankings/dynasty-superflex.php,dynasty-op,dsf,Ashton Jeanty,25989,RB,LV,20.54,4.65,11,29,,ashton-jeanty.php,,,98.8,,,,,,13.0,Ashton Jeanty,2026-05-29,LVR
/nfl/rankings/dynasty-superflex.php,dynasty-op,dsf,Trevor Lawrence,19780,QB,JAC,20.92,12.37,6,58,,trevor-lawrence.php,,,92.7,,,,,,7.0,Trevor Lawrence,2026-05-29,JAC
/nfl/rankings/dynasty-superflex.php,dynasty-op,dsf,Jaxson Dart,23160,QB,NYG,21.0,10.31,11,49,,jaxson-dart.php,,,95.6,,,,,,8.0,Jaxson Dart,2026-05-29,NYG
/nfl/rankings/dynasty-superflex.php,dynasty-op,dsf,Jeremiyah Love,25403,RB,ARI,23.92,4.41,13,30,,jeremiyah-love.php,,,96.2,,,,,1.0,14.0,Jeremiyah Love,2026-05-29,ARI
/nfl/rankings/dynasty-superflex.php,dynasty-op,dsf,Drake London,23163,WR,ATL,24.27,5.0,15,32,,drake-london.php,,,98.8,,,,,,11.0,Drake London,2026-05-29,ATL
/nfl/rankings/dynasty-superflex.php,dynasty-op,dsf,Brock Purdy,19797,QB,SF,24.88,10.66,14,46,,brock-purdy.php,,,92.3,,,,,,8.0,Brock Purdy,2026-05-29,SFO
/nfl/rankings/dynasty-superflex.php,dynasty-op,dsf,Bo Nix,22910,QB,DEN,25.62,10.52,13,51,,bo-nix.php,,,91.3,,,,,,10.0,Bo Nix,2026-05-29,DEN
/nfl/rankings/dynasty-superflex.php,dynasty-op,dsf,De'Von Achane,23136,RB,MIA,25.62,4.43,17,34,,devon-achane.php,,,98.9,,,,,-1.0,6.0,DeVon Achane,2026-05-29,MIA
/nfl/rankings/dynasty-superflex.php,dynasty-op,dsf,Tetairoa McMillan,25417,WR,CAR,30.38,5.21,20,44,,tetairoa-mcmillan.php,,,97.9,,,,,,5.0,Tetairoa McMillan,2026-05-29,CAR
/nfl/rankings/dynasty-superflex.php,dynasty-op,dsf,Omarion Hampton,25395,RB,LAC,30.85,6.92,18,51,,omarion-hampton.php,,,98.2,,,,,2.0,7.0,Omarion Hampton,2026-05-29,LAC
/nfl/rankings/dynasty-superflex.php,dynasty-op,dsf,James Cook III,22958,RB,BUF,32.0,4.91,21,43,,james-cook.php,,,99.4,,,,,-2.0,7.0,James Cook,2026-05-29,BUF
/nfl/rankings/dynasty-superflex.php,dynasty-op,dsf,Nico Collins,20130,WR,HOU,32.19,5.96,19,43,,nico-collins.php,,,99.1,,,,,,8.0,Nico Collins,2026-05-29,HOU
/nfl/rankings/dynasty-superflex.php,dynasty-op,dsf,Brock Bowers,22955,TE,LV,32.23,7.5,13,44,,brock-bowers.php,,,98.8,,,,,,13.0,Brock Bowers,2026-05-29,LVR
/nfl/rankings/dynasty-superflex.php,dynasty-op,dsf,Jonathan Taylor,19217,RB,IND,32.85,6.95,21,48,,jonathan-taylor.php,,,99.0,,,,,,13.0,Jonathan Taylor,2026-05-29,IND
/nfl/rankings/dynasty-superflex.php,dynasty-op,dsf,Jordan Love,19246,QB,GB,33.12,13.4,17,61,,jordan-love.php,,,64.8,,,,,,11.0,Jordan Love,2026-05-29,GBP
/nfl/rankings/dynasty-superflex.php,dynasty-op,dsf,George Pickens,22963,WR,DAL,33.5,4.89,20,45,,george-pickens.php,,,98.7,,,,,,14.0,George Pickens,2026-05-29,DAL
/nfl/rankings/dynasty-superflex.php,dynasty-op,dsf,Dak Prescott,15600,QB,DAL,36.19,14.44,19,65,,dak-prescott.php,,,93.1,,,,,,14.0,Dak Prescott,2026-05-29,DAL
/nfl/rankings/dynasty-superflex.php,dynasty-op,dsf,Emeka Egbuka,23062,WR,TB,36.27,5.4,27,46,,emeka-egbuka.php,,,95.8,,,,,,10.0,Emeka Egbuka,2026-05-29,TBB
/nfl/rankings/dynasty-superflex.php,dynasty-op,dsf,Trey McBride,22936,TE,ARI,36.31,10.93,14,59,,trey-mcbride.php,,,98.8,,,,,,14.0,Trey McBride,2026-05-29,ARI
/nfl/rankings/dynasty-superflex.php,dynasty-op,dsf,Chris Olave,20111,WR,NO,37.88,5.6,25,49,,chris-olave.php,,,97.8,,,,,,8.0,Chris Olave,2026-05-29,NOS
/nfl/rankings/dynasty-superflex.php,dynasty-op,dsf,Garrett Wilson,23072,WR,NYJ,39.0,6.14,23,47,,garrett-wilson.php,,,97.4,,,,,,13.0,Garrett Wilson,2026-05-29,NYJ
/nfl/rankings/dynasty-superflex.php,dynasty-op,dsf,Carnell Tate,26009,WR,TEN,42.12,6.58,31,61,,carnell-tate.php,,,92.8,,,,,,9.0,Carnell Tate,2026-05-29,TEN
/nfl/rankings/dynasty-superflex.php,dynasty-op,dsf,Kenneth Walker III,23021,RB,KC,43.73,9.48,35,65,,kenneth-walker-rb.php,,,99.0,,,,,,5.0,Kenneth Walker,2026-05-29,KCC
/nfl/rankings/dynasty-superflex.php,dynasty-op,dsf,Ladd McConkey,26122,WR,LAC,46.0,10.64,35,88,,ladd-mcconkey.php,,,96.9,,,,,,7.0,Ladd McConkey,2026-05-29,LAC
/nfl/rankings/dynasty-superflex.php,dynasty-op,dsf,Rashee Rice,23113,WR,KC,48.27,15.89,25,85,,rashee-rice.php,,,97.8,,,,,,5.0,Rashee Rice,2026-05-29,KCC
/nfl/rankings/dynasty-superflex.php,dynasty-op,dsf,Breece Hall,22982,RB,NYJ,48.5,10.66,29,74,,breece-hall.php,,,97.5,,,,,,13.0,Breece Hall,2026-05-29,NYJ
/nfl/rankings/dynasty-superflex.php,dynasty-op,dsf,A.J. Brown,18218,WR,PHI,48.73,10.01,33,75,,aj-brown.php,,,98.8,,,,,,10.0,AJ Brown,2026-05-29,PHI
/nfl/rankings/dynasty-superflex.php,dynasty-op,dsf,Jordyn Tyson,26035,WR,NO,50.04,11.5,30,87,,jordyn-tyson.php,,,88.9,,,,,2.0,8.0,Jordyn Tyson,2026-05-29,NOS
/nfl/rankings/dynasty-superflex.php,dynasty-op,dsf,DeVonta Smith,19222,WR,PHI,50.19,7.21,36,63,,devonta-smith.php,,,97.6,,,,,,10.0,DeVonta Smith,2026-05-29,PHI
/nfl/rankings/dynasty-superflex.php,dynasty-op,dsf,Colston Loveland,26006,TE,CHI,50.62,9.81,23,61,,colston-loveland.php,,,98.6,,,,,,10.0,Colston Loveland,2026-05-29,CHI
/nfl/rankings/dynasty-superflex.php,dynasty-op,dsf,Luther Burden III,27016,WR,CHI,50.85,9.76,40,79,,luther-burden-iii.php,,,94.4,,,,,,10.0,Luther Burden,2026-05-29,CHI
/nfl/rankings/dynasty-superflex.php,dynasty-op,dsf,Makai Lemon,25420,WR,PHI,52.69,8.69,36,70,,makai-lemon.php,,,88.7,,,,,,10.0,Makai Lemon,2026-05-29,PHI
/nfl/rankings/dynasty-superflex.php,dynasty-op,dsf,Tee Higgins,19211,WR,CIN,52.85,6.93,39,68,,tee-higgins.php,,,97.4,,,,,-3.0,6.0,Tee Higgins,2026-05-29,CIN
/nfl/rankings/dynasty-superflex.php,dynasty-op,dsf,Baker Mayfield,17237,QB,TB,53.23,17.67,25,82,,baker-mayfield.php,,,64.9,,,,,,10.0,Baker Mayfield,2026-05-29,TBB
/nfl/rankings/dynasty-superflex.php,dynasty-op,dsf,Fernando Mendoza,28013,QB,LV,53.27,16.39,24,89,,fernando-mendoza.php,,,42.9,,,,,,13.0,Fernando Mendoza,2026-05-29,LVR
/nfl/rankings/dynasty-superflex.php,dynasty-op,dsf,Chase Brown,25324,RB,CIN,55.0,7.91,39,72,,chase-brown.php,,,98.3,,,,,,6.0,Chase Brown,2026-05-29,CIN
/nfl/rankings/dynasty-superflex.php,dynasty-op,dsf,Rome Odunze,25411,WR,CHI,55.04,11.02,45,84,,rome-odunze.php,,,94.1,,,,,,10.0,Rome Odunze,2026-05-29,CHI
/nfl/rankings/dynasty-superflex.php,dynasty-op,dsf,Zay Flowers,22916,WR,BAL,56.69,12.26,33,88,,zay-flowers.php,,,97.1,,,,,,13.0,Zay Flowers,2026-05-29,BAL
/nfl/rankings/dynasty-superflex.php,dynasty-op,dsf,Tyler Warren,26434,TE,IND,58.31,4.53,46,67,,tyler-warren.php,,,98.3,,,,,,13.0,Tyler Warren,2026-05-29,IND
/nfl/rankings/dynasty-superflex.php,dynasty-op,dsf,C.J. Stroud,23071,QB,HOU,60.65,19.89,25,97,,cj-stroud.php,,,48.1,,,,,,8.0,CJ Stroud,2026-05-29,HOU
/nfl/rankings/dynasty-superflex.php,dynasty-op,dsf,Jared Goff,15501,QB,DET,61.85,13.49,39,86,,jared-goff.php,,,77.0,,,,,,6.0,Jared Goff,2026-05-29,DET
/nfl/rankings/dynasty-superflex.php,dynasty-op,dsf,TreVeyon Henderson,23065,RB,NE,62.15,11.79,43,85,,treveyon-henderson.php,,,95.0,,,,,,11.0,TreVeyon Henderson,2026-05-29,NEP
/nfl/rankings/dynasty-superflex.php,dynasty-op,dsf,Jaylen Waddle,19790,WR,DEN,62.38,11.06,46,87,,jaylen-waddle.php,,,96.1,,,,,,10.0,Jaylen Waddle,2026-05-29,DEN
/nfl/rankings/dynasty-superflex.php,dynasty-op,dsf,Christian McCaffrey,16393,RB,SF,62.81,9.35,39,78,,christian-mccaffrey.php,,,99.3,,,,,,8.0,Christian McCaffrey,2026-05-29,SFO
/nfl/rankings/dynasty-superflex.php,dynasty-op,dsf,Marvin Harrison Jr.,23064,WR,ARI,63.31,12.56,40,83,,marvin-harrison-jr.php,,,92.3,,,,,,14.0,Marvin Harrison,2026-05-29,ARI
/nfl/rankings/dynasty-superflex.php,dynasty-op,dsf,Cam Ward,24755,QB,TEN,63.88,13.49,33,89,,cam-ward.php,,,43.7,,,,,,9.0,Cam Ward,2026-05-29,TEN
/nfl/rankings/dynasty-superflex.php,dynasty-op,dsf,Saquon Barkley,17240,RB,PHI,64.62,10.04,35,78,,saquon-barkley.php,,,99.2,,,,,,10.0,Saquon Barkley,2026-05-29,PHI
/nfl/rankings/dynasty-superflex.php,dynasty-op,dsf,Tucker Kraft,25298,TE,GB,64.96,6.17,53,82,,tucker-kraft.php,,,92.7,,,,,,11.0,Tucker Kraft,2026-05-29,GBP
/nfl/rankings/dynasty-superflex.php,dynasty-op,dsf,Harold Fannin Jr.,27050,TE,CLE,65.38,7.14,43,86,,harold-fannin-jr.php,,,95.1,,,,,,11.0,Harold Fannin,2026-05-29,CLE
/nfl/rankings/dynasty-superflex.php,dynasty-op,dsf,Jameson Williams,23677,WR,DET,66.35,8.88,47,81,,jameson-williams.php,,,95.5,,,,,,6.0,Jameson Williams,2026-05-29,DET
/nfl/rankings/dynasty-superflex.php,dynasty-op,dsf,Brian Thomas Jr.,23000,WR,JAC,67.04,11.81,49,87,,brian-thomas-jr.php,,,91.4,,,,,,7.0,Brian Thomas,2026-05-29,JAC
/nfl/rankings/dynasty-superflex.php,dynasty-op,dsf,Quinshon Judkins,25391,RB,CLE,70.38,15.43,37,102,,quinshon-judkins.php,,,95.0,,,,,,11.0,Quinshon Judkins,2026-05-29,CLE
/nfl/rankings/dynasty-superflex.php,dynasty-op,dsf,Sam LaPorta,22978,TE,DET,71.5,5.64,55,83,,sam-laporta.php,,,95.1,,,,,,6.0,Sam LaPorta,2026-05-29,DET
/nfl/rankings/dynasty-superflex.php,dynasty-op,dsf,Bucky Irving,25981,RB,TB,72.38,10.45,49,100,,bucky-irving.php,,,96.6,,,,,,10.0,Bucky Irving,2026-05-29,TBB
/nfl/rankings/dynasty-superflex.php,dynasty-op,dsf,Tyler Shough,23096,QB,NO,72.54,16.13,50,116,,tyler-shough.php,,,68.9,,,,,,8.0,Tyler Shough,2026-05-29,NOS
/nfl/rankings/dynasty-superflex.php,dynasty-op,dsf,Travis Etienne Jr.,19231,RB,NO,73.85,5.61,63,89,,travis-etienne.php,,,97.1,,,,,,8.0,Travis Etienne,2026-05-29,NOS
/nfl/rankings/dynasty-superflex.php,dynasty-op,dsf,Kyler Murray,18600,QB,MIN,74.96,15.34,50,103,,kyler-murray.php,,,80.1,,,,,,6.0,Kyler Murray,2026-05-29,MIN
/nfl/rankings/dynasty-superflex.php,dynasty-op,dsf,Kyren Williams,23059,RB,LAR,76.77,11.78,50,99,,kyren-williams.php,,,97.8,,,,,,11.0,Kyren Williams,2026-05-29,LAR
/nfl/rankings/dynasty-superflex.php,dynasty-op,dsf,Kyle Pitts Sr.,20164,TE,ATL,76.92,9.46,65,103,,kyle-pitts.php,,,95.9,,,,,,11.0,Kyle Pitts,2026-05-29,ATL
/nfl/rankings/dynasty-superflex.php,dynasty-op,dsf,KC Concepcion,27331,WR,CLE,79.19,18.14,55,134,,kevin-concepcion.php,,,70.8,,,,,,11.0,KC Concepcion,2026-05-29,CLE
/nfl/rankings/dynasty-superflex.php,dynasty-op,dsf,Javonte Williams,22739,RB,DAL,79.31,13.35,54,101,,javonte-williams.php,,,97.1,,,,,,14.0,Javonte Williams,2026-05-29,DAL
/nfl/rankings/dynasty-superflex.php,dynasty-op,dsf,Sam Darnold,17236,QB,SEA,80.04,15.49,36,106,,sam-darnold.php,,,52.3,,,,,,11.0,Sam Darnold,2026-05-29,SEA
/nfl/rankings/dynasty-superflex.php,dynasty-op,dsf,Cam Skattebo,27166,RB,NYG,82.19,10.8,66,101,,cam-skattebo.php,,,96.9,,,,,,8.0,Cam Skattebo,2026-05-29,NYG
/nfl/rankings/dynasty-superflex.php,dynasty-op,dsf,Josh Jacobs,18269,RB,GB,83.15,14.11,63,115,,josh-jacobs.php,,,98.5,,,,,,11.0,Josh Jacobs,2026-05-29,GBP
/nfl/rankings/dynasty-superflex.php,dynasty-op,dsf,Jadarian Price,27329,RB,SEA,83.27,10.57,62,101,,jadarian-price.php,,,89.6,,,,,,11.0,Jadarian Price,2026-05-29,SEA
/nfl/rankings/dynasty-superflex.php,dynasty-op,dsf,Malik Willis,23499,QB,MIA,83.35,19.21,38,118,,malik-willis.php,,,59.4,,,,,,6.0,Malik Willis,2026-05-29,MIA
/nfl/rankings/dynasty-superflex.php,dynasty-op,dsf,Kenyon Sadiq,26055,TE,NYJ,86.04,11.24,73,122,,kenyon-sadiq.php,,,75.0,,,,,,13.0,Kenyon Sadiq,2026-05-29,NYJ
/nfl/rankings/dynasty-superflex.php,dynasty-op,dsf,Alec Pierce,23791,WR,IND,86.42,16.54,62,129,,alec-pierce.php,,,91.1,,,,,,13.0,Alec Pierce,2026-05-29,IND
/nfl/rankings/dynasty-superflex.php,dynasty-op,dsf,Jordan Addison,23107,WR,MIN,87.62,9.24,69,101,,jordan-addison.php,,,88.1,,,,,,6.0,Jordan Addison,2026-05-29,MIN
/nfl/rankings/dynasty-superflex.php,dynasty-op,dsf,Christian Watson,23886,WR,GB,89.04,14.6,60,111,,christian-watson.php,,,92.0,,,,,,11.0,Christian Watson,2026-05-29,GBP
/nfl/rankings/dynasty-superflex.php,dynasty-op,dsf,DJ Moore,17265,WR,BUF,91.23,9.41,77,110,,dj-moore-wr.php,,,94.6,,,,,,7.0,DJ Moore,2026-05-29,BUF
/nfl/rankings/dynasty-superflex.php,dynasty-op,dsf,Daniel Jones,18232,QB,IND,92.92,13.42,61,122,,daniel-jones.php,,,52.6,,,,,,13.0,Daniel Jones,2026-05-29,IND
/nfl/rankings/dynasty-superflex.php,dynasty-op,dsf,Bryce Young,22900,QB,CAR,93.96,17.12,56,134,,bryce-young.php,,,41.3,,,,,,5.0,Bryce Young,2026-05-29,CAR
/nfl/rankings/dynasty-superflex.php,dynasty-op,dsf,Terry McLaurin,18466,WR,WAS,94.04,11.1,76,121,,terry-mclaurin.php,,,95.3,,,,,,7.0,Terry McLaurin,2026-05-29,WAS
/nfl/rankings/dynasty-superflex.php,dynasty-op,dsf,DK Metcalf,18219,WR,PIT,94.35,8.49,74,111,,dk-metcalf.php,,,93.6,,,,,,9.0,DK Metcalf,2026-05-29,PIT
/nfl/rankings/dynasty-superflex.php,dynasty-op,dsf,Derrick Henry,15514,RB,BAL,95.46,11.36,70,113,,derrick-henry.php,,,98.4,,,,,,13.0,Derrick Henry,2026-05-29,BAL
/nfl/rankings/dynasty-superflex.php,dynasty-op,dsf,Eli Stowers,23144,TE,PHI,98.46,16.99,68,133,,eli-stowers.php,,,30.8,,,,,,10.0,Eli Stowers,2026-05-29,PHI
/nfl/rankings/dynasty-superflex.php,dynasty-op,dsf,Omar Cooper Jr.,28127,WR,NYJ,99.62,23.12,65,175,,omar-cooper-jr.php,,,53.2,,,,,,13.0,Omar Cooper,2026-05-29,NYJ
/nfl/rankings/dynasty-superflex.php,dynasty-op,dsf,Michael Wilson,25333,WR,ARI,100.92,12.6,73,129,,michael-wilson.php,,,90.7,,,,,,14.0,Michael Wilson,2026-05-29,ARI
/nfl/rankings/dynasty-superflex.php,dynasty-op,dsf,Bhayshul Tuten,27297,RB,JAC,100.96,11.83,75,122,,bhayshul-tuten.php,,,92.2,,,,,,7.0,Bhayshul Tuten,2026-05-29,JAC
/nfl/rankings/dynasty-superflex.php,dynasty-op,dsf,Ricky Pearsall,26214,WR,SF,101.81,10.78,82,123,,ricky-pearsall.php,,,88.3,,,,,,8.0,Ricky Pearsall,2026-05-29,SFO
/nfl/rankings/dynasty-superflex.php,dynasty-op,dsf,Ty Simpson,25368,QB,LAR,104.46,16.39,84,145,,ty-simpson.php,,,20.6,,,,,,11.0,Ty Simpson,2026-05-29,LAR
/nfl/rankings/dynasty-superflex.php,dynasty-op,dsf,Oronde Gadsden II,25997,TE,LAC,104.69,26.63,79,164,,oronde-gadsden-ii.php,,,68.7,,,,,,7.0,Oronde Gadsden,2026-05-29,LAC
/nfl/rankings/dynasty-superflex.php,dynasty-op,dsf,Matthew Stafford,9451,QB,LAR,96.12,11.19,71,124,,matthew-stafford.php,,,92.7,,,,,,11.0,Matthew Stafford,2026-05-29,LAR
/nfl/rankings/dynasty-superflex.php,dynasty-op,dsf,Xavier Worthy,23019,WR,KC,107.58,16.28,81,149,,xavier-worthy.php,,,82.3,,,,,,5.0,Xavier Worthy,2026-05-29,KCC
/nfl/rankings/dynasty-superflex.php,dynasty-op,dsf,D'Andre Swift,19210,RB,CHI,108.04,8.72,92,129,,dandre-swift.php,,,94.0,,,,,,10.0,DAndre Swift,2026-05-29,CHI
/nfl/rankings/dynasty-superflex.php,dynasty-op,dsf,Courtland Sutton,17253,WR,DEN,109.81,11.7,84,141,,courtland-sutton.php,,,92.8,,,,,,10.0,Courtland Sutton,2026-05-29,DEN
/nfl/rankings/dynasty-superflex.php,dynasty-op,dsf,Denzel Boston,27339,WR,CLE,110.23,22.0,58,159,,denzel-boston.php,,,45.7,,,,,,11.0,Denzel Boston,2026-05-29,CLE
/nfl/rankings/dynasty-superflex.php,dynasty-op,dsf,Davante Adams,12123,WR,LAR,110.31,16.27,81,152,,davante-adams.php,,,97.3,,,,,,11.0,Davante Adams,2026-05-29,LAR
/nfl/rankings/dynasty-superflex.php,dynasty-op,dsf,Jake Ferguson,22718,TE,DAL,110.69,18.08,80,155,,jake-ferguson.php,,,90.9,,,,,,14.0,Jake Ferguson,2026-05-29,DAL
/nfl/rankings/dynasty-superflex.php,dynasty-op,dsf,Wan'Dale Robinson,22985,WR,TEN,110.85,12.22,80,133,,wandale-robinson.php,,,86.0,,,,,,9.0,WanDale Robinson,2026-05-29,TEN
/nfl/rankings/dynasty-superflex.php,dynasty-op,dsf,Jayden Higgins,27077,WR,HOU,111.04,10.1,87,128,,jayden-higgins.php,,,55.1,,,,,,8.0,Jayden Higgins,2026-05-29,HOU
/nfl/rankings/dynasty-superflex.php,dynasty-op,dsf,RJ Harvey,27142,RB,DEN,111.81,11.68,92,135,,rj-harvey.php,,,91.5,,,,,,10.0,RJ Harvey,2026-05-29,DEN
/nfl/rankings/dynasty-superflex.php,dynasty-op,dsf,Dalton Kincaid,25247,TE,BUF,112.88,18.26,83,155,,dalton-kincaid.php,,,73.0,,,,,,7.0,Dalton Kincaid,2026-05-29,BUF
/nfl/rankings/dynasty-superflex.php,dynasty-op,dsf,Isaiah Likely,23781,TE,NYG,113.23,20.5,82,159,,isaiah-likely.php,,,86.1,,,,,,8.0,Isaiah Likely,2026-05-29,NYG
/nfl/rankings/dynasty-superflex.php,dynasty-op,dsf,Mike Evans,12119,WR,SF,114.15,16.03,85,172,,mike-evans.php,,,93.7,,,,,,8.0,Mike Evans,2026-05-29,SFO
/nfl/rankings/dynasty-superflex.php,dynasty-op,dsf,Jakobi Meyers,18598,WR,JAC,114.58,16.79,80,137,,jakobi-meyers.php,,,89.4,,,,,-6.0,7.0,Jakobi Meyers,2026-05-29,JAC
/nfl/rankings/dynasty-superflex.php,dynasty-op,dsf,Michael Pittman Jr.,19278,WR,PIT,114.92,9.7,96,142,,michael-pittman.php,,,90.5,,,,,,9.0,Michael Pittman,2026-05-29,PIT
/nfl/rankings/dynasty-superflex.php,dynasty-op,dsf,Parker Washington,23106,WR,JAC,116.31,13.8,85,142,,parker-washington.php,,,89.8,,,,,,7.0,Parker Washington,2026-05-29,JAC
/nfl/rankings/dynasty-superflex.php,dynasty-op,dsf,George Kittle,16499,TE,SF,116.73,17.49,80,146,,george-kittle.php,,,92.3,,,,,,8.0,George Kittle,2026-05-29,SFO
/nfl/rankings/dynasty-superflex.php,dynasty-op,dsf,Josh Downs,24706,WR,IND,117.27,15.22,96,150,,josh-downs.php,,,81.7,,,,,,13.0,Josh Downs,2026-05-29,IND
/nfl/rankings/dynasty-superflex.php,dynasty-op,dsf,David Montgomery,18239,RB,HOU,119.88,18.52,87,166,,david-montgomery.php,,,93.8,,,,,,8.0,David Montgomery,2026-05-29,HOU
/nfl/rankings/dynasty-superflex.php,dynasty-op,dsf,Matthew Golden,26024,WR,GB,122.04,9.25,99,142,,matthew-golden.php,,,74.4,,,,,,11.0,Matthew Golden,2026-05-29,GBP
/nfl/rankings/dynasty-superflex.php,dynasty-op,dsf,Jayden Reed,23020,WR,GB,122.77,11.12,97,156,,jayden-reed.php,,,81.8,,,,,,11.0,Jayden Reed,2026-05-29,GBP
/nfl/rankings/dynasty-superflex.php,dynasty-op,dsf,Kyle Monangai,27131,RB,CHI,127.12,15.87,102,169,,kyle-monangai.php,,,89.5,,,,,,10.0,Kyle Monangai,2026-05-29,CHI
/nfl/rankings/dynasty-superflex.php,dynasty-op,dsf,Chris Godwin Jr.,16406,WR,TB,128.23,10.67,107,151,,chris-godwin.php,,,89.7,,,,,,10.0,Chris Godwin,2026-05-29,TBB
/nfl/rankings/dynasty-superflex.php,dynasty-op,dsf,Quentin Johnston,23123,WR,LAC,128.73,15.62,104,169,,quentin-johnston.php,,,81.0,,,,,,7.0,Quentin Johnston,2026-05-29,LAC
/nfl/rankings/dynasty-superflex.php,dynasty-op,dsf,Zach Charbonnet,23152,RB,SEA,129.27,15.16,104,156,,zach-charbonnet.php,,,74.7,,,,,,11.0,Zach Charbonnet,2026-05-29,SEA
/nfl/rankings/dynasty-superflex.php,dynasty-op,dsf,Jaylen Warren,24209,RB,PIT,129.46,14.2,104,158,,jaylen-warren.php,,,91.2,,,,,,9.0,Jaylen Warren,2026-05-29,PIT
/nfl/rankings/dynasty-superflex.php,dynasty-op,dsf,Brenton Strange,25345,TE,JAC,130.62,16.38,88,169,,brenton-strange.php,,,59.6,,,,,,7.0,Brenton Strange,2026-05-29,JAC
/nfl/rankings/dynasty-superflex.php,dynasty-op,dsf,Travis Hunter,26034,WR,JAC,132.19,27.84,83,196,,travis-hunter.php,,,67.6,,,,,,7.0,Travis Hunter,2026-05-29,JAC
/nfl/rankings/dynasty-superflex.php,dynasty-op,dsf,Khalil Shakir,23748,WR,BUF,133.04,11.41,110,170,,khalil-shakir.php,,,75.5,,,,,,7.0,Khalil Shakir,2026-05-29,BUF
/nfl/rankings/dynasty-superflex.php,dynasty-op,dsf,Michael Penix Jr.,22973,QB,ATL,125.92,18.65,94,168,,michael-penix-jr.php,,,23.5,,,,,,11.0,Michael Penix,2026-05-29,ATL
/nfl/rankings/dynasty-superflex.php,dynasty-op,dsf,Romeo Doubs,23794,WR,NE,137.12,16.01,114,175,,romeo-doubs.php,,,78.1,,,,,,11.0,Romeo Doubs,2026-05-29,NEP
/nfl/rankings/dynasty-superflex.php,dynasty-op,dsf,Chuba Hubbard,19792,RB,CAR,138.42,18.67,98,167,,chuba-hubbard.php,,,92.7,,,,,,5.0,Chuba Hubbard,2026-05-29,CAR
/nfl/rankings/dynasty-superflex.php,dynasty-op,dsf,Blake Corum,23013,RB,LAR,139.23,20.49,110,190,,blake-corum.php,,,86.9,,,,,,11.0,Blake Corum,2026-05-29,LAR
/nfl/rankings/dynasty-superflex.php,dynasty-op,dsf,Rhamondre Stevenson,22726,RB,NE,141.27,11.87,109,161,,rhamondre-stevenson.php,,,90.5,,,,,,11.0,Rhamondre Stevenson,2026-05-29,NEP
/nfl/rankings/dynasty-superflex.php,dynasty-op,dsf,Rico Dowdle,19647,RB,PIT,141.65,12.11,114,167,,rico-dowdle.php,,,91.1,,,,,,9.0,Rico Dowdle,2026-05-29,PIT
/nfl/rankings/dynasty-superflex.php,dynasty-op,dsf,Antonio Williams,25418,WR,WAS,141.69,21.98,93,188,,antonio-williams-wr.php,,,29.2,,,,,,7.0,Antonio Williams,2026-05-29,WAS
/nfl/rankings/dynasty-superflex.php,dynasty-op,dsf,Jonah Coleman,27320,RB,DEN,141.73,23.68,104,183,,jonah-coleman.php,,,43.4,,,,,,10.0,Jonah Coleman,2026-05-29,DEN
/nfl/rankings/dynasty-superflex.php,dynasty-op,dsf,Chris Bell,26038,WR,MIA,144.88,26.98,109,220,,chris-bell.php,,,26.9,,,,,,6.0,Chris Bell,2026-05-29,MIA
/nfl/rankings/dynasty-superflex.php,dynasty-op,dsf,Brandon Aiyuk,19252,WR,SF,145.04,22.79,107,193,,brandon-aiyuk.php,,,41.7,,,,,,8.0,Brandon Aiyuk,2026-05-29,SFO
/nfl/rankings/dynasty-superflex.php,dynasty-op,dsf,Germie Bernard,26039,WR,PIT,149.58,20.63,111,199,,germie-bernard.php,,,22.4,,,,,,9.0,Germie Bernard,2026-05-29,PIT
/nfl/rankings/dynasty-superflex.php,dynasty-op,dsf,Jalen Coker,26403,WR,CAR,149.85,16.16,128,186,,jalen-coker.php,,,57.9,,,,,,5.0,Jalen Coker,2026-05-29,CAR
/nfl/rankings/dynasty-superflex.php,dynasty-op,dsf,J.J. McCarthy,23018,QB,MIN,131.0,20.85,95,188,,jj-mccarthy.php,,,20.0,,,,,,6.0,JJ McCarthy,2026-05-29,MIN
/nfl/rankings/dynasty-superflex.php,dynasty-op,dsf,Tony Pollard,18705,RB,TEN,152.15,12.79,123,172,,tony-pollard.php,,,90.6,,,,,,9.0,Tony Pollard,2026-05-29,TEN
/nfl/rankings/dynasty-superflex.php,dynasty-op,dsf,Jauan Jennings,19590,WR,MIN,152.85,24.34,119,212,,jauan-jennings.php,,,46.4,,,,,,6.0,Jauan Jennings,2026-05-29,MIN
/nfl/rankings/dynasty-superflex.php,dynasty-op,dsf,Dallas Goedert,17270,TE,PHI,153.77,27.34,124,225,,dallas-goedert.php,,,91.0,,,,,,10.0,Dallas Goedert,2026-05-29,PHI
/nfl/rankings/dynasty-superflex.php,dynasty-op,dsf,Mark Andrews,17269,TE,BAL,155.54,23.0,121,203,,mark-andrews.php,,,87.0,,,,,,13.0,Mark Andrews,2026-05-29,BAL
/nfl/rankings/dynasty-superflex.php,dynasty-op,dsf,Chig Okonkwo,23982,TE,WAS,155.96,19.46,125,200,,chigoziem-okonkwo.php,,,42.8,,,,,,7.0,Chigoziem Okonkwo,2026-05-29,WAS
/nfl/rankings/dynasty-superflex.php,dynasty-op,dsf,Rashid Shaheed,24687,WR,SEA,158.65,19.04,132,197,,rashid-shaheed.php,,,52.2,,,,,,11.0,Rashid Shaheed,2026-05-29,SEA
/nfl/rankings/dynasty-superflex.php,dynasty-op,dsf,Kenneth Gainwell,23310,RB,TB,160.08,14.85,127,190,,kenneth-gainwell.php,,,86.7,,,,,,10.0,Kenneth Gainwell,2026-05-29,TBB
/nfl/rankings/dynasty-superflex.php,dynasty-op,dsf,Terrance Ferguson,23091,TE,LAR,162.73,22.43,124,205,,terrance-ferguson.php,,,26.9,,,,,,11.0,Terrance Ferguson,2026-05-29,LAR
/nfl/rankings/dynasty-superflex.php,dynasty-op,dsf,AJ Barner,26335,TE,SEA,163.35,26.62,125,210,,aj-barner.php,,,41.6,,,,,,11.0,AJ Barner,2026-05-29,SEA
/nfl/rankings/dynasty-superflex.php,dynasty-op,dsf,Tre' Harris,26215,WR,LAC,164.62,33.26,126,260,,tre-harris.php,,,23.8,,,,,,7.0,Tre Harris,2026-05-29,LAC
/nfl/rankings/dynasty-superflex.php,dynasty-op,dsf,Jalen McMillan,23179,WR,TB,164.65,25.08,112,247,,jalen-mcmillan.php,,,42.2,,,,,,10.0,Jalen McMillan,2026-05-29,TBB
/nfl/rankings/dynasty-superflex.php,dynasty-op,dsf,Woody Marks,27520,RB,HOU,165.96,24.8,102,216,,woody-marks.php,,,67.6,,,,,,8.0,Woody Marks,2026-05-29,HOU
/nfl/rankings/dynasty-superflex.php,dynasty-op,dsf,Jacory Croskey-Merritt,27316,RB,WAS,167.31,13.85,141,195,,jacory-croskeymerritt.php,,,79.6,,,,,,7.0,Jacory Croskey-Merritt,2026-05-29,WAS
/nfl/rankings/dynasty-superflex.php,dynasty-op,dsf,Tyler Allgeier,24172,RB,ARI,168.15,15.64,142,198,,tyler-allgeier.php,,,61.7,,,,,,14.0,Tyler Allgeier,2026-05-29,ARI
/nfl/rankings/dynasty-superflex.php,dynasty-op,dsf,J.K. Dobbins,19245,RB,DEN,168.65,15.61,139,222,,jk-dobbins.php,,,89.5,,,,,,10.0,JK Dobbins,2026-05-29,DEN
/nfl/rankings/dynasty-superflex.php,dynasty-op,dsf,De'Zhaun Stribling,28138,WR,SF,169.08,28.47,122,237,,dezhaun-stribling.php,,,16.1,,,,,,8.0,DeZhaun Stribling,2026-05-29,SFO
/nfl/rankings/dynasty-superflex.php,dynasty-op,dsf,Tyrone Tracy Jr.,22980,RB,NYG,169.15,17.03,130,201,,tyrone-tracy-jr.php,,,49.8,,,,,,8.0,Tyrone Tracy,2026-05-29,NYG
/nfl/rankings/dynasty-superflex.php,dynasty-op,dsf,Ted Hurst III,28130,WR,TB,170.57,30.83,112,247,,ted-hurst.php,,,16.2,,,,,,10.0,Ted Hurst,2026-05-29,TBB
/nfl/rankings/dynasty-superflex.php,dynasty-op,dsf,Jonathon Brooks,26148,RB,CAR,171.35,41.33,114,273,,jonathon-brooks.php,,,61.4,,,,,,5.0,Jonathon Brooks,2026-05-29,CAR
/nfl/rankings/dynasty-superflex.php,dynasty-op,dsf,Jaylin Noel,27122,WR,HOU,172.15,28.75,132,245,,jaylin-noel.php,,,18.2,,,,,,8.0,Jaylin Noel,2026-05-29,HOU
/nfl/rankings/dynasty-superflex.php,dynasty-op,dsf,Elijah Sarratt,27463,WR,BAL,174.7,20.61,134,215,,elijah-sarratt.php,,,19.4,,,,,,13.0,Elijah Sarratt,2026-05-29,BAL
/nfl/rankings/dynasty-superflex.php,dynasty-op,dsf,T.J. Hockenson,18290,TE,MIN,178.15,21.05,132,231,,tj-hockenson.php,,,67.4,,,,,,6.0,TJ Hockenson,2026-05-29,MIN
/nfl/rankings/dynasty-superflex.php,dynasty-op,dsf,Chris Brazzell II,28047,WR,CAR,178.22,27.45,120,238,,chris-brazzell-ii.php,,,17.6,,,,,,5.0,Chris Brazzell,2026-05-29,CAR
/nfl/rankings/dynasty-superflex.php,dynasty-op,dsf,Juwan Johnson,19562,TE,NO,178.27,23.52,131,225,,juwan-johnson.php,,,59.8,,,,,,8.0,Juwan Johnson,2026-05-29,NOS
/nfl/rankings/dynasty-superflex.php,dynasty-op,dsf,Travis Kelce,11594,TE,KC,178.42,15.78,157,209,,travis-kelce.php,,,91.9,,,,,,5.0,Travis Kelce,2026-05-29,KCC
/nfl/rankings/dynasty-superflex.php,dynasty-op,dsf,Nicholas Singleton,24343,RB,TEN,180.85,23.58,147,230,,nick-singleton.php,,,30.7,,,,,,9.0,Nicholas Singleton,2026-05-29,TEN
/nfl/rankings/dynasty-superflex.php,dynasty-op,dsf,Jordan Mason,22969,RB,MIN,181.08,16.22,151,212,,jordan-mason.php,,,65.2,,,,,,6.0,Jordan Mason,2026-05-29,MIN
/nfl/rankings/dynasty-superflex.php,dynasty-op,dsf,Rachaad White,23891,RB,WAS,181.46,26.3,128,243,,rachaad-white.php,,,78.6,,,,,,7.0,Rachaad White,2026-05-29,WAS
/nfl/rankings/dynasty-superflex.php,dynasty-op,dsf,Malachi Fields,27994,WR,NYG,181.78,33.95,102,255,,malachi-fields.php,,,18.3,,,,,,8.0,Malachi Fields,2026-05-29,NYG
/nfl/rankings/dynasty-superflex.php,dynasty-op,dsf,Jerry Jeudy,19201,WR,CLE,174.76,26.39,131,243,,jerry-jeudy.php,,,45.9,,,,,,11.0,Jerry Jeudy,2026-05-29,CLE
/nfl/rankings/dynasty-superflex.php,dynasty-op,dsf,Emmett Johnson,28107,RB,KC,183.54,28.85,136,263,,emmett-johnson.php,,,31.8,,,,,,5.0,Emmett Johnson,2026-05-29,KCC
/nfl/rankings/dynasty-superflex.php,dynasty-op,dsf,Max Klare,27993,TE,LAR,184.17,28.09,133,257,,max-klare.php,,,16.8,,,,,3.0,11.0,Max Klare,2026-05-29,LAR
/nfl/rankings/dynasty-superflex.php,dynasty-op,dsf,Oscar Delp,25430,TE,NO,189.0,30.88,132,260,,oscar-delp.php,,,6.9,,,,,,8.0,Oscar Delp,2026-05-29,NOS
/nfl/rankings/dynasty-superflex.php,dynasty-op,dsf,Zachariah Branch,25419,WR,ATL,190.54,31.12,118,268,,zachariah-branch.php,,,23.1,,,,,,11.0,Zachariah Branch,2026-05-29,ATL
/nfl/rankings/dynasty-superflex.php,dynasty-op,dsf,Chris Rodriguez Jr.,22986,RB,JAC,190.88,16.75,154,230,,chris-rodriguez-jr.php,,,53.9,,,,,,7.0,Chris Rodriguez,2026-05-29,JAC
/nfl/rankings/dynasty-superflex.php,dynasty-op,dsf,Skyler Bell,28126,WR,BUF,190.96,27.85,128,240,,skyler-bell.php,,,15.8,,,,,,7.0,Skyler Bell,2026-05-29,BUF
/nfl/rankings/dynasty-superflex.php,dynasty-op,dsf,Hunter Henry,15561,TE,NE,191.0,23.64,154,251,,hunter-henry.php,,,68.4,,,,,,11.0,Hunter Henry,2026-05-29,NEP
/nfl/rankings/dynasty-superflex.php,dynasty-op,dsf,Tyjae Spears,25323,RB,TEN,192.46,19.59,150,238,,tyjae-spears.php,,,61.1,,,,,,9.0,Tyjae Spears,2026-05-29,TEN
/nfl/rankings/dynasty-superflex.php,dynasty-op,dsf,Dylan Sampson,27102,RB,CLE,193.31,19.31,165,231,,dylan-sampson.php,,,37.5,,,,,,11.0,Dylan Sampson,2026-05-29,CLE
/nfl/rankings/dynasty-superflex.php,dynasty-op,dsf,Pat Bryant,27211,WR,DEN,185.88,28.26,140,267,,pat-bryant.php,,,20.9,,,,,,10.0,Pat Bryant,2026-05-29,DEN
/nfl/rankings/dynasty-superflex.php,dynasty-op,dsf,Stefon Diggs,13981,WR,FA,177.79,29.27,136,222,,stefon-diggs.php,,,56.1,,,,,,,Stefon Diggs,2026-05-29,FA
/nfl/rankings/dynasty-superflex.php,dynasty-op,dsf,Mike Washington Jr.,28108,RB,LV,195.33,18.71,152,235,,mike-washington-jr.php,,,30.9,,,,,,13.0,Mike Washington,2026-05-29,LVR
/nfl/rankings/dynasty-superflex.php,dynasty-op,dsf,Mason Taylor,26005,TE,NYJ,195.69,34.2,154,266,,mason-taylor.php,,,22.6,,,,,,13.0,Mason Taylor,2026-05-29,NYJ
/nfl/rankings/dynasty-superflex.php,dynasty-op,dsf,Tua Tagovailoa,19198,QB,ATL,150.62,16.2,136,199,,tua-tagovailoa.php,,,25.2,,,,,,11.0,Tua Tagovailoa,2026-05-29,ATL
/nfl/rankings/dynasty-superflex.php,dynasty-op,dsf,Ja'Kobi Lane,27337,WR,BAL,197.0,28.69,144,249,,jakobi-lane.php,,,20.2,,,,,,13.0,JaKobi Lane,2026-05-29,BAL
/nfl/rankings/dynasty-superflex.php,dynasty-op,dsf,Troy Franklin,23092,WR,DEN,189.76,22.99,144,230,,troy-franklin.php,,,22.6,,,,,,10.0,Troy Franklin,2026-05-29,DEN
/nfl/rankings/dynasty-superflex.php,dynasty-op,dsf,Deebo Samuel Sr.,18244,WR,FA,183.17,26.49,140,256,,deebo-samuel.php,,,42.1,,,,,,,Deebo Samuel,2026-05-29,FA
/nfl/rankings/dynasty-superflex.php,dynasty-op,dsf,Gunnar Helm,27109,TE,TEN,191.64,21.71,139,227,,gunnar-helm.php,,,26.0,,,,,,9.0,Gunnar Helm,2026-05-29,TEN
/nfl/rankings/dynasty-superflex.php,dynasty-op,dsf,Kaytron Allen,24362,RB,WAS,199.12,28.06,152,264,,kaytron-allen.php,,,24.8,,,,,,7.0,Kaytron Allen,2026-05-29,WAS
/nfl/rankings/dynasty-superflex.php,dynasty-op,dsf,Dalton Schultz,17349,TE,HOU,199.19,31.12,148,266,,dalton-schultz.php,,,38.1,,,,,-3.0,8.0,Dalton Schultz,2026-05-29,HOU
/nfl/rankings/dynasty-superflex.php,dynasty-op,dsf,Adonai Mitchell,24357,WR,NYJ,192.96,26.44,167,294,,adonai-mitchell.php,,,23.1,,,,,,13.0,Adonai Mitchell,2026-05-29,NYJ
/nfl/rankings/dynasty-superflex.php,dynasty-op,dsf,Kayshon Boutte,22989,WR,NE,193.32,27.21,160,267,,kayshon-boutte.php,,,30.8,,,,,,11.0,Kayshon Boutte,2026-05-29,NEP
/nfl/rankings/dynasty-superflex.php,dynasty-op,dsf,Aaron Jones Sr.,16673,RB,MIN,201.27,15.63,170,234,,aaron-jones.php,,,88.3,,,,,,6.0,Aaron Jones,2026-05-29,MIN
/nfl/rankings/dynasty-superflex.php,dynasty-op,dsf,Isaac TeSlaa,27446,WR,DET,194.71,23.81,163,246,,isaac-teslaa.php,,,26.5,,,,,,6.0,Isaac TeSlaa,2026-05-29,DET
/nfl/rankings/dynasty-superflex.php,dynasty-op,dsf,Tank Dell,25361,WR,HOU,204.4,28.11,163,305,,nathaniel-dell.php,,,30.0,,,,,,8.0,Tank Dell,2026-05-29,HOU
/nfl/rankings/dynasty-superflex.php,dynasty-op,dsf,Isiah Pacheco,24333,RB,DET,211.88,25.3,167,279,,isiah-pacheco.php,,,59.5,,,,,,6.0,Isiah Pacheco,2026-05-29,DET
/nfl/rankings/dynasty-superflex.php,dynasty-op,dsf,David Njoku,16399,TE,LAC,213.12,32.59,133,288,,david-njoku.php,,,34.0,,,,,,7.0,David Njoku,2026-05-29,LAC
/nfl/rankings/dynasty-superflex.php,dynasty-op,dsf,Elic Ayomanor,27059,WR,TEN,199.25,28.75,156,265,,elic-ayomanor.php,,,18.4,,,,,,9.0,Elic Ayomanor,2026-05-29,TEN
/nfl/rankings/dynasty-superflex.php,dynasty-op,dsf,Shedeur Sanders,25968,QB,CLE,151.79,24.87,132,234,,shedeur-sanders.php,,,23.8,,,,,,11.0,Shedeur Sanders,2026-05-29,CLE
/nfl/rankings/dynasty-superflex.php,dynasty-op,dsf,Brian Robinson Jr.,20094,RB,ATL,215.27,21.98,167,265,,brian-robinson-jr.php,,,40.0,,,,,,11.0,Brian Robinson,2026-05-29,ATL
/nfl/rankings/dynasty-superflex.php,dynasty-op,dsf,Alvin Kamara,16421,RB,NO,215.77,32.17,164,291,,alvin-kamara.php,,,58.1,,,,,,8.0,Alvin Kamara,2026-05-29,NOS
/nfl/rankings/dynasty-superflex.php,dynasty-op,dsf,Chimere Dike,27315,WR,TEN,209.44,24.28,160,268,,chimere-dike.php,,,22.0,,,,,,9.0,Chimere Dike,2026-05-29,TEN
/nfl/rankings/dynasty-superflex.php,dynasty-op,dsf,Kyle Williams,27487,WR,NE,210.12,29.24,151,295,,kyle-williams-wr-2025.php,,,14.6,,,,,,11.0,Kyle Williams,2026-05-29,NEP
/nfl/rankings/dynasty-superflex.php,dynasty-op,dsf,Cade Otton,23181,TE,TB,210.56,24.36,160,255,,cade-otton.php,,,26.8,,,,,,10.0,Cade Otton,2026-05-29,TBB
/nfl/rankings/dynasty-superflex.php,dynasty-op,dsf,Tank Bigsby,22908,RB,PHI,218.42,27.25,177,295,,tank-bigsby.php,,,28.1,,,,,,10.0,Tank Bigsby,2026-05-29,PHI
/nfl/rankings/dynasty-superflex.php,dynasty-op,dsf,Braelon Allen,24346,RB,NYJ,211.96,31.02,169,299,,braelon-allen.php,,,34.6,,,,,,13.0,Braelon Allen,2026-05-29,NYJ
/nfl/rankings/dynasty-superflex.php,dynasty-op,dsf,Kaleb Johnson,27165,RB,PIT,218.69,23.37,170,270,,kaleb-johnson-rb.php,,,17.6,,,,,,9.0,Kaleb Johnson,2026-05-29,PIT
/nfl/rankings/dynasty-superflex.php,dynasty-op,dsf,Theo Johnson,23104,TE,NYG,214.72,28.32,161,271,,theo-johnson.php,,,22.0,,,,,,8.0,Theo Johnson,2026-05-29,NYG
/nfl/rankings/dynasty-superflex.php,dynasty-op,dsf,Tyreek Hill,15802,WR,FA,200.0,31.38,121,252,,tyreek-hill.php,,,49.0,,,,,,,Tyreek Hill,2026-05-29,FA
/nfl/rankings/dynasty-superflex.php,dynasty-op,dsf,Demond Claiborne,28084,RB,MIN,221.59,31.02,167,293,,demond-claiborne.php,,,18.0,,,,,,6.0,Demond Claiborne,2026-05-29,MIN
/nfl/rankings/dynasty-superflex.php,dynasty-op,dsf,Pat Freiermuth,20163,TE,PIT,211.21,22.58,167,252,,pat-freiermuth.php,,,25.0,,,,,,9.0,Pat Freiermuth,2026-05-29,PIT
/nfl/rankings/dynasty-superflex.php,dynasty-op,dsf,Elijah Arroyo,23004,TE,SEA,213.33,21.84,164,254,,elijah-arroyo.php,,,12.7,,,,,,11.0,Elijah Arroyo,2026-05-29,SEA
/nfl/rankings/dynasty-superflex.php,dynasty-op,dsf,Calvin Ridley,17258,WR,TEN,212.74,36.51,128,303,,calvin-ridley.php,,,37.7,,,,,,9.0,Calvin Ridley,2026-05-29,TEN
/nfl/rankings/dynasty-superflex.php,dynasty-op,dsf,Keon Coleman,26019,WR,BUF,215.87,24.41,152,252,,keon-coleman.php,,,16.3,,,,,,7.0,Keon Coleman,2026-05-29,BUF
/nfl/rankings/dynasty-superflex.php,dynasty-op,dsf,Garrett Nussmeier,22998,QB,KC,235.75,46.0,167,296,,garrett-nussmeier.php,,,10.9,,,,,,5.0,Garrett Nussmeier,2026-05-29,KCC
/nfl/rankings/dynasty-superflex.php,dynasty-op,dsf,Tory Horton,26022,WR,SEA,216.48,36.03,178,347,,tory-horton.php,,,20.3,,,,,,11.0,Tory Horton,2026-05-29,SEA
/nfl/rankings/dynasty-superflex.php,dynasty-op,dsf,Adam Randall,24367,RB,BAL,238.36,29.07,184,298,,adam-randall.php,,,8.1,,,,,,13.0,Adam Randall,2026-05-29,BAL
/nfl/rankings/dynasty-superflex.php,dynasty-op,dsf,Anthony Richardson Sr.,24347,QB,IND,160.24,24.39,130,229,,anthony-richardson.php,,,16.2,,,,,,13.0,Anthony Richardson,2026-05-29,IND
/nfl/rankings/dynasty-superflex.php,dynasty-op,dsf,Keaton Mitchell,25360,RB,LAC,227.42,36.9,150,309,,keaton-mitchell.php,,,39.7,,,,,,7.0,Keaton Mitchell,2026-05-29,LAC
/nfl/rankings/dynasty-superflex.php,dynasty-op,dsf,Eli Raridon,28154,TE,NE,196.25,44.19,128,288,,eli-raridon.php,,,4.5,,,,,,11.0,Eli Raridon,2026-05-29,NEP
/nfl/rankings/dynasty-superflex.php,dynasty-op,dsf,Trey Benson,25388,RB,ARI,221.57,38.72,158,297,,trey-benson.php,,,23.1,,,,,,14.0,Trey Benson,2026-05-29,ARI
/nfl/rankings/dynasty-superflex.php,dynasty-op,dsf,Kimani Vidal,26355,RB,LAC,229.17,26.31,185,303,,kimani-vidal.php,,,25.1,,,,,,7.0,Kimani Vidal,2026-05-29,LAC
/nfl/rankings/dynasty-superflex.php,dynasty-op,dsf,Ray Davis,26191,RB,BUF,236.32,24.04,190,282,,ray-davis.php,,,20.9,,,,,,7.0,Ray Davis,2026-05-29,BUF
/nfl/rankings/dynasty-superflex.php,dynasty-op,dsf,Jack Bech,27224,WR,LV,210.57,27.61,148,264,,jack-bech.php,,,16.6,,,,,,13.0,Jack Bech,2026-05-29,LVR
/nfl/rankings/dynasty-superflex.php,dynasty-op,dsf,Darnell Mooney,19810,WR,NYG,218.86,22.49,187,276,,darnell-mooney.php,,,21.7,,,,,,8.0,Darnell Mooney,2026-05-29,NYG
/nfl/rankings/dynasty-superflex.php,dynasty-op,dsf,Malik Washington,26314,WR,MIA,229.04,23.42,176,269,,malik-washington.php,,,20.5,,,,,,6.0,Malik Washington,2026-05-29,MIA
/nfl/rankings/dynasty-superflex.php,dynasty-op,dsf,James Conner,16447,RB,ARI,242.04,32.81,189,321,,james-conner.php,,,41.1,,,,,,14.0,James Conner,2026-05-29,ARI
/nfl/rankings/dynasty-superflex.php,dynasty-op,dsf,Emanuel Wilson,25885,RB,SEA,237.0,29.92,178,308,,emanuel-wilson.php,,,30.0,,,,,,11.0,Emanuel Wilson,2026-05-29,SEA
/nfl/rankings/dynasty-superflex.php,dynasty-op,dsf,Geno Smith,11687,QB,NYJ,162.56,27.16,143,232,,geno-smith.php,,,25.3,,,,,,13.0,Geno Smith,2026-05-29,NYJ
/nfl/rankings/dynasty-superflex.php,dynasty-op,dsf,Sean Tucker,23679,RB,TB,245.04,21.51,208,282,,sean-tucker.php,,,22.5,,,,,,10.0,Sean Tucker,2026-05-29,TBB
/nfl/rankings/dynasty-superflex.php,dynasty-op,dsf,Dontayvion Wicks,24354,WR,PHI,222.81,22.16,185,297,,dontayvion-wicks.php,,,15.0,,,,,,10.0,Dontayvion Wicks,2026-05-29,PHI
/nfl/rankings/dynasty-superflex.php,dynasty-op,dsf,Justin Joly,28079,TE,DEN,219.0,40.35,142,290,,justin-joly.php,,,9.8,,,,,,10.0,Justin Joly,2026-05-29,DEN
/nfl/rankings/dynasty-superflex.php,dynasty-op,dsf,Ollie Gordon II,25984,RB,MIA,247.33,22.95,218,314,,ollie-gordon.php,,,9.9,,,,,,6.0,Ollie Gordon,2026-05-29,MIA
/nfl/rankings/dynasty-superflex.php,dynasty-op,dsf,Aaron Rodgers,9001,QB,PIT,165.33,24.88,147,237,,aaron-rodgers.php,,,27.3,,,,,,9.0,Aaron Rodgers,2026-05-29,PIT
/nfl/rankings/dynasty-superflex.php,dynasty-op,dsf,Jaylen Wright,25987,RB,MIA,242.87,24.88,197,311,,jaylen-wright.php,,,18.1,,,,,,6.0,Jaylen Wright,2026-05-29,MIA
/nfl/rankings/dynasty-superflex.php,dynasty-op,dsf,Seth McGowan,23079,RB,IND,259.81,29.03,201,336,,seth-mcgowan.php,,,3.1,,,,,,13.0,Seth McGowan,2026-05-29,IND
/nfl/rankings/dynasty-superflex.php,dynasty-op,dsf,Tre Tucker,25337,WR,LV,231.43,28.01,158,280,,tre-tucker.php,,,28.8,,,,,,13.0,Tre Tucker,2026-05-29,LVR
/nfl/rankings/dynasty-superflex.php,dynasty-op,dsf,Rashod Bateman,19794,WR,BAL,228.55,23.81,175,282,,rashod-bateman.php,,,13.0,,,,,,13.0,Rashod Bateman,2026-05-29,BAL
/nfl/rankings/dynasty-superflex.php,dynasty-op,dsf,Devin Neal,23682,RB,NO,243.32,24.73,190,282,,devin-neal.php,,,15.1,,,,,,8.0,Devin Neal,2026-05-29,NOS
/nfl/rankings/dynasty-superflex.php,dynasty-op,dsf,Michael Mayer,23056,TE,LV,238.52,25.28,193,286,,michael-mayer.php,,,16.2,,,,,,13.0,Michael Mayer,2026-05-29,LVR
/nfl/rankings/dynasty-superflex.php,dynasty-op,dsf,Marvin Mims Jr.,23080,WR,DEN,238.9,37.41,194,363,,marvin-mims.php,,,14.8,,,,,,10.0,Marvin Mims,2026-05-29,DEN
/nfl/rankings/dynasty-superflex.php,dynasty-op,dsf,Jaydon Blue,24344,RB,DAL,257.58,21.33,221,308,,jaydon-blue.php,,,15.6,,,,,,14.0,Jaydon Blue,2026-05-29,DAL
/nfl/rankings/dynasty-superflex.php,dynasty-op,dsf,Najee Harris,19302,RB,LAC,263.6,27.29,209,318,,najee-harris-rb.php,,,16.2,,,,,,7.0,Najee Harris,2026-05-29,LAC
/nfl/rankings/dynasty-superflex.php,dynasty-op,dsf,Christian Kirk,17268,WR,SF,241.9,26.21,198,310,,christian-kirk.php,,,18.5,,,,,,8.0,Christian Kirk,2026-05-29,SFO
/nfl/rankings/dynasty-superflex.php,dynasty-op,dsf,Jacoby Brissett,15642,QB,ARI,163.15,39.36,129,248,,jacoby-brissett.php,,,30.8,,,,,,14.0,Jacoby Brissett,2026-05-29,ARI
/nfl/rankings/dynasty-superflex.php,dynasty-op,dsf,Michael Trigg,23167,TE,DAL,275.0,29.46,239,323,,michael-trigg.php,,,14.1,,,,,,14.0,Michael Trigg,2026-05-29,DAL
/nfl/rankings/dynasty-superflex.php,dynasty-op,dsf,DJ Giddens,27097,RB,IND,262.57,20.66,208,299,,dj-giddens.php,,,6.9,,,,,,13.0,DJ Giddens,2026-05-29,IND
/nfl/rankings/dynasty-superflex.php,dynasty-op,dsf,Xavier Legette,26136,WR,CAR,239.79,20.44,190,279,,xavier-legette.php,,,6.6,,,,,,5.0,Xavier Legette,2026-05-29,CAR
/nfl/rankings/dynasty-superflex.php,dynasty-op,dsf,Cedric Tillman,25287,WR,CLE,253.9,36.02,183,335,,cedric-tillman.php,,,3.4,,,,,,11.0,Cedric Tillman,2026-05-29,CLE
/nfl/rankings/dynasty-superflex.php,dynasty-op,dsf,Jalen Nailor,24177,WR,LV,233.78,39.14,172,319,,jalen-nailor.php,,,32.0,,,,,,13.0,Jalen Nailor,2026-05-29,LVR
/nfl/rankings/dynasty-superflex.php,dynasty-op,dsf,Kaelon Black,28401,RB,SF,234.5,37.86,166,292,,kaelon-black.php,,,10.4,,,,,,8.0,Kaelon Black,2026-05-29,SFO
/nfl/rankings/dynasty-superflex.php,dynasty-op,dsf,Hollywood Brown,18226,WR,PHI,249.85,36.39,181,329,,marquise-brown.php,,,10.2,,,,,,10.0,Marquise Brown,2026-05-29,PHI
/nfl/rankings/dynasty-superflex.php,dynasty-op,dsf,J'Mari Taylor,28109,RB,JAC,283.36,25.59,259,342,,jmari-taylor.php,,,5.2,,,,,,7.0,JMari Taylor,2026-05-29,JAC
/nfl/rankings/dynasty-superflex.php,dynasty-op,dsf,Cooper Kupp,16433,WR,SEA,252.6,24.27,226,309,,cooper-kupp.php,,,20.7,,,,,,11.0,Cooper Kupp,2026-05-29,SEA
/nfl/rankings/dynasty-superflex.php,dynasty-op,dsf,Roman Hemby,25387,RB,LV,283.9,20.88,262,331,,roman-hemby.php,,,0.0,,,,,,13.0,Roman Hemby,2026-05-29,LVR
/nfl/rankings/dynasty-superflex.php,dynasty-op,dsf,Tez Johnson,27147,WR,TB,253.85,21.92,226,313,,tez-johnson.php,,,6.8,,,,,,10.0,Tez Johnson,2026-05-29,TBB
/nfl/rankings/dynasty-superflex.php,dynasty-op,dsf,Jarquez Hunter,24335,RB,LAR,267.0,26.78,218,317,,jarquez-hunter.php,,,5.6,,,,,,11.0,Jarquez Hunter,2026-05-29,LAR
/nfl/rankings/dynasty-superflex.php,dynasty-op,dsf,Bryce Lance,28129,WR,NO,213.2,34.02,140,261,,bryce-lance.php,,,4.3,,,,,,8.0,Bryce Lance,2026-05-29,NOS
/nfl/rankings/dynasty-superflex.php,dynasty-op,dsf,MarShawn Lloyd,23118,RB,GB,266.1,24.52,222,350,,marshawn-lloyd.php,,,10.2,,,,,,11.0,MarShawn Lloyd,2026-05-29,GBP
/nfl/rankings/dynasty-superflex.php,dynasty-op,dsf,Brashard Smith,27259,RB,KC,272.45,25.29,223,322,,brashard-smith.php,,,11.5,,,,,,5.0,Brashard Smith,2026-05-29,KCC
/nfl/rankings/dynasty-superflex.php,dynasty-op,dsf,DeMario Douglas,25304,WR,NE,258.89,26.1,217,332,,demario-douglas.php,,,10.0,,,,,,11.0,Demario Douglas,2026-05-29,NEP
/nfl/rankings/dynasty-superflex.php,dynasty-op,dsf,Mac Jones,20156,QB,SF,166.82,36.44,135,246,,mac-jones.php,,,17.3,,,,,,8.0,Mac Jones,2026-05-29,SFO
/nfl/rankings/dynasty-superflex.php,dynasty-op,dsf,Devaughn Vele,26409,WR,NO,266.9,29.94,237,336,,devaughn-vele.php,,,15.1,,,,,,8.0,Devaughn Vele,2026-05-29,NOS
/nfl/rankings/dynasty-superflex.php,dynasty-op,dsf,Keenan Allen,11616,WR,LAC,254.33,30.77,221,310,,keenan-allen.php,,,14.0,,,,,,7.0,Keenan Allen,2026-05-29,LAC
/nfl/rankings/dynasty-superflex.php,dynasty-op,dsf,Ryan Flournoy,26398,WR,DAL,248.65,27.98,198,318,,ryan-flournoy.php,,,20.4,,,,,,14.0,Ryan Flournoy,2026-05-29,DAL
/nfl/rankings/dynasty-superflex.php,dynasty-op,dsf,Kendre Miller,24360,RB,NO,275.48,29.61,225,335,,kendre-miller.php,,,8.7,,,,,,8.0,Kendre Miller,2026-05-29,NOS
/nfl/rankings/dynasty-superflex.php,dynasty-op,dsf,Evan Engram,16411,TE,DEN,261.83,27.91,212,327,,evan-engram.php,,,18.9,,,,,,10.0,Evan Engram,2026-05-29,DEN
/nfl/rankings/dynasty-superflex.php,dynasty-op,dsf,Greg Dulcich,23153,TE,MIA,241.8,36.82,165,305,,greg-dulcich.php,,,15.6,,,,,,6.0,Greg Dulcich,2026-05-29,MIA
/nfl/rankings/dynasty-superflex.php,dynasty-op,dsf,Isaiah Bond,24371,WR,CLE,274.68,32.35,239,339,,isaiah-bond.php,,,6.0,,,,,,11.0,Isaiah Bond,2026-05-29,CLE
/nfl/rankings/dynasty-superflex.php,dynasty-op,dsf,Isaiah Davis,25977,RB,NYJ,275.05,19.07,253,318,,isaiah-davis.php,,,5.8,,,,,,13.0,Isaiah Davis,2026-05-29,NYJ
/nfl/rankings/dynasty-superflex.php,dynasty-op,dsf,Carson Beck,22953,QB,ARI,155.89,40.03,125,267,,carson-beck.php,,,13.7,,,,,,14.0,Carson Beck,2026-05-29,ARI
/nfl/rankings/dynasty-superflex.php,dynasty-op,dsf,Jalen Royals,27076,WR,KC,264.41,25.6,238,317,,jalen-royals.php,,,3.0,,,,,,5.0,Jalen Royals,2026-05-29,KCC
/nfl/rankings/dynasty-superflex.php,dynasty-op,dsf,Jordan James,27310,RB,SF,265.53,20.05,228,303,,jordan-james.php,,,16.4,,,,,,8.0,Jordan James,2026-05-29,SFO
/nfl/rankings/dynasty-superflex.php,dynasty-op,dsf,Brenen Thompson,28133,WR,LAC,232.62,28.67,183,298,,brenen-thompson.php,,,6.5,,,,,,7.0,Brenen Thompson,2026-05-29,LAC
/nfl/rankings/dynasty-superflex.php,dynasty-op,dsf,Eli Heidenreich,28297,RB,PIT,261.2,31.77,202,331,,eli-heidenreich.php,,,3.0,,,,,,9.0,Eli Heidenreich,2026-05-29,PIT
/nfl/rankings/dynasty-superflex.php,dynasty-op,dsf,Will Shipley,22930,RB,PHI,282.39,19.47,261,342,,will-shipley.php,,,3.2,,,,,,10.0,Will Shipley,2026-05-29,PHI
/nfl/rankings/dynasty-superflex.php,dynasty-op,dsf,Ben Sinnott,26310,TE,WAS,263.8,39.47,211,368,,ben-sinnott.php,,,4.7,,,,,,7.0,Ben Sinnott,2026-05-29,WAS
/nfl/rankings/dynasty-superflex.php,dynasty-op,dsf,Isaac Guerendo,26392,RB,SF,285.33,30.09,243,349,,isaac-guerendo.php,,,3.4,,,,,,8.0,Isaac Guerendo,2026-05-29,SFO
/nfl/rankings/dynasty-superflex.php,dynasty-op,dsf,Sam Roush,28161,TE,CHI,265.73,27.61,220,314,,sam-roush.php,,,1.4,,,,,,10.0,Sam Roush,2026-05-29,CHI
/nfl/rankings/dynasty-superflex.php,dynasty-op,dsf,Tahj Brooks,26212,RB,CIN,279.94,10.32,265,306,,tahj-brooks.php,,,2.6,,,,,,6.0,Tahj Brooks,2026-05-29,CIN
/nfl/rankings/dynasty-superflex.php,dynasty-op,dsf,Colby Parkinson,19372,TE,LAR,259.14,33.0,191,332,,colby-parkinson.php,,,24.5,,,,,,11.0,Colby Parkinson,2026-05-29,LAR
/nfl/rankings/dynasty-superflex.php,dynasty-op,dsf,Ja'Tavion Sanders,24334,TE,CAR,269.53,23.46,238,329,,jatavion-sanders.php,,,7.8,,,,,,5.0,JaTavion Sanders,2026-05-29,CAR
/nfl/rankings/dynasty-superflex.php,dynasty-op,dsf,Mike Gesicki,17272,TE,CIN,269.73,26.73,222,327,,mike-gesicki.php,,,18.5,,,,,,6.0,Mike Gesicki,2026-05-29,CIN
/nfl/rankings/dynasty-superflex.php,dynasty-op,dsf,Jerome Ford,22921,RB,WAS,285.0,24.28,257,341,,jerome-ford.php,,,5.4,,,,,,7.0,Jerome Ford,2026-05-29,WAS
/nfl/rankings/dynasty-superflex.php,dynasty-op,dsf,Kevin Coleman Jr.,28067,WR,MIA,244.17,28.35,206,314,,kevin-coleman-jr.php,,,2.5,,,,,,6.0,Kevin Coleman,2026-05-29,MIA
/nfl/rankings/dynasty-superflex.php,dynasty-op,dsf,Trevor Etienne,25393,RB,CAR,281.94,25.21,249,354,,trevor-etienne.php,,,3.8,,,,,,5.0,Trevor Etienne,2026-05-29,CAR
/nfl/rankings/dynasty-superflex.php,dynasty-op,dsf,Darnell Washington,22967,TE,PIT,259.31,37.17,203,318,,darnell-washington.php,,,14.8,,,,,,9.0,Darnell Washington,2026-05-29,PIT
/nfl/rankings/dynasty-superflex.php,dynasty-op,dsf,Caleb Douglas,28135,WR,MIA,251.92,24.45,208,291,,caleb-douglas.php,,,5.2,,,,,,6.0,Caleb Douglas,2026-05-29,MIA
/nfl/rankings/dynasty-superflex.php,dynasty-op,dsf,Jake Tonges,24778,TE,SF,252.75,33.04,207,304,,jake-tonges.php,,,26.3,,,,,,8.0,Jake Tonges,2026-05-29,SFO
/nfl/rankings/dynasty-superflex.php,dynasty-op,dsf,Darius Slayton,18706,WR,NYG,272.29,31.97,233,338,,darius-slayton.php,,,9.3,,,,,,8.0,Darius Slayton,2026-05-29,NYG
/nfl/rankings/dynasty-superflex.php,dynasty-op,dsf,Tanner Koziol,27499,TE,JAC,273.79,39.49,203,371,,tanner-koziol.php,,,1.1,,,,,,7.0,Tanner Koziol,2026-05-29,JAC
/nfl/rankings/dynasty-superflex.php,dynasty-op,dsf,LeQuint Allen Jr.,27285,RB,JAC,290.75,19.6,265,325,,lequint-allen-jr.php,,,10.9,,,,,,7.0,LeQuint Allen,2026-05-29,JAC
/nfl/rankings/dynasty-superflex.php,dynasty-op,dsf,Devin Singletary,18280,RB,NYG,285.33,18.41,267,338,,devin-singletary.php,,,3.4,,,,,,8.0,Devin Singletary,2026-05-29,NYG
/nfl/rankings/dynasty-superflex.php,dynasty-op,dsf,Justin Fields,19781,QB,KC,185.86,42.35,143,274,,justin-fields.php,,,17.6,,,,,,5.0,Justin Fields,2026-05-29,KCC
/nfl/rankings/dynasty-superflex.php,dynasty-op,dsf,Chris Brooks,25823,RB,GB,280.38,34.7,229,368,,christopher-brooks.php,,,7.2,,,,,,11.0,Chris Brooks,2026-05-29,GBP
/nfl/rankings/dynasty-superflex.php,dynasty-op,dsf,Cole Kmet,19229,TE,CHI,262.45,29.52,204,317,,cole-kmet.php,,,12.3,,,,,,10.0,Cole Kmet,2026-05-29,CHI
/nfl/rankings/dynasty-superflex.php,dynasty-op,dsf,Joshua Palmer,22845,WR,BUF,284.46,38.18,210,354,,josh-palmer.php,,,1.9,,,,,,7.0,Josh Palmer,2026-05-29,BUF
/nfl/rankings/dynasty-superflex.php,dynasty-op,dsf,Andrei Iosivas,25335,WR,CIN,276.33,25.91,237,329,,andrei-iosivas.php,,,8.2,,,,,,6.0,Andrei Iosivas,2026-05-29,CIN
/nfl/rankings/dynasty-superflex.php,dynasty-op,dsf,Luke McCaffrey,26328,WR,WAS,289.0,34.84,240,330,,luke-mccaffrey.php,,,3.1,,,,,,7.0,Luke McCaffrey,2026-05-29,WAS
/nfl/rankings/dynasty-superflex.php,dynasty-op,dsf,Dont'e Thornton Jr.,27288,WR,LV,289.08,33.02,240,362,,donte-thornton-jr.php,,,4.3,,,,,,13.0,Donte Thornton,2026-05-29,LVR
/nfl/rankings/dynasty-superflex.php,dynasty-op,dsf,Justice Hill,18256,RB,BAL,298.31,21.3,272,347,,justice-hill.php,,,10.7,,,,,,13.0,Justice Hill,2026-05-29,BAL
/nfl/rankings/dynasty-superflex.php,dynasty-op,dsf,Savion Williams,27144,WR,GB,285.18,25.81,246,324,,savion-williams.php,,,2.0,,,,,,11.0,Savion Williams,2026-05-29,GBP
/nfl/rankings/dynasty-superflex.php,dynasty-op,dsf,Deion Burks,27093,WR,IND,276.1,24.42,237,312,,deion-burks.php,,,0.7,,,,,,13.0,Deion Burks,2026-05-29,IND
/nfl/rankings/dynasty-superflex.php,dynasty-op,dsf,Tyquan Thornton,22913,WR,KC,276.4,37.41,227,337,,tyquan-thornton.php,,,6.8,,,,,,5.0,Tyquan Thornton,2026-05-29,KCC
/nfl/rankings/dynasty-superflex.php,dynasty-op,dsf,Marlin Klein,28157,TE,HOU,279.9,18.9,237,307,,marlin-klein.php,,,2.6,,,,,,8.0,Marlin Klein,2026-05-29,HOU
/nfl/rankings/dynasty-superflex.php,dynasty-op,dsf,Jalen Tolbert,23770,WR,MIA,282.7,24.41,244,323,,jalen-tolbert.php,,,8.0,,,,,,6.0,Jalen Tolbert,2026-05-29,MIA
/nfl/rankings/dynasty-superflex.php,dynasty-op,dsf,Jalen Milroe,22884,QB,SEA,218.0,57.81,166,308,,jalen-milroe.php,,,7.9,,,,,,11.0,Jalen Milroe,2026-05-29,SEA
/nfl/rankings/dynasty-superflex.php,dynasty-op,dsf,Joe Mixon,16420,RB,FA,286.0,26.7,229,328,,joe-mixon.php,,,15.9,,,,,,,Joe Mixon,2026-05-29,FA
/nfl/rankings/dynasty-superflex.php,dynasty-op,dsf,Calvin Austin III,23739,WR,NYG,279.33,33.65,241,334,,calvin-austin.php,,,5.0,,,,,,8.0,Calvin Austin,2026-05-29,NYG
/nfl/rankings/dynasty-superflex.php,dynasty-op,dsf,Jack Endries,27501,TE,CIN,290.4,34.24,250,374,,jack-endries.php,,,4.4,,,,,,6.0,Jack Endries,2026-05-29,CIN
/nfl/rankings/dynasty-superflex.php,dynasty-op,dsf,John Metchie III,22895,WR,CAR,293.2,26.52,257,346,,john-metchie.php,,,2.5,,,,,,5.0,John Metchie,2026-05-29,CAR
/nfl/rankings/dynasty-superflex.php,dynasty-op,dsf,Deshaun Watson,16398,QB,CLE,234.67,60.4,179,323,,deshaun-watson.php,,,18.7,,,,,,11.0,Deshaun Watson,2026-05-29,CLE
/nfl/rankings/dynasty-superflex.php,dynasty-op,dsf,Jaylin Lane,27454,WR,WAS,291.33,21.19,253,315,,jaylin-lane.php,,,3.7,,,,,,7.0,Jaylin Lane,2026-05-29,WAS
/nfl/rankings/dynasty-superflex.php,dynasty-op,dsf,Jordan Whittington,23135,WR,LAR,309.27,29.88,256,351,,jordan-whittington.php,,,1.1,,,,,,11.0,Jordan Whittington,2026-05-29,LAR
/nfl/rankings/dynasty-superflex.php,dynasty-op,dsf,Quinn Ewers,23680,QB,MIA,222.4,66.47,146,317,,quinn-ewers.php,,,7.2,,,,,,6.0,Quinn Ewers,2026-05-29,MIA
/nfl/rankings/dynasty-superflex.php,dynasty-op,dsf,Tyler Higbee,15623,TE,LAR,304.5,28.35,269,363,,tyler-higbee.php,,,6.1,,,,,,11.0,Tyler Higbee,2026-05-29,LAR
/nfl/rankings/dynasty-superflex.php,dynasty-op,dsf,Jahan Dotson,23101,WR,ATL,290.5,22.19,250,319,,jahan-dotson.php,,,5.8,,,,,,11.0,Jahan Dotson,2026-05-29,ATL
/nfl/rankings/dynasty-superflex.php,dynasty-op,dsf,Zavion Thomas,28132,WR,CHI,278.57,31.15,230,323,,zavion-thomas.php,,,3.3,,,,,,10.0,Zavion Thomas,2026-05-29,CHI
/nfl/rankings/dynasty-superflex.php,dynasty-op,dsf,Taylen Green,28094,QB,CLE,236.8,50.13,177,326,,taylen-green.php,,,8.0,,,,,,11.0,Taylen Green,2026-05-29,CLE
/nfl/rankings/dynasty-superflex.php,dynasty-op,dsf,Marcus Mariota,13890,QB,WAS,240.8,67.3,173,324,,marcus-mariota.php,,,9.8,,,,,,7.0,Marcus Mariota,2026-05-29,WAS
/nfl/rankings/dynasty-superflex.php,dynasty-op,dsf,Cole Payton,28302,QB,PHI,241.0,48.37,187,327,,cole-payton.php,,,0.7,,,,,,10.0,Cole Payton,2026-05-29,PHI
/nfl/rankings/dynasty-superflex.php,dynasty-op,dsf,Kareem Hunt,16425,RB,FA,307.78,24.6,265,345,,kareem-hunt.php,,,3.1,,,,,,,Kareem Hunt,2026-05-29,FA
/nfl/rankings/dynasty-superflex.php,dynasty-op,dsf,Tyson Bagent,25321,QB,CHI,212.5,66.92,144,322,,tyson-bagent.php,,,5.5,,,,,,10.0,Tyson Bagent,2026-05-29,CHI
/nfl/rankings/dynasty-superflex.php,dynasty-op,dsf,Kirk Cousins,11177,QB,LV,247.8,58.48,167,320,,kirk-cousins.php,,,19.6,,,,,,13.0,Kirk Cousins,2026-05-29,LVR
/nfl/rankings/dynasty-superflex.php,dynasty-op,dsf,Drew Allar,24345,QB,PIT,221.75,69.92,157,325,,drew-allar.php,,,3.7,,,,,,9.0,Drew Allar,2026-05-29,PIT
/nfl/rankings/dynasty-superflex.php,dynasty-op,dsf,Joe Milton III,25967,QB,DAL,224.75,64.97,176,336,,joe-milton.php,,,5.4,,,,,,14.0,Joe Milton,2026-05-29,DAL
/nfl/rankings/dynasty-superflex.php,dynasty-op,dsf,Audric Estime,23054,RB,NO,305.88,29.31,270,352,,audric-estime.php,,,6.3,,,,,,8.0,Audric Estime,2026-05-29,NOS
/nfl/rankings/dynasty-superflex.php,dynasty-op,dsf,Noah Fant,17527,TE,NO,295.57,32.64,269,360,,noah-fant.php,,,4.2,,,,,,8.0,Noah Fant,2026-05-29,NOS
/nfl/rankings/dynasty-superflex.php,dynasty-op,dsf,Jam Miller,27326,RB,NE,280.67,32.25,253,351,,jam-miller.php,,,2.2,,,,,,11.0,Jam Miller,2026-05-29,NEP
/nfl/rankings/dynasty-superflex.php,dynasty-op,dsf,Jaleel McLaughlin,25876,RB,DEN,309.63,33.64,270,353,,jaleel-mclaughlin.php,,,1.4,,,,,,10.0,Jaleel McLaughlin,2026-05-29,DEN
/nfl/rankings/dynasty-superflex.php,dynasty-op,dsf,Matt Hibner,28168,TE,BAL,286.67,30.8,248,335,,matthew-hibner.php,,,1.9,,,,,,13.0,Matt Hibner,2026-05-29,BAL
/nfl/rankings/dynasty-superflex.php,dynasty-op,dsf,Noah Gray,19539,TE,KC,311.5,32.26,271,366,,noah-gray.php,,,7.5,,,,,,5.0,Noah Gray,2026-05-29,KCC
/nfl/rankings/dynasty-superflex.php,dynasty-op,dsf,Jonnu Smith,16460,TE,FA,287.0,34.55,247,332,,jonnu-smith.php,,,6.3,,,,,,,Jonnu Smith,2026-05-29,FA
/nfl/rankings/dynasty-superflex.php,dynasty-op,dsf,CJ Daniels,28125,WR,LAR,303.29,33.17,253,356,,cj-daniels.php,,,2.7,,,,,,11.0,CJ Daniels,2026-05-29,LAR
/nfl/rankings/dynasty-superflex.php,dynasty-op,dsf,Konata Mumpfield,27449,WR,LAR,291.0,48.81,233,365,,konata-mumpfield.php,,,2.4,,,,,,11.0,Konata Mumpfield,2026-05-29,LAR
/nfl/rankings/dynasty-superflex.php,dynasty-op,dsf,Dawson Knox,18631,TE,BUF,304.57,36.15,243,361,,dawson-knox.php,,,11.6,,,,,,7.0,Dawson Knox,2026-05-29,BUF
/nfl/rankings/dynasty-superflex.php,dynasty-op,dsf,Cade Klubnik,24361,QB,NYJ,245.5,65.76,158,343,,cade-klubnik.php,,,8.8,,,,,,13.0,Cade Klubnik,2026-05-29,NYJ
/nfl/rankings/dynasty-superflex.php,dynasty-op,dsf,Joe Royer,27312,TE,CLE,316.13,32.29,278,372,,joe-royer.php,,,0.9,,,,,,11.0,Joe Royer,2026-05-29,CLE
/nfl/rankings/dynasty-superflex.php,dynasty-op,dsf,Cyrus Allen,28424,WR,KC,296.0,43.55,242,361,,cyrus-allen.php,,,1.9,,,,,,5.0,Cyrus Allen,2026-05-29,KCC
/nfl/rankings/dynasty-superflex.php,dynasty-op,dsf,Luke Musgrave,25282,TE,GB,319.0,14.87,294,340,,luke-musgrave.php,,,7.0,,,,,,11.0,Luke Musgrave,2026-05-29,GBP
/nfl/rankings/dynasty-superflex.php,dynasty-op,dsf,Malik Davis,24205,RB,DAL,297.17,28.63,262,344,,malik-davis.php,,,4.0,,,,,,14.0,Malik Davis,2026-05-29,DAL
/nfl/rankings/dynasty-superflex.php,dynasty-op,dsf,Jameis Winston,13891,QB,NYG,254.75,71.82,183,331,,jameis-winston.php,,,9.2,,,,,,8.0,Jameis Winston,2026-05-29,NYG
/nfl/rankings/dynasty-superflex.php,dynasty-op,dsf,Will Howard,25972,QB,PIT,257.25,51.93,207,344,,will-howard.php,,,9.0,,,,,,9.0,Will Howard,2026-05-29,PIT
/nfl/rankings/dynasty-superflex.php,dynasty-op,dsf,Erick All Jr.,23837,TE,CIN,316.14,27.87,291,370,,erick-all.php,,,1.6,,,,,,6.0,Erick All,2026-05-29,CIN
/nfl/rankings/dynasty-superflex.php,dynasty-op,dsf,Josh Cameron,28137,WR,JAC,291.4,40.03,226,350,,josh-cameron.php,,,1.4,,,,,,7.0,Josh Cameron,2026-05-29,JAC
/nfl/rankings/dynasty-superflex.php,dynasty-op,dsf,Tutu Atwell,20126,WR,MIA,318.43,38.19,249,371,,tutu-atwell.php,,,2.5,,,,,,6.0,Tutu Atwell,2026-05-29,MIA
/nfl/rankings/dynasty-superflex.php,dynasty-op,dsf,KeAndre Lambert-Smith,24372,WR,LAC,318.43,19.17,279,347,,keandre-lambert-smith.php,,,1.9,,,,,,7.0,KeAndre Lambert-Smith,2026-05-29,LAC
/nfl/rankings/dynasty-superflex.php,dynasty-op,dsf,Elijah Moore,20114,WR,PHI,292.8,38.3,239,346,,elijah-moore.php,,,0.6,,,,,,10.0,Elijah Moore,2026-05-29,PHI
/nfl/rankings/dynasty-superflex.php,dynasty-op,dsf,Kendrick Bourne,17066,WR,ARI,294.2,31.63,268,354,,kendrick-bourne.php,,,3.7,,,,,,14.0,Kendrick Bourne,2026-05-29,ARI
/nfl/rankings/dynasty-superflex.php,dynasty-op,dsf,Samaje Perine,16423,RB,CIN,296.0,34.01,264,359,,samaje-perine.php,,,5.2,,,,,,6.0,Samaje Perine,2026-05-29,CIN
/nfl/rankings/dynasty-superflex.php,dynasty-op,dsf,George Holani,22915,RB,SEA,311.33,33.91,263,355,,george-holani.php,,,10.7,,,,,,11.0,George Holani,2026-05-29,SEA
/nfl/rankings/dynasty-superflex.php,dynasty-op,dsf,Emari Demercado,25654,RB,KC,323.29,27.72,272,360,,emari-demercado.php,,,4.2,,,,,,5.0,Emari Demercado,2026-05-29,KCC
/nfl/rankings/dynasty-superflex.php,dynasty-op,dsf,Nate Boerkircher,28427,TE,JAC,313.0,26.81,280,356,,nate-boerkircher.php,,,0.6,,,,,8.0,7.0,Nate Boerkircher,2026-05-29,JAC
/nfl/rankings/dynasty-superflex.php,dynasty-op,dsf,Mitchell Evans,27138,TE,CAR,325.0,35.38,282,369,,mitchell-evans.php,,,1.0,,,,,,5.0,Mitchell Evans,2026-05-29,CAR
/nfl/rankings/dynasty-superflex.php,dynasty-op,dsf,Ja'Lynn Polk,26205,WR,NO,301.0,53.97,216,361,,jalynn-polk.php,,,1.4,,,,,,8.0,JaLynn Polk,2026-05-29,NOS
/nfl/rankings/dynasty-superflex.php,dynasty-op,dsf,DeAndre Hopkins,11606,WR,BAL,325.29,28.76,263,356,,deandre-hopkins.php,,,0.7,,,,,,13.0,DeAndre Hopkins,2026-05-29,BAL
/nfl/rankings/dynasty-superflex.php,dynasty-op,dsf,Treylon Burks,22905,WR,WAS,301.8,41.1,250,363,,treylon-burks.php,,,2.9,,,,,,7.0,Treylon Burks,2026-05-29,WAS
/nfl/rankings/dynasty-superflex.php,dynasty-op,dsf,Robert Henry Jr.,28404,RB,WAS,316.67,31.53,274,364,,robert-henry-jr.php,,,0.0,,,,,,7.0,Robert Henry,2026-05-29,WAS
/nfl/rankings/dynasty-superflex.php,dynasty-op,dsf,Eric Rivers Jr.,28128,WR,TB,303.6,31.04,263,358,,eric-rivers.php,,,0.0,,,,,,10.0,Eric Rivers,2026-05-29,TBB
/nfl/rankings/dynasty-superflex.php,dynasty-op,dsf,Nick Chubb,17246,RB,FA,305.2,43.87,235,357,,nick-chubb.php,,,2.3,,,,,,,Nick Chubb,2026-05-29,FA
/nfl/rankings/dynasty-superflex.php,dynasty-op,dsf,Josh Cuevas,28155,TE,BAL,310.0,38.68,272,368,,josh-cuevas.php,,,0.9,,,,,,13.0,Josh Cuevas,2026-05-29,BAL
/nfl/rankings/dynasty-superflex.php,dynasty-op,dsf,Roschon Johnson,25322,RB,CHI,310.6,32.13,271,366,,roschon-johnson.php,,,0.7,,,,,,10.0,Roschon Johnson,2026-05-29,CHI
/nfl/rankings/dynasty-superflex.php,dynasty-op,dsf,Spencer Rattler,23081,QB,NO,292.0,64.97,200,369,,spencer-rattler.php,,,2.4,,,,,,8.0,Spencer Rattler,2026-05-29,NOS
/nfl/rankings/dynasty-superflex.php,dynasty-op,dsf,Barion Brown,25416,WR,NO,312.2,27.19,284,362,,barion-brown.php,,,1.1,,,,,,8.0,Barion Brown,2026-05-29,NOS
/nfl/rankings/dynasty-superflex.php,dynasty-op,dsf,Malik Benson,26012,WR,LV,299.25,49.57,237,365,,malik-benson.php,,,0.9,,,,,,13.0,Malik Benson,2026-05-29,LVR
/nfl/rankings/dynasty-superflex.php,dynasty-op,dsf,Tanner McKee,24740,QB,PHI,272.67,72.89,202,373,,tanner-mckee.php,,,3.5,,,,,,10.0,Tanner McKee,2026-05-29,PHI
/nfl/rankings/dynasty-superflex.php,dynasty-op,dsf,Raheim Sanders,24351,RB,CLE,320.2,35.92,278,378,,raheim-sanders.php,,,1.1,,,,,,11.0,Raheim Sanders,2026-05-29,CLE
/nfl/rankings/dynasty-superflex.php,dynasty-op,dsf,Russell Wilson,11180,QB,FA,276.67,85.99,161,367,,russell-wilson.php,,,1.6,,,,,,,Russell Wilson,2026-05-29,FA
/nfl/rankings/dynasty-superflex.php,dynasty-op,dsf,Zach Ertz,11689,TE,FA,321.6,28.55,285,371,,zach-ertz.php,,,5.5,,,,,,,Zach Ertz,2026-05-29,FA
/nfl/rankings/dynasty-superflex.php,dynasty-op,dsf,Jeff Caldwell,28425,WR,KC,321.8,26.82,300,374,,jeff-caldwell.php,,,2.8,,,,,,5.0,Jeff Caldwell,2026-05-29,KCC
/nfl/rankings/dynasty-superflex.php,dynasty-op,dsf,Dyami Brown,20113,WR,WAS,322.2,30.45,286,370,,dyami-brown.php,,,1.2,,,,,,7.0,Dyami Brown,2026-05-29,WAS
/nfl/rankings/dynasty-superflex.php,dynasty-op,dsf,Tai Felton,27182,WR,MIN,324.2,40.9,270,372,,tai-felton.php,,,2.0,,,,,,6.0,Tai Felton,2026-05-29,MIN
/nfl/rankings/dynasty-superflex.php,dynasty-op,dsf,Gabe Davis,19398,WR,FA,309.0,49.91,236,377,,gabriel-davis.php,,,0.6,,,,,,,Gabriel Davis,2026-05-29,FA
/nfl/rankings/dynasty-superflex.php,dynasty-op,dsf,Tyren Montgomery,28423,WR,TEN,325.4,25.83,304,376,,tyren-montgomery.php,,,0.0,,,,,,9.0,Tyren Montgomery,2026-05-29,TEN
/nfl/rankings/dynasty-superflex.php,dynasty-op,dsf,Terion Stewart,28111,RB,KC,311.0,48.78,258,385,,terion-stewart.php,,,0.0,,,,,,5.0,Terion Stewart,2026-05-29,KCC
/nfl/rankings/dynasty-superflex.php,dynasty-op,dsf,Jalin Hyatt,25251,WR,NYG,314.0,44.31,260,381,,jalin-hyatt.php,,,3.3,,,,,,8.0,Jalin Hyatt,2026-05-29,NYG
/nfl/rankings/dynasty-superflex.php,dynasty-op,dsf,Will Kacmarek,28403,TE,MIA,314.5,39.61,275,379,,will-kacmarek.php,,,4.3,,,,,,6.0,Will Kacmarek,2026-05-29,MIA
/nfl/rankings/dynasty-superflex.php,dynasty-op,dsf,Eric McAlister,28134,WR,FA,314.75,42.98,270,382,,eric-mcalister.php,,,4.9,,,,,,,Eric McAlister,2026-05-29,FA
/nfl/rankings/dynasty-superflex.php,dynasty-op,dsf,Nick Westbrook-Ikhine,19747,WR,IND,329.4,36.92,270,383,,nick-westbrook.php,,,1.5,,,,,,13.0,Nick Westbrook-Ikhine,2026-05-29,IND
/nfl/rankings/dynasty-superflex.php,dynasty-op,dsf,Mack Hollins,16489,WR,NE,329.6,41.09,278,375,,mack-hollins.php,,,7.2,,,,,,11.0,Mack Hollins,2026-05-29,NEP
/nfl/rankings/dynasty-superflex.php,dynasty-op,dsf,Dallen Bentley,28352,TE,DEN,331.0,41.62,273,384,,dallen-bentley.php,,,1.1,,,,,,10.0,Dallen Bentley,2026-05-29,DEN
/nfl/rankings/dynasty-superflex.php,dynasty-op,dsf,Bam Knight,24901,RB,ARI,332.2,35.87,288,386,,zonovan-bam-knight.php,,,1.2,,,,,,14.0,Bam Knight,2026-05-29,ARI
/nfl/rankings/dynasty-superflex.php,dynasty-op,dsf,Dameon Pierce,22947,RB,PHI,322.25,44.46,271,393,,dameon-pierce.php,,,1.2,,,,,,10.0,Dameon Pierce,2026-05-29,PHI
/nfl/rankings/dynasty-superflex.php,dynasty-op,dsf,Curtis Samuel,16434,WR,FA,300.0,62.25,254,388,,curtis-samuel.php,,,1.0,,,,,,,Curtis Samuel,2026-05-29,FA
/nfl/rankings/dynasty-superflex.php,dynasty-op,dsf,Tyler Lockett,13971,WR,LV,300.0,57.71,246,380,,tyler-lockett.php,,,0.7,,,,,,13.0,Tyler Lockett,2026-05-29,LVR
/nfl/rankings/dynasty-superflex.php,dynasty-op,dsf,Daniel Bellinger,24238,TE,TEN,323.25,53.12,270,389,,daniel-bellinger.php,,,4.9,,,,,,9.0,Daniel Bellinger,2026-05-29,TEN
/nfl/rankings/dynasty-superflex.php,dynasty-op,dsf,Taysom Hill,17115,TE,FA,310.67,58.57,253,391,,taysom-hill.php,,,0.7,,,,,,,Taysom Hill,2026-05-29,FA
/nfl/rankings/dynasty-superflex.php,dynasty-op,dsf,Dae'Quan Wright,28159,TE,PHI,331.25,38.94,287,394,,daequan-wright.php,,,0.0,,,,,,10.0,DaeQuan Wright,2026-05-29,PHI
/nfl/rankings/dynasty-superflex.php,dynasty-op,dsf,Xavier Hutchinson,25332,WR,HOU,342.4,33.8,300,395,,xavier-hutchinson.php,,,2.3,,,,,,8.0,Xavier Hutchinson,2026-05-29,HOU
/nfl/rankings/dynasty-superflex.php,dynasty-op,dsf,Riley Nowakowski,28437,TE,PIT,318.0,55.9,276,397,,riley-nowakowski.php,,,0.7,,,,,,9.0,Riley Nowakowski,2026-05-29,PIT
/nfl/rankings/dynasty-superflex.php,dynasty-op,dsf,Dillon Gabriel,23150,QB,CLE,321.33,60.54,250,398,,dillon-gabriel.php,,,0.8,,,,,,11.0,Dillon Gabriel,2026-05-29,CLE
/nfl/rankings/dynasty-superflex.php,dynasty-op,dsf,Demarcus Robinson,15665,WR,SF,337.0,52.84,254,396,,demarcus-robinson.php,,,1.2,,,,,,8.0,Demarcus Robinson,2026-05-29,SFO
/nfl/rankings/dynasty-superflex.php,dynasty-op,dsf,Tyler Conklin,17598,TE,DET,320.0,50.97,281,392,,tyler-conklin.php,,,1.3,,,,,-8.0,6.0,Tyler Conklin,2026-05-29,DET
/nfl/rankings/dynasty-superflex.php,dynasty-op,dsf,Ty Johnson,18406,RB,BUF,335.25,35.49,299,387,,ty-johnson.php,,,6.6,,,,,,7.0,Ty Johnson,2026-05-29,BUF
/nfl/rankings/dynasty-superflex.php,dynasty-op,dsf,Jaydn Ott,25394,RB,KC,340.0,44.24,279,402,,jaydn-ott.php,,,1.1,,,,,,5.0,Jaydn Ott,2026-05-29,KCC
/nfl/rankings/dynasty-superflex.php,dynasty-op,dsf,Miles Sanders,18283,RB,FA,327.33,50.87,286,399,,miles-sanders.php,,,0.7,,,,,,,Miles Sanders,2026-05-29,FA
/nfl/rankings/dynasty-superflex.php,dynasty-op,dsf,Rasheen Ali,25983,RB,BAL,331.0,57.28,276,410,,rasheen-ali.php,,,2.9,,,,,,13.0,Rasheen Ali,2026-05-29,BAL
/nfl/rankings/dynasty-superflex.php,dynasty-op,dsf,Jimmy Horn Jr.,27294,WR,CAR,342.5,37.61,309,401,,jimmy-horn-jr.php,,,1.5,,,,,,5.0,Jimmy Horn,2026-05-29,CAR
/nfl/rankings/dynasty-superflex.php,dynasty-op,dsf,Xavier Restrepo,27066,WR,TEN,328.67,57.19,260,400,,xavier-restrepo.php,,,0.9,,,,,,9.0,Xavier Restrepo,2026-05-29,TEN
/nfl/rankings/dynasty-superflex.php,dynasty-op,dsf,Darren Waller,14104,TE,FA,330.0,51.7,290,403,,darren-waller.php,,,5.9,,,,,,,Darren Waller,2026-05-29,FA
/nfl/rankings/dynasty-superflex.php,dynasty-op,dsf,Reggie Virgil,28141,WR,ARI,332.0,51.33,288,404,,reggie-virgil.php,,,0.7,,,,,,14.0,Reggie Virgil,2026-05-29,ARI
/nfl/rankings/dynasty-superflex.php,dynasty-op,dsf,Luke Schoonmaker,25267,TE,DAL,345.75,42.86,297,405,,luke-schoonmaker.php,,,1.0,,,,,,14.0,Luke Schoonmaker,2026-05-29,DAL
/nfl/rankings/dynasty-superflex.php,dynasty-op,dsf,Elijah Higgins,23119,TE,ARI,347.25,44.65,288,406,,elijah-higgins.php,,,3.0,,,,,,14.0,Elijah Higgins,2026-05-29,ARI
/nfl/rankings/dynasty-superflex.php,dynasty-op,dsf,Aaron Anderson,27500,WR,CLE,335.67,50.5,297,407,,aaron-anderson.php,,,1.2,,,,,,11.0,Aaron Anderson,2026-05-29,CLE
/nfl/rankings/dynasty-superflex.php,dynasty-op,dsf,Chase Roberts,28131,WR,LV,336.33,51.4,290,408,,chase-roberts.php,,,0.0,,,,,,13.0,Chase Roberts,2026-05-29,LVR
/nfl/rankings/dynasty-superflex.php,dynasty-op,dsf,Roman Wilson,26160,WR,FA,218.0,0.0,218,218,,roman-wilson.php,,,1.6,,,,,,,Roman Wilson,2026-05-29,FA
/nfl/rankings/dynasty-superflex.php,dynasty-op,dsf,Jahdae Walker,27810,WR,CHI,340.0,59.23,266,411,,jahdae-walker.php,,,1.7,,,,,,10.0,Jahdae Walker,2026-05-29,CHI
/nfl/rankings/dynasty-superflex.php,dynasty-op,dsf,Jeremy McNichols,16445,RB,WAS,342.33,62.47,265,418,,jeremy-mcnichols.php,,,0.8,,,,,,7.0,Jeremy McNichols,2026-05-29,WAS
/nfl/rankings/dynasty-superflex.php,dynasty-op,dsf,Diontae Johnson,18615,WR,FA,319.5,89.5,230,409,,diontae-johnson.php,,,0.6,,,,,,,Diontae Johnson,2026-05-29,FA
/nfl/rankings/dynasty-superflex.php,dynasty-op,dsf,Jaren Kanak,28160,TE,TEN,344.67,49.7,300,414,,jaren-kanak.php,,,0.0,,,,,9.0,9.0,Jaren Kanak,2026-05-29,TEN
/nfl/rankings/dynasty-superflex.php,dynasty-op,dsf,Jermaine Burton,22956,WR,FA,325.5,87.5,238,413,,jermaine-burton.php,,,0.6,,,,,,,Jermaine Burton,2026-05-29,FA
/nfl/rankings/dynasty-superflex.php,dynasty-op,dsf,Adam Trautman,19423,TE,DEN,347.0,50.21,298,416,,adam-trautman.php,,,0.6,,,,,,10.0,Adam Trautman,2026-05-29,DEN
/nfl/rankings/dynasty-superflex.php,dynasty-op,dsf,Cade Stover,25269,TE,HOU,356.5,57.49,262,415,,cade-stover.php,,,1.8,,,,,,8.0,Cade Stover,2026-05-29,HOU
/nfl/rankings/dynasty-superflex.php,dynasty-op,dsf,Antonio Gibson,19624,RB,FA,349.33,52.47,300,422,,antonio-gibson.php,,,0.8,,,,,,,Antonio Gibson,2026-05-29,FA
/nfl/rankings/dynasty-superflex.php,dynasty-op,dsf,Brandin Cooks,12122,WR,FA,329.5,87.5,242,417,,brandin-cooks.php,,,0.7,,,,,,,Brandin Cooks,2026-05-29,FA
/nfl/rankings/dynasty-superflex.php,dynasty-op,dsf,Davis Mills,22799,QB,HOU,331.5,87.5,244,419,,davis-mills.php,,,3.2,,,,,,8.0,Davis Mills,2026-05-29,HOU
/nfl/rankings/dynasty-superflex.php,dynasty-op,dsf,KaVontae Turpin,18520,WR,DAL,348.0,56.78,274,412,,kavontae-turpin.php,,,7.5,,,,,,14.0,KaVontae Turpin,2026-05-29,DAL
/nfl/rankings/dynasty-superflex.php,dynasty-op,dsf,Javon Baker,22885,WR,FA,334.0,86.0,248,420,,javon-baker.php,,,1.0,,,,,,,Javon Baker,2026-05-29,FA
/nfl/rankings/dynasty-superflex.php,dynasty-op,dsf,Riley Leonard,25373,QB,IND,334.5,86.5,248,421,,riley-leonard.php,,,9.3,,,,,,13.0,Riley Leonard,2026-05-29,IND
/nfl/rankings/dynasty-superflex.php,dynasty-op,dsf,Austin Ekeler,16483,RB,FA,355.0,59.4,286,431,,austin-ekeler.php,,,2.6,,,,,,,Austin Ekeler,2026-05-29,FA
/nfl/rankings/dynasty-superflex.php,dynasty-op,dsf,Will Levis,22987,QB,TEN,336.0,87.0,249,423,,will-levis.php,,,3.9,,,,,,9.0,Will Levis,2026-05-29,TEN
/nfl/rankings/dynasty-superflex.php,dynasty-op,dsf,Trey Palmer,25331,WR,NO,340.0,85.0,255,425,,trey-palmer.php,,,2.0,,,,,,8.0,Trey Palmer,2026-05-29,NOS
/nfl/rankings/dynasty-superflex.php,dynasty-op,dsf,Josh Oliver,18487,TE,MIN,356.33,49.64,314,426,,josh-oliver.php,,,1.4,,,,,,6.0,Josh Oliver,2026-05-29,MIN
/nfl/rankings/dynasty-superflex.php,dynasty-op,dsf,Charlie Kolar,22756,TE,LAC,342.5,84.5,258,427,,charlie-kolar.php,,,3.4,,,,,,7.0,Charlie Kolar,2026-05-29,LAC
/nfl/rankings/dynasty-superflex.php,dynasty-op,dsf,Olamide Zaccheaus,18864,WR,ATL,365.5,38.21,329,428,,olamide-zaccheaus.php,,,5.3,,,,,,11.0,Olamide Zaccheaus,2026-05-29,ATL
/nfl/rankings/dynasty-superflex.php,dynasty-op,dsf,Kendrick Law,26044,WR,DET,347.0,82.0,265,429,,kendrick-law.php,,,0.8,,,,,,6.0,Kendrick Law,2026-05-29,DET
/nfl/rankings/dynasty-superflex.php,dynasty-op,dsf,Efton Chism III,27445,WR,NE,360.33,49.55,319,430,,efton-chismi.php,,,1.5,,,,,,11.0,Efton Chism,2026-05-29,NEP
/nfl/rankings/dynasty-superflex.php,dynasty-op,dsf,Jawhar Jordan,26329,RB,HOU,351.5,84.5,267,436,,jawhar-jordan.php,,,1.1,,,,,,8.0,Jawhar Jordan,2026-05-29,HOU
/nfl/rankings/dynasty-superflex.php,dynasty-op,dsf,Will Dissly,18049,TE,FA,353.0,79.0,274,432,,will-dissly.php,,,0.6,,,,,,,Will Dissly,2026-05-29,FA
/nfl/rankings/dynasty-superflex.php,dynasty-op,dsf,Malachi Corley,26023,WR,CLE,354.0,79.0,275,433,,malachi-corley.php,,,0.6,,,,,,11.0,Malachi Corley,2026-05-29,CLE
/nfl/rankings/dynasty-superflex.php,dynasty-op,dsf,Devontez Walker,26011,WR,BAL,350.5,73.5,277,424,,devontez-walker.php,,,1.4,,,,,,13.0,Devontez Walker,2026-05-29,BAL
/nfl/rankings/dynasty-superflex.php,dynasty-op,dsf,Seydou Traore,28163,TE,MIA,356.0,78.0,278,434,,seydou-traore.php,,,0.0,,,,,,6.0,Seydou Traore,2026-05-29,MIA
/nfl/rankings/dynasty-superflex.php,dynasty-op,dsf,Kaden Wetjen,28435,WR,PIT,367.0,52.9,306,435,,kaden-wetjen.php,,,0.8,,,,,,9.0,Kaden Wetjen,2026-05-29,PIT
/nfl/rankings/dynasty-superflex.php,dynasty-op,dsf,Desmond Reid,28110,RB,BUF,361.0,79.0,282,440,,desmond-reid.php,,,0.0,,,,,,7.0,Desmond Reid,2026-05-29,BUF
/nfl/rankings/dynasty-superflex.php,dynasty-op,dsf,Jackson Hawes,27469,TE,BUF,360.5,76.5,284,437,,jackson-hawes.php,,,1.0,,,,,,7.0,Jackson Hawes,2026-05-29,BUF
/nfl/rankings/dynasty-superflex.php,dynasty-op,dsf,Davis Allen,23761,TE,LAR,362.0,77.0,285,439,,davis-allen.php,,,0.6,,,,,,11.0,Davis Allen,2026-05-29,LAR
/nfl/rankings/dynasty-superflex.php,dynasty-op,dsf,Tommy Tremble,22795,TE,CAR,369.67,54.36,305,438,,tommy-tremble.php,,,2.3,,,,,,5.0,Tommy Tremble,2026-05-29,CAR
/nfl/rankings/dynasty-superflex.php,dynasty-op,dsf,Colbie Young,26037,WR,CIN,363.5,77.5,286,441,,colbie-young.php,,,0.6,,,,,,6.0,Colbie Young,2026-05-29,CIN
/nfl/rankings/dynasty-superflex.php,dynasty-op,dsf,RJ Maryland,27341,TE,GB,365.5,76.5,289,442,,rj-maryland.php,,,0.0,,,,,,11.0,RJ Maryland,2026-05-29,GBP
/nfl/rankings/dynasty-superflex.php,dynasty-op,dsf,Isaiah Hodgins,19375,WR,NYG,367.0,76.0,291,443,,isaiah-hodgins.php,,,0.1,,,,,,8.0,Isaiah Hodgins,2026-05-29,NYG
/nfl/rankings/dynasty-superflex.php,dynasty-op,dsf,Carsen Ryan,28399,TE,CLE,369.5,74.5,295,444,,carsen-ryan.php,,,1.1,,,,,,11.0,Carsen Ryan,2026-05-29,CLE
/nfl/rankings/dynasty-superflex.php,dynasty-op,dsf,Foster Moreau,18397,TE,HOU,370.0,75.0,295,445,,foster-moreau.php,,,0.7,,,,,-11.0,8.0,Foster Moreau,2026-05-29,HOU
/nfl/rankings/dynasty-superflex.php,dynasty-op,dsf,Damien Martinez,25976,RB,GB,372.0,76.0,296,448,,damien-martinez.php,,,0.7,,,,,,11.0,Damien Martinez,2026-05-29,GBP
/nfl/rankings/dynasty-superflex.php,dynasty-op,dsf,Joe Flacco,9300,QB,CIN,374.0,73.0,301,447,,joe-flacco.php,,,9.4,,,,,,6.0,Joe Flacco,2026-05-29,CIN
/nfl/rankings/dynasty-superflex.php,dynasty-op,dsf,Khalil Herbert,22763,RB,FA,377.5,75.5,302,453,,khalil-herbert.php,,,1.1,,,,,,,Khalil Herbert,2026-05-29,FA
/nfl/rankings/dynasty-superflex.php,dynasty-op,dsf,Austin Hooper,15581,TE,ATL,380.0,57.17,309,449,,austin-hooper.php,,,1.9,,,,,,11.0,Austin Hooper,2026-05-29,ATL
/nfl/rankings/dynasty-superflex.php,dynasty-op,dsf,Jake Bobo,25339,WR,SEA,378.0,72.0,306,450,,jake-bobo.php,,,0.6,,,,,,11.0,Jake Bobo,2026-05-29,SEA
/nfl/rankings/dynasty-superflex.php,dynasty-op,dsf,Bo Melton,24049,WR,GB,382.33,49.38,337,451,,bo-melton.php,,,0.6,,,,,,11.0,Bo Melton,2026-05-29,GBP
/nfl/rankings/dynasty-superflex.php,dynasty-op,dsf,Jared Wiley,26343,TE,KC,382.0,70.0,312,452,,jared-wiley.php,,,0.6,,,,,,5.0,Jared Wiley,2026-05-29,KCC
/nfl/rankings/dynasty-superflex.php,dynasty-op,dsf,Brevin Jordan,20162,TE,HOU,385.0,69.0,316,454,,brevin-jordan.php,,,1.0,,,,,,8.0,Brevin Jordan,2026-05-29,HOU
/nfl/rankings/dynasty-superflex.php,dynasty-op,dsf,Jordan Watkins,27486,WR,SF,381.5,64.5,317,446,,jordan-watkins.php,,,0.6,,,,,,8.0,Jordan Watkins,2026-05-29,SFO
/nfl/rankings/dynasty-superflex.php,dynasty-op,dsf,Van Jefferson,19483,WR,WAS,386.0,69.0,317,455,,van-jefferson.php,,,1.2,,,,,,7.0,Van Jefferson,2026-05-29,WAS
/nfl/rankings/dynasty-superflex.php,dynasty-op,dsf,John Michael Gyllenborg,28158,TE,KC,388.0,69.0,319,457,,john-michael-gyllenborg.php,,,1.8,,,,,,5.0,John Michael Gyllenborg,2026-05-29,KCC
/nfl/rankings/dynasty-superflex.php,dynasty-op,dsf,Dean Connors,28113,RB,LAR,390.5,71.5,319,462,,dean-connors.php,,,0.0,,,,,,11.0,Dean Connors,2026-05-29,LAR
/nfl/rankings/dynasty-superflex.php,dynasty-op,dsf,Kenny Pickett,22722,QB,CAR,391.5,66.5,325,458,,kenny-pickett.php,,,1.6,,,,,,5.0,Kenny Pickett,2026-05-29,CAR
/nfl/rankings/dynasty-superflex.php,dynasty-op,dsf,Jeremy Ruckert,23742,TE,NYJ,392.0,67.0,325,459,,jeremy-ruckert.php,,,0.7,,,,,,13.0,Jeremy Ruckert,2026-05-29,NYJ
/nfl/rankings/dynasty-superflex.php,dynasty-op,dsf,Thomas Fidone II,23039,TE,NYG,394.0,66.0,328,460,,thomas-fidone.php,,,1.0,,,,,,8.0,Thomas Fidone,2026-05-29,NYG
/nfl/rankings/dynasty-superflex.php,dynasty-op,dsf,Grant Calcaterra,24180,TE,PHI,392.0,50.84,340,461,,grant-calcaterra.php,,,1.0,,,,,,10.0,Grant Calcaterra,2026-05-29,PHI
/nfl/rankings/dynasty-superflex.php,dynasty-op,dsf,Ty Chandler,19471,RB,NO,398.0,68.0,330,466,,ty-chandler.php,,,0.6,,,,,,8.0,Ty Chandler,2026-05-29,NOS
/nfl/rankings/dynasty-superflex.php,dynasty-op,dsf,Mason Rudolph,17234,QB,PIT,397.0,66.0,331,463,,mason-rudolph.php,,,2.6,,,,,,9.0,Mason Rudolph,2026-05-29,PIT
/nfl/rankings/dynasty-superflex.php,dynasty-op,dsf,Gardner Minshew II,18562,QB,ARI,398.0,66.0,332,464,,gardner-minshew.php,,,3.3,,,,,,14.0,Gardner Minshew,2026-05-29,ARI
/nfl/rankings/dynasty-superflex.php,dynasty-op,dsf,Zach Wilson,22679,QB,NO,399.0,66.0,333,465,,zach-wilson.php,,,0.6,,,,,,8.0,Zach Wilson,2026-05-29,NOS
/nfl/rankings/dynasty-superflex.php,dynasty-op,dsf,Phil Mafah,22928,RB,DAL,398.0,58.0,340,456,,phil-mafah.php,,,1.1,,,,,,14.0,Phil Mafah,2026-05-29,DAL
/nfl/rankings/dynasty-superflex.php,dynasty-op,dsf,Raheem Mostert,14338,RB,LV,415.5,62.5,353,478,,raheem-mostert.php,,,0.7,,,,,,13.0,Raheem Mostert,2026-05-29,LVR
/nfl/rankings/dynasty-superflex.php,dynasty-op,dsf,Greg Dortch,18585,WR,DET,411.0,56.0,355,467,,greg-dortch.php,,,1.5,,,,,,6.0,Greg Dortch,2026-05-29,DET
/nfl/rankings/dynasty-superflex.php,dynasty-op,dsf,Roman Wilson,28896,WR,PIT,373.5,16.5,357,390,,roman-wilson-wr.php,,,2.7,,,,,,9.0,Roman Wilson,2026-05-29,PIT
/nfl/rankings/dynasty-superflex.php,dynasty-op,dsf,Ashton Dulin,18656,WR,IND,412.5,55.5,357,468,,ashton-dulin.php,,,0.1,,,,,,13.0,Ashton Dulin,2026-05-29,IND
/nfl/rankings/dynasty-superflex.php,dynasty-op,dsf,Trey Lance,20082,QB,LAC,422.5,46.5,376,469,,trey-lance.php,,,2.4,,,,,,7.0,Trey Lance,2026-05-29,LAC
/nfl/rankings/dynasty-superflex.php,dynasty-op,dsf,Jake Browning,18557,QB,TB,423.5,46.5,377,470,,jake-browning.php,,,1.0,,,,,,10.0,Jake Browning,2026-05-29,TBB
/nfl/rankings/dynasty-superflex.php,dynasty-op,dsf,Sam Howell,23045,QB,DAL,424.5,46.5,378,471,,sam-howell.php,,,0.8,,,,,,14.0,Sam Howell,2026-05-29,DAL
/nfl/rankings/dynasty-superflex.php,dynasty-op,dsf,Carson Wentz,15520,QB,MIN,425.5,46.5,379,472,,carson-wentz.php,,,0.8,,,,,,6.0,Carson Wentz,2026-05-29,MIN
/nfl/rankings/dynasty-superflex.php,dynasty-op,dsf,Joshua Dobbs,16417,QB,FA,426.5,46.5,380,473,,joshua-dobbs.php,,,0.6,,,,,,,Joshua Dobbs,2026-05-29,FA
/nfl/rankings/dynasty-superflex.php,dynasty-op,dsf,Aidan O'Connell,24330,QB,LV,427.5,46.5,381,474,,aidan-oconnell.php,,,0.6,,,,,,13.0,Aidan OConnell,2026-05-29,LVR
/nfl/rankings/dynasty-superflex.php,dynasty-op,dsf,Hunter Long,22783,TE,JAC,429.0,46.0,383,475,,hunter-long.php,,,0.6,,,,,,7.0,Hunter Long,2026-05-29,JAC
/nfl/rankings/dynasty-superflex.php,dynasty-op,dsf,Julian Hill,25824,TE,NE,430.0,46.0,384,476,,julian-hill.php,,,0.6,,,,,,11.0,Julian Hill,2026-05-29,NEP
/nfl/rankings/dynasty-superflex.php,dynasty-op,dsf,Jacob Cowing,25289,WR,SF,477.0,0.0,477,477,,jacob-cowing.php,,,0.6,,,,,,8.0,Jacob Cowing,2026-05-29,SFO
/nfl/rankings/dynasty-superflex.php,dynasty-op,dsf,Tyler Huntley,19297,QB,BAL,479.0,0.0,479,479,,tyler-huntley.php,,,3.5,,,,,,13.0,Tyler Huntley,2026-05-29,BAL
/nfl/rankings/dynasty-superflex.php,dynasty-op,dsf,Mitchell Trubisky,16381,QB,TEN,480.0,0.0,480,480,,mitch-trubisky.php,,,1.3,,,,,,9.0,Mitchell Trubisky,2026-05-29,TEN
/nfl/rankings/dynasty-superflex.php,dynasty-op,dsf,Kalif Raymond,16081,WR,CHI,481.0,0.0,481,481,,kalif-raymond.php,,,1.1,,,,,,10.0,Kalif Raymond,2026-05-29,CHI
/nfl/rankings/dynasty-superflex.php,dynasty-op,dsf,Isaiah Williams,10977,WR,FA,482.0,0.0,482,482,,isaiah-williams.php,,,0.0,,,,,,,Isaiah Williams,2026-05-29,FA
/nfl/rankings/dynasty-superflex.php,dynasty-op,dsf,Noah Brown,16443,WR,FA,483.0,0.0,483,483,,noah-brown.php,,,0.7,,,,,,,Noah Brown,2026-05-29,FA
/nfl/rankings/dynasty-superflex.php,dynasty-op,dsf,Josh Reynolds,16439,WR,FA,484.0,0.0,484,484,,josh-reynolds.php,,,1.1,,,,,,,Josh Reynolds,2026-05-29,FA
/nfl/rankings/dynasty-superflex.php,dynasty-op,dsf,JuJu Smith-Schuster,16427,WR,FA,485.0,0.0,485,485,,juju-smith-schuster.php,,,0.8,,,,,,,JuJu Smith-Schuster,2026-05-29,FA
/nfl/rankings/dynasty-superflex.php,dynasty-op,dsf,Sterling Shepard,15569,WR,FA,486.0,0.0,486,486,,sterling-shepard.php,,,1.0,,,,,,,Sterling Shepard,2026-05-29,FA
/nfl/rankings/dynasty-superflex.php,dynasty-op,dsf,Tyrell Shavers,25813,WR,BUF,487.0,0.0,487,487,,tyrell-shavers.php,,,0.8,,,,,,7.0,Tyrell Shavers,2026-05-29,BUF
/nfl/rankings/dynasty-superflex.php,dynasty-op,dsf,Theo Wease Jr.,27222,WR,MIA,488.0,0.0,488,488,,theo-wease-jr.php,,,3.2,,,,,,6.0,Theo Wease,2026-05-29,MIA
/nfl/rankings/dynasty-superflex.php,dynasty-op,dsf,Dohnte Meyers,28178,WR,CIN,489.0,0.0,489,489,,dohnte-meyers.php,,,1.0,,,,,,6.0,Dohnte Meyers,2026-05-29,CIN
/nfl/rankings/dynasty-superflex.php,dynasty-op,dsf,Damien Alford,28451,WR,NO,490.0,0.0,490,490,,damien-alford.php,,,1.5,,,,,,8.0,Damien Alford,2026-05-29,NOS
/nfl/rankings/dynasty-superflex.php,dynasty-op,dsf,Jared Wayne,25495,WR,HOU,491.0,0.0,491,491,,jared-wayne.php,,,0.0,,,,,,8.0,Jared Wayne,2026-05-29,HOU
/nfl/rankings/dynasty-superflex.php,dynasty-op,dsf,Kevin Austin Jr.,23049,WR,NO,492.0,0.0,492,492,,kevin-austin.php,,,0.9,,,,,,8.0,Kevin Austin,2026-05-29,NOS
/nfl/rankings/dynasty-superflex.php,dynasty-op,dsf,Lil'Jordan Humphrey,18590,WR,DEN,493.0,0.0,493,493,,liljordan-humphrey.php,,,1.1,,,,,,10.0,LilJordan Humphrey,2026-05-29,DEN
/nfl/rankings/dynasty-superflex.php,dynasty-op,dsf,Jamari Thrash,26162,WR,CLE,494.0,0.0,494,494,,jamari-thrash.php,,,0.6,,,,,,11.0,Jamari Thrash,2026-05-29,CLE
/nfl/rankings/dynasty-superflex.php,dynasty-op,dsf,Marquez Valdes-Scantling,17528,WR,DAL,495.0,0.0,495,495,,marquez-valdesscantling.php,,,0.6,,,,,,14.0,Marquez Valdes-Scantling,2026-05-29,DAL
/nfl/rankings/dynasty-superflex.php,dynasty-op,dsf,Arian Smith,22965,WR,NYJ,496.0,0.0,496,496,,arian-smith.php,,,0.7,,,,,,13.0,Arian Smith,2026-05-29,NYJ
/nfl/rankings/dynasty-superflex.php,dynasty-op,dsf,Tim Patrick,16556,WR,NYJ,497.0,0.0,497,497,,tim-patrick.php,,,1.0,,,,,,13.0,Tim Patrick,2026-05-29,NYJ
/nfl/rankings/dynasty-superflex.php,dynasty-op,dsf,Mitch Tinsley,24370,WR,CIN,498.0,0.0,498,498,,mitchell-tinsley.php,,,0.6,,,,,,6.0,Mitch Tinsley,2026-05-29,CIN
/nfl/rankings/dynasty-superflex.php,dynasty-op,dsf,Tanner Hudson,17826,TE,CIN,499.0,0.0,499,499,,tanner-hudson.php,,,1.2,,,,,,6.0,Tanner Hudson,2026-05-29,CIN
/nfl/rankings/dynasty-superflex.php,dynasty-op,dsf,Zay Jones,16431,WR,FA,500.0,0.0,500,500,,zay-jones.php,,,1.0,,,,,,,Zay Jones,2026-05-29,FA
/nfl/rankings/dynasty-superflex.php,dynasty-op,dsf,Darius Cooper,27866,WR,PHI,501.0,0.0,501,501,,darius-cooper.php,,,1.0,,,,,,10.0,Darius Cooper,2026-05-29,PHI
/nfl/rankings/dynasty-superflex.php,dynasty-op,dsf,Cam Akers,19268,RB,FA,502.0,0.0,502,502,,cam-akers.php,,,0.6,,,,,,,Cam Akers,2026-05-29,FA
/nfl/rankings/dynasty-superflex.php,dynasty-op,dsf,Jonathan Mingo,23030,WR,DAL,503.0,0.0,503,503,,jonathan-mingo.php,,,0.6,,,,,,14.0,Jonathan Mingo,2026-05-29,DAL
/nfl/rankings/dynasty-superflex.php,dynasty-op,dsf,Romello Brinson,28152,WR,FA,504.0,0.0,504,504,,romello-brinson.php,,,0.0,,,,,,,Romello Brinson,2026-05-29,FA
/nfl/rankings/dynasty-superflex.php,dynasty-op,dsf,Harrison Wallace III,28143,WR,ARI,505.0,0.0,505,505,,harrison-wallace-iii.php,,,0.0,,,,,,14.0,Harrison Wallace,2026-05-29,ARI
/nfl/rankings/dynasty-superflex.php,dynasty-op,dsf,Tyler Johnson,18633,WR,DAL,506.0,0.0,506,506,,tyler-johnson.php,,,1.1,,,,,,14.0,Tyler Johnson,2026-05-29,DAL
/nfl/rankings/dynasty-superflex.php,dynasty-op,dsf,Vinny Anthony II,28150,WR,ATL,507.0,0.0,507,507,,vinny-anthony-ii.php,,,1.0,,,,,,11.0,Vinny Anthony,2026-05-29,ATL
/nfl/rankings/dynasty-superflex.php,dynasty-op,dsf,Nick Nash,27263,WR,WAS,508.0,0.0,508,508,,nick-nash.php,,,1.0,,,,,,7.0,Nick Nash,2026-05-29,WAS
/nfl/rankings/dynasty-superflex.php,dynasty-op,dsf,Tyler Scott,25442,WR,LAR,509.0,0.0,509,509,,tyler-scott-wr.php,,,3.1,,,,,,11.0,Tyler Scott,2026-05-29,LAR
/nfl/rankings/dynasty-superflex.php,dynasty-op,dsf,David Moore,16757,WR,CAR,510.0,0.0,510,510,,david-moore.php,,,0.8,,,,,,5.0,David Moore,2026-05-29,CAR
/nfl/rankings/dynasty-superflex.php,dynasty-op,dsf,Allen Lazard,17301,WR,FA,511.0,0.0,511,511,,allen-lazard.php,,,0.7,,,,,,,Allen Lazard,2026-05-29,FA
/nfl/rankings/dynasty-superflex.php,dynasty-op,dsf,Cedrick Wilson Jr.,17262,WR,DET,512.0,0.0,512,512,,cedrick-wilson.php,,,1.1,,,,,,6.0,Cedrick Wilson,2026-05-29,DET
/nfl/rankings/dynasty-superflex.php,dynasty-op,dsf,Dane Key,26015,WR,DEN,513.0,0.0,513,513,,dane-key.php,,,1.0,,,,,,10.0,Dane Key,2026-05-29,DEN
/nfl/rankings/dynasty-superflex.php,dynasty-op,dsf,Casey Washington,26413,WR,ATL,514.0,0.0,514,514,,casey-washington.php,,,0.1,,,,,,11.0,Casey Washington,2026-05-29,ATL
/nfl/rankings/dynasty-superflex.php,dynasty-op,dsf,Chris Moore,15654,WR,FA,515.0,0.0,515,515,,chris-moore.php,,,0.0,,,,,,,Chris Moore,2026-05-29,FA
/nfl/rankings/dynasty-superflex.php,dynasty-op,dsf,Ricky White III,27186,WR,SEA,516.0,0.0,516,516,,ricky-white-iii.php,,,1.0,,,,,,11.0,Ricky White,2026-05-29,SEA
/nfl/rankings/dynasty-superflex.php,dynasty-op,dsf,Ray-Ray McCloud III,17530,WR,FA,517.0,0.0,517,517,,ray-ray-mccloud.php,,,0.6,,,,,,,Ray-Ray McCloud,2026-05-29,FA
/nfl/rankings/dynasty-superflex.php,dynasty-op,dsf,Dante Pettis,17264,WR,NO,518.0,0.0,518,518,,dante-pettis.php,,,1.0,,,,,,8.0,Dante Pettis,2026-05-29,NOS
/nfl/rankings/dynasty-superflex.php,dynasty-op,dsf,Scotty Miller,18714,WR,CHI,519.0,0.0,519,519,,scott-miller.php,,,0.1,,,,,,10.0,Scott Miller,2026-05-29,CHI
/nfl/rankings/dynasty-superflex.php,dynasty-op,dsf,Ben Skowronek,22843,WR,PIT,520.0,0.0,520,520,,ben-skowronek.php,,,0.1,,,,,,9.0,Ben Skowronek,2026-05-29,PIT
/nfl/rankings/dynasty-superflex.php,dynasty-op,dsf,Michael Bandy,23531,WR,DEN,521.0,0.0,521,521,,michael-bandy.php,,,1.0,,,,,,10.0,Michael Bandy,2026-05-29,DEN
/nfl/rankings/dynasty-superflex.php,dynasty-op,dsf,Shedrick Jackson,25709,WR,LV,522.0,0.0,522,522,,shedrick-jackson.php,,,0.6,,,,,,13.0,Shedrick Jackson,2026-05-29,LVR
/nfl/rankings/dynasty-superflex.php,dynasty-op,dsf,Xavier Smith,25627,WR,LAR,523.0,0.0,523,523,,xavier-smith.php,,,0.6,,,,,,11.0,Xavier Smith,2026-05-29,LAR
/nfl/rankings/dynasty-superflex.php,dynasty-op,dsf,Johnny Wilson,25295,WR,PHI,524.0,0.0,524,524,,johnny-wilson.php,,,0.6,,,,,,10.0,Johnny Wilson,2026-05-29,PHI
/nfl/rankings/dynasty-superflex.php,dynasty-op,dsf,Brock Wright,23341,TE,DET,525.0,0.0,525,525,,brock-wright.php,,,0.9,,,,,,6.0,Brock Wright,2026-05-29,DET
/nfl/rankings/dynasty-superflex.php,dynasty-op,dsf,David Sills V,18566,WR,TB,526.0,0.0,526,526,,david-sills.php,,,0.0,,,,,,10.0,David Sills,2026-05-29,TBB
/nfl/rankings/dynasty-superflex.php,dynasty-op,dsf,Henry Ruggs III,19207,WR,FA,527.0,0.0,527,527,,henry-ruggs.php,,,7.7,,,,,,,Henry Ruggs,2026-05-29,FA
/nfl/rankings/dynasty-superflex.php,dynasty-op,dsf,Skyy Moore,23905,WR,GB,528.0,0.0,528,528,,skyy-moore.php,,,0.8,,,,,,11.0,Skyy Moore,2026-05-29,GBP
/nfl/rankings/dynasty-overall.php,dynasty-overall,do,Ja'Marr Chase,19788,WR,CIN,1.12,0.32,1,2,,jamarr-chase.php,,,99.0,,,,,,6.0,JaMarr Chase,2026-05-29,CIN
/nfl/rankings/dynasty-overall.php,dynasty-overall,do,Jaxon Smith-Njigba,23070,WR,SEA,2.76,0.99,2,6,,jaxon-smith-njigba.php,,,99.4,,,,,,11.0,Jaxon Smith-Njigba,2026-05-29,SEA
/nfl/rankings/dynasty-overall.php,dynasty-overall,do,Puka Nacua,23180,WR,LAR,3.16,1.12,2,6,,puka-nacua.php,,,99.3,,,,,,11.0,Puka Nacua,2026-05-29,LAR
/nfl/rankings/dynasty-overall.php,dynasty-overall,do,Bijan Robinson,23133,RB,ATL,4.04,1.31,1,7,,bijan-robinson.php,,,99.0,,,,,,11.0,Bijan Robinson,2026-05-29,ATL
/nfl/rankings/dynasty-overall.php,dynasty-overall,do,Jahmyr Gibbs,22968,RB,DET,5.36,0.89,3,7,,jahmyr-gibbs.php,,,99.0,,,,,,6.0,Jahmyr Gibbs,2026-05-29,DET
/nfl/rankings/dynasty-overall.php,dynasty-overall,do,Justin Jefferson,19236,WR,MIN,6.52,2.1,4,11,,justin-jefferson.php,,,98.9,,,,,,6.0,Justin Jefferson,2026-05-29,MIN
/nfl/rankings/dynasty-overall.php,dynasty-overall,do,CeeDee Lamb,19202,WR,DAL,7.56,2.3,4,13,,ceedee-lamb.php,,,99.0,,,,,-1.0,14.0,CeeDee Lamb,2026-05-29,DAL
/nfl/rankings/dynasty-overall.php,dynasty-overall,do,Amon-Ra St. Brown,19799,WR,DET,8.16,1.49,4,10,,amonra-stbrown.php,,,99.0,,,,,,6.0,Amon-Ra St Brown,2026-05-29,DET
/nfl/rankings/dynasty-overall.php,dynasty-overall,do,Malik Nabers,25409,WR,NYG,8.6,2.02,4,12,,malik-nabers.php,,,98.5,,,,,,8.0,Malik Nabers,2026-05-29,NYG
/nfl/rankings/dynasty-overall.php,dynasty-overall,do,Ashton Jeanty,25989,RB,LV,9.68,1.64,7,14,,ashton-jeanty.php,,,98.8,,,,,,13.0,Ashton Jeanty,2026-05-29,LVR
/nfl/rankings/dynasty-overall.php,dynasty-overall,do,Jeremiyah Love,25403,RB,ARI,11.96,2.2,9,16,,jeremiyah-love.php,,,96.2,,,,,1.0,14.0,Jeremiyah Love,2026-05-29,ARI
/nfl/rankings/dynasty-overall.php,dynasty-overall,do,Drake London,23163,WR,ATL,12.48,1.77,10,16,,drake-london.php,,,98.8,,,,,,11.0,Drake London,2026-05-29,ATL
/nfl/rankings/dynasty-overall.php,dynasty-overall,do,De'Von Achane,23136,RB,MIA,13.48,2.73,9,19,,devon-achane.php,,,98.9,,,,,-1.0,6.0,DeVon Achane,2026-05-29,MIA
/nfl/rankings/dynasty-overall.php,dynasty-overall,do,Tetairoa McMillan,25417,WR,CAR,17.08,3.4,13,26,,tetairoa-mcmillan.php,,,97.9,,,,,,5.0,Tetairoa McMillan,2026-05-29,CAR
/nfl/rankings/dynasty-overall.php,dynasty-overall,do,Omarion Hampton,25395,RB,LAC,17.56,6.11,12,42,,omarion-hampton.php,,,98.2,,,,,2.0,7.0,Omarion Hampton,2026-05-29,LAC
/nfl/rankings/dynasty-overall.php,dynasty-overall,do,Nico Collins,20130,WR,HOU,18.44,4.18,13,28,,nico-collins.php,,,99.1,,,,,,8.0,Nico Collins,2026-05-29,HOU
/nfl/rankings/dynasty-overall.php,dynasty-overall,do,James Cook III,22958,RB,BUF,19.2,5.1,12,35,,james-cook.php,,,99.4,,,,,-2.0,7.0,James Cook,2026-05-29,BUF
/nfl/rankings/dynasty-overall.php,dynasty-overall,do,Jonathan Taylor,19217,RB,IND,19.96,6.8,12,37,,jonathan-taylor.php,,,99.0,,,,,,13.0,Jonathan Taylor,2026-05-29,IND
/nfl/rankings/dynasty-overall.php,dynasty-overall,do,George Pickens,22963,WR,DAL,20.24,4.04,13,28,,george-pickens.php,,,98.7,,,,,,14.0,George Pickens,2026-05-29,DAL
/nfl/rankings/dynasty-overall.php,dynasty-overall,do,Brock Bowers,22955,TE,LV,20.6,5.15,11,31,,brock-bowers.php,,,98.8,,,,,,13.0,Brock Bowers,2026-05-29,LVR
/nfl/rankings/dynasty-overall.php,dynasty-overall,do,Josh Allen,17298,QB,BUF,21.84,5.07,17,36,,josh-allen-qb.php,,,99.3,,,,,,7.0,Josh Allen,2026-05-29,BUF
/nfl/rankings/dynasty-overall.php,dynasty-overall,do,Emeka Egbuka,23062,WR,TB,23.48,4.9,17,34,,emeka-egbuka.php,,,95.8,,,,,,10.0,Emeka Egbuka,2026-05-29,TBB
/nfl/rankings/dynasty-overall.php,dynasty-overall,do,Chris Olave,20111,WR,NO,25.0,5.25,13,33,,chris-olave.php,,,97.8,,,,,,8.0,Chris Olave,2026-05-29,NOS
/nfl/rankings/dynasty-overall.php,dynasty-overall,do,Trey McBride,22936,TE,ARI,25.28,8.46,10,44,,trey-mcbride.php,,,98.8,,,,,,14.0,Trey McBride,2026-05-29,ARI
/nfl/rankings/dynasty-overall.php,dynasty-overall,do,Garrett Wilson,23072,WR,NYJ,26.08,4.2,17,34,,garrett-wilson.php,,,97.4,,,,,,13.0,Garrett Wilson,2026-05-29,NYJ
/nfl/rankings/dynasty-overall.php,dynasty-overall,do,Drake Maye,23046,QB,NE,28.04,7.86,19,53,,drake-maye.php,,,99.0,,,,,,11.0,Drake Maye,2026-05-29,NEP
/nfl/rankings/dynasty-overall.php,dynasty-overall,do,Kenneth Walker III,23021,RB,KC,29.04,9.93,21,51,,kenneth-walker-rb.php,,,99.0,,,,,,5.0,Kenneth Walker,2026-05-29,KCC
/nfl/rankings/dynasty-overall.php,dynasty-overall,do,Carnell Tate,26009,WR,TEN,29.32,6.51,20,46,,carnell-tate.php,,,92.8,,,,,,9.0,Carnell Tate,2026-05-29,TEN
/nfl/rankings/dynasty-overall.php,dynasty-overall,do,Ladd McConkey,26122,WR,LAC,33.36,9.04,26,66,,ladd-mcconkey.php,,,96.9,,,,,,7.0,Ladd McConkey,2026-05-29,LAC
/nfl/rankings/dynasty-overall.php,dynasty-overall,do,Rashee Rice,23113,WR,KC,34.68,15.7,17,76,,rashee-rice.php,,,97.8,,,,,,5.0,Rashee Rice,2026-05-29,KCC
/nfl/rankings/dynasty-overall.php,dynasty-overall,do,Breece Hall,22982,RB,NYJ,35.36,11.33,21,64,,breece-hall.php,,,97.5,,,,,,13.0,Breece Hall,2026-05-29,NYJ
/nfl/rankings/dynasty-overall.php,dynasty-overall,do,A.J. Brown,18218,WR,PHI,35.76,10.61,21,68,,aj-brown.php,,,98.8,,,,,,10.0,AJ Brown,2026-05-29,PHI
/nfl/rankings/dynasty-overall.php,dynasty-overall,do,Jordyn Tyson,26035,WR,NO,36.36,8.53,24,59,,jordyn-tyson.php,,,88.9,,,,,2.0,8.0,Jordyn Tyson,2026-05-29,NOS
/nfl/rankings/dynasty-overall.php,dynasty-overall,do,Luther Burden III,27016,WR,CHI,37.36,10.83,24,71,,luther-burden-iii.php,,,94.4,,,,,,10.0,Luther Burden,2026-05-29,CHI
/nfl/rankings/dynasty-overall.php,dynasty-overall,do,Jayden Daniels,22902,QB,WAS,37.72,11.82,25,79,,jayden-daniels.php,,,97.6,,,,,1.0,7.0,Jayden Daniels,2026-05-29,WAS
/nfl/rankings/dynasty-overall.php,dynasty-overall,do,DeVonta Smith,19222,WR,PHI,38.0,6.75,27,57,,devonta-smith.php,,,97.6,,,,,,10.0,DeVonta Smith,2026-05-29,PHI
/nfl/rankings/dynasty-overall.php,dynasty-overall,do,Lamar Jackson,17233,QB,BAL,38.52,10.98,28,67,,lamar-jackson.php,,,98.7,,,,,-1.0,13.0,Lamar Jackson,2026-05-29,BAL
/nfl/rankings/dynasty-overall.php,dynasty-overall,do,Colston Loveland,26006,TE,CHI,38.76,7.62,20,49,,colston-loveland.php,,,98.6,,,,,,10.0,Colston Loveland,2026-05-29,CHI
/nfl/rankings/dynasty-overall.php,dynasty-overall,do,Tee Higgins,19211,WR,CIN,39.4,6.18,30,57,,tee-higgins.php,,,97.4,,,,,-3.0,6.0,Tee Higgins,2026-05-29,CIN
/nfl/rankings/dynasty-overall.php,dynasty-overall,do,Makai Lemon,25420,WR,PHI,40.08,8.34,23,59,,makai-lemon.php,,,88.7,,,,,,10.0,Makai Lemon,2026-05-29,PHI
/nfl/rankings/dynasty-overall.php,dynasty-overall,do,Chase Brown,25324,RB,CIN,41.48,7.99,24,55,,chase-brown.php,,,98.3,,,,,,6.0,Chase Brown,2026-05-29,CIN
/nfl/rankings/dynasty-overall.php,dynasty-overall,do,Rome Odunze,25411,WR,CHI,42.16,10.9,30,73,,rome-odunze.php,,,94.1,,,,,,10.0,Rome Odunze,2026-05-29,CHI
/nfl/rankings/dynasty-overall.php,dynasty-overall,do,Zay Flowers,22916,WR,BAL,42.68,10.8,26,67,,zay-flowers.php,,,97.1,,,,,,13.0,Zay Flowers,2026-05-29,BAL
/nfl/rankings/dynasty-overall.php,dynasty-overall,do,Joe Burrow,19196,QB,CIN,43.64,9.43,26,69,,joe-burrow.php,,,96.9,,,,,,6.0,Joe Burrow,2026-05-29,CIN
/nfl/rankings/dynasty-overall.php,dynasty-overall,do,Tyler Warren,26434,TE,IND,46.0,3.42,37,53,,tyler-warren.php,,,98.3,,,,,,13.0,Tyler Warren,2026-05-29,IND
/nfl/rankings/dynasty-overall.php,dynasty-overall,do,Jaylen Waddle,19790,WR,DEN,48.28,11.26,33,71,,jaylen-waddle.php,,,96.1,,,,,,10.0,Jaylen Waddle,2026-05-29,DEN
/nfl/rankings/dynasty-overall.php,dynasty-overall,do,TreVeyon Henderson,23065,RB,NE,49.72,13.08,28,77,,treveyon-henderson.php,,,95.0,,,,,,11.0,TreVeyon Henderson,2026-05-29,NEP
/nfl/rankings/dynasty-overall.php,dynasty-overall,do,Caleb Williams,23084,QB,CHI,50.36,12.2,37,96,,caleb-williams.php,,,94.1,,,,,,10.0,Caleb Williams,2026-05-29,CHI
/nfl/rankings/dynasty-overall.php,dynasty-overall,do,Patrick Mahomes II,16413,QB,KC,51.2,8.49,42,77,,patrick-mahomes.php,,,92.9,,,,,,5.0,Patrick Mahomes,2026-05-29,KCC
/nfl/rankings/dynasty-overall.php,dynasty-overall,do,Marvin Harrison Jr.,23064,WR,ARI,51.28,12.66,31,73,,marvin-harrison-jr.php,,,92.3,,,,,,14.0,Marvin Harrison,2026-05-29,ARI
/nfl/rankings/dynasty-overall.php,dynasty-overall,do,Christian McCaffrey,16393,RB,SF,51.72,9.06,30,67,,christian-mccaffrey.php,,,99.3,,,,,,8.0,Christian McCaffrey,2026-05-29,SFO
/nfl/rankings/dynasty-overall.php,dynasty-overall,do,Tucker Kraft,25298,TE,GB,52.08,5.64,44,69,,tucker-kraft.php,,,92.7,,,,,,11.0,Tucker Kraft,2026-05-29,GBP
/nfl/rankings/dynasty-overall.php,dynasty-overall,do,Harold Fannin Jr.,27050,TE,CLE,53.4,7.99,29,78,,harold-fannin-jr.php,,,95.1,,,,,,11.0,Harold Fannin,2026-05-29,CLE
/nfl/rankings/dynasty-overall.php,dynasty-overall,do,Saquon Barkley,17240,RB,PHI,53.84,8.85,31,66,,saquon-barkley.php,,,99.2,,,,,,10.0,Saquon Barkley,2026-05-29,PHI
/nfl/rankings/dynasty-overall.php,dynasty-overall,do,Jameson Williams,23677,WR,DET,54.4,9.67,36,71,,jameson-williams.php,,,95.5,,,,,,6.0,Jameson Williams,2026-05-29,DET
/nfl/rankings/dynasty-overall.php,dynasty-overall,do,Brian Thomas Jr.,23000,WR,JAC,55.68,12.29,37,76,,brian-thomas-jr.php,,,91.4,,,,,,7.0,Brian Thomas,2026-05-29,JAC
/nfl/rankings/dynasty-overall.php,dynasty-overall,do,Justin Herbert,18635,QB,LAC,56.12,11.29,45,85,,justin-herbert.php,,,91.9,,,,,,7.0,Justin Herbert,2026-05-29,LAC
/nfl/rankings/dynasty-overall.php,dynasty-overall,do,Jalen Hurts,19275,QB,PHI,57.96,10.46,45,87,,jalen-hurts.php,,,97.8,,,,,,10.0,Jalen Hurts,2026-05-29,PHI
/nfl/rankings/dynasty-overall.php,dynasty-overall,do,Quinshon Judkins,25391,RB,CLE,59.88,15.54,37,88,,quinshon-judkins.php,,,95.0,,,,,,11.0,Quinshon Judkins,2026-05-29,CLE
/nfl/rankings/dynasty-overall.php,dynasty-overall,do,Sam LaPorta,22978,TE,DET,60.2,5.97,48,70,,sam-laporta.php,,,95.1,,,,,,6.0,Sam LaPorta,2026-05-29,DET
/nfl/rankings/dynasty-overall.php,dynasty-overall,do,Bucky Irving,25981,RB,TB,62.0,11.3,35,87,,bucky-irving.php,,,96.6,,,,,,10.0,Bucky Irving,2026-05-29,TBB
/nfl/rankings/dynasty-overall.php,dynasty-overall,do,Jaxson Dart,23160,QB,NYG,62.44,13.55,46,117,,jaxson-dart.php,,,95.6,,,,,,8.0,Jaxson Dart,2026-05-29,NYG
/nfl/rankings/dynasty-overall.php,dynasty-overall,do,Travis Etienne Jr.,19231,RB,NO,63.6,6.59,46,80,,travis-etienne.php,,,97.1,,,,,,8.0,Travis Etienne,2026-05-29,NOS
/nfl/rankings/dynasty-overall.php,dynasty-overall,do,Kyle Pitts Sr.,20164,TE,ATL,65.4,8.15,53,92,,kyle-pitts.php,,,95.9,,,,,,11.0,Kyle Pitts,2026-05-29,ATL
/nfl/rankings/dynasty-overall.php,dynasty-overall,do,Trevor Lawrence,19780,QB,JAC,66.12,15.4,45,96,,trevor-lawrence.php,,,92.7,,,,,,7.0,Trevor Lawrence,2026-05-29,JAC
/nfl/rankings/dynasty-overall.php,dynasty-overall,do,Kyren Williams,23059,RB,LAR,66.28,11.23,46,85,,kyren-williams.php,,,97.8,,,,,,11.0,Kyren Williams,2026-05-29,LAR
/nfl/rankings/dynasty-overall.php,dynasty-overall,do,KC Concepcion,27331,WR,CLE,66.6,18.77,37,124,,kevin-concepcion.php,,,70.8,,,,,,11.0,KC Concepcion,2026-05-29,CLE
/nfl/rankings/dynasty-overall.php,dynasty-overall,do,Javonte Williams,22739,RB,DAL,67.88,13.49,40,87,,javonte-williams.php,,,97.1,,,,,,14.0,Javonte Williams,2026-05-29,DAL
/nfl/rankings/dynasty-overall.php,dynasty-overall,do,Brock Purdy,19797,QB,SF,69.68,12.82,60,115,,brock-purdy.php,,,92.3,,,,,,8.0,Brock Purdy,2026-05-29,SFO
/nfl/rankings/dynasty-overall.php,dynasty-overall,do,Cam Skattebo,27166,RB,NYG,71.0,10.36,53,90,,cam-skattebo.php,,,96.9,,,,,,8.0,Cam Skattebo,2026-05-29,NYG
/nfl/rankings/dynasty-overall.php,dynasty-overall,do,Josh Jacobs,18269,RB,GB,71.8,13.34,52,102,,josh-jacobs.php,,,98.5,,,,,,11.0,Josh Jacobs,2026-05-29,GBP
/nfl/rankings/dynasty-overall.php,dynasty-overall,do,Jadarian Price,27329,RB,SEA,71.96,10.9,48,87,,jadarian-price.php,,,89.6,,,,,,11.0,Jadarian Price,2026-05-29,SEA
/nfl/rankings/dynasty-overall.php,dynasty-overall,do,Kenyon Sadiq,26055,TE,NYJ,74.24,11.47,60,116,,kenyon-sadiq.php,,,75.0,,,,,,13.0,Kenyon Sadiq,2026-05-29,NYJ
/nfl/rankings/dynasty-overall.php,dynasty-overall,do,Alec Pierce,23791,WR,IND,75.08,16.81,45,119,,alec-pierce.php,,,91.1,,,,,,13.0,Alec Pierce,2026-05-29,IND
/nfl/rankings/dynasty-overall.php,dynasty-overall,do,Jordan Addison,23107,WR,MIN,76.12,8.82,58,93,,jordan-addison.php,,,88.1,,,,,,6.0,Jordan Addison,2026-05-29,MIN
/nfl/rankings/dynasty-overall.php,dynasty-overall,do,Christian Watson,23886,WR,GB,76.52,14.42,49,102,,christian-watson.php,,,92.0,,,,,,11.0,Christian Watson,2026-05-29,GBP
/nfl/rankings/dynasty-overall.php,dynasty-overall,do,Bo Nix,22910,QB,DEN,77.24,14.21,51,109,,bo-nix.php,,,91.3,,,,,,10.0,Bo Nix,2026-05-29,DEN
/nfl/rankings/dynasty-overall.php,dynasty-overall,do,DJ Moore,17265,WR,BUF,79.6,8.19,66,97,,dj-moore-wr.php,,,94.6,,,,,,7.0,DJ Moore,2026-05-29,BUF
/nfl/rankings/dynasty-overall.php,dynasty-overall,do,Terry McLaurin,18466,WR,WAS,81.4,10.39,67,112,,terry-mclaurin.php,,,95.3,,,,,,7.0,Terry McLaurin,2026-05-29,WAS
/nfl/rankings/dynasty-overall.php,dynasty-overall,do,DK Metcalf,18219,WR,PIT,82.2,8.11,60,99,,dk-metcalf.php,,,93.6,,,,,,9.0,DK Metcalf,2026-05-29,PIT
/nfl/rankings/dynasty-overall.php,dynasty-overall,do,Derrick Henry,15514,RB,BAL,83.48,8.65,64,101,,derrick-henry.php,,,98.4,,,,,,13.0,Derrick Henry,2026-05-29,BAL
/nfl/rankings/dynasty-overall.php,dynasty-overall,do,Eli Stowers,23144,TE,PHI,87.56,17.32,62,123,,eli-stowers.php,,,30.8,,,,,,10.0,Eli Stowers,2026-05-29,PHI
/nfl/rankings/dynasty-overall.php,dynasty-overall,do,Michael Wilson,25333,WR,ARI,87.64,13.48,57,118,,michael-wilson.php,,,90.7,,,,,,14.0,Michael Wilson,2026-05-29,ARI
/nfl/rankings/dynasty-overall.php,dynasty-overall,do,Ricky Pearsall,26214,WR,SF,87.96,10.45,70,112,,ricky-pearsall.php,,,88.3,,,,,,8.0,Ricky Pearsall,2026-05-29,SFO
/nfl/rankings/dynasty-overall.php,dynasty-overall,do,Jordan Love,19246,QB,GB,88.48,17.2,60,143,,jordan-love.php,,,64.8,,,,,,11.0,Jordan Love,2026-05-29,GBP
/nfl/rankings/dynasty-overall.php,dynasty-overall,do,Bhayshul Tuten,27297,RB,JAC,89.16,11.79,61,111,,bhayshul-tuten.php,,,92.2,,,,,,7.0,Bhayshul Tuten,2026-05-29,JAC
/nfl/rankings/dynasty-overall.php,dynasty-overall,do,Omar Cooper Jr.,28127,WR,NYJ,89.24,23.0,57,170,,omar-cooper-jr.php,,,53.2,,,,,,13.0,Omar Cooper,2026-05-29,NYJ
/nfl/rankings/dynasty-overall.php,dynasty-overall,do,Oronde Gadsden II,25997,TE,LAC,90.84,24.11,65,157,,oronde-gadsden-ii.php,,,68.7,,,,,,7.0,Oronde Gadsden,2026-05-29,LAC
/nfl/rankings/dynasty-overall.php,dynasty-overall,do,Dak Prescott,15600,QB,DAL,94.88,20.57,72,170,,dak-prescott.php,,,93.1,,,,,,14.0,Dak Prescott,2026-05-29,DAL
/nfl/rankings/dynasty-overall.php,dynasty-overall,do,D'Andre Swift,19210,RB,CHI,95.64,9.57,80,120,,dandre-swift.php,,,94.0,,,,,,10.0,DAndre Swift,2026-05-29,CHI
/nfl/rankings/dynasty-overall.php,dynasty-overall,do,Xavier Worthy,23019,WR,KC,95.96,16.41,69,140,,xavier-worthy.php,,,82.3,,,,,,5.0,Xavier Worthy,2026-05-29,KCC
/nfl/rankings/dynasty-overall.php,dynasty-overall,do,Courtland Sutton,17253,WR,DEN,96.84,10.89,75,121,,courtland-sutton.php,,,92.8,,,,,,10.0,Courtland Sutton,2026-05-29,DEN
/nfl/rankings/dynasty-overall.php,dynasty-overall,do,Jayden Higgins,27077,WR,HOU,97.52,10.99,75,117,,jayden-higgins.php,,,55.1,,,,,,8.0,Jayden Higgins,2026-05-29,HOU
/nfl/rankings/dynasty-overall.php,dynasty-overall,do,Jake Ferguson,22718,TE,DAL,97.6,17.9,70,142,,jake-ferguson.php,,,90.9,,,,,,14.0,Jake Ferguson,2026-05-29,DAL
/nfl/rankings/dynasty-overall.php,dynasty-overall,do,Denzel Boston,27339,WR,CLE,97.96,23.89,43,151,,denzel-boston.php,,,45.7,,,,,,11.0,Denzel Boston,2026-05-29,CLE
/nfl/rankings/dynasty-overall.php,dynasty-overall,do,Wan'Dale Robinson,22985,WR,TEN,98.32,12.85,72,123,,wandale-robinson.php,,,86.0,,,,,,9.0,WanDale Robinson,2026-05-29,TEN
/nfl/rankings/dynasty-overall.php,dynasty-overall,do,Davante Adams,12123,WR,LAR,98.4,16.49,69,138,,davante-adams.php,,,97.3,,,,,,11.0,Davante Adams,2026-05-29,LAR
/nfl/rankings/dynasty-overall.php,dynasty-overall,do,RJ Harvey,27142,RB,DEN,99.64,13.11,74,125,,rj-harvey.php,,,91.5,,,,,,10.0,RJ Harvey,2026-05-29,DEN
/nfl/rankings/dynasty-overall.php,dynasty-overall,do,Dalton Kincaid,25247,TE,BUF,100.36,19.31,74,140,,dalton-kincaid.php,,,73.0,,,,,,7.0,Dalton Kincaid,2026-05-29,BUF
/nfl/rankings/dynasty-overall.php,dynasty-overall,do,Isaiah Likely,23781,TE,NYG,100.56,20.02,74,141,,isaiah-likely.php,,,86.1,,,,,,8.0,Isaiah Likely,2026-05-29,NYG
/nfl/rankings/dynasty-overall.php,dynasty-overall,do,Michael Pittman Jr.,19278,WR,PIT,101.36,10.96,82,131,,michael-pittman.php,,,90.5,,,,,,9.0,Michael Pittman,2026-05-29,PIT
/nfl/rankings/dynasty-overall.php,dynasty-overall,do,Jakobi Meyers,18598,WR,JAC,102.16,17.9,70,128,,jakobi-meyers.php,,,89.4,,,,,-6.0,7.0,Jakobi Meyers,2026-05-29,JAC
/nfl/rankings/dynasty-overall.php,dynasty-overall,do,Mike Evans,12119,WR,SF,102.16,17.41,76,160,,mike-evans.php,,,93.7,,,,,,8.0,Mike Evans,2026-05-29,SFO
/nfl/rankings/dynasty-overall.php,dynasty-overall,do,Parker Washington,23106,WR,JAC,104.56,15.21,74,134,,parker-washington.php,,,89.8,,,,,,7.0,Parker Washington,2026-05-29,JAC
/nfl/rankings/dynasty-overall.php,dynasty-overall,do,Josh Downs,24706,WR,IND,105.24,17.36,75,141,,josh-downs.php,,,81.7,,,,,,13.0,Josh Downs,2026-05-29,IND
/nfl/rankings/dynasty-overall.php,dynasty-overall,do,George Kittle,16499,TE,SF,105.44,17.32,69,130,,george-kittle.php,,,92.3,,,,,,8.0,George Kittle,2026-05-29,SFO
/nfl/rankings/dynasty-overall.php,dynasty-overall,do,David Montgomery,18239,RB,HOU,108.08,19.03,73,157,,david-montgomery.php,,,93.8,,,,,,8.0,David Montgomery,2026-05-29,HOU
/nfl/rankings/dynasty-overall.php,dynasty-overall,do,Matthew Golden,26024,WR,GB,110.64,11.77,85,134,,matthew-golden.php,,,74.4,,,,,,11.0,Matthew Golden,2026-05-29,GBP
/nfl/rankings/dynasty-overall.php,dynasty-overall,do,Jayden Reed,23020,WR,GB,110.92,10.62,83,135,,jayden-reed.php,,,81.8,,,,,,11.0,Jayden Reed,2026-05-29,GBP
/nfl/rankings/dynasty-overall.php,dynasty-overall,do,Fernando Mendoza,28013,QB,LV,111.64,17.87,84,147,,fernando-mendoza.php,,,42.9,,,,,,13.0,Fernando Mendoza,2026-05-29,LVR
/nfl/rankings/dynasty-overall.php,dynasty-overall,do,Baker Mayfield,17237,QB,TB,114.56,18.97,90,164,,baker-mayfield.php,,,64.9,,,,,,10.0,Baker Mayfield,2026-05-29,TBB
/nfl/rankings/dynasty-overall.php,dynasty-overall,do,Kyle Monangai,27131,RB,CHI,115.68,17.95,87,162,,kyle-monangai.php,,,89.5,,,,,,10.0,Kyle Monangai,2026-05-29,CHI
/nfl/rankings/dynasty-overall.php,dynasty-overall,do,Quentin Johnston,23123,WR,LAC,116.24,13.64,94,150,,quentin-johnston.php,,,81.0,,,,,,7.0,Quentin Johnston,2026-05-29,LAC
/nfl/rankings/dynasty-overall.php,dynasty-overall,do,Chris Godwin Jr.,16406,WR,TB,116.68,13.1,93,150,,chris-godwin.php,,,89.7,,,,,,10.0,Chris Godwin,2026-05-29,TBB
/nfl/rankings/dynasty-overall.php,dynasty-overall,do,Zach Charbonnet,23152,RB,SEA,117.04,16.93,90,149,,zach-charbonnet.php,,,74.7,,,,,,11.0,Zach Charbonnet,2026-05-29,SEA
/nfl/rankings/dynasty-overall.php,dynasty-overall,do,Jaylen Warren,24209,RB,PIT,117.44,16.74,90,148,,jaylen-warren.php,,,91.2,,,,,,9.0,Jaylen Warren,2026-05-29,PIT
/nfl/rankings/dynasty-overall.php,dynasty-overall,do,Jared Goff,15501,QB,DET,120.36,19.47,91,174,,jared-goff.php,,,77.0,,,,,,6.0,Jared Goff,2026-05-29,DET
/nfl/rankings/dynasty-overall.php,dynasty-overall,do,Brenton Strange,25345,TE,JAC,120.72,18.91,77,157,,brenton-strange.php,,,59.6,,,,,,7.0,Brenton Strange,2026-05-29,JAC
/nfl/rankings/dynasty-overall.php,dynasty-overall,do,C.J. Stroud,23071,QB,HOU,120.84,15.91,96,168,,cj-stroud.php,,,48.1,,,,,,8.0,CJ Stroud,2026-05-29,HOU
/nfl/rankings/dynasty-overall.php,dynasty-overall,do,Cam Ward,24755,QB,TEN,121.32,15.08,84,163,,cam-ward.php,,,43.7,,,,,,9.0,Cam Ward,2026-05-29,TEN
/nfl/rankings/dynasty-overall.php,dynasty-overall,do,Travis Hunter,26034,WR,JAC,122.0,31.94,74,197,,travis-hunter.php,,,67.6,,,,,,7.0,Travis Hunter,2026-05-29,JAC
/nfl/rankings/dynasty-overall.php,dynasty-overall,do,Khalil Shakir,23748,WR,BUF,122.64,12.48,97,158,,khalil-shakir.php,,,75.5,,,,,,7.0,Khalil Shakir,2026-05-29,BUF
/nfl/rankings/dynasty-overall.php,dynasty-overall,do,Romeo Doubs,23794,WR,NE,126.68,18.68,99,170,,romeo-doubs.php,,,78.1,,,,,,11.0,Romeo Doubs,2026-05-29,NEP
/nfl/rankings/dynasty-overall.php,dynasty-overall,do,Chuba Hubbard,19792,RB,CAR,129.44,20.14,90,164,,chuba-hubbard.php,,,92.7,,,,,,5.0,Chuba Hubbard,2026-05-29,CAR
/nfl/rankings/dynasty-overall.php,dynasty-overall,do,Blake Corum,23013,RB,LAR,129.56,20.06,98,168,,blake-corum.php,,,86.9,,,,,,11.0,Blake Corum,2026-05-29,LAR
/nfl/rankings/dynasty-overall.php,dynasty-overall,do,Tyler Shough,23096,QB,NO,130.56,14.0,109,175,,tyler-shough.php,,,68.9,,,,,,8.0,Tyler Shough,2026-05-29,NOS
/nfl/rankings/dynasty-overall.php,dynasty-overall,do,Antonio Williams,25418,WR,WAS,130.76,25.6,68,183,,antonio-williams-wr.php,,,29.2,,,,,,7.0,Antonio Williams,2026-05-29,WAS
/nfl/rankings/dynasty-overall.php,dynasty-overall,do,Rico Dowdle,19647,RB,PIT,131.44,14.0,100,160,,rico-dowdle.php,,,91.1,,,,,,9.0,Rico Dowdle,2026-05-29,PIT
/nfl/rankings/dynasty-overall.php,dynasty-overall,do,Kyler Murray,18600,QB,MIN,131.76,14.38,109,178,,kyler-murray.php,,,80.1,,,,,,6.0,Kyler Murray,2026-05-29,MIN
/nfl/rankings/dynasty-overall.php,dynasty-overall,do,Chris Bell,26038,WR,MIA,131.84,23.59,92,193,,chris-bell.php,,,26.9,,,,,,6.0,Chris Bell,2026-05-29,MIA
/nfl/rankings/dynasty-overall.php,dynasty-overall,do,Rhamondre Stevenson,22726,RB,NE,132.0,11.46,101,155,,rhamondre-stevenson.php,,,90.5,,,,,,11.0,Rhamondre Stevenson,2026-05-29,NEP
/nfl/rankings/dynasty-overall.php,dynasty-overall,do,Jonah Coleman,27320,RB,DEN,132.16,27.17,90,178,,jonah-coleman.php,,,43.4,,,,,,10.0,Jonah Coleman,2026-05-29,DEN
/nfl/rankings/dynasty-overall.php,dynasty-overall,do,Brandon Aiyuk,19252,WR,SF,133.8,24.11,93,180,,brandon-aiyuk.php,,,41.7,,,,,,8.0,Brandon Aiyuk,2026-05-29,SFO
/nfl/rankings/dynasty-overall.php,dynasty-overall,do,Sam Darnold,17236,QB,SEA,135.44,11.9,110,162,,sam-darnold.php,,,52.3,,,,,,11.0,Sam Darnold,2026-05-29,SEA
/nfl/rankings/dynasty-overall.php,dynasty-overall,do,Malik Willis,23499,QB,MIA,138.44,12.42,111,174,,malik-willis.php,,,59.4,,,,,,6.0,Malik Willis,2026-05-29,MIA
/nfl/rankings/dynasty-overall.php,dynasty-overall,do,Jalen Coker,26403,WR,CAR,139.48,15.74,119,178,,jalen-coker.php,,,57.9,,,,,,5.0,Jalen Coker,2026-05-29,CAR
/nfl/rankings/dynasty-overall.php,dynasty-overall,do,Germie Bernard,26039,WR,PIT,141.92,22.87,100,194,,germie-bernard.php,,,22.4,,,,,,9.0,Germie Bernard,2026-05-29,PIT
/nfl/rankings/dynasty-overall.php,dynasty-overall,do,Tony Pollard,18705,RB,TEN,142.16,14.2,113,164,,tony-pollard.php,,,90.6,,,,,,9.0,Tony Pollard,2026-05-29,TEN
/nfl/rankings/dynasty-overall.php,dynasty-overall,do,Jauan Jennings,19590,WR,MIN,143.44,25.69,106,212,,jauan-jennings.php,,,46.4,,,,,,6.0,Jauan Jennings,2026-05-29,MIN
/nfl/rankings/dynasty-overall.php,dynasty-overall,do,Dallas Goedert,17270,TE,PHI,144.96,28.35,114,210,,dallas-goedert.php,,,91.0,,,,,,10.0,Dallas Goedert,2026-05-29,PHI
/nfl/rankings/dynasty-overall.php,dynasty-overall,do,Chig Okonkwo,23982,TE,WAS,147.52,21.54,116,188,,chigoziem-okonkwo.php,,,42.8,,,,,,7.0,Chigoziem Okonkwo,2026-05-29,WAS
/nfl/rankings/dynasty-overall.php,dynasty-overall,do,Mark Andrews,17269,TE,BAL,147.72,24.24,114,203,,mark-andrews.php,,,87.0,,,,,,13.0,Mark Andrews,2026-05-29,BAL
/nfl/rankings/dynasty-overall.php,dynasty-overall,do,Daniel Jones,18232,QB,IND,148.08,14.15,110,191,,daniel-jones.php,,,52.6,,,,,,13.0,Daniel Jones,2026-05-29,IND
/nfl/rankings/dynasty-overall.php,dynasty-overall,do,Bryce Young,22900,QB,CAR,149.64,17.95,111,203,,bryce-young.php,,,41.3,,,,,,5.0,Bryce Young,2026-05-29,CAR
/nfl/rankings/dynasty-overall.php,dynasty-overall,do,Rashid Shaheed,24687,WR,SEA,151.36,20.99,120,192,,rashid-shaheed.php,,,52.2,,,,,,11.0,Rashid Shaheed,2026-05-29,SEA
/nfl/rankings/dynasty-overall.php,dynasty-overall,do,Kenneth Gainwell,23310,RB,TB,151.92,15.54,118,185,,kenneth-gainwell.php,,,86.7,,,,,,10.0,Kenneth Gainwell,2026-05-29,TBB
/nfl/rankings/dynasty-overall.php,dynasty-overall,do,Terrance Ferguson,23091,TE,LAR,152.68,21.62,116,197,,terrance-ferguson.php,,,26.9,,,,,,11.0,Terrance Ferguson,2026-05-29,LAR
/nfl/rankings/dynasty-overall.php,dynasty-overall,do,Tre' Harris,26215,WR,LAC,152.84,33.29,115,265,,tre-harris.php,,,23.8,,,,,,7.0,Tre Harris,2026-05-29,LAC
/nfl/rankings/dynasty-overall.php,dynasty-overall,do,Matthew Stafford,9451,QB,LAR,153.64,20.34,136,234,,matthew-stafford.php,,,92.7,,,,,,11.0,Matthew Stafford,2026-05-29,LAR
/nfl/rankings/dynasty-overall.php,dynasty-overall,do,AJ Barner,26335,TE,SEA,154.64,28.18,114,206,,aj-barner.php,,,41.6,,,,,,11.0,AJ Barner,2026-05-29,SEA
/nfl/rankings/dynasty-overall.php,dynasty-overall,do,Jalen McMillan,23179,WR,TB,155.96,27.12,99,241,,jalen-mcmillan.php,,,42.2,,,,,,10.0,Jalen McMillan,2026-05-29,TBB
/nfl/rankings/dynasty-overall.php,dynasty-overall,do,Jacory Croskey-Merritt,27316,RB,WAS,157.48,13.9,133,190,,jacory-croskeymerritt.php,,,79.6,,,,,,7.0,Jacory Croskey-Merritt,2026-05-29,WAS
/nfl/rankings/dynasty-overall.php,dynasty-overall,do,Ty Simpson,25368,QB,LAR,158.04,14.87,142,210,,ty-simpson.php,,,20.6,,,,,,11.0,Ty Simpson,2026-05-29,LAR
/nfl/rankings/dynasty-overall.php,dynasty-overall,do,Jonathon Brooks,26148,RB,CAR,159.28,38.7,91,253,,jonathon-brooks.php,,,61.4,,,,,,5.0,Jonathon Brooks,2026-05-29,CAR
/nfl/rankings/dynasty-overall.php,dynasty-overall,do,Tyler Allgeier,24172,RB,ARI,159.28,19.35,132,197,,tyler-allgeier.php,,,61.7,,,,,,14.0,Tyler Allgeier,2026-05-29,ARI
/nfl/rankings/dynasty-overall.php,dynasty-overall,do,Ted Hurst III,28130,WR,TB,159.41,30.67,100,228,,ted-hurst.php,,,16.2,,,,,,10.0,Ted Hurst,2026-05-29,TBB
/nfl/rankings/dynasty-overall.php,dynasty-overall,do,De'Zhaun Stribling,28138,WR,SF,159.75,30.91,96,229,,dezhaun-stribling.php,,,16.1,,,,,,8.0,DeZhaun Stribling,2026-05-29,SFO
/nfl/rankings/dynasty-overall.php,dynasty-overall,do,Woody Marks,27520,RB,HOU,160.4,24.05,100,200,,woody-marks.php,,,67.6,,,,,,8.0,Woody Marks,2026-05-29,HOU
/nfl/rankings/dynasty-overall.php,dynasty-overall,do,Tyrone Tracy Jr.,22980,RB,NYG,160.88,20.23,120,202,,tyrone-tracy-jr.php,,,49.8,,,,,,8.0,Tyrone Tracy,2026-05-29,NYG
/nfl/rankings/dynasty-overall.php,dynasty-overall,do,J.K. Dobbins,19245,RB,DEN,162.12,16.81,127,219,,jk-dobbins.php,,,89.5,,,,,,10.0,JK Dobbins,2026-05-29,DEN
/nfl/rankings/dynasty-overall.php,dynasty-overall,do,Jaylin Noel,27122,WR,HOU,164.52,33.09,122,279,,jaylin-noel.php,,,18.2,,,,,,8.0,Jaylin Noel,2026-05-29,HOU
/nfl/rankings/dynasty-overall.php,dynasty-overall,do,Elijah Sarratt,27463,WR,BAL,164.82,22.05,122,212,,elijah-sarratt.php,,,19.4,,,,,,13.0,Elijah Sarratt,2026-05-29,BAL
/nfl/rankings/dynasty-overall.php,dynasty-overall,do,Chris Brazzell II,28047,WR,CAR,167.68,27.73,110,229,,chris-brazzell-ii.php,,,17.6,,,,,,5.0,Chris Brazzell,2026-05-29,CAR
/nfl/rankings/dynasty-overall.php,dynasty-overall,do,Juwan Johnson,19562,TE,NO,172.32,24.83,121,220,,juwan-johnson.php,,,59.8,,,,,,8.0,Juwan Johnson,2026-05-29,NOS
/nfl/rankings/dynasty-overall.php,dynasty-overall,do,Travis Kelce,11594,TE,KC,172.56,17.23,153,206,,travis-kelce.php,,,91.9,,,,,,5.0,Travis Kelce,2026-05-29,KCC
/nfl/rankings/dynasty-overall.php,dynasty-overall,do,T.J. Hockenson,18290,TE,MIN,172.88,22.82,121,231,,tj-hockenson.php,,,67.4,,,,,,6.0,TJ Hockenson,2026-05-29,MIN
/nfl/rankings/dynasty-overall.php,dynasty-overall,do,Jordan Mason,22969,RB,MIN,173.6,18.0,140,202,,jordan-mason.php,,,65.2,,,,,,6.0,Jordan Mason,2026-05-29,MIN
/nfl/rankings/dynasty-overall.php,dynasty-overall,do,Nicholas Singleton,24343,RB,TEN,174.48,29.92,118,254,,nick-singleton.php,,,30.7,,,,,,9.0,Nicholas Singleton,2026-05-29,TEN
/nfl/rankings/dynasty-overall.php,dynasty-overall,do,Rachaad White,23891,RB,WAS,175.76,28.33,113,228,,rachaad-white.php,,,78.6,,,,,,7.0,Rachaad White,2026-05-29,WAS
/nfl/rankings/dynasty-overall.php,dynasty-overall,do,Jerry Jeudy,19201,WR,CLE,166.54,23.13,124,225,,jerry-jeudy.php,,,45.9,,,,,,11.0,Jerry Jeudy,2026-05-29,CLE
/nfl/rankings/dynasty-overall.php,dynasty-overall,do,Max Klare,27993,TE,LAR,175.91,28.5,123,237,,max-klare.php,,,16.8,,,,,3.0,11.0,Max Klare,2026-05-29,LAR
/nfl/rankings/dynasty-overall.php,dynasty-overall,do,Malachi Fields,27994,WR,NYG,176.59,41.93,86,278,,malachi-fields.php,,,18.3,,,,,,8.0,Malachi Fields,2026-05-29,NYG
/nfl/rankings/dynasty-overall.php,dynasty-overall,do,Emmett Johnson,28107,RB,KC,180.52,40.41,120,297,,emmett-johnson.php,,,31.8,,,,,,5.0,Emmett Johnson,2026-05-29,KCC
/nfl/rankings/dynasty-overall.php,dynasty-overall,do,Oscar Delp,25430,TE,NO,181.5,32.17,121,245,,oscar-delp.php,,,6.9,,,,,,8.0,Oscar Delp,2026-05-29,NOS
/nfl/rankings/dynasty-overall.php,dynasty-overall,do,Chris Rodriguez Jr.,22986,RB,JAC,184.28,18.51,152,220,,chris-rodriguez-jr.php,,,53.9,,,,,,7.0,Chris Rodriguez,2026-05-29,JAC
/nfl/rankings/dynasty-overall.php,dynasty-overall,do,Dylan Sampson,27102,RB,CLE,184.96,20.82,145,242,,dylan-sampson.php,,,37.5,,,,,,11.0,Dylan Sampson,2026-05-29,CLE
/nfl/rankings/dynasty-overall.php,dynasty-overall,do,Skyler Bell,28126,WR,BUF,185.27,30.35,118,240,,skyler-bell.php,,,15.8,,,,,,7.0,Skyler Bell,2026-05-29,BUF
/nfl/rankings/dynasty-overall.php,dynasty-overall,do,Michael Penix Jr.,22973,QB,ATL,186.36,27.3,153,257,,michael-penix-jr.php,,,23.5,,,,,,11.0,Michael Penix,2026-05-29,ATL
/nfl/rankings/dynasty-overall.php,dynasty-overall,do,Tyjae Spears,25323,RB,TEN,186.4,20.25,139,226,,tyjae-spears.php,,,61.1,,,,,,9.0,Tyjae Spears,2026-05-29,TEN
/nfl/rankings/dynasty-overall.php,dynasty-overall,do,Hunter Henry,15561,TE,NE,186.4,22.46,154,260,,hunter-henry.php,,,68.4,,,,,,11.0,Hunter Henry,2026-05-29,NEP
/nfl/rankings/dynasty-overall.php,dynasty-overall,do,Stefon Diggs,13981,WR,FA,168.3,29.74,128,226,,stefon-diggs.php,,,56.1,,,,,,,Stefon Diggs,2026-05-29,FA
/nfl/rankings/dynasty-overall.php,dynasty-overall,do,Pat Bryant,27211,WR,DEN,178.17,30.83,131,270,,pat-bryant.php,,,20.9,,,,,,10.0,Pat Bryant,2026-05-29,DEN
/nfl/rankings/dynasty-overall.php,dynasty-overall,do,Zachariah Branch,25419,WR,ATL,187.43,39.21,108,285,,zachariah-branch.php,,,23.1,,,,,,11.0,Zachariah Branch,2026-05-29,ATL
/nfl/rankings/dynasty-overall.php,dynasty-overall,do,J.J. McCarthy,23018,QB,MIN,187.44,28.0,150,254,,jj-mccarthy.php,,,20.0,,,,,,6.0,JJ McCarthy,2026-05-29,MIN
/nfl/rankings/dynasty-overall.php,dynasty-overall,do,Mike Washington Jr.,28108,RB,LV,188.09,20.26,139,222,,mike-washington-jr.php,,,30.9,,,,,,13.0,Mike Washington,2026-05-29,LVR
/nfl/rankings/dynasty-overall.php,dynasty-overall,do,Troy Franklin,23092,WR,DEN,181.38,22.71,134,224,,troy-franklin.php,,,22.6,,,,,,10.0,Troy Franklin,2026-05-29,DEN
/nfl/rankings/dynasty-overall.php,dynasty-overall,do,Ja'Kobi Lane,27337,WR,BAL,190.7,34.04,131,265,,jakobi-lane.php,,,20.2,,,,,,13.0,JaKobi Lane,2026-05-29,BAL
/nfl/rankings/dynasty-overall.php,dynasty-overall,do,Mason Taylor,26005,TE,NYJ,192.28,38.27,144,308,,mason-taylor.php,,,22.6,,,,,,13.0,Mason Taylor,2026-05-29,NYJ
/nfl/rankings/dynasty-overall.php,dynasty-overall,do,Adonai Mitchell,24357,WR,NYJ,184.25,26.75,159,300,,adonai-mitchell.php,,,23.1,,,,,,13.0,Adonai Mitchell,2026-05-29,NYJ
/nfl/rankings/dynasty-overall.php,dynasty-overall,do,Deebo Samuel Sr.,18244,WR,FA,176.87,28.11,130,259,,deebo-samuel.php,,,42.1,,,,,,,Deebo Samuel,2026-05-29,FA
/nfl/rankings/dynasty-overall.php,dynasty-overall,do,Dalton Schultz,17349,TE,HOU,195.2,31.76,120,255,,dalton-schultz.php,,,38.1,,,,,-3.0,8.0,Dalton Schultz,2026-05-29,HOU
/nfl/rankings/dynasty-overall.php,dynasty-overall,do,Gunnar Helm,27109,TE,TEN,187.25,24.42,129,221,,gunnar-helm.php,,,26.0,,,,,,9.0,Gunnar Helm,2026-05-29,TEN
/nfl/rankings/dynasty-overall.php,dynasty-overall,do,Aaron Jones Sr.,16673,RB,MIN,196.04,19.7,162,254,,aaron-jones.php,,,88.3,,,,,,6.0,Aaron Jones,2026-05-29,MIN
/nfl/rankings/dynasty-overall.php,dynasty-overall,do,Kayshon Boutte,22989,WR,NE,187.88,25.93,152,247,,kayshon-boutte.php,,,30.8,,,,,,11.0,Kayshon Boutte,2026-05-29,NEP
/nfl/rankings/dynasty-overall.php,dynasty-overall,do,Kaytron Allen,24362,RB,WAS,196.88,35.73,136,281,,kaytron-allen.php,,,24.8,,,,,,7.0,Kaytron Allen,2026-05-29,WAS
/nfl/rankings/dynasty-overall.php,dynasty-overall,do,Isaac TeSlaa,27446,WR,DET,185.61,20.61,153,247,,isaac-teslaa.php,,,26.5,,,,,,6.0,Isaac TeSlaa,2026-05-29,DET
/nfl/rankings/dynasty-overall.php,dynasty-overall,do,Tank Dell,25361,WR,HOU,197.38,29.33,146,286,,nathaniel-dell.php,,,30.0,,,,,,8.0,Tank Dell,2026-05-29,HOU
/nfl/rankings/dynasty-overall.php,dynasty-overall,do,Isiah Pacheco,24333,RB,DET,209.96,35.06,158,328,,isiah-pacheco.php,,,59.5,,,,,,6.0,Isiah Pacheco,2026-05-29,DET
/nfl/rankings/dynasty-overall.php,dynasty-overall,do,Braelon Allen,24346,RB,NYJ,210.04,41.97,159,322,,braelon-allen.php,,,34.6,,,,,,13.0,Braelon Allen,2026-05-29,NYJ
/nfl/rankings/dynasty-overall.php,dynasty-overall,do,Kyle Williams,27487,WR,NE,203.04,30.24,142,279,,kyle-williams-wr-2025.php,,,14.6,,,,,,11.0,Kyle Williams,2026-05-29,NEP
/nfl/rankings/dynasty-overall.php,dynasty-overall,do,Elic Ayomanor,27059,WR,TEN,196.48,33.36,151,277,,elic-ayomanor.php,,,18.4,,,,,,9.0,Elic Ayomanor,2026-05-29,TEN
/nfl/rankings/dynasty-overall.php,dynasty-overall,do,David Njoku,16399,TE,LAC,213.16,38.58,123,306,,david-njoku.php,,,34.0,,,,,,7.0,David Njoku,2026-05-29,LAC
/nfl/rankings/dynasty-overall.php,dynasty-overall,do,Chimere Dike,27315,WR,TEN,206.63,24.84,152,270,,chimere-dike.php,,,22.0,,,,,,9.0,Chimere Dike,2026-05-29,TEN
/nfl/rankings/dynasty-overall.php,dynasty-overall,do,Brian Robinson Jr.,20094,RB,ATL,214.76,29.45,164,292,,brian-robinson-jr.php,,,40.0,,,,,,11.0,Brian Robinson,2026-05-29,ATL
/nfl/rankings/dynasty-overall.php,dynasty-overall,do,Shedeur Sanders,25968,QB,CLE,215.28,28.93,167,285,,shedeur-sanders.php,,,23.8,,,,,,11.0,Shedeur Sanders,2026-05-29,CLE
/nfl/rankings/dynasty-overall.php,dynasty-overall,do,Alvin Kamara,16421,RB,NO,216.64,44.69,162,317,,alvin-kamara.php,,,58.1,,,,,,8.0,Alvin Kamara,2026-05-29,NOS
/nfl/rankings/dynasty-overall.php,dynasty-overall,do,Tank Bigsby,22908,RB,PHI,216.84,29.12,177,288,,tank-bigsby.php,,,28.1,,,,,,10.0,Tank Bigsby,2026-05-29,PHI
/nfl/rankings/dynasty-overall.php,dynasty-overall,do,Tyreek Hill,15802,WR,FA,192.91,35.03,106,264,,tyreek-hill.php,,,49.0,,,,,,,Tyreek Hill,2026-05-29,FA
/nfl/rankings/dynasty-overall.php,dynasty-overall,do,Cade Otton,23181,TE,TB,210.25,29.17,160,285,,cade-otton.php,,,26.8,,,,,,10.0,Cade Otton,2026-05-29,TBB
/nfl/rankings/dynasty-overall.php,dynasty-overall,do,Kaleb Johnson,27165,RB,PIT,219.24,36.66,160,300,,kaleb-johnson-rb.php,,,17.6,,,,,,9.0,Kaleb Johnson,2026-05-29,PIT
/nfl/rankings/dynasty-overall.php,dynasty-overall,do,Theo Johnson,23104,TE,NYG,213.17,28.64,159,275,,theo-johnson.php,,,22.0,,,,,,8.0,Theo Johnson,2026-05-29,NYG
/nfl/rankings/dynasty-overall.php,dynasty-overall,do,Tua Tagovailoa,19198,QB,ATL,215.29,26.74,161,269,,tua-tagovailoa.php,,,25.2,,,,,,11.0,Tua Tagovailoa,2026-05-29,ATL
/nfl/rankings/dynasty-overall.php,dynasty-overall,do,Elijah Arroyo,23004,TE,SEA,208.7,22.74,157,255,,elijah-arroyo.php,,,12.7,,,,,,11.0,Elijah Arroyo,2026-05-29,SEA
/nfl/rankings/dynasty-overall.php,dynasty-overall,do,Pat Freiermuth,20163,TE,PIT,208.87,25.87,161,272,,pat-freiermuth.php,,,25.0,,,,,,9.0,Pat Freiermuth,2026-05-29,PIT
/nfl/rankings/dynasty-overall.php,dynasty-overall,do,Demond Claiborne,28084,RB,MIN,225.36,49.95,148,339,,demond-claiborne.php,,,18.0,,,,,,6.0,Demond Claiborne,2026-05-29,MIN
/nfl/rankings/dynasty-overall.php,dynasty-overall,do,Tory Horton,26022,WR,SEA,213.61,45.94,160,398,,tory-horton.php,,,20.3,,,,,,11.0,Tory Horton,2026-05-29,SEA
/nfl/rankings/dynasty-overall.php,dynasty-overall,do,Calvin Ridley,17258,WR,TEN,205.18,34.74,118,253,,calvin-ridley.php,,,37.7,,,,,,9.0,Calvin Ridley,2026-05-29,TEN
/nfl/rankings/dynasty-overall.php,dynasty-overall,do,Keon Coleman,26019,WR,BUF,212.27,29.9,149,270,,keon-coleman.php,,,16.3,,,,,,7.0,Keon Coleman,2026-05-29,BUF
/nfl/rankings/dynasty-overall.php,dynasty-overall,do,Trey Benson,25388,RB,ARI,225.48,54.43,148,336,,trey-benson.php,,,23.1,,,,,,14.0,Trey Benson,2026-05-29,ARI
/nfl/rankings/dynasty-overall.php,dynasty-overall,do,Eli Raridon,28154,TE,NE,192.21,57.05,117,353,,eli-raridon.php,,,4.5,,,,,,11.0,Eli Raridon,2026-05-29,NEP
/nfl/rankings/dynasty-overall.php,dynasty-overall,do,Jack Bech,27224,WR,LV,203.0,30.34,137,260,,jack-bech.php,,,16.6,,,,,,13.0,Jack Bech,2026-05-29,LVR
/nfl/rankings/dynasty-overall.php,dynasty-overall,do,Darnell Mooney,19810,WR,NYG,212.67,22.4,179,265,,darnell-mooney.php,,,21.7,,,,,,8.0,Darnell Mooney,2026-05-29,NYG
/nfl/rankings/dynasty-overall.php,dynasty-overall,do,Keaton Mitchell,25360,RB,LAC,229.0,40.87,140,313,,keaton-mitchell.php,,,39.7,,,,,,7.0,Keaton Mitchell,2026-05-29,LAC
/nfl/rankings/dynasty-overall.php,dynasty-overall,do,Adam Randall,24367,RB,BAL,243.33,43.44,174,345,,adam-randall.php,,,8.1,,,,,,13.0,Adam Randall,2026-05-29,BAL
/nfl/rankings/dynasty-overall.php,dynasty-overall,do,Geno Smith,11687,QB,NYJ,231.09,22.16,205,300,,geno-smith.php,,,25.3,,,,,,13.0,Geno Smith,2026-05-29,NYJ
/nfl/rankings/dynasty-overall.php,dynasty-overall,do,Kimani Vidal,26355,RB,LAC,231.57,31.18,179,303,,kimani-vidal.php,,,25.1,,,,,,7.0,Kimani Vidal,2026-05-29,LAC
/nfl/rankings/dynasty-overall.php,dynasty-overall,do,Ray Davis,26191,RB,BUF,240.25,35.77,175,313,,ray-davis.php,,,20.9,,,,,,7.0,Ray Davis,2026-05-29,BUF
/nfl/rankings/dynasty-overall.php,dynasty-overall,do,Malik Washington,26314,WR,MIA,227.82,27.84,171,278,,malik-washington.php,,,20.5,,,,,,6.0,Malik Washington,2026-05-29,MIA
/nfl/rankings/dynasty-overall.php,dynasty-overall,do,Dontayvion Wicks,24354,WR,PHI,216.55,19.32,183,281,,dontayvion-wicks.php,,,15.0,,,,,,10.0,Dontayvion Wicks,2026-05-29,PHI
/nfl/rankings/dynasty-overall.php,dynasty-overall,do,James Conner,16447,RB,ARI,250.42,49.75,190,385,,james-conner.php,,,41.1,,,,,,14.0,James Conner,2026-05-29,ARI
/nfl/rankings/dynasty-overall.php,dynasty-overall,do,Emanuel Wilson,25885,RB,SEA,245.87,42.51,185,342,,emanuel-wilson.php,,,30.0,,,,,,11.0,Emanuel Wilson,2026-05-29,SEA
/nfl/rankings/dynasty-overall.php,dynasty-overall,do,Anthony Richardson Sr.,24347,QB,IND,231.62,33.71,167,328,,anthony-richardson.php,,,16.2,,,,,,13.0,Anthony Richardson,2026-05-29,IND
/nfl/rankings/dynasty-overall.php,dynasty-overall,do,Jaylen Wright,25987,RB,MIA,249.04,37.95,185,358,,jaylen-wright.php,,,18.1,,,,,,6.0,Jaylen Wright,2026-05-29,MIA
/nfl/rankings/dynasty-overall.php,dynasty-overall,do,Sean Tucker,23679,RB,TB,257.08,38.23,203,346,,sean-tucker.php,,,22.5,,,,,,10.0,Sean Tucker,2026-05-29,TBB
/nfl/rankings/dynasty-overall.php,dynasty-overall,do,Justin Joly,28079,TE,DEN,219.68,55.08,130,322,,justin-joly.php,,,9.8,,,,,,10.0,Justin Joly,2026-05-29,DEN
/nfl/rankings/dynasty-overall.php,dynasty-overall,do,Aaron Rodgers,9001,QB,PIT,245.05,29.36,188,350,,aaron-rodgers.php,,,27.3,,,,,,9.0,Aaron Rodgers,2026-05-29,PIT
/nfl/rankings/dynasty-overall.php,dynasty-overall,do,Tre Tucker,25337,WR,LV,230.6,32.49,146,299,,tre-tucker.php,,,28.8,,,,,,13.0,Tre Tucker,2026-05-29,LVR
/nfl/rankings/dynasty-overall.php,dynasty-overall,do,Ollie Gordon II,25984,RB,MIA,253.0,34.2,203,361,,ollie-gordon.php,,,9.9,,,,,,6.0,Ollie Gordon,2026-05-29,MIA
/nfl/rankings/dynasty-overall.php,dynasty-overall,do,Rashod Bateman,19794,WR,BAL,227.47,18.08,209,280,,rashod-bateman.php,,,13.0,,,,,,13.0,Rashod Bateman,2026-05-29,BAL
/nfl/rankings/dynasty-overall.php,dynasty-overall,do,Marvin Mims Jr.,23080,WR,DEN,237.95,44.96,180,355,,marvin-mims.php,,,14.8,,,,,,10.0,Marvin Mims,2026-05-29,DEN
/nfl/rankings/dynasty-overall.php,dynasty-overall,do,Devin Neal,23682,RB,NO,248.14,38.94,185,315,,devin-neal.php,,,15.1,,,,,,8.0,Devin Neal,2026-05-29,NOS
/nfl/rankings/dynasty-overall.php,dynasty-overall,do,Michael Mayer,23056,TE,LV,243.15,30.68,198,294,,michael-mayer.php,,,16.2,,,,,,13.0,Michael Mayer,2026-05-29,LVR
/nfl/rankings/dynasty-overall.php,dynasty-overall,do,Seth McGowan,23079,RB,IND,275.9,44.56,182,385,,seth-mcgowan.php,,,3.1,,,,,,13.0,Seth McGowan,2026-05-29,IND
/nfl/rankings/dynasty-overall.php,dynasty-overall,do,Mac Jones,20156,QB,SF,227.94,29.5,167,270,,mac-jones.php,,,17.3,,,,,,8.0,Mac Jones,2026-05-29,SFO
/nfl/rankings/dynasty-overall.php,dynasty-overall,do,Christian Kirk,17268,WR,SF,246.15,32.69,194,315,,christian-kirk.php,,,18.5,,,,,,8.0,Christian Kirk,2026-05-29,SFO
/nfl/rankings/dynasty-overall.php,dynasty-overall,do,Jacoby Brissett,15642,QB,ARI,234.17,27.86,184,315,,jacoby-brissett.php,,,30.8,,,,,,14.0,Jacoby Brissett,2026-05-29,ARI
/nfl/rankings/dynasty-overall.php,dynasty-overall,do,Jaydon Blue,24344,RB,DAL,270.78,35.89,212,347,,jaydon-blue.php,,,15.6,,,,,,14.0,Jaydon Blue,2026-05-29,DAL
/nfl/rankings/dynasty-overall.php,dynasty-overall,do,Xavier Legette,26136,WR,CAR,239.44,21.41,194,277,,xavier-legette.php,,,6.6,,,,,,5.0,Xavier Legette,2026-05-29,CAR
/nfl/rankings/dynasty-overall.php,dynasty-overall,do,Cedric Tillman,25287,WR,CLE,259.4,46.04,177,364,,cedric-tillman.php,,,3.4,,,,,,11.0,Cedric Tillman,2026-05-29,CLE
/nfl/rankings/dynasty-overall.php,dynasty-overall,do,Kaelon Black,28401,RB,SF,236.82,52.22,166,338,,kaelon-black.php,,,10.4,,,,,,8.0,Kaelon Black,2026-05-29,SFO
/nfl/rankings/dynasty-overall.php,dynasty-overall,do,Bryce Lance,28129,WR,NO,204.93,39.06,127,273,,bryce-lance.php,,,4.3,,,,,,8.0,Bryce Lance,2026-05-29,NOS
/nfl/rankings/dynasty-overall.php,dynasty-overall,do,Carson Beck,22953,QB,ARI,239.35,30.45,167,289,,carson-beck.php,,,13.7,,,,,,14.0,Carson Beck,2026-05-29,ARI
/nfl/rankings/dynasty-overall.php,dynasty-overall,do,Najee Harris,19302,RB,LAC,286.33,41.63,209,381,,najee-harris-rb.php,,,16.2,,,,,,7.0,Najee Harris,2026-05-29,LAC
/nfl/rankings/dynasty-overall.php,dynasty-overall,do,Jalen Nailor,24177,WR,LV,241.29,44.87,174,344,,jalen-nailor.php,,,32.0,,,,,,13.0,Jalen Nailor,2026-05-29,LVR
/nfl/rankings/dynasty-overall.php,dynasty-overall,do,Hollywood Brown,18226,WR,PHI,259.68,51.83,185,394,,marquise-brown.php,,,10.2,,,,,,10.0,Marquise Brown,2026-05-29,PHI
/nfl/rankings/dynasty-overall.php,dynasty-overall,do,Cooper Kupp,16433,WR,SEA,260.37,37.99,228,372,,cooper-kupp.php,,,20.7,,,,,,11.0,Cooper Kupp,2026-05-29,SEA
/nfl/rankings/dynasty-overall.php,dynasty-overall,do,DJ Giddens,27097,RB,IND,281.05,38.99,195,359,,dj-giddens.php,,,6.9,,,,,,13.0,DJ Giddens,2026-05-29,IND
/nfl/rankings/dynasty-overall.php,dynasty-overall,do,Tez Johnson,27147,WR,TB,262.68,37.82,221,360,,tez-johnson.php,,,6.8,,,,,,10.0,Tez Johnson,2026-05-29,TBB
/nfl/rankings/dynasty-overall.php,dynasty-overall,do,Garrett Nussmeier,22998,QB,KC,295.83,30.5,249,341,,garrett-nussmeier.php,,,10.9,,,,,,5.0,Garrett Nussmeier,2026-05-29,KCC
/nfl/rankings/dynasty-overall.php,dynasty-overall,do,Justin Fields,19781,QB,KC,246.94,24.53,205,298,,justin-fields.php,,,17.6,,,,,,5.0,Justin Fields,2026-05-29,KCC
/nfl/rankings/dynasty-overall.php,dynasty-overall,do,Michael Trigg,23167,TE,DAL,297.0,48.87,232,388,,michael-trigg.php,,,14.1,,,,,,14.0,Michael Trigg,2026-05-29,DAL
/nfl/rankings/dynasty-overall.php,dynasty-overall,do,Ryan Flournoy,26398,WR,DAL,253.29,31.99,196,308,,ryan-flournoy.php,,,20.4,,,,,,14.0,Ryan Flournoy,2026-05-29,DAL
/nfl/rankings/dynasty-overall.php,dynasty-overall,do,MarShawn Lloyd,23118,RB,GB,282.57,33.85,219,337,,marshawn-lloyd.php,,,10.2,,,,,,11.0,MarShawn Lloyd,2026-05-29,GBP
/nfl/rankings/dynasty-overall.php,dynasty-overall,do,Jarquez Hunter,24335,RB,LAR,283.19,39.95,219,363,,jarquez-hunter.php,,,5.6,,,,,,11.0,Jarquez Hunter,2026-05-29,LAR
/nfl/rankings/dynasty-overall.php,dynasty-overall,do,Brashard Smith,27259,RB,KC,291.27,38.94,223,364,,brashard-smith.php,,,11.5,,,,,,5.0,Brashard Smith,2026-05-29,KCC
/nfl/rankings/dynasty-overall.php,dynasty-overall,do,Denver Broncos,8090,DST,DEN,230.79,5.76,219,246,,denver-defense.php,,,92.4,,,,,,10.0,Denver Broncos,2026-05-29,DEN
/nfl/rankings/dynasty-overall.php,dynasty-overall,do,DeMario Douglas,25304,WR,NE,269.17,44.11,214,398,,demario-douglas.php,,,10.0,,,,,,11.0,Demario Douglas,2026-05-29,NEP
/nfl/rankings/dynasty-overall.php,dynasty-overall,do,Keenan Allen,11616,WR,LAC,262.47,46.54,213,374,,keenan-allen.php,,,14.0,,,,,,7.0,Keenan Allen,2026-05-29,LAC
/nfl/rankings/dynasty-overall.php,dynasty-overall,do,J'Mari Taylor,28109,RB,JAC,307.73,28.85,271,368,,jmari-taylor.php,,,5.2,,,,,,7.0,JMari Taylor,2026-05-29,JAC
/nfl/rankings/dynasty-overall.php,dynasty-overall,do,Devaughn Vele,26409,WR,NO,278.95,39.83,240,364,,devaughn-vele.php,,,15.1,,,,,,8.0,Devaughn Vele,2026-05-29,NOS
/nfl/rankings/dynasty-overall.php,dynasty-overall,do,Roman Hemby,25387,RB,LV,309.9,37.47,273,397,,roman-hemby.php,,,0.0,,,,,,13.0,Roman Hemby,2026-05-29,LVR
/nfl/rankings/dynasty-overall.php,dynasty-overall,do,Philadelphia Eagles,8230,DST,PHI,242.86,15.13,221,278,,philadelphia-defense.php,,,81.3,,,,,,10.0,Philadelphia Eagles,2026-05-29,PHI
/nfl/rankings/dynasty-overall.php,dynasty-overall,do,Houston Texans,8120,DST,HOU,242.86,11.75,230,266,,houston-defense.php,,,94.2,,,,,,8.0,Houston Texans,2026-05-29,HOU
/nfl/rankings/dynasty-overall.php,dynasty-overall,do,Deshaun Watson,16398,QB,CLE,244.21,27.22,192,284,,deshaun-watson.php,,,18.7,,,,,,11.0,Deshaun Watson,2026-05-29,CLE
/nfl/rankings/dynasty-overall.php,dynasty-overall,do,Brenen Thompson,28133,WR,LAC,232.38,41.89,179,345,,brenen-thompson.php,,,6.5,,,,,,7.0,Brenen Thompson,2026-05-29,LAC
/nfl/rankings/dynasty-overall.php,dynasty-overall,do,Kendre Miller,24360,RB,NO,296.48,44.82,220,363,,kendre-miller.php,,,8.7,,,,,,8.0,Kendre Miller,2026-05-29,NOS
/nfl/rankings/dynasty-overall.php,dynasty-overall,do,Jalen Royals,27076,WR,KC,272.29,26.73,240,351,,jalen-royals.php,,,3.0,,,,,,5.0,Jalen Royals,2026-05-29,KCC
/nfl/rankings/dynasty-overall.php,dynasty-overall,do,Greg Dulcich,23153,TE,MIA,245.71,42.23,155,311,,greg-dulcich.php,,,15.6,,,,,,6.0,Greg Dulcich,2026-05-29,MIA
/nfl/rankings/dynasty-overall.php,dynasty-overall,do,Jalen Milroe,22884,QB,SEA,265.63,21.08,244,332,,jalen-milroe.php,,,7.9,,,,,,11.0,Jalen Milroe,2026-05-29,SEA
/nfl/rankings/dynasty-overall.php,dynasty-overall,do,Evan Engram,16411,TE,DEN,274.88,37.78,202,354,,evan-engram.php,,,18.9,,,,,,10.0,Evan Engram,2026-05-29,DEN
/nfl/rankings/dynasty-overall.php,dynasty-overall,do,Isaiah Bond,24371,WR,CLE,290.0,44.75,241,381,,isaiah-bond.php,,,6.0,,,,,,11.0,Isaiah Bond,2026-05-29,CLE
/nfl/rankings/dynasty-overall.php,dynasty-overall,do,Brandon Aubrey,26068,K,DAL,248.85,12.61,226,287,,brandon-aubrey.php,,,96.3,,,,,,14.0,Brandon Aubrey,2026-05-29,DAL
/nfl/rankings/dynasty-overall.php,dynasty-overall,do,Jordan James,27310,RB,SF,285.41,35.46,228,335,,jordan-james.php,,,16.4,,,,,,8.0,Jordan James,2026-05-29,SFO
/nfl/rankings/dynasty-overall.php,dynasty-overall,do,Pittsburgh Steelers,8240,DST,PIT,261.86,25.67,222,323,,pittsburgh-defense.php,,,66.0,,,,,,9.0,Pittsburgh Steelers,2026-05-29,PIT
/nfl/rankings/dynasty-overall.php,dynasty-overall,do,Isaiah Davis,25977,RB,NYJ,298.58,32.01,227,356,,isaiah-davis.php,,,5.8,,,,,,13.0,Isaiah Davis,2026-05-29,NYJ
/nfl/rankings/dynasty-overall.php,dynasty-overall,do,Kevin Coleman Jr.,28067,WR,MIA,241.17,31.85,191,300,,kevin-coleman-jr.php,,,2.5,,,,,,6.0,Kevin Coleman,2026-05-29,MIA
/nfl/rankings/dynasty-overall.php,dynasty-overall,do,Ben Sinnott,26310,TE,WAS,273.13,48.52,205,357,,ben-sinnott.php,,,4.7,,,,,,7.0,Ben Sinnott,2026-05-29,WAS
/nfl/rankings/dynasty-overall.php,dynasty-overall,do,Kirk Cousins,11177,QB,LV,264.36,29.27,243,361,,kirk-cousins.php,,,19.6,,,,,,13.0,Kirk Cousins,2026-05-29,LVR
/nfl/rankings/dynasty-overall.php,dynasty-overall,do,Cam Little,26475,K,JAC,255.54,19.61,229,308,,cam-little.php,,,83.7,,,,,1.0,7.0,Cam Little,2026-05-29,JAC
/nfl/rankings/dynasty-overall.php,dynasty-overall,do,Los Angeles Rams,8280,DST,LAR,268.43,19.99,242,303,,los-angeles-rams-defense.php,,,76.1,,,,,,11.0,Los Angeles Rams,2026-05-29,LAR
/nfl/rankings/dynasty-overall.php,dynasty-overall,do,Mike Gesicki,17272,TE,CIN,278.2,30.27,223,320,,mike-gesicki.php,,,18.5,,,,,,6.0,Mike Gesicki,2026-05-29,CIN
/nfl/rankings/dynasty-overall.php,dynasty-overall,do,Taylen Green,28094,QB,CLE,280.0,25.48,247,338,,taylen-green.php,,,8.0,,,,,,11.0,Taylen Green,2026-05-29,CLE
/nfl/rankings/dynasty-overall.php,dynasty-overall,do,Seattle Seahawks,8260,DST,SEA,264.62,28.35,234,314,,seattle-defense.php,,,95.2,,,,,,11.0,Seattle Seahawks,2026-05-29,SEA
/nfl/rankings/dynasty-overall.php,dynasty-overall,do,Detroit Lions,8100,DST,DET,275.71,31.33,225,347,,detroit-defense.php,,,39.6,,,,,3.0,6.0,Detroit Lions,2026-05-29,DET
/nfl/rankings/dynasty-overall.php,dynasty-overall,do,Drew Allar,24345,QB,PIT,284.4,34.28,231,338,,drew-allar.php,,,3.7,,,,,,9.0,Drew Allar,2026-05-29,PIT
/nfl/rankings/dynasty-overall.php,dynasty-overall,do,Eli Heidenreich,28297,RB,PIT,276.29,50.92,189,358,,eli-heidenreich.php,,,3.0,,,,,,9.0,Eli Heidenreich,2026-05-29,PIT
/nfl/rankings/dynasty-overall.php,dynasty-overall,do,Minnesota Vikings,8170,DST,MIN,277.21,19.52,234,307,,minnesota-defense.php,,,63.6,,,,,3.0,6.0,Minnesota Vikings,2026-05-29,MIN
/nfl/rankings/dynasty-overall.php,dynasty-overall,do,Colby Parkinson,19372,TE,LAR,269.38,43.3,183,359,,colby-parkinson.php,,,24.5,,,,,,11.0,Colby Parkinson,2026-05-29,LAR
/nfl/rankings/dynasty-overall.php,dynasty-overall,do,Sam Roush,28161,TE,CHI,278.79,35.13,221,321,,sam-roush.php,,,1.4,,,,,,10.0,Sam Roush,2026-05-29,CHI
/nfl/rankings/dynasty-overall.php,dynasty-overall,do,Cameron Dicker,23901,K,LAC,270.0,24.45,230,324,,cameron-dicker.php,,,93.7,,,,,1.0,7.0,Cameron Dicker,2026-05-29,LAC
/nfl/rankings/dynasty-overall.php,dynasty-overall,do,Will Shipley,22930,RB,PHI,306.5,25.33,257,363,,will-shipley.php,,,3.2,,,,,,10.0,Will Shipley,2026-05-29,PHI
/nfl/rankings/dynasty-overall.php,dynasty-overall,do,Caleb Douglas,28135,WR,MIA,259.83,38.07,191,315,,caleb-douglas.php,,,5.2,,,,,,6.0,Caleb Douglas,2026-05-29,MIA
/nfl/rankings/dynasty-overall.php,dynasty-overall,do,Will Reichard,26341,K,MIN,259.83,21.57,228,318,,will-reichard.php,,,22.5,,,,,,6.0,Will Reichard,2026-05-29,MIN
/nfl/rankings/dynasty-overall.php,dynasty-overall,do,Quinn Ewers,23680,QB,MIA,280.21,27.19,223,333,,quinn-ewers.php,,,7.2,,,,,,6.0,Quinn Ewers,2026-05-29,MIA
/nfl/rankings/dynasty-overall.php,dynasty-overall,do,Tahj Brooks,26212,RB,CIN,302.65,21.15,262,338,,tahj-brooks.php,,,2.6,,,,,,6.0,Tahj Brooks,2026-05-29,CIN
/nfl/rankings/dynasty-overall.php,dynasty-overall,do,Ja'Tavion Sanders,24334,TE,CAR,283.36,33.51,208,344,,jatavion-sanders.php,,,7.8,,,,,,5.0,JaTavion Sanders,2026-05-29,CAR
/nfl/rankings/dynasty-overall.php,dynasty-overall,do,Isaac Guerendo,26392,RB,SF,309.72,38.64,232,397,,isaac-guerendo.php,,,3.4,,,,,,8.0,Isaac Guerendo,2026-05-29,SFO
/nfl/rankings/dynasty-overall.php,dynasty-overall,do,Darnell Washington,22967,TE,PIT,265.17,47.99,199,330,,darnell-washington.php,,,14.8,,,,,,9.0,Darnell Washington,2026-05-29,PIT
/nfl/rankings/dynasty-overall.php,dynasty-overall,do,Trevor Etienne,25393,RB,CAR,302.81,36.29,234,387,,trevor-etienne.php,,,3.8,,,,,,5.0,Trevor Etienne,2026-05-29,CAR
/nfl/rankings/dynasty-overall.php,dynasty-overall,do,Cade Klubnik,24361,QB,NYJ,282.0,23.9,251,330,,cade-klubnik.php,,,8.8,,,,,,13.0,Cade Klubnik,2026-05-29,NYJ
/nfl/rankings/dynasty-overall.php,dynasty-overall,do,Chris Boswell,13029,K,PIT,283.31,23.8,244,343,,chris-boswell.php,,,42.5,,,,,,9.0,Chris Boswell,2026-05-29,PIT
/nfl/rankings/dynasty-overall.php,dynasty-overall,do,Harrison Butker,16712,K,KC,273.67,36.69,235,359,,harrison-butker.php,,,39.5,,,,,,5.0,Harrison Butker,2026-05-29,KCC
/nfl/rankings/dynasty-overall.php,dynasty-overall,do,Jason Myers,14003,K,SEA,283.85,35.87,243,353,,jason-myers.php,,,89.9,,,,,-3.0,11.0,Jason Myers,2026-05-29,SEA
/nfl/rankings/dynasty-overall.php,dynasty-overall,do,Kansas City Chiefs,8150,DST,KC,285.31,25.12,233,330,,kansas-city-defense.php,,,25.1,,,,,4.0,5.0,Kansas City Chiefs,2026-05-29,KCC
/nfl/rankings/dynasty-overall.php,dynasty-overall,do,Jake Tonges,24778,TE,SF,266.64,48.06,212,352,,jake-tonges.php,,,26.3,,,,,,8.0,Jake Tonges,2026-05-29,SFO
/nfl/rankings/dynasty-overall.php,dynasty-overall,do,Ka'imi Fairbairn,15756,K,HOU,278.42,22.67,239,324,,kaimi-fairbairn.php,,,86.5,,,,,3.0,8.0,Kaimi Fairbairn,2026-05-29,HOU
/nfl/rankings/dynasty-overall.php,dynasty-overall,do,Wil Lutz,16026,K,DEN,288.23,23.97,262,340,,wil-lutz.php,,,7.5,,,,,,10.0,Wil Lutz,2026-05-29,DEN
/nfl/rankings/dynasty-overall.php,dynasty-overall,do,Baltimore Ravens,8020,DST,BAL,297.14,25.4,248,345,,baltimore-defense.php,,,42.7,,,,,,13.0,Baltimore Ravens,2026-05-29,BAL
/nfl/rankings/dynasty-overall.php,dynasty-overall,do,Tanner Koziol,27499,TE,JAC,290.69,52.39,181,360,,tanner-koziol.php,,,1.1,,,,,,7.0,Tanner Koziol,2026-05-29,JAC
/nfl/rankings/dynasty-overall.php,dynasty-overall,do,Chris Brooks,25823,RB,GB,290.85,42.51,226,390,,christopher-brooks.php,,,7.2,,,,,,11.0,Chris Brooks,2026-05-29,GBP
/nfl/rankings/dynasty-overall.php,dynasty-overall,do,Darius Slayton,18706,WR,NYG,291.77,40.38,234,375,,darius-slayton.php,,,9.3,,,,,,8.0,Darius Slayton,2026-05-29,NYG
/nfl/rankings/dynasty-overall.php,dynasty-overall,do,Jerome Ford,22921,RB,WAS,312.75,43.24,241,392,,jerome-ford.php,,,5.4,,,,,,7.0,Jerome Ford,2026-05-29,WAS
/nfl/rankings/dynasty-overall.php,dynasty-overall,do,Cole Payton,28302,QB,PHI,283.83,31.22,242,333,,cole-payton.php,,,0.7,,,,,,10.0,Cole Payton,2026-05-29,PHI
/nfl/rankings/dynasty-overall.php,dynasty-overall,do,Chase McLaughlin,19058,K,TB,292.85,21.84,257,326,,chase-mclaughlin.php,,,24.3,,,,,-2.0,10.0,Chase McLaughlin,2026-05-29,TBB
/nfl/rankings/dynasty-overall.php,dynasty-overall,do,Green Bay Packers,8110,DST,GB,293.77,24.27,253,337,,green-bay-defense.php,,,36.7,,,,,,11.0,Green Bay Packers,2026-05-29,GBP
/nfl/rankings/dynasty-overall.php,dynasty-overall,do,Evan McPherson,23297,K,CIN,294.23,20.97,250,339,,evan-mcpherson.php,,,44.5,,,,,,6.0,Evan McPherson,2026-05-29,CIN
/nfl/rankings/dynasty-overall.php,dynasty-overall,do,Will Howard,25972,QB,PIT,302.0,23.8,254,340,,will-howard.php,,,9.0,,,,,,9.0,Will Howard,2026-05-29,PIT
/nfl/rankings/dynasty-overall.php,dynasty-overall,do,Cole Kmet,19229,TE,CHI,277.27,41.47,199,339,,cole-kmet.php,,,12.3,,,,,,10.0,Cole Kmet,2026-05-29,CHI
/nfl/rankings/dynasty-overall.php,dynasty-overall,do,Andrei Iosivas,25335,WR,CIN,289.17,31.75,238,352,,andrei-iosivas.php,,,8.2,,,,,,6.0,Andrei Iosivas,2026-05-29,CIN
/nfl/rankings/dynasty-overall.php,dynasty-overall,do,Jake Moody,24009,K,WAS,281.45,30.43,238,364,,jake-moody.php,,,2.2,,,,,,7.0,Jake Moody,2026-05-29,WAS
/nfl/rankings/dynasty-overall.php,dynasty-overall,do,Jameis Winston,13891,QB,NYG,286.18,26.17,256,329,,jameis-winston.php,,,9.2,,,,,,8.0,Jameis Winston,2026-05-29,NYG
/nfl/rankings/dynasty-overall.php,dynasty-overall,do,LeQuint Allen Jr.,27285,RB,JAC,321.88,33.27,250,367,,lequint-allen-jr.php,,,10.9,,,,,,7.0,LeQuint Allen,2026-05-29,JAC
/nfl/rankings/dynasty-overall.php,dynasty-overall,do,Marcus Mariota,13890,QB,WAS,279.0,23.47,254,324,,marcus-mariota.php,,,9.8,,,,,,7.0,Marcus Mariota,2026-05-29,WAS
/nfl/rankings/dynasty-overall.php,dynasty-overall,do,Joshua Karty,26478,K,ARI,290.09,28.62,237,365,,joshua-karty.php,,,0.7,,,,,2.0,14.0,Joshua Karty,2026-05-29,ARI
/nfl/rankings/dynasty-overall.php,dynasty-overall,do,Devin Singletary,18280,RB,NYG,314.21,26.21,267,368,,devin-singletary.php,,,3.4,,,,,,8.0,Devin Singletary,2026-05-29,NYG
/nfl/rankings/dynasty-overall.php,dynasty-overall,do,Dont'e Thornton Jr.,27288,WR,LV,304.33,42.75,244,370,,donte-thornton-jr.php,,,4.3,,,,,,13.0,Donte Thornton,2026-05-29,LVR
/nfl/rankings/dynasty-overall.php,dynasty-overall,do,Joshua Palmer,22845,WR,BUF,304.83,54.48,213,377,,josh-palmer.php,,,1.9,,,,,,7.0,Josh Palmer,2026-05-29,BUF
/nfl/rankings/dynasty-overall.php,dynasty-overall,do,Luke McCaffrey,26328,WR,WAS,304.92,44.47,254,376,,luke-mccaffrey.php,,,3.1,,,,,,7.0,Luke McCaffrey,2026-05-29,WAS
/nfl/rankings/dynasty-overall.php,dynasty-overall,do,Jacksonville Jaguars,8140,DST,JAC,279.67,39.47,228,337,,jacksonville-defense.php,,,65.5,,,,,-2.0,7.0,Jacksonville Jaguars,2026-05-29,JAC
/nfl/rankings/dynasty-overall.php,dynasty-overall,do,Jalen Tolbert,23770,WR,MIA,293.5,37.83,243,358,,jalen-tolbert.php,,,8.0,,,,,,6.0,Jalen Tolbert,2026-05-29,MIA
/nfl/rankings/dynasty-overall.php,dynasty-overall,do,Jake Bates,26075,K,DET,303.55,19.34,265,331,,jake-bates.php,,,42.9,,,,,,6.0,Jake Bates,2026-05-29,DET
/nfl/rankings/dynasty-overall.php,dynasty-overall,do,Joe Mixon,16420,RB,FA,298.0,29.38,251,339,,joe-mixon.php,,,15.9,,,,,,,Joe Mixon,2026-05-29,FA
/nfl/rankings/dynasty-overall.php,dynasty-overall,do,Savion Williams,27144,WR,GB,298.6,32.08,251,352,,savion-williams.php,,,2.0,,,,,,11.0,Savion Williams,2026-05-29,GBP
/nfl/rankings/dynasty-overall.php,dynasty-overall,do,Tyler Loop,27534,K,BAL,273.75,22.73,251,316,,tyler-loop.php,,,55.2,,,,,-1.0,13.0,Tyler Loop,2026-05-29,BAL
/nfl/rankings/dynasty-overall.php,dynasty-overall,do,Joe Milton III,25967,QB,DAL,302.6,30.13,257,345,,joe-milton.php,,,5.4,,,,,,14.0,Joe Milton,2026-05-29,DAL
/nfl/rankings/dynasty-overall.php,dynasty-overall,do,Deion Burks,27093,WR,IND,294.11,44.24,221,351,,deion-burks.php,,,0.7,,,,,,13.0,Deion Burks,2026-05-29,IND
/nfl/rankings/dynasty-overall.php,dynasty-overall,do,Marlin Klein,28157,TE,HOU,305.5,35.13,247,357,,marlin-klein.php,,,2.6,,,,,,8.0,Marlin Klein,2026-05-29,HOU
/nfl/rankings/dynasty-overall.php,dynasty-overall,do,Tyquan Thornton,22913,WR,KC,297.56,39.13,239,377,,tyquan-thornton.php,,,6.8,,,,,,5.0,Tyquan Thornton,2026-05-29,KCC
/nfl/rankings/dynasty-overall.php,dynasty-overall,do,Buffalo Bills,8030,DST,BUF,269.71,19.7,247,301,,buffalo-defense.php,,,32.7,,,,,3.0,7.0,Buffalo Bills,2026-05-29,BUF
/nfl/rankings/dynasty-overall.php,dynasty-overall,do,New England Patriots,8180,DST,NE,301.22,13.13,279,325,,new-england-defense.php,,,80.9,,,,,4.0,11.0,New England Patriots,2026-05-29,NEP
/nfl/rankings/dynasty-overall.php,dynasty-overall,do,Justice Hill,18256,RB,BAL,329.83,20.42,301,369,,justice-hill.php,,,10.7,,,,,,13.0,Justice Hill,2026-05-29,BAL
/nfl/rankings/dynasty-overall.php,dynasty-overall,do,Jack Endries,27501,TE,CIN,306.89,48.94,231,366,,jack-endries.php,,,4.4,,,,,,6.0,Jack Endries,2026-05-29,CIN
/nfl/rankings/dynasty-overall.php,dynasty-overall,do,Jaylin Lane,27454,WR,WAS,307.56,26.6,273,350,,jaylin-lane.php,,,3.7,,,,,,7.0,Jaylin Lane,2026-05-29,WAS
/nfl/rankings/dynasty-overall.php,dynasty-overall,do,Chicago Bears,8050,DST,CHI,282.29,36.5,242,353,,chicago-defense.php,,,16.6,,,,,-4.0,10.0,Chicago Bears,2026-05-29,CHI
/nfl/rankings/dynasty-overall.php,dynasty-overall,do,Tyson Bagent,25321,QB,CHI,298.25,45.76,240,367,,tyson-bagent.php,,,5.5,,,,,,10.0,Tyson Bagent,2026-05-29,CHI
/nfl/rankings/dynasty-overall.php,dynasty-overall,do,Spencer Rattler,23081,QB,NO,309.67,33.21,267,366,,spencer-rattler.php,,,2.4,,,,,,8.0,Spencer Rattler,2026-05-29,NOS
/nfl/rankings/dynasty-overall.php,dynasty-overall,do,Calvin Austin III,23739,WR,NYG,300.5,42.47,248,382,,calvin-austin.php,,,5.0,,,,,,8.0,Calvin Austin,2026-05-29,NYG
/nfl/rankings/dynasty-overall.php,dynasty-overall,do,John Metchie III,22895,WR,CAR,313.33,36.61,260,370,,john-metchie.php,,,2.5,,,,,,5.0,John Metchie,2026-05-29,CAR
/nfl/rankings/dynasty-overall.php,dynasty-overall,do,Riley Leonard,25373,QB,IND,315.0,21.79,273,342,,riley-leonard.php,,,9.3,,,,,,13.0,Riley Leonard,2026-05-29,IND
/nfl/rankings/dynasty-overall.php,dynasty-overall,do,Cleveland Browns,8070,DST,CLE,316.11,16.24,279,340,,cleveland-defense.php,,,36.6,,,,,,11.0,Cleveland Browns,2026-05-29,CLE
/nfl/rankings/dynasty-overall.php,dynasty-overall,do,Jordan Whittington,23135,WR,LAR,332.27,46.57,262,399,,jordan-whittington.php,,,1.1,,,,,,11.0,Jordan Whittington,2026-05-29,LAR
/nfl/rankings/dynasty-overall.php,dynasty-overall,do,Los Angeles Chargers,8250,DST,LAC,308.88,16.83,278,332,,los-angeles-chargers-defense.php,,,48.3,,,,,,7.0,Los Angeles Chargers,2026-05-29,LAC
/nfl/rankings/dynasty-overall.php,dynasty-overall,do,San Francisco 49ers,8270,DST,SF,282.5,33.13,248,328,,san-francisco-defense.php,,,27.5,,,,,-7.0,8.0,San Francisco 49ers,2026-05-29,SFO
/nfl/rankings/dynasty-overall.php,dynasty-overall,do,Tanner McKee,24740,QB,PHI,313.25,25.22,275,370,,tanner-mckee.php,,,3.5,,,,,,10.0,Tanner McKee,2026-05-29,PHI
/nfl/rankings/dynasty-overall.php,dynasty-overall,do,Kareem Hunt,16425,RB,FA,328.33,27.12,275,381,,kareem-hunt.php,,,3.1,,,,,,,Kareem Hunt,2026-05-29,FA
/nfl/rankings/dynasty-overall.php,dynasty-overall,do,Blake Grupe,25533,K,IND,293.33,9.96,281,312,,blake-grupe.php,,,2.4,,,,,5.0,13.0,Blake Grupe,2026-05-29,IND
/nfl/rankings/dynasty-overall.php,dynasty-overall,do,Jahan Dotson,23101,WR,ATL,309.71,30.41,261,346,,jahan-dotson.php,,,5.8,,,,,,11.0,Jahan Dotson,2026-05-29,ATL
/nfl/rankings/dynasty-overall.php,dynasty-overall,do,Andy Borregales,27291,K,NE,294.83,23.91,274,332,,andres-borregales.php,,,34.0,,,,,-3.0,11.0,Andy Borregales,2026-05-29,NEP
/nfl/rankings/dynasty-overall.php,dynasty-overall,do,New Orleans Saints,8190,DST,NO,295.0,38.66,257,349,,new-orleans-defense.php,,,23.5,,,,,-3.0,8.0,New Orleans Saints,2026-05-29,NOS
/nfl/rankings/dynasty-overall.php,dynasty-overall,do,Jam Miller,27326,RB,NE,298.0,35.27,255,360,,jam-miller.php,,,2.2,,,,,,11.0,Jam Miller,2026-05-29,NEP
/nfl/rankings/dynasty-overall.php,dynasty-overall,do,Jake Elliott,16540,K,PHI,323.63,25.26,288,372,,jake-elliott.php,,,8.7,,,,,5.0,10.0,Jake Elliott,2026-05-29,PHI
/nfl/rankings/dynasty-overall.php,dynasty-overall,do,Noah Fant,17527,TE,NO,313.0,37.6,269,382,,noah-fant.php,,,4.2,,,,,,8.0,Noah Fant,2026-05-29,NOS
/nfl/rankings/dynasty-overall.php,dynasty-overall,do,Zavion Thomas,28132,WR,CHI,300.5,47.79,230,353,,zavion-thomas.php,,,3.3,,,,,,10.0,Zavion Thomas,2026-05-29,CHI
/nfl/rankings/dynasty-overall.php,dynasty-overall,do,Daniel Carlson,17420,K,LV,303.83,26.91,286,363,,daniel-carlson.php,,,1.2,,,,,,13.0,Daniel Carlson,2026-05-29,LVR
/nfl/rankings/dynasty-overall.php,dynasty-overall,do,Matt Hibner,28168,TE,BAL,305.0,41.21,235,345,,matthew-hibner.php,,,1.9,,,,,,13.0,Matt Hibner,2026-05-29,BAL
/nfl/rankings/dynasty-overall.php,dynasty-overall,do,Brandon McManus,13274,K,FA,286.2,13.21,262,302,,brandon-mcmanus.php,,,2.2,,,,,,,Brandon McManus,2026-05-29,FA
/nfl/rankings/dynasty-overall.php,dynasty-overall,do,Konata Mumpfield,27449,WR,LAR,305.5,60.43,234,387,,konata-mumpfield.php,,,2.4,,,,,,11.0,Konata Mumpfield,2026-05-29,LAR
/nfl/rankings/dynasty-overall.php,dynasty-overall,do,Davis Mills,22799,QB,HOU,329.13,32.62,287,386,,davis-mills.php,,,3.2,,,,,,8.0,Davis Mills,2026-05-29,HOU
/nfl/rankings/dynasty-overall.php,dynasty-overall,do,Joe Flacco,9300,QB,CIN,329.75,23.95,282,362,,joe-flacco.php,,,9.4,,,,,,6.0,Joe Flacco,2026-05-29,CIN
/nfl/rankings/dynasty-overall.php,dynasty-overall,do,Audric Estime,23054,RB,NO,330.63,21.61,303,368,,audric-estime.php,,,6.3,,,,,,8.0,Audric Estime,2026-05-29,NOS
/nfl/rankings/dynasty-overall.php,dynasty-overall,do,Malik Davis,24205,RB,DAL,308.33,29.74,277,357,,malik-davis.php,,,4.0,,,,,,14.0,Malik Davis,2026-05-29,DAL
/nfl/rankings/dynasty-overall.php,dynasty-overall,do,Dallas Cowboys,8080,DST,DAL,308.67,28.85,280,361,,dallas-defense.php,,,20.2,,,,,-3.0,14.0,Dallas Cowboys,2026-05-29,DAL
/nfl/rankings/dynasty-overall.php,dynasty-overall,do,New York Giants,8200,DST,NYG,291.0,43.97,224,362,,new-york-giants-defense.php,,,27.5,,,,,-3.0,8.0,New York Giants,2026-05-29,NYG
/nfl/rankings/dynasty-overall.php,dynasty-overall,do,Washington Commanders,8310,DST,WAS,309.5,8.86,296,324,,washington-defense.php,,,17.8,,,,,,7.0,Washington Commanders,2026-05-29,WAS
/nfl/rankings/dynasty-overall.php,dynasty-overall,do,Jason Sanders,17533,K,NYG,310.67,18.46,293,339,,jason-sanders.php,,,5.4,,,,,-8.0,8.0,Jason Sanders,2026-05-29,NYG
/nfl/rankings/dynasty-overall.php,dynasty-overall,do,Cyrus Allen,28424,WR,KC,311.33,35.02,254,351,,cyrus-allen.php,,,1.9,,,,,,5.0,Cyrus Allen,2026-05-29,KCC
/nfl/rankings/dynasty-overall.php,dynasty-overall,do,Elijah Moore,20114,WR,PHI,293.8,39.36,235,355,,elijah-moore.php,,,0.6,,,,,,10.0,Elijah Moore,2026-05-29,PHI
/nfl/rankings/dynasty-overall.php,dynasty-overall,do,CJ Daniels,28125,WR,LAR,325.0,39.05,266,378,,cj-daniels.php,,,2.7,,,,,,11.0,CJ Daniels,2026-05-29,LAR
/nfl/rankings/dynasty-overall.php,dynasty-overall,do,Tyler Higbee,15623,TE,LAR,342.89,35.5,284,388,,tyler-higbee.php,,,6.1,,,,,,11.0,Tyler Higbee,2026-05-29,LAR
/nfl/rankings/dynasty-overall.php,dynasty-overall,do,Treylon Burks,22905,WR,WAS,301.2,51.5,240,373,,treylon-burks.php,,,2.9,,,,,,7.0,Treylon Burks,2026-05-29,WAS
/nfl/rankings/dynasty-overall.php,dynasty-overall,do,Jonnu Smith,16460,TE,FA,301.2,36.32,255,342,,jonnu-smith.php,,,6.3,,,,,,,Jonnu Smith,2026-05-29,FA
/nfl/rankings/dynasty-overall.php,dynasty-overall,do,Nick Chubb,17246,RB,FA,302.0,51.97,231,367,,nick-chubb.php,,,2.3,,,,,,,Nick Chubb,2026-05-29,FA
/nfl/rankings/dynasty-overall.php,dynasty-overall,do,Kendrick Bourne,17066,WR,ARI,302.8,35.35,268,364,,kendrick-bourne.php,,,3.7,,,,,,14.0,Kendrick Bourne,2026-05-29,ARI
/nfl/rankings/dynasty-overall.php,dynasty-overall,do,Dillon Gabriel,23150,QB,CLE,331.0,33.63,268,384,,dillon-gabriel.php,,,0.8,,,,,,11.0,Dillon Gabriel,2026-05-29,CLE
/nfl/rankings/dynasty-overall.php,dynasty-overall,do,Noah Gray,19539,TE,KC,339.75,23.1,294,366,,noah-gray.php,,,7.5,,,,,,5.0,Noah Gray,2026-05-29,KCC
/nfl/rankings/dynasty-overall.php,dynasty-overall,do,Arizona Cardinals,8000,DST,ARI,284.0,30.11,248,319,,arizona-defense.php,,,5.8,,,,,,14.0,Arizona Cardinals,2026-05-29,ARI
/nfl/rankings/dynasty-overall.php,dynasty-overall,do,Luke Musgrave,25282,TE,GB,343.0,18.63,314,373,,luke-musgrave.php,,,7.0,,,,,,11.0,Luke Musgrave,2026-05-29,GBP
/nfl/rankings/dynasty-overall.php,dynasty-overall,do,Russell Wilson,11180,QB,FA,336.14,34.0,283,384,,russell-wilson.php,,,1.6,,,,,,,Russell Wilson,2026-05-29,FA
/nfl/rankings/dynasty-overall.php,dynasty-overall,do,Tyler Bass,19760,K,BUF,326.17,19.16,305,360,,tyler-bass.php,,,10.2,,,,,,7.0,Tyler Bass,2026-05-29,BUF
/nfl/rankings/dynasty-overall.php,dynasty-overall,do,Josh Cameron,28137,WR,JAC,312.0,47.32,226,359,,josh-cameron.php,,,1.4,,,,,,7.0,Josh Cameron,2026-05-29,JAC
/nfl/rankings/dynasty-overall.php,dynasty-overall,do,Eric Rivers Jr.,28128,WR,TB,312.6,47.86,248,368,,eric-rivers.php,,,0.0,,,,,,10.0,Eric Rivers,2026-05-29,TBB
/nfl/rankings/dynasty-overall.php,dynasty-overall,do,Robert Henry Jr.,28404,RB,WAS,327.17,36.64,280,374,,robert-henry-jr.php,,,0.0,,,,,,7.0,Robert Henry,2026-05-29,WAS
/nfl/rankings/dynasty-overall.php,dynasty-overall,do,Jaleel McLaughlin,25876,RB,DEN,337.57,27.48,300,373,,jaleel-mclaughlin.php,,,1.4,,,,,,10.0,Jaleel McLaughlin,2026-05-29,DEN
/nfl/rankings/dynasty-overall.php,dynasty-overall,do,Ja'Lynn Polk,26205,WR,NO,314.6,65.8,213,378,,jalynn-polk.php,,,1.4,,,,,,8.0,JaLynn Polk,2026-05-29,NOS
/nfl/rankings/dynasty-overall.php,dynasty-overall,do,Trey Lance,20082,QB,LAC,329.33,39.06,269,379,,trey-lance.php,,,2.4,,,,,,7.0,Trey Lance,2026-05-29,LAC
/nfl/rankings/dynasty-overall.php,dynasty-overall,do,Will Levis,22987,QB,TEN,331.33,24.32,290,365,,will-levis.php,,,3.9,,,,,,9.0,Will Levis,2026-05-29,TEN
/nfl/rankings/dynasty-overall.php,dynasty-overall,do,Samaje Perine,16423,RB,CIN,319.4,29.9,286,369,,samaje-perine.php,,,5.2,,,,,,6.0,Samaje Perine,2026-05-29,CIN
/nfl/rankings/dynasty-overall.php,dynasty-overall,do,KeAndre Lambert-Smith,24372,WR,LAC,343.14,40.13,269,389,,keandre-lambert-smith.php,,,1.9,,,,,,7.0,KeAndre Lambert-Smith,2026-05-29,LAC
/nfl/rankings/dynasty-overall.php,dynasty-overall,do,George Holani,22915,RB,SEA,337.0,34.44,293,379,,george-holani.php,,,10.7,,,,,,11.0,George Holani,2026-05-29,SEA
/nfl/rankings/dynasty-overall.php,dynasty-overall,do,Zach Ertz,11689,TE,FA,325.4,38.58,263,379,,zach-ertz.php,,,5.5,,,,,,,Zach Ertz,2026-05-29,FA
/nfl/rankings/dynasty-overall.php,dynasty-overall,do,Jalin Hyatt,25251,WR,NYG,307.25,47.43,270,388,,jalin-hyatt.php,,,3.3,,,,,,8.0,Jalin Hyatt,2026-05-29,NYG
/nfl/rankings/dynasty-overall.php,dynasty-overall,do,Tutu Atwell,20126,WR,MIA,347.43,50.91,256,395,,tutu-atwell.php,,,2.5,,,,,,6.0,Tutu Atwell,2026-05-29,MIA
/nfl/rankings/dynasty-overall.php,dynasty-overall,do,DeAndre Hopkins,11606,WR,BAL,347.43,33.33,285,382,,deandre-hopkins.php,,,0.7,,,,,,13.0,DeAndre Hopkins,2026-05-29,BAL
/nfl/rankings/dynasty-overall.php,dynasty-overall,do,Malik Benson,26012,WR,LV,309.5,49.45,244,375,,malik-benson.php,,,0.9,,,,,,13.0,Malik Benson,2026-05-29,LVR
/nfl/rankings/dynasty-overall.php,dynasty-overall,do,Tai Felton,27182,WR,MIN,328.6,47.48,273,389,,tai-felton.php,,,2.0,,,,,,6.0,Tai Felton,2026-05-29,MIN
/nfl/rankings/dynasty-overall.php,dynasty-overall,do,Dawson Knox,18631,TE,BUF,340.5,24.32,309,383,,dawson-knox.php,,,11.6,,,,,,7.0,Dawson Knox,2026-05-29,BUF
/nfl/rankings/dynasty-overall.php,dynasty-overall,do,Terion Stewart,28111,RB,KC,311.25,74.45,211,392,,terion-stewart.php,,,0.0,,,,,,5.0,Terion Stewart,2026-05-29,KCC
/nfl/rankings/dynasty-overall.php,dynasty-overall,do,Raheim Sanders,24351,RB,CLE,333.2,26.87,309,385,,raheim-sanders.php,,,1.1,,,,,,11.0,Raheim Sanders,2026-05-29,CLE
/nfl/rankings/dynasty-overall.php,dynasty-overall,do,Eric McAlister,28134,WR,FA,317.25,63.52,237,389,,eric-mcalister.php,,,4.9,,,,,,,Eric McAlister,2026-05-29,FA
/nfl/rankings/dynasty-overall.php,dynasty-overall,do,Joe Royer,27312,TE,CLE,353.57,13.49,337,380,,joe-royer.php,,,0.9,,,,,,11.0,Joe Royer,2026-05-29,CLE
/nfl/rankings/dynasty-overall.php,dynasty-overall,do,Erick All Jr.,23837,TE,CIN,354.29,20.67,331,392,,erick-all.php,,,1.6,,,,,,6.0,Erick All,2026-05-29,CIN
/nfl/rankings/dynasty-overall.php,dynasty-overall,do,Emari Demercado,25654,RB,KC,355.86,34.23,290,392,,emari-demercado.php,,,4.2,,,,,,5.0,Emari Demercado,2026-05-29,KCC
/nfl/rankings/dynasty-overall.php,dynasty-overall,do,Dameon Pierce,22947,RB,PHI,325.25,43.81,288,400,,dameon-pierce.php,,,1.2,,,,,,10.0,Dameon Pierce,2026-05-29,PHI
/nfl/rankings/dynasty-overall.php,dynasty-overall,do,Mack Hollins,16489,WR,NE,340.4,39.15,274,382,,mack-hollins.php,,,7.2,,,,,,11.0,Mack Hollins,2026-05-29,NEP
/nfl/rankings/dynasty-overall.php,dynasty-overall,do,Roschon Johnson,25322,RB,CHI,340.8,29.73,306,376,,roschon-johnson.php,,,0.7,,,,,,10.0,Roschon Johnson,2026-05-29,CHI
/nfl/rankings/dynasty-overall.php,dynasty-overall,do,Nick Westbrook-Ikhine,19747,WR,IND,342.4,50.15,270,394,,nick-westbrook.php,,,1.5,,,,,,13.0,Nick Westbrook-Ikhine,2026-05-29,IND
/nfl/rankings/dynasty-overall.php,dynasty-overall,do,Nate Boerkircher,28427,TE,JAC,352.33,11.32,341,370,,nate-boerkircher.php,,,0.6,,,,,8.0,7.0,Nate Boerkircher,2026-05-29,JAC
/nfl/rankings/dynasty-overall.php,dynasty-overall,do,Will Kacmarek,28403,TE,MIA,329.0,52.92,264,386,,will-kacmarek.php,,,4.3,,,,,,6.0,Will Kacmarek,2026-05-29,MIA
/nfl/rankings/dynasty-overall.php,dynasty-overall,do,Barion Brown,25416,WR,NO,343.4,31.92,299,379,,barion-brown.php,,,1.1,,,,,,8.0,Barion Brown,2026-05-29,NOS
/nfl/rankings/dynasty-overall.php,dynasty-overall,do,Curtis Samuel,16434,WR,FA,306.67,62.57,258,395,,curtis-samuel.php,,,1.0,,,,,,,Curtis Samuel,2026-05-29,FA
/nfl/rankings/dynasty-overall.php,dynasty-overall,do,Mitchell Evans,27138,TE,CAR,354.83,23.27,319,391,,mitchell-evans.php,,,1.0,,,,,,5.0,Mitchell Evans,2026-05-29,CAR
/nfl/rankings/dynasty-overall.php,dynasty-overall,do,Gabe Davis,19398,WR,FA,332.75,60.92,232,384,,gabriel-davis.php,,,0.6,,,,,,,Gabriel Davis,2026-05-29,FA
/nfl/rankings/dynasty-overall.php,dynasty-overall,do,Xavier Restrepo,27066,WR,TEN,313.67,65.58,260,406,,xavier-restrepo.php,,,0.9,,,,,,9.0,Xavier Restrepo,2026-05-29,TEN
/nfl/rankings/dynasty-overall.php,dynasty-overall,do,Aidan O'Connell,24330,QB,LV,333.75,44.65,259,369,,aidan-oconnell.php,,,0.6,,,,,,13.0,Aidan OConnell,2026-05-29,LVR
/nfl/rankings/dynasty-overall.php,dynasty-overall,do,Tyler Lockett,13971,WR,LV,313.0,58.13,245,387,,tyler-lockett.php,,,0.7,,,,,,13.0,Tyler Lockett,2026-05-29,LVR
/nfl/rankings/dynasty-overall.php,dynasty-overall,do,Mason Rudolph,17234,QB,PIT,334.75,40.0,268,369,,mason-rudolph.php,,,2.6,,,,,,9.0,Mason Rudolph,2026-05-29,PIT
/nfl/rankings/dynasty-overall.php,dynasty-overall,do,Dyami Brown,20113,WR,WAS,349.2,37.73,292,383,,dyami-brown.php,,,1.2,,,,,,7.0,Dyami Brown,2026-05-29,WAS
/nfl/rankings/dynasty-overall.php,dynasty-overall,do,Aaron Anderson,27500,WR,CLE,323.0,68.49,247,413,,aaron-anderson.php,,,1.2,,,,,,11.0,Aaron Anderson,2026-05-29,CLE
/nfl/rankings/dynasty-overall.php,dynasty-overall,do,Mitchell Trubisky,16381,QB,TEN,339.5,46.1,284,394,,mitch-trubisky.php,,,1.3,,,,,,9.0,Mitchell Trubisky,2026-05-29,TEN
/nfl/rankings/dynasty-overall.php,dynasty-overall,do,Taysom Hill,17115,TE,FA,320.67,59.59,253,398,,taysom-hill.php,,,0.7,,,,,,,Taysom Hill,2026-05-29,FA
/nfl/rankings/dynasty-overall.php,dynasty-overall,do,Demarcus Robinson,15665,WR,SF,342.25,54.52,254,403,,demarcus-robinson.php,,,1.2,,,,,,8.0,Demarcus Robinson,2026-05-29,SFO
/nfl/rankings/dynasty-overall.php,dynasty-overall,do,Jarrett Stidham,18604,QB,DEN,323.67,61.35,246,396,,jarrett-stidham.php,,,2.7,,,,,,10.0,Jarrett Stidham,2026-05-29,DEN
/nfl/rankings/dynasty-overall.php,dynasty-overall,do,Tyler Huntley,19297,QB,BAL,323.67,44.29,265,372,,tyler-huntley.php,,,3.5,,,,,,13.0,Tyler Huntley,2026-05-29,BAL
/nfl/rankings/dynasty-overall.php,dynasty-overall,do,Tyren Montgomery,28423,WR,TEN,354.2,31.96,296,383,,tyren-montgomery.php,,,0.0,,,,,,9.0,Tyren Montgomery,2026-05-29,TEN
/nfl/rankings/dynasty-overall.php,dynasty-overall,do,Jeff Caldwell,28425,WR,KC,354.2,27.78,307,382,,jeff-caldwell.php,,,2.8,,,,,,5.0,Jeff Caldwell,2026-05-29,KCC
/nfl/rankings/dynasty-overall.php,dynasty-overall,do,Gardner Minshew II,18562,QB,ARI,355.0,24.6,316,386,,gardner-minshew.php,,,3.3,,,,,,14.0,Gardner Minshew,2026-05-29,ARI
/nfl/rankings/dynasty-overall.php,dynasty-overall,do,Bam Knight,24901,RB,ARI,356.8,34.6,304,393,,zonovan-bam-knight.php,,,1.2,,,,,,14.0,Bam Knight,2026-05-29,ARI
/nfl/rankings/dynasty-overall.php,dynasty-overall,do,Jaydn Ott,25394,RB,KC,348.75,51.3,271,408,,jaydn-ott.php,,,1.1,,,,,,5.0,Jaydn Ott,2026-05-29,KCC
/nfl/rankings/dynasty-overall.php,dynasty-overall,do,Tyler Conklin,17598,TE,DET,329.33,50.48,281,399,,tyler-conklin.php,,,1.3,,,,,-8.0,6.0,Tyler Conklin,2026-05-29,DET
/nfl/rankings/dynasty-overall.php,dynasty-overall,do,Jimmy Garoppolo,12208,QB,LAR,329.67,42.24,270,362,,jimmy-garoppolo.php,,,1.1,,,,,,11.0,Jimmy Garoppolo,2026-05-29,LAR
/nfl/rankings/dynasty-overall.php,dynasty-overall,do,Daniel Bellinger,24238,TE,TEN,348.75,43.48,289,396,,daniel-bellinger.php,,,4.9,,,,,,9.0,Daniel Bellinger,2026-05-29,TEN
/nfl/rankings/dynasty-overall.php,dynasty-overall,do,Luke Schoonmaker,25267,TE,DAL,352.25,38.94,303,411,,luke-schoonmaker.php,,,1.0,,,,,,14.0,Luke Schoonmaker,2026-05-29,DAL
/nfl/rankings/dynasty-overall.php,dynasty-overall,do,Jeremy McNichols,16445,RB,WAS,341.0,64.08,268,424,,jeremy-mcnichols.php,,,0.8,,,,,,7.0,Jeremy McNichols,2026-05-29,WAS
/nfl/rankings/dynasty-overall.php,dynasty-overall,do,Jake Browning,18557,QB,TB,336.33,37.82,285,375,,jake-browning.php,,,1.0,,,,,,10.0,Jake Browning,2026-05-29,TBB
/nfl/rankings/dynasty-overall.php,dynasty-overall,do,Efton Chism III,27445,WR,NE,348.0,67.45,268,433,,efton-chismi.php,,,1.5,,,,,,11.0,Efton Chism,2026-05-29,NEP
/nfl/rankings/dynasty-overall.php,dynasty-overall,do,Sam Howell,23045,QB,DAL,308.0,42.0,266,350,,sam-howell.php,,,0.8,,,,,,14.0,Sam Howell,2026-05-29,DAL
/nfl/rankings/dynasty-overall.php,dynasty-overall,do,Jimmy Horn Jr.,27294,WR,CAR,356.0,34.43,316,407,,jimmy-horn-jr.php,,,1.5,,,,,,5.0,Jimmy Horn,2026-05-29,CAR
/nfl/rankings/dynasty-overall.php,dynasty-overall,do,Miles Sanders,18283,RB,FA,343.0,45.52,297,405,,miles-sanders.php,,,0.7,,,,,,,Miles Sanders,2026-05-29,FA
/nfl/rankings/dynasty-overall.php,dynasty-overall,do,Diontae Johnson,18615,WR,FA,320.5,94.5,226,415,,diontae-johnson.php,,,0.6,,,,,,,Diontae Johnson,2026-05-29,FA
/nfl/rankings/dynasty-overall.php,dynasty-overall,do,Reggie Virgil,28141,WR,ARI,347.0,51.04,285,410,,reggie-virgil.php,,,0.7,,,,,,14.0,Reggie Virgil,2026-05-29,ARI
/nfl/rankings/dynasty-overall.php,dynasty-overall,do,Kenny Pickett,22722,QB,CAR,358.25,11.63,346,377,,kenny-pickett.php,,,1.6,,,,,,5.0,Kenny Pickett,2026-05-29,CAR
/nfl/rankings/dynasty-overall.php,dynasty-overall,do,Jermaine Burton,22956,WR,FA,326.5,92.5,234,419,,jermaine-burton.php,,,0.6,,,,,,,Jermaine Burton,2026-05-29,FA
/nfl/rankings/dynasty-overall.php,dynasty-overall,do,Dae'Quan Wright,28159,TE,PHI,359.0,40.03,293,401,,daequan-wright.php,,,0.0,,,,,,10.0,DaeQuan Wright,2026-05-29,PHI
/nfl/rankings/dynasty-overall.php,dynasty-overall,do,Elijah Higgins,23119,TE,ARI,361.75,47.61,286,412,,elijah-higgins.php,,,3.0,,,,,,14.0,Elijah Higgins,2026-05-29,ARI
/nfl/rankings/dynasty-overall.php,dynasty-overall,do,Xavier Hutchinson,25332,WR,HOU,367.4,38.83,294,402,,xavier-hutchinson.php,,,2.3,,,,,,8.0,Xavier Hutchinson,2026-05-29,HOU
/nfl/rankings/dynasty-overall.php,dynasty-overall,do,Brandin Cooks,12122,WR,FA,331.5,91.5,240,423,,brandin-cooks.php,,,0.7,,,,,,,Brandin Cooks,2026-05-29,FA
/nfl/rankings/dynasty-overall.php,dynasty-overall,do,RJ Maryland,27341,TE,GB,342.5,102.5,240,445,,rj-maryland.php,,,0.0,,,,,,11.0,RJ Maryland,2026-05-29,GBP
/nfl/rankings/dynasty-overall.php,dynasty-overall,do,Charlie Kolar,22756,TE,LAC,336.5,93.5,243,430,,charlie-kolar.php,,,3.4,,,,,,7.0,Charlie Kolar,2026-05-29,LAC
/nfl/rankings/dynasty-overall.php,dynasty-overall,do,Javon Baker,22885,WR,FA,336.0,89.0,247,425,,javon-baker.php,,,1.0,,,,,,,Javon Baker,2026-05-29,FA
/nfl/rankings/dynasty-overall.php,dynasty-overall,do,Austin Ekeler,16483,RB,FA,360.67,60.43,286,434,,austin-ekeler.php,,,2.6,,,,,,,Austin Ekeler,2026-05-29,FA
/nfl/rankings/dynasty-overall.php,dynasty-overall,do,Antonio Gibson,19624,RB,FA,359.67,51.65,300,426,,antonio-gibson.php,,,0.8,,,,,,,Antonio Gibson,2026-05-29,FA
/nfl/rankings/dynasty-overall.php,dynasty-overall,do,Chase Roberts,28131,WR,LV,356.33,48.21,296,414,,chase-roberts.php,,,0.0,,,,,,13.0,Chase Roberts,2026-05-29,LVR
/nfl/rankings/dynasty-overall.php,dynasty-overall,do,Josh Cuevas,28155,TE,BAL,364.0,22.66,334,393,,josh-cuevas.php,,,0.9,,,,,,13.0,Josh Cuevas,2026-05-29,BAL
/nfl/rankings/dynasty-overall.php,dynasty-overall,do,Zach Wilson,22679,QB,NO,329.0,67.0,262,396,,zach-wilson.php,,,0.6,,,,,,8.0,Zach Wilson,2026-05-29,NOS
/nfl/rankings/dynasty-overall.php,dynasty-overall,do,Trey Palmer,25331,WR,NO,348.0,80.0,268,428,,trey-palmer.php,,,2.0,,,,,,8.0,Trey Palmer,2026-05-29,NOS
/nfl/rankings/dynasty-overall.php,dynasty-overall,do,Cade Stover,25269,TE,HOU,372.25,39.75,311,421,,cade-stover.php,,,1.8,,,,,,8.0,Cade Stover,2026-05-29,HOU
/nfl/rankings/dynasty-overall.php,dynasty-overall,do,Jaren Kanak,28160,TE,TEN,363.0,41.58,322,420,,jaren-kanak.php,,,0.0,,,,,9.0,9.0,Jaren Kanak,2026-05-29,TEN
/nfl/rankings/dynasty-overall.php,dynasty-overall,do,KaVontae Turpin,18520,WR,DAL,363.33,52.77,292,418,,kavontae-turpin.php,,,7.5,,,,,,14.0,KaVontae Turpin,2026-05-29,DAL
/nfl/rankings/dynasty-overall.php,dynasty-overall,do,Will Dissly,18049,TE,FA,354.5,80.5,274,435,,will-dissly.php,,,0.6,,,,,,,Will Dissly,2026-05-29,FA
/nfl/rankings/dynasty-overall.php,dynasty-overall,do,Jahdae Walker,27810,WR,CHI,363.67,40.78,318,417,,jahdae-walker.php,,,1.7,,,,,,10.0,Jahdae Walker,2026-05-29,CHI
/nfl/rankings/dynasty-overall.php,dynasty-overall,do,Malachi Corley,26023,WR,CLE,355.5,80.5,275,436,,malachi-corley.php,,,0.6,,,,,,11.0,Malachi Corley,2026-05-29,CLE
/nfl/rankings/dynasty-overall.php,dynasty-overall,do,Darren Waller,14104,TE,FA,361.33,39.19,313,409,,darren-waller.php,,,5.9,,,,,,,Darren Waller,2026-05-29,FA
/nfl/rankings/dynasty-overall.php,dynasty-overall,do,Ty Johnson,18406,RB,BUF,368.75,17.31,346,394,,ty-johnson.php,,,6.6,,,,,,7.0,Ty Johnson,2026-05-29,BUF
/nfl/rankings/dynasty-overall.php,dynasty-overall,do,Desmond Reid,28110,RB,BUF,360.5,82.5,278,443,,desmond-reid.php,,,0.0,,,,,,7.0,Desmond Reid,2026-05-29,BUF
/nfl/rankings/dynasty-overall.php,dynasty-overall,do,Olamide Zaccheaus,18864,WR,ATL,379.0,32.07,351,431,,olamide-zaccheaus.php,,,5.3,,,,,,11.0,Olamide Zaccheaus,2026-05-29,ATL
/nfl/rankings/dynasty-overall.php,dynasty-overall,do,Dallen Bentley,28352,TE,DEN,372.5,14.12,354,391,,dallen-bentley.php,,,1.1,,,,,,10.0,Dallen Bentley,2026-05-29,DEN
/nfl/rankings/dynasty-overall.php,dynasty-overall,do,Rasheen Ali,25983,RB,BAL,370.0,38.84,321,416,,rasheen-ali.php,,,2.9,,,,,,13.0,Rasheen Ali,2026-05-29,BAL
/nfl/rankings/dynasty-overall.php,dynasty-overall,do,Adam Trautman,19423,TE,DEN,372.67,41.27,321,422,,adam-trautman.php,,,0.6,,,,,,10.0,Adam Trautman,2026-05-29,DEN
/nfl/rankings/dynasty-overall.php,dynasty-overall,do,Damien Martinez,25976,RB,GB,373.0,77.0,296,450,,damien-martinez.php,,,0.7,,,,,,11.0,Damien Martinez,2026-05-29,GBP
/nfl/rankings/dynasty-overall.php,dynasty-overall,do,Jawhar Jordan,26329,RB,HOU,370.5,68.5,302,439,,jawhar-jordan.php,,,1.1,,,,,,8.0,Jawhar Jordan,2026-05-29,HOU
/nfl/rankings/dynasty-overall.php,dynasty-overall,do,Khalil Herbert,22763,RB,FA,378.5,76.5,302,455,,khalil-herbert.php,,,1.1,,,,,,,Khalil Herbert,2026-05-29,FA
/nfl/rankings/dynasty-overall.php,dynasty-overall,do,Kendrick Law,26044,WR,DET,368.0,64.0,304,432,,kendrick-law.php,,,0.8,,,,,,6.0,Kendrick Law,2026-05-29,DET
/nfl/rankings/dynasty-overall.php,dynasty-overall,do,Bo Melton,24049,WR,GB,388.0,46.61,346,453,,bo-melton.php,,,0.6,,,,,,11.0,Bo Melton,2026-05-29,GBP
/nfl/rankings/dynasty-overall.php,dynasty-overall,do,Jake Bobo,25339,WR,SEA,382.5,69.5,313,452,,jake-bobo.php,,,0.6,,,,,,11.0,Jake Bobo,2026-05-29,SEA
/nfl/rankings/dynasty-overall.php,dynasty-overall,do,Isaiah Hodgins,19375,WR,NYG,380.0,66.0,314,446,,isaiah-hodgins.php,,,0.1,,,,,,8.0,Isaiah Hodgins,2026-05-29,NYG
/nfl/rankings/dynasty-overall.php,dynasty-overall,do,Kaden Wetjen,28435,WR,PIT,384.67,38.77,347,438,,kaden-wetjen.php,,,0.8,,,,,,9.0,Kaden Wetjen,2026-05-29,PIT
/nfl/rankings/dynasty-overall.php,dynasty-overall,do,Seydou Traore,28163,TE,MIA,377.5,59.5,318,437,,seydou-traore.php,,,0.0,,,,,,6.0,Seydou Traore,2026-05-29,MIA
/nfl/rankings/dynasty-overall.php,dynasty-overall,do,Josh Oliver,18487,TE,MIN,382.33,33.09,356,429,,josh-oliver.php,,,1.4,,,,,,6.0,Josh Oliver,2026-05-29,MIN
/nfl/rankings/dynasty-overall.php,dynasty-overall,do,Foster Moreau,18397,TE,HOU,383.0,65.0,318,448,,foster-moreau.php,,,0.7,,,,,-11.0,8.0,Foster Moreau,2026-05-29,HOU
/nfl/rankings/dynasty-overall.php,dynasty-overall,do,John Michael Gyllenborg,28158,TE,KC,390.0,69.0,321,459,,john-michael-gyllenborg.php,,,1.8,,,,,,5.0,John Michael Gyllenborg,2026-05-29,KCC
/nfl/rankings/dynasty-overall.php,dynasty-overall,do,Riley Nowakowski,28437,TE,PIT,363.0,41.0,322,404,,riley-nowakowski.php,,,0.7,,,,,,9.0,Riley Nowakowski,2026-05-29,PIT
/nfl/rankings/dynasty-overall.php,dynasty-overall,do,Andy Dalton,9907,QB,PHI,362.0,31.0,331,393,,andy-dalton.php,,,1.4,,,,,,10.0,Andy Dalton,2026-05-29,PHI
/nfl/rankings/dynasty-overall.php,dynasty-overall,do,Devontez Walker,26011,WR,BAL,376.0,51.0,325,427,,devontez-walker.php,,,1.4,,,,,,13.0,Devontez Walker,2026-05-29,BAL
/nfl/rankings/dynasty-overall.php,dynasty-overall,do,Austin Hooper,15581,TE,ATL,392.0,41.96,357,451,,austin-hooper.php,,,1.9,,,,,,11.0,Austin Hooper,2026-05-29,ATL
/nfl/rankings/dynasty-overall.php,dynasty-overall,do,Raheem Mostert,14338,RB,LV,405.0,65.0,340,470,,raheem-mostert.php,,,0.7,,,,,,13.0,Raheem Mostert,2026-05-29,LVR
/nfl/rankings/dynasty-overall.php,dynasty-overall,do,Brevin Jordan,20162,TE,HOU,398.5,57.5,341,456,,brevin-jordan.php,,,1.0,,,,,,8.0,Brevin Jordan,2026-05-29,HOU
/nfl/rankings/dynasty-overall.php,dynasty-overall,do,Van Jefferson,19483,WR,WAS,399.5,57.5,342,457,,van-jefferson.php,,,1.2,,,,,,7.0,Van Jefferson,2026-05-29,WAS
/nfl/rankings/dynasty-overall.php,dynasty-overall,do,Greg Dortch,18585,WR,DET,403.5,61.5,342,465,,greg-dortch.php,,,1.5,,,,,,6.0,Greg Dortch,2026-05-29,DET
/nfl/rankings/dynasty-overall.php,dynasty-overall,do,Colbie Young,26037,WR,CIN,393.5,50.5,343,444,,colbie-young.php,,,0.6,,,,,,6.0,Colbie Young,2026-05-29,CIN
/nfl/rankings/dynasty-overall.php,dynasty-overall,do,Ashton Dulin,18656,WR,IND,405.0,61.0,344,466,,ashton-dulin.php,,,0.1,,,,,,13.0,Ashton Dulin,2026-05-29,IND
/nfl/rankings/dynasty-overall.php,dynasty-overall,do,Davis Allen,23761,TE,LAR,395.5,46.5,349,442,,davis-allen.php,,,0.6,,,,,,11.0,Davis Allen,2026-05-29,LAR
/nfl/rankings/dynasty-overall.php,dynasty-overall,do,Phil Mafah,22928,RB,DAL,405.5,52.5,353,458,,phil-mafah.php,,,1.1,,,,,,14.0,Phil Mafah,2026-05-29,DAL
/nfl/rankings/dynasty-overall.php,dynasty-overall,do,Carsen Ryan,28399,TE,CLE,401.5,45.5,356,447,,carsen-ryan.php,,,1.1,,,,,,11.0,Carsen Ryan,2026-05-29,CLE
/nfl/rankings/dynasty-overall.php,dynasty-overall,do,Grant Calcaterra,24180,TE,PHI,406.33,40.47,367,462,,grant-calcaterra.php,,,1.0,,,,,,10.0,Grant Calcaterra,2026-05-29,PHI
/nfl/rankings/dynasty-overall.php,dynasty-overall,do,Ty Chandler,19471,RB,NO,410.5,53.5,357,464,,ty-chandler.php,,,0.6,,,,,,8.0,Ty Chandler,2026-05-29,NOS
/nfl/rankings/dynasty-overall.php,dynasty-overall,do,Tommy Tremble,22795,TE,CAR,400.0,29.81,371,441,,tommy-tremble.php,,,2.3,,,,,,5.0,Tommy Tremble,2026-05-29,CAR
/nfl/rankings/dynasty-overall.php,dynasty-overall,do,Jared Wiley,26343,TE,KC,406.5,47.5,359,454,,jared-wiley.php,,,0.6,,,,,,5.0,Jared Wiley,2026-05-29,KCC
/nfl/rankings/dynasty-overall.php,dynasty-overall,do,Jordan Watkins,27486,WR,SF,407.0,42.0,365,449,,jordan-watkins.php,,,0.6,,,,,,8.0,Jordan Watkins,2026-05-29,SFO
/nfl/rankings/dynasty-overall.php,dynasty-overall,do,Dean Connors,28113,RB,LAR,415.5,47.5,368,463,,dean-connors.php,,,0.0,,,,,,11.0,Dean Connors,2026-05-29,LAR
/nfl/rankings/dynasty-overall.php,dynasty-overall,do,Hunter Long,22783,TE,JAC,418.0,49.0,369,467,,hunter-long.php,,,0.6,,,,,,7.0,Hunter Long,2026-05-29,JAC
/nfl/rankings/dynasty-overall.php,dynasty-overall,do,Julian Hill,25824,TE,NE,419.0,49.0,370,468,,julian-hill.php,,,0.6,,,,,,11.0,Julian Hill,2026-05-29,NEP
/nfl/rankings/dynasty-overall.php,dynasty-overall,do,Jeremy Ruckert,23742,TE,NYJ,417.5,42.5,375,460,,jeremy-ruckert.php,,,0.7,,,,,,13.0,Jeremy Ruckert,2026-05-29,NYJ
/nfl/rankings/dynasty-overall.php,dynasty-overall,do,Roman Wilson,28896,WR,PIT,388.0,9.0,379,397,,roman-wilson-wr.php,,,2.7,,,,,,9.0,Roman Wilson,2026-05-29,PIT
/nfl/rankings/dynasty-overall.php,dynasty-overall,do,Thomas Fidone II,23039,TE,NYG,427.0,34.0,393,461,,thomas-fidone.php,,,1.0,,,,,,8.0,Thomas Fidone,2026-05-29,NYG
/nfl/rankings/dynasty-qb.php,dynasty-qb,dp,Josh Allen,17298,QB,BUF,1.12,0.32,1,2,,josh-allen-qb.php,,,99.3,,,,,,7.0,Josh Allen,2026-05-29,BUF
/nfl/rankings/dynasty-qb.php,dynasty-qb,dp,Drake Maye,23046,QB,NE,2.08,0.73,1,5,,drake-maye.php,,,99.0,,,,,,11.0,Drake Maye,2026-05-29,NEP
/nfl/rankings/dynasty-qb.php,dynasty-qb,dp,Jayden Daniels,22902,QB,WAS,4.08,1.36,2,8,,jayden-daniels.php,,,97.6,,,,,1.0,7.0,Jayden Daniels,2026-05-29,WAS
/nfl/rankings/dynasty-qb.php,dynasty-qb,dp,Lamar Jackson,17233,QB,BAL,4.12,1.48,3,9,,lamar-jackson.php,,,98.7,,,,,-1.0,13.0,Lamar Jackson,2026-05-29,BAL
/nfl/rankings/dynasty-qb.php,dynasty-qb,dp,Joe Burrow,19196,QB,CIN,5.19,1.18,3,7,,joe-burrow.php,,,96.9,,,,,,6.0,Joe Burrow,2026-05-29,CIN
/nfl/rankings/dynasty-qb.php,dynasty-qb,dp,Caleb Williams,23084,QB,CHI,6.04,1.56,4,10,,caleb-williams.php,,,94.1,,,,,,10.0,Caleb Williams,2026-05-29,CHI
/nfl/rankings/dynasty-qb.php,dynasty-qb,dp,Patrick Mahomes II,16413,QB,KC,6.81,1.44,3,10,,patrick-mahomes.php,,,92.9,,,,,,5.0,Patrick Mahomes,2026-05-29,KCC
/nfl/rankings/dynasty-qb.php,dynasty-qb,dp,Justin Herbert,18635,QB,LAC,8.38,1.76,6,12,,justin-herbert.php,,,91.9,,,,,,7.0,Justin Herbert,2026-05-29,LAC
/nfl/rankings/dynasty-qb.php,dynasty-qb,dp,Jalen Hurts,19275,QB,PHI,9.04,1.72,6,13,,jalen-hurts.php,,,97.8,,,,,,10.0,Jalen Hurts,2026-05-29,PHI
/nfl/rankings/dynasty-qb.php,dynasty-qb,dp,Jaxson Dart,23160,QB,NYG,10.27,1.81,7,15,,jaxson-dart.php,,,95.6,,,,,,8.0,Jaxson Dart,2026-05-29,NYG
/nfl/rankings/dynasty-qb.php,dynasty-qb,dp,Trevor Lawrence,19780,QB,JAC,10.35,2.18,6,15,,trevor-lawrence.php,,,92.7,,,,,,7.0,Trevor Lawrence,2026-05-29,JAC
/nfl/rankings/dynasty-qb.php,dynasty-qb,dp,Brock Purdy,19797,QB,SF,12.08,0.67,11,13,,brock-purdy.php,,,92.3,,,,,,8.0,Brock Purdy,2026-05-29,SFO
/nfl/rankings/dynasty-qb.php,dynasty-qb,dp,Bo Nix,22910,QB,DEN,12.38,1.92,8,16,,bo-nix.php,,,91.3,,,,,,10.0,Bo Nix,2026-05-29,DEN
/nfl/rankings/dynasty-qb.php,dynasty-qb,dp,Jordan Love,19246,QB,GB,14.27,1.4,11,17,,jordan-love.php,,,64.8,,,,,,11.0,Jordan Love,2026-05-29,GBP
/nfl/rankings/dynasty-qb.php,dynasty-qb,dp,Dak Prescott,15600,QB,DAL,14.81,2.02,10,19,,dak-prescott.php,,,93.1,,,,,,14.0,Dak Prescott,2026-05-29,DAL
/nfl/rankings/dynasty-qb.php,dynasty-qb,dp,Fernando Mendoza,28013,QB,LV,17.73,2.82,14,25,,fernando-mendoza.php,,,42.9,,,,,,13.0,Fernando Mendoza,2026-05-29,LVR
/nfl/rankings/dynasty-qb.php,dynasty-qb,dp,Baker Mayfield,17237,QB,TB,17.92,2.45,14,23,,baker-mayfield.php,,,64.9,,,,,,10.0,Baker Mayfield,2026-05-29,TBB
/nfl/rankings/dynasty-qb.php,dynasty-qb,dp,C.J. Stroud,23071,QB,HOU,18.92,2.43,15,23,,cj-stroud.php,,,48.1,,,,,,8.0,CJ Stroud,2026-05-29,HOU
/nfl/rankings/dynasty-qb.php,dynasty-qb,dp,Jared Goff,15501,QB,DET,19.0,2.54,14,24,,jared-goff.php,,,77.0,,,,,,6.0,Jared Goff,2026-05-29,DET
/nfl/rankings/dynasty-qb.php,dynasty-qb,dp,Cam Ward,24755,QB,TEN,19.31,1.94,14,22,,cam-ward.php,,,43.7,,,,,,9.0,Cam Ward,2026-05-29,TEN
/nfl/rankings/dynasty-qb.php,dynasty-qb,dp,Tyler Shough,23096,QB,NO,21.46,2.1,17,25,,tyler-shough.php,,,68.9,,,,,,8.0,Tyler Shough,2026-05-29,NOS
/nfl/rankings/dynasty-qb.php,dynasty-qb,dp,Kyler Murray,18600,QB,MIN,21.65,2.48,17,27,,kyler-murray.php,,,80.1,,,,,,6.0,Kyler Murray,2026-05-29,MIN
/nfl/rankings/dynasty-qb.php,dynasty-qb,dp,Sam Darnold,17236,QB,SEA,22.27,1.79,18,25,,sam-darnold.php,,,52.3,,,,,,11.0,Sam Darnold,2026-05-29,SEA
/nfl/rankings/dynasty-qb.php,dynasty-qb,dp,Malik Willis,23499,QB,MIA,23.27,2.52,17,27,,malik-willis.php,,,59.4,,,,,,6.0,Malik Willis,2026-05-29,MIA
/nfl/rankings/dynasty-qb.php,dynasty-qb,dp,Bryce Young,22900,QB,CAR,25.38,2.31,19,29,,bryce-young.php,,,41.3,,,,,,5.0,Bryce Young,2026-05-29,CAR
/nfl/rankings/dynasty-qb.php,dynasty-qb,dp,Daniel Jones,18232,QB,IND,25.58,2.8,18,28,,daniel-jones.php,,,52.6,,,,,,13.0,Daniel Jones,2026-05-29,IND
/nfl/rankings/dynasty-qb.php,dynasty-qb,dp,Matthew Stafford,9451,QB,LAR,25.69,1.75,22,29,,matthew-stafford.php,,,92.7,,,,,,11.0,Matthew Stafford,2026-05-29,LAR
/nfl/rankings/dynasty-qb.php,dynasty-qb,dp,Ty Simpson,25368,QB,LAR,27.42,1.71,25,32,,ty-simpson.php,,,20.6,,,,,,11.0,Ty Simpson,2026-05-29,LAR
/nfl/rankings/dynasty-qb.php,dynasty-qb,dp,Michael Penix Jr.,22973,QB,ATL,29.85,1.81,27,34,,michael-penix-jr.php,,,23.5,,,,,,11.0,Michael Penix,2026-05-29,ATL
/nfl/rankings/dynasty-qb.php,dynasty-qb,dp,J.J. McCarthy,23018,QB,MIN,30.54,2.41,27,39,,jj-mccarthy.php,,,20.0,,,,,,6.0,JJ McCarthy,2026-05-29,MIN
/nfl/rankings/dynasty-qb.php,dynasty-qb,dp,Tua Tagovailoa,19198,QB,ATL,32.81,1.92,30,36,,tua-tagovailoa.php,,,25.2,,,,,,11.0,Tua Tagovailoa,2026-05-29,ATL
/nfl/rankings/dynasty-qb.php,dynasty-qb,dp,Shedeur Sanders,25968,QB,CLE,33.81,3.55,30,44,,shedeur-sanders.php,,,23.8,,,,,,11.0,Shedeur Sanders,2026-05-29,CLE
/nfl/rankings/dynasty-qb.php,dynasty-qb,dp,Geno Smith,11687,QB,NYJ,34.69,2.21,32,41,,geno-smith.php,,,25.3,,,,,,13.0,Geno Smith,2026-05-29,NYJ
/nfl/rankings/dynasty-qb.php,dynasty-qb,dp,Aaron Rodgers,9001,QB,PIT,37.84,6.04,33,61,,aaron-rodgers.php,,,27.3,,,,,,9.0,Aaron Rodgers,2026-05-29,PIT
/nfl/rankings/dynasty-qb.php,dynasty-qb,dp,Anthony Richardson Sr.,24347,QB,IND,36.21,4.89,30,48,,anthony-richardson.php,,,16.2,,,,,,13.0,Anthony Richardson,2026-05-29,IND
/nfl/rankings/dynasty-qb.php,dynasty-qb,dp,Jacoby Brissett,15642,QB,ARI,35.48,4.32,29,46,,jacoby-brissett.php,,,30.8,,,,,,14.0,Jacoby Brissett,2026-05-29,ARI
/nfl/rankings/dynasty-qb.php,dynasty-qb,dp,Mac Jones,20156,QB,SF,35.48,4.34,29,45,,mac-jones.php,,,17.3,,,,,,8.0,Mac Jones,2026-05-29,SFO
/nfl/rankings/dynasty-qb.php,dynasty-qb,dp,Garrett Nussmeier,22998,QB,KC,49.94,6.9,40,67,,garrett-nussmeier.php,,,10.9,,,,,,5.0,Garrett Nussmeier,2026-05-29,KCC
/nfl/rankings/dynasty-qb.php,dynasty-qb,dp,Carson Beck,22953,QB,ARI,37.9,6.55,30,55,,carson-beck.php,,,13.7,,,,,,14.0,Carson Beck,2026-05-29,ARI
/nfl/rankings/dynasty-qb.php,dynasty-qb,dp,Justin Fields,19781,QB,KC,38.65,3.71,32,46,,justin-fields.php,,,17.6,,,,,,5.0,Justin Fields,2026-05-29,KCC
/nfl/rankings/dynasty-qb.php,dynasty-qb,dp,Jalen Milroe,22884,QB,SEA,44.15,7.24,37,65,,jalen-milroe.php,,,7.9,,,,,,11.0,Jalen Milroe,2026-05-29,SEA
/nfl/rankings/dynasty-qb.php,dynasty-qb,dp,Kirk Cousins,11177,QB,LV,41.39,4.41,37,55,,kirk-cousins.php,,,19.6,,,,,,13.0,Kirk Cousins,2026-05-29,LVR
/nfl/rankings/dynasty-qb.php,dynasty-qb,dp,Deshaun Watson,16398,QB,CLE,40.88,6.8,33,59,,deshaun-watson.php,,,18.7,,,,,,11.0,Deshaun Watson,2026-05-29,CLE
/nfl/rankings/dynasty-qb.php,dynasty-qb,dp,Drew Allar,24345,QB,PIT,46.17,6.82,35,59,,drew-allar.php,,,3.7,,,,,,9.0,Drew Allar,2026-05-29,PIT
/nfl/rankings/dynasty-qb.php,dynasty-qb,dp,Taylen Green,28094,QB,CLE,46.47,4.62,41,57,,taylen-green.php,,,8.0,,,,,,11.0,Taylen Green,2026-05-29,CLE
/nfl/rankings/dynasty-qb.php,dynasty-qb,dp,Will Howard,25972,QB,PIT,50.12,5.0,42,58,,will-howard.php,,,9.0,,,,,,9.0,Will Howard,2026-05-29,PIT
/nfl/rankings/dynasty-qb.php,dynasty-qb,dp,Quinn Ewers,23680,QB,MIA,49.0,7.76,34,71,,quinn-ewers.php,,,7.2,,,,,,6.0,Quinn Ewers,2026-05-29,MIA
/nfl/rankings/dynasty-qb.php,dynasty-qb,dp,Cade Klubnik,24361,QB,NYJ,46.27,3.53,40,53,,cade-klubnik.php,,,8.8,,,,,,13.0,Cade Klubnik,2026-05-29,NYJ
/nfl/rankings/dynasty-qb.php,dynasty-qb,dp,Cole Payton,28302,QB,PHI,47.87,9.46,36,75,,cole-payton.php,,,0.7,,,,,,10.0,Cole Payton,2026-05-29,PHI
/nfl/rankings/dynasty-qb.php,dynasty-qb,dp,Marcus Mariota,13890,QB,WAS,49.2,6.93,40,65,,marcus-mariota.php,,,9.8,,,,,,7.0,Marcus Mariota,2026-05-29,WAS
/nfl/rankings/dynasty-qb.php,dynasty-qb,dp,Jameis Winston,13891,QB,NYG,49.8,5.34,43,60,,jameis-winston.php,,,9.2,,,,,,8.0,Jameis Winston,2026-05-29,NYG
/nfl/rankings/dynasty-qb.php,dynasty-qb,dp,Spencer Rattler,23081,QB,NO,52.67,7.61,37,66,,spencer-rattler.php,,,2.4,,,,,,8.0,Spencer Rattler,2026-05-29,NOS
/nfl/rankings/dynasty-qb.php,dynasty-qb,dp,Tyson Bagent,25321,QB,CHI,52.75,8.02,41,67,,tyson-bagent.php,,,5.5,,,,,,10.0,Tyson Bagent,2026-05-29,CHI
/nfl/rankings/dynasty-qb.php,dynasty-qb,dp,Riley Leonard,25373,QB,IND,54.42,6.8,46,69,,riley-leonard.php,,,9.3,,,,,,13.0,Riley Leonard,2026-05-29,IND
/nfl/rankings/dynasty-qb.php,dynasty-qb,dp,Dillon Gabriel,23150,QB,CLE,58.08,8.53,45,74,,dillon-gabriel.php,,,0.8,,,,,,11.0,Dillon Gabriel,2026-05-29,CLE
/nfl/rankings/dynasty-qb.php,dynasty-qb,dp,Joe Milton III,25967,QB,DAL,52.55,8.53,40,70,,joe-milton.php,,,5.4,,,,,,14.0,Joe Milton,2026-05-29,DAL
/nfl/rankings/dynasty-qb.php,dynasty-qb,dp,Trey Lance,20082,QB,LAC,57.55,5.87,49,66,,trey-lance.php,,,2.4,,,,,,7.0,Trey Lance,2026-05-29,LAC
/nfl/rankings/dynasty-qb.php,dynasty-qb,dp,Davis Mills,22799,QB,HOU,53.6,6.14,42,62,,davis-mills.php,,,3.2,,,,,,8.0,Davis Mills,2026-05-29,HOU
/nfl/rankings/dynasty-qb.php,dynasty-qb,dp,Tanner McKee,24740,QB,PHI,53.8,4.79,47,65,,tanner-mckee.php,,,3.5,,,,,,10.0,Tanner McKee,2026-05-29,PHI
/nfl/rankings/dynasty-qb.php,dynasty-qb,dp,Joe Flacco,9300,QB,CIN,54.6,6.33,45,67,,joe-flacco.php,,,9.4,,,,,,6.0,Joe Flacco,2026-05-29,CIN
/nfl/rankings/dynasty-qb.php,dynasty-qb,dp,Russell Wilson,11180,QB,FA,54.89,4.07,50,62,,russell-wilson.php,,,1.6,,,,,,,Russell Wilson,2026-05-29,FA
/nfl/rankings/dynasty-qb.php,dynasty-qb,dp,Gardner Minshew II,18562,QB,ARI,60.7,4.56,51,66,,gardner-minshew.php,,,3.3,,,,,,14.0,Gardner Minshew,2026-05-29,ARI
/nfl/rankings/dynasty-qb.php,dynasty-qb,dp,Will Levis,22987,QB,TEN,56.89,5.86,51,69,,will-levis.php,,,3.9,,,,,,9.0,Will Levis,2026-05-29,TEN
/nfl/rankings/dynasty-qb.php,dynasty-qb,dp,Mason Rudolph,17234,QB,PIT,63.0,8.19,46,74,,mason-rudolph.php,,,2.6,,,,,,9.0,Mason Rudolph,2026-05-29,PIT
/nfl/rankings/dynasty-qb.php,dynasty-qb,dp,Kenny Pickett,22722,QB,CAR,64.11,3.7,59,70,,kenny-pickett.php,,,1.6,,,,,,5.0,Kenny Pickett,2026-05-29,CAR
/nfl/rankings/dynasty-qb.php,dynasty-qb,dp,Jimmy Garoppolo,12208,QB,LAR,67.11,8.99,48,76,,jimmy-garoppolo.php,,,1.1,,,,,,11.0,Jimmy Garoppolo,2026-05-29,LAR
/nfl/rankings/dynasty-qb.php,dynasty-qb,dp,Zach Wilson,22679,QB,NO,67.78,3.97,63,75,,zach-wilson.php,,,0.6,,,,,,8.0,Zach Wilson,2026-05-29,NOS
/nfl/rankings/dynasty-qb.php,dynasty-qb,dp,Jake Browning,18557,QB,TB,68.11,5.8,60,79,,jake-browning.php,,,1.0,,,,,,10.0,Jake Browning,2026-05-29,TBB
/nfl/rankings/dynasty-qb.php,dynasty-qb,dp,Jarrett Stidham,18604,QB,DEN,69.0,6.52,56,75,,jarrett-stidham.php,,,2.7,,,,,,10.0,Jarrett Stidham,2026-05-29,DEN
/nfl/rankings/dynasty-qb.php,dynasty-qb,dp,Aidan O'Connell,24330,QB,LV,65.5,6.02,57,72,,aidan-oconnell.php,,,0.6,,,,,,13.0,Aidan OConnell,2026-05-29,LVR
/nfl/rankings/dynasty-qb.php,dynasty-qb,dp,Mitchell Trubisky,16381,QB,TEN,70.29,9.5,56,86,,mitch-trubisky.php,,,1.3,,,,,,9.0,Mitchell Trubisky,2026-05-29,TEN
/nfl/rankings/dynasty-qb.php,dynasty-qb,dp,Sam Howell,23045,QB,DAL,68.0,5.39,57,74,,sam-howell.php,,,0.8,,,,,,14.0,Sam Howell,2026-05-29,DAL
/nfl/rankings/dynasty-qb.php,dynasty-qb,dp,Tyler Huntley,19297,QB,BAL,69.0,9.87,54,87,,tyler-huntley.php,,,3.5,,,,,,13.0,Tyler Huntley,2026-05-29,BAL
/nfl/rankings/dynasty-qb.php,dynasty-qb,dp,Andy Dalton,9907,QB,PHI,74.29,5.17,69,83,,andy-dalton.php,,,1.4,,,,,,10.0,Andy Dalton,2026-05-29,PHI
/nfl/rankings/dynasty-qb.php,dynasty-qb,dp,Carson Wentz,15520,QB,MIN,67.2,7.91,52,75,,carson-wentz.php,,,0.8,,,,,,6.0,Carson Wentz,2026-05-29,MIN
/nfl/rankings/dynasty-qb.php,dynasty-qb,dp,Tyrod Taylor,10007,QB,GB,70.8,4.45,67,78,,tyrod-taylor.php,,,1.8,,,,,,11.0,Tyrod Taylor,2026-05-29,GBP
/nfl/rankings/dynasty-qb.php,dynasty-qb,dp,Drew Lock,18225,QB,SEA,77.5,3.15,71,81,,drew-lock.php,,,0.9,,,,,,11.0,Drew Lock,2026-05-29,SEA
/nfl/rankings/dynasty-qb.php,dynasty-qb,dp,Nick Mullens,16726,QB,JAC,74.4,6.68,64,85,,nick-mullens.php,,,0.7,,,,,,7.0,Nick Mullens,2026-05-29,JAC
/nfl/rankings/dynasty-qb.php,dynasty-qb,dp,Kyle McCord,23066,QB,GB,78.4,10.09,66,90,,kyle-mccord.php,,,0.6,,,,,,11.0,Kyle McCord,2026-05-29,GBP
/nfl/rankings/dynasty-qb.php,dynasty-qb,dp,Joshua Dobbs,16417,QB,FA,74.25,4.6,70,81,,joshua-dobbs.php,,,0.6,,,,,,,Joshua Dobbs,2026-05-29,FA
/nfl/rankings/dynasty-qb.php,dynasty-qb,dp,Brady Cook,27161,QB,NYJ,74.25,2.28,72,78,,brady-cook.php,,,0.6,,,,,,13.0,Brady Cook,2026-05-29,NYJ
/nfl/rankings/dynasty-qb.php,dynasty-qb,dp,Kyle Allen,17869,QB,BUF,75.5,12.84,54,88,,kyle-allen.php,,,0.9,,,,,,7.0,Kyle Allen,2026-05-29,BUF
/nfl/rankings/dynasty-qb.php,dynasty-qb,dp,Haynes King,23141,QB,CAR,71.33,17.93,46,85,,haynes-king.php,,,0.0,,,,,,5.0,Haynes King,2026-05-29,CAR
/nfl/rankings/dynasty-qb.php,dynasty-qb,dp,Kurtis Rourke,27129,QB,SF,82.5,5.32,77,90,,kurtis-rourke.php,,,0.6,,,,,,8.0,Kurtis Rourke,2026-05-29,SFO
/nfl/rankings/dynasty-qb.php,dynasty-qb,dp,Bailey Zappe,24027,QB,NYJ,86.4,8.4,74,97,,bailey-zappe.php,,,1.1,,,,,,13.0,Bailey Zappe,2026-05-29,NYJ
/nfl/rankings/dynasty-qb.php,dynasty-qb,dp,Joey Aguilar,28299,QB,JAC,69.5,14.5,55,84,,joey-aguilar.php,,,0.0,,,,,,7.0,Joey Aguilar,2026-05-29,JAC
/nfl/rankings/dynasty-qb.php,dynasty-qb,dp,Teddy Bridgewater,12088,QB,DET,79.33,14.34,61,96,,teddy-bridgewater.php,,,1.4,,,,,,6.0,Teddy Bridgewater,2026-05-29,DET
/nfl/rankings/dynasty-qb.php,dynasty-qb,dp,Hendon Hooker,24332,QB,TEN,84.75,7.26,78,97,,hendon-hooker.php,,,3.9,,,,,,9.0,Hendon Hooker,2026-05-29,TEN
/nfl/rankings/dynasty-qb.php,dynasty-qb,dp,Stetson Bennett IV,23927,QB,LAR,80.67,8.18,73,92,,stetson-bennett.php,,,0.6,,,,,,11.0,Stetson Bennett,2026-05-29,LAR
/nfl/rankings/dynasty-qb.php,dynasty-qb,dp,Tommy DeVito,25746,QB,NE,86.25,11.71,72,101,,tommy-devito.php,,,0.7,,,,,,11.0,Tommy DeVito,2026-05-29,NEP
/nfl/rankings/dynasty-qb.php,dynasty-qb,dp,Cooper Rush,16477,QB,FA,82.0,7.48,74,92,,cooper-rush.php,,,0.7,,,,,,,Cooper Rush,2026-05-29,FA
/nfl/rankings/dynasty-qb.php,dynasty-qb,dp,Jalon Daniels,26060,QB,TB,75.5,10.5,65,86,,jalon-daniels.php,,,0.0,,,,,,10.0,Jalon Daniels,2026-05-29,TBB
/nfl/rankings/dynasty-qb.php,dynasty-qb,dp,Diego Pavia,28082,QB,BAL,76.0,17.0,59,93,,diego-pavia.php,,,1.6,,,,,,13.0,Diego Pavia,2026-05-29,BAL
/nfl/rankings/dynasty-qb.php,dynasty-qb,dp,Luke Altmyer,28093,QB,DET,78.5,5.5,73,84,,luke-altmyer.php,,,0.0,,,,,,6.0,Luke Altmyer,2026-05-29,DET
/nfl/rankings/dynasty-qb.php,dynasty-qb,dp,Athan Kaliakmanis,28098,QB,WAS,79.5,2.5,77,82,,athan-kaliakmanis.php,,,0.0,,,,,,7.0,Athan Kaliakmanis,2026-05-29,WAS
/nfl/rankings/dynasty-qb.php,dynasty-qb,dp,Desmond Ridder,20080,QB,FA,86.0,9.63,76,99,,desmond-ridder.php,,,0.6,,,,,,,Desmond Ridder,2026-05-29,FA
/nfl/rankings/dynasty-qb.php,dynasty-qb,dp,Behren Morton,23146,QB,NE,82.0,1.0,81,83,,behren-morton.php,,,0.0,,,,,,11.0,Behren Morton,2026-05-29,NEP
/nfl/rankings/dynasty-qb.php,dynasty-qb,dp,Max Brosmer,27580,QB,MIN,83.0,7.0,76,90,,max-brosmer.php,,,0.6,,,,,,6.0,Max Brosmer,2026-05-29,MIN
/nfl/rankings/dynasty-qb.php,dynasty-qb,dp,Sam Ehlinger,19803,QB,DEN,88.33,6.34,82,97,,sam-ehlinger.php,,,1.2,,,,,,10.0,Sam Ehlinger,2026-05-29,DEN
/nfl/rankings/dynasty-qb.php,dynasty-qb,dp,Dorian Thompson-Robinson,20086,QB,FA,88.5,9.5,79,98,,dorian-thompson-robinson.php,,,1.5,,,,,,,Dorian Thompson-Robinson,2026-05-29,FA
/nfl/rankings/dynasty-qb.php,dynasty-qb,dp,Skylar Thompson,24170,QB,BAL,92.0,13.0,79,105,,skylar-thompson.php,,,1.0,,,,,,13.0,Skylar Thompson,2026-05-29,BAL
/nfl/rankings/dynasty-qb.php,dynasty-qb,dp,Josh Johnson,9326,QB,CIN,93.33,4.78,89,100,,josh-johnson.php,,,0.7,,,,,,6.0,Josh Johnson,2026-05-29,CIN
/nfl/rankings/dynasty-qb.php,dynasty-qb,dp,Brandon Allen,15745,QB,NYG,90.5,3.5,87,94,,brandon-allen.php,,,0.1,,,,,,8.0,Brandon Allen,2026-05-29,NYG
/nfl/rankings/dynasty-qb.php,dynasty-qb,dp,Case Keenum,11425,QB,CHI,97.67,9.18,88,110,,case-keenum.php,,,0.6,,,,,,10.0,Case Keenum,2026-05-29,CHI
/nfl/rankings/dynasty-qb.php,dynasty-qb,dp,Seth Henigan,25371,QB,IND,93.0,2.0,91,95,,seth-henigan.php,,,0.0,,,,,,13.0,Seth Henigan,2026-05-29,IND
/nfl/rankings/dynasty-qb.php,dynasty-qb,dp,Sean Clifford,20073,QB,CIN,104.5,9.5,95,114,,sean-clifford.php,,,1.8,,,,,,6.0,Sean Clifford,2026-05-29,CIN
/nfl/rankings/dynasty-rb.php,dynasty-rb,dp,Bijan Robinson,23133,RB,ATL,1.04,0.2,1,2,,bijan-robinson.php,,,99.0,,,,,,11.0,Bijan Robinson,2026-05-29,ATL
/nfl/rankings/dynasty-rb.php,dynasty-rb,dp,Jahmyr Gibbs,22968,RB,DET,1.96,0.2,1,2,,jahmyr-gibbs.php,,,99.0,,,,,,6.0,Jahmyr Gibbs,2026-05-29,DET
/nfl/rankings/dynasty-rb.php,dynasty-rb,dp,Ashton Jeanty,25989,RB,LV,3.4,0.69,3,5,,ashton-jeanty.php,,,98.8,,,,,,13.0,Ashton Jeanty,2026-05-29,LVR
/nfl/rankings/dynasty-rb.php,dynasty-rb,dp,Jeremiyah Love,25403,RB,ARI,4.44,1.06,3,7,,jeremiyah-love.php,,,96.2,,,,,1.0,14.0,Jeremiyah Love,2026-05-29,ARI
/nfl/rankings/dynasty-rb.php,dynasty-rb,dp,De'Von Achane,23136,RB,MIA,5.04,0.96,3,7,,devon-achane.php,,,98.9,,,,,-1.0,6.0,DeVon Achane,2026-05-29,MIA
/nfl/rankings/dynasty-rb.php,dynasty-rb,dp,Omarion Hampton,25395,RB,LAC,6.8,1.6,5,10,,omarion-hampton.php,,,98.2,,,,,2.0,7.0,Omarion Hampton,2026-05-29,LAC
/nfl/rankings/dynasty-rb.php,dynasty-rb,dp,Jonathan Taylor,19217,RB,IND,7.0,1.6,4,10,,jonathan-taylor.php,,,99.0,,,,,,13.0,Jonathan Taylor,2026-05-29,IND
/nfl/rankings/dynasty-rb.php,dynasty-rb,dp,James Cook III,22958,RB,BUF,7.28,1.28,5,10,,james-cook.php,,,99.4,,,,,-2.0,7.0,James Cook,2026-05-29,BUF
/nfl/rankings/dynasty-rb.php,dynasty-rb,dp,Kenneth Walker III,23021,RB,KC,9.76,1.82,8,15,,kenneth-walker-rb.php,,,99.0,,,,,,5.0,Kenneth Walker,2026-05-29,KCC
/nfl/rankings/dynasty-rb.php,dynasty-rb,dp,Breece Hall,22982,RB,NYJ,10.64,2.24,7,16,,breece-hall.php,,,97.5,,,,,,13.0,Breece Hall,2026-05-29,NYJ
/nfl/rankings/dynasty-rb.php,dynasty-rb,dp,Chase Brown,25324,RB,CIN,11.76,1.61,9,15,,chase-brown.php,,,98.3,,,,,,6.0,Chase Brown,2026-05-29,CIN
/nfl/rankings/dynasty-rb.php,dynasty-rb,dp,Christian McCaffrey,16393,RB,SF,13.56,2.7,8,19,,christian-mccaffrey.php,,,99.3,,,,,,8.0,Christian McCaffrey,2026-05-29,SFO
/nfl/rankings/dynasty-rb.php,dynasty-rb,dp,TreVeyon Henderson,23065,RB,NE,14.0,3.73,9,22,,treveyon-henderson.php,,,95.0,,,,,,11.0,TreVeyon Henderson,2026-05-29,NEP
/nfl/rankings/dynasty-rb.php,dynasty-rb,dp,Saquon Barkley,17240,RB,PHI,14.36,2.3,8,18,,saquon-barkley.php,,,99.2,,,,,,10.0,Saquon Barkley,2026-05-29,PHI
/nfl/rankings/dynasty-rb.php,dynasty-rb,dp,Quinshon Judkins,25391,RB,CLE,15.84,3.76,9,24,,quinshon-judkins.php,,,95.0,,,,,,11.0,Quinshon Judkins,2026-05-29,CLE
/nfl/rankings/dynasty-rb.php,dynasty-rb,dp,Bucky Irving,25981,RB,TB,16.36,2.74,12,23,,bucky-irving.php,,,96.6,,,,,,10.0,Bucky Irving,2026-05-29,TBB
/nfl/rankings/dynasty-rb.php,dynasty-rb,dp,Travis Etienne Jr.,19231,RB,NO,17.2,1.62,15,21,,travis-etienne.php,,,97.1,,,,,,8.0,Travis Etienne,2026-05-29,NOS
/nfl/rankings/dynasty-rb.php,dynasty-rb,dp,Kyren Williams,23059,RB,LAR,17.8,2.99,12,23,,kyren-williams.php,,,97.8,,,,,,11.0,Kyren Williams,2026-05-29,LAR
/nfl/rankings/dynasty-rb.php,dynasty-rb,dp,Javonte Williams,22739,RB,DAL,18.4,3.45,11,24,,javonte-williams.php,,,97.1,,,,,,14.0,Javonte Williams,2026-05-29,DAL
/nfl/rankings/dynasty-rb.php,dynasty-rb,dp,Josh Jacobs,18269,RB,GB,19.4,3.67,13,27,,josh-jacobs.php,,,98.5,,,,,,11.0,Josh Jacobs,2026-05-29,GBP
/nfl/rankings/dynasty-rb.php,dynasty-rb,dp,Cam Skattebo,27166,RB,NYG,19.72,3.11,13,26,,cam-skattebo.php,,,96.9,,,,,,8.0,Cam Skattebo,2026-05-29,NYG
/nfl/rankings/dynasty-rb.php,dynasty-rb,dp,Jadarian Price,27329,RB,SEA,19.72,2.63,13,23,,jadarian-price.php,,,89.6,,,,,,11.0,Jadarian Price,2026-05-29,SEA
/nfl/rankings/dynasty-rb.php,dynasty-rb,dp,Derrick Henry,15514,RB,BAL,22.16,2.29,16,27,,derrick-henry.php,,,98.4,,,,,,13.0,Derrick Henry,2026-05-29,BAL
/nfl/rankings/dynasty-rb.php,dynasty-rb,dp,Bhayshul Tuten,27297,RB,JAC,23.96,2.37,20,29,,bhayshul-tuten.php,,,92.2,,,,,,7.0,Bhayshul Tuten,2026-05-29,JAC
/nfl/rankings/dynasty-rb.php,dynasty-rb,dp,D'Andre Swift,19210,RB,CHI,25.8,1.92,23,30,,dandre-swift.php,,,94.0,,,,,,10.0,DAndre Swift,2026-05-29,CHI
/nfl/rankings/dynasty-rb.php,dynasty-rb,dp,RJ Harvey,27142,RB,DEN,27.12,2.49,24,33,,rj-harvey.php,,,91.5,,,,,,10.0,RJ Harvey,2026-05-29,DEN
/nfl/rankings/dynasty-rb.php,dynasty-rb,dp,David Montgomery,18239,RB,HOU,28.68,3.57,23,38,,david-montgomery.php,,,93.8,,,,,,8.0,David Montgomery,2026-05-29,HOU
/nfl/rankings/dynasty-rb.php,dynasty-rb,dp,Zach Charbonnet,23152,RB,SEA,30.56,3.29,25,37,,zach-charbonnet.php,,,74.7,,,,,,11.0,Zach Charbonnet,2026-05-29,SEA
/nfl/rankings/dynasty-rb.php,dynasty-rb,dp,Jaylen Warren,24209,RB,PIT,30.6,3.02,25,38,,jaylen-warren.php,,,91.2,,,,,,9.0,Jaylen Warren,2026-05-29,PIT
/nfl/rankings/dynasty-rb.php,dynasty-rb,dp,Kyle Monangai,27131,RB,CHI,30.68,4.51,24,43,,kyle-monangai.php,,,89.5,,,,,,10.0,Kyle Monangai,2026-05-29,CHI
/nfl/rankings/dynasty-rb.php,dynasty-rb,dp,Rhamondre Stevenson,22726,RB,NE,33.24,3.0,27,40,,rhamondre-stevenson.php,,,90.5,,,,,,11.0,Rhamondre Stevenson,2026-05-29,NEP
/nfl/rankings/dynasty-rb.php,dynasty-rb,dp,Chuba Hubbard,19792,RB,CAR,33.44,4.57,25,42,,chuba-hubbard.php,,,92.7,,,,,,5.0,Chuba Hubbard,2026-05-29,CAR
/nfl/rankings/dynasty-rb.php,dynasty-rb,dp,Blake Corum,23013,RB,LAR,33.52,5.19,26,47,,blake-corum.php,,,86.9,,,,,,11.0,Blake Corum,2026-05-29,LAR
/nfl/rankings/dynasty-rb.php,dynasty-rb,dp,Rico Dowdle,19647,RB,PIT,33.76,3.29,27,40,,rico-dowdle.php,,,91.1,,,,,,9.0,Rico Dowdle,2026-05-29,PIT
/nfl/rankings/dynasty-rb.php,dynasty-rb,dp,Jonah Coleman,27320,RB,DEN,33.84,5.38,25,43,,jonah-coleman.php,,,43.4,,,,,,10.0,Jonah Coleman,2026-05-29,DEN
/nfl/rankings/dynasty-rb.php,dynasty-rb,dp,Tony Pollard,18705,RB,TEN,36.68,3.2,31,42,,tony-pollard.php,,,90.6,,,,,,9.0,Tony Pollard,2026-05-29,TEN
/nfl/rankings/dynasty-rb.php,dynasty-rb,dp,Kenneth Gainwell,23310,RB,TB,39.28,4.23,32,48,,kenneth-gainwell.php,,,86.7,,,,,,10.0,Kenneth Gainwell,2026-05-29,TBB
/nfl/rankings/dynasty-rb.php,dynasty-rb,dp,Woody Marks,27520,RB,HOU,41.6,7.19,26,53,,woody-marks.php,,,67.6,,,,,,8.0,Woody Marks,2026-05-29,HOU
/nfl/rankings/dynasty-rb.php,dynasty-rb,dp,J.K. Dobbins,19245,RB,DEN,41.68,4.49,34,54,,jk-dobbins.php,,,89.5,,,,,,10.0,JK Dobbins,2026-05-29,DEN
/nfl/rankings/dynasty-rb.php,dynasty-rb,dp,Jacory Croskey-Merritt,27316,RB,WAS,41.8,5.31,33,53,,jacory-croskeymerritt.php,,,79.6,,,,,,7.0,Jacory Croskey-Merritt,2026-05-29,WAS
/nfl/rankings/dynasty-rb.php,dynasty-rb,dp,Tyler Allgeier,24172,RB,ARI,42.16,6.02,32,54,,tyler-allgeier.php,,,61.7,,,,,,14.0,Tyler Allgeier,2026-05-29,ARI
/nfl/rankings/dynasty-rb.php,dynasty-rb,dp,Tyrone Tracy Jr.,22980,RB,NYG,42.52,5.35,31,54,,tyrone-tracy-jr.php,,,49.8,,,,,,8.0,Tyrone Tracy,2026-05-29,NYG
/nfl/rankings/dynasty-rb.php,dynasty-rb,dp,Jonathon Brooks,26148,RB,CAR,42.72,12.25,28,74,,jonathon-brooks.php,,,61.4,,,,,,5.0,Jonathon Brooks,2026-05-29,CAR
/nfl/rankings/dynasty-rb.php,dynasty-rb,dp,Rachaad White,23891,RB,WAS,45.8,7.3,33,63,,rachaad-white.php,,,78.6,,,,,,7.0,Rachaad White,2026-05-29,WAS
/nfl/rankings/dynasty-rb.php,dynasty-rb,dp,Nicholas Singleton,24343,RB,TEN,46.72,9.19,35,74,,nick-singleton.php,,,30.7,,,,,,9.0,Nicholas Singleton,2026-05-29,TEN
/nfl/rankings/dynasty-rb.php,dynasty-rb,dp,Jordan Mason,22969,RB,MIN,47.0,4.87,39,58,,jordan-mason.php,,,65.2,,,,,,6.0,Jordan Mason,2026-05-29,MIN
/nfl/rankings/dynasty-rb.php,dynasty-rb,dp,Emmett Johnson,28107,RB,KC,47.4,9.18,31,74,,emmett-johnson.php,,,31.8,,,,,,5.0,Emmett Johnson,2026-05-29,KCC
/nfl/rankings/dynasty-rb.php,dynasty-rb,dp,Chris Rodriguez Jr.,22986,RB,JAC,49.84,5.12,38,60,,chris-rodriguez-jr.php,,,53.9,,,,,,7.0,Chris Rodriguez,2026-05-29,JAC
/nfl/rankings/dynasty-rb.php,dynasty-rb,dp,Dylan Sampson,27102,RB,CLE,49.84,6.33,42,64,,dylan-sampson.php,,,37.5,,,,,,11.0,Dylan Sampson,2026-05-29,CLE
/nfl/rankings/dynasty-rb.php,dynasty-rb,dp,Tyjae Spears,25323,RB,TEN,50.8,7.61,34,63,,tyjae-spears.php,,,61.1,,,,,,9.0,Tyjae Spears,2026-05-29,TEN
/nfl/rankings/dynasty-rb.php,dynasty-rb,dp,Aaron Jones Sr.,16673,RB,MIN,53.28,6.02,44,69,,aaron-jones.php,,,88.3,,,,,,6.0,Aaron Jones,2026-05-29,MIN
/nfl/rankings/dynasty-rb.php,dynasty-rb,dp,Mike Washington Jr.,28108,RB,LV,54.24,12.47,41,111,,mike-washington-jr.php,,,30.9,,,,,,13.0,Mike Washington,2026-05-29,LVR
/nfl/rankings/dynasty-rb.php,dynasty-rb,dp,Kaytron Allen,24362,RB,WAS,54.88,8.85,42,75,,kaytron-allen.php,,,24.8,,,,,,7.0,Kaytron Allen,2026-05-29,WAS
/nfl/rankings/dynasty-rb.php,dynasty-rb,dp,Isiah Pacheco,24333,RB,DET,57.0,7.26,44,77,,isiah-pacheco.php,,,59.5,,,,,,6.0,Isiah Pacheco,2026-05-29,DET
/nfl/rankings/dynasty-rb.php,dynasty-rb,dp,Alvin Kamara,16421,RB,NO,57.12,9.0,41,76,,alvin-kamara.php,,,58.1,,,,,,8.0,Alvin Kamara,2026-05-29,NOS
/nfl/rankings/dynasty-rb.php,dynasty-rb,dp,Braelon Allen,24346,RB,NYJ,57.64,8.2,44,79,,braelon-allen.php,,,34.6,,,,,,13.0,Braelon Allen,2026-05-29,NYJ
/nfl/rankings/dynasty-rb.php,dynasty-rb,dp,Brian Robinson Jr.,20094,RB,ATL,58.24,6.8,43,70,,brian-robinson-jr.php,,,40.0,,,,,,11.0,Brian Robinson,2026-05-29,ATL
/nfl/rankings/dynasty-rb.php,dynasty-rb,dp,Kaleb Johnson,27165,RB,PIT,59.84,6.99,40,72,,kaleb-johnson-rb.php,,,17.6,,,,,,9.0,Kaleb Johnson,2026-05-29,PIT
/nfl/rankings/dynasty-rb.php,dynasty-rb,dp,Tank Bigsby,22908,RB,PHI,59.88,8.82,45,83,,tank-bigsby.php,,,28.1,,,,,,10.0,Tank Bigsby,2026-05-29,PHI
/nfl/rankings/dynasty-rb.php,dynasty-rb,dp,Trey Benson,25388,RB,ARI,61.0,11.66,36,79,,trey-benson.php,,,23.1,,,,,,14.0,Trey Benson,2026-05-29,ARI
/nfl/rankings/dynasty-rb.php,dynasty-rb,dp,Demond Claiborne,28084,RB,MIN,62.46,11.29,46,83,,demond-claiborne.php,,,18.0,,,,,,6.0,Demond Claiborne,2026-05-29,MIN
/nfl/rankings/dynasty-rb.php,dynasty-rb,dp,Keaton Mitchell,25360,RB,LAC,63.24,11.67,41,89,,keaton-mitchell.php,,,39.7,,,,,,7.0,Keaton Mitchell,2026-05-29,LAC
/nfl/rankings/dynasty-rb.php,dynasty-rb,dp,Kimani Vidal,26355,RB,LAC,63.96,7.76,51,89,,kimani-vidal.php,,,25.1,,,,,,7.0,Kimani Vidal,2026-05-29,LAC
/nfl/rankings/dynasty-rb.php,dynasty-rb,dp,Ray Davis,26191,RB,BUF,65.6,6.86,56,80,,ray-davis.php,,,20.9,,,,,,7.0,Ray Davis,2026-05-29,BUF
/nfl/rankings/dynasty-rb.php,dynasty-rb,dp,James Conner,16447,RB,ARI,67.2,11.32,49,97,,james-conner.php,,,41.1,,,,,,14.0,James Conner,2026-05-29,ARI
/nfl/rankings/dynasty-rb.php,dynasty-rb,dp,Adam Randall,24367,RB,BAL,67.23,8.31,52,84,,adam-randall.php,,,8.1,,,,,,13.0,Adam Randall,2026-05-29,BAL
/nfl/rankings/dynasty-rb.php,dynasty-rb,dp,Emanuel Wilson,25885,RB,SEA,68.08,12.63,48,107,,emanuel-wilson.php,,,30.0,,,,,,11.0,Emanuel Wilson,2026-05-29,SEA
/nfl/rankings/dynasty-rb.php,dynasty-rb,dp,Sean Tucker,23679,RB,TB,68.24,5.99,55,81,,sean-tucker.php,,,22.5,,,,,,10.0,Sean Tucker,2026-05-29,TBB
/nfl/rankings/dynasty-rb.php,dynasty-rb,dp,Ollie Gordon II,25984,RB,MIA,68.32,5.77,60,82,,ollie-gordon.php,,,9.9,,,,,,6.0,Ollie Gordon,2026-05-29,MIA
/nfl/rankings/dynasty-rb.php,dynasty-rb,dp,Devin Neal,23682,RB,NO,69.6,10.38,48,98,,devin-neal.php,,,15.1,,,,,,8.0,Devin Neal,2026-05-29,NOS
/nfl/rankings/dynasty-rb.php,dynasty-rb,dp,Jaydon Blue,24344,RB,DAL,72.64,5.82,59,85,,jaydon-blue.php,,,15.6,,,,,,14.0,Jaydon Blue,2026-05-29,DAL
/nfl/rankings/dynasty-rb.php,dynasty-rb,dp,Jaylen Wright,25987,RB,MIA,68.29,7.06,58,89,,jaylen-wright.php,,,18.1,,,,,,6.0,Jaylen Wright,2026-05-29,MIA
/nfl/rankings/dynasty-rb.php,dynasty-rb,dp,Seth McGowan,23079,RB,IND,74.77,9.13,57,98,,seth-mcgowan.php,,,3.1,,,,,,13.0,Seth McGowan,2026-05-29,IND
/nfl/rankings/dynasty-rb.php,dynasty-rb,dp,DJ Giddens,27097,RB,IND,75.48,6.82,63,90,,dj-giddens.php,,,6.9,,,,,,13.0,DJ Giddens,2026-05-29,IND
/nfl/rankings/dynasty-rb.php,dynasty-rb,dp,Najee Harris,19302,RB,LAC,76.36,9.81,58,99,,najee-harris-rb.php,,,16.2,,,,,,7.0,Najee Harris,2026-05-29,LAC
/nfl/rankings/dynasty-rb.php,dynasty-rb,dp,Brashard Smith,27259,RB,KC,78.92,6.95,67,95,,brashard-smith.php,,,11.5,,,,,,5.0,Brashard Smith,2026-05-29,KCC
/nfl/rankings/dynasty-rb.php,dynasty-rb,dp,Jarquez Hunter,24335,RB,LAR,77.29,8.57,61,99,,jarquez-hunter.php,,,5.6,,,,,,11.0,Jarquez Hunter,2026-05-29,LAR
/nfl/rankings/dynasty-rb.php,dynasty-rb,dp,J'Mari Taylor,28109,RB,JAC,86.93,6.73,77,98,,jmari-taylor.php,,,5.2,,,,,,7.0,JMari Taylor,2026-05-29,JAC
/nfl/rankings/dynasty-rb.php,dynasty-rb,dp,MarShawn Lloyd,23118,RB,GB,80.57,11.8,59,110,,marshawn-lloyd.php,,,10.2,,,,,,11.0,MarShawn Lloyd,2026-05-29,GBP
/nfl/rankings/dynasty-rb.php,dynasty-rb,dp,Kendre Miller,24360,RB,NO,80.7,10.54,64,112,,kendre-miller.php,,,8.7,,,,,,8.0,Kendre Miller,2026-05-29,NOS
/nfl/rankings/dynasty-rb.php,dynasty-rb,dp,Isaiah Davis,25977,RB,NYJ,81.57,7.51,68,96,,isaiah-davis.php,,,5.8,,,,,,13.0,Isaiah Davis,2026-05-29,NYJ
/nfl/rankings/dynasty-rb.php,dynasty-rb,dp,Roman Hemby,25387,RB,LV,90.2,11.83,79,128,,roman-hemby.php,,,0.0,,,,,,13.0,Roman Hemby,2026-05-29,LVR
/nfl/rankings/dynasty-rb.php,dynasty-rb,dp,Kaelon Black,28401,RB,SF,69.25,16.06,45,96,,kaelon-black.php,,,10.4,,,,,,8.0,Kaelon Black,2026-05-29,SFO
/nfl/rankings/dynasty-rb.php,dynasty-rb,dp,Will Shipley,22930,RB,PHI,85.55,9.03,73,111,,will-shipley.php,,,3.2,,,,,,10.0,Will Shipley,2026-05-29,PHI
/nfl/rankings/dynasty-rb.php,dynasty-rb,dp,Jordan James,27310,RB,SF,81.62,11.36,63,115,,jordan-james.php,,,16.4,,,,,,8.0,Jordan James,2026-05-29,SFO
/nfl/rankings/dynasty-rb.php,dynasty-rb,dp,Tahj Brooks,26212,RB,CIN,88.32,7.26,78,109,,tahj-brooks.php,,,2.6,,,,,,6.0,Tahj Brooks,2026-05-29,CIN
/nfl/rankings/dynasty-rb.php,dynasty-rb,dp,Isaac Guerendo,26392,RB,SF,84.62,8.33,66,101,,isaac-guerendo.php,,,3.4,,,,,,8.0,Isaac Guerendo,2026-05-29,SFO
/nfl/rankings/dynasty-rb.php,dynasty-rb,dp,Trevor Etienne,25393,RB,CAR,89.41,8.96,76,108,,trevor-etienne.php,,,3.8,,,,,,5.0,Trevor Etienne,2026-05-29,CAR
/nfl/rankings/dynasty-rb.php,dynasty-rb,dp,LeQuint Allen Jr.,27285,RB,JAC,89.91,3.76,81,97,,lequint-allen-jr.php,,,10.9,,,,,,7.0,LeQuint Allen,2026-05-29,JAC
/nfl/rankings/dynasty-rb.php,dynasty-rb,dp,Devin Singletary,18280,RB,NYG,90.05,9.32,72,110,,devin-singletary.php,,,3.4,,,,,,8.0,Devin Singletary,2026-05-29,NYG
/nfl/rankings/dynasty-rb.php,dynasty-rb,dp,Jerome Ford,22921,RB,WAS,87.67,10.23,67,109,,jerome-ford.php,,,5.4,,,,,,7.0,Jerome Ford,2026-05-29,WAS
/nfl/rankings/dynasty-rb.php,dynasty-rb,dp,Eli Heidenreich,28297,RB,PIT,81.68,16.19,58,120,,eli-heidenreich.php,,,3.0,,,,,,9.0,Eli Heidenreich,2026-05-29,PIT
/nfl/rankings/dynasty-rb.php,dynasty-rb,dp,Justice Hill,18256,RB,BAL,91.71,7.36,77,106,,justice-hill.php,,,10.7,,,,,,13.0,Justice Hill,2026-05-29,BAL
/nfl/rankings/dynasty-rb.php,dynasty-rb,dp,Audric Estime,23054,RB,NO,96.35,8.47,77,117,,audric-estime.php,,,6.3,,,,,,8.0,Audric Estime,2026-05-29,NOS
/nfl/rankings/dynasty-rb.php,dynasty-rb,dp,Chris Brooks,25823,RB,GB,86.59,11.75,63,106,,christopher-brooks.php,,,7.2,,,,,,11.0,Chris Brooks,2026-05-29,GBP
/nfl/rankings/dynasty-rb.php,dynasty-rb,dp,Jaleel McLaughlin,25876,RB,DEN,96.89,8.61,75,114,,jaleel-mclaughlin.php,,,1.4,,,,,,10.0,Jaleel McLaughlin,2026-05-29,DEN
/nfl/rankings/dynasty-rb.php,dynasty-rb,dp,Kareem Hunt,16425,RB,FA,94.33,8.31,76,118,,kareem-hunt.php,,,3.1,,,,,,,Kareem Hunt,2026-05-29,FA
/nfl/rankings/dynasty-rb.php,dynasty-rb,dp,Joe Mixon,16420,RB,FA,90.53,11.36,64,111,,joe-mixon.php,,,15.9,,,,,,,Joe Mixon,2026-05-29,FA
/nfl/rankings/dynasty-rb.php,dynasty-rb,dp,Ty Johnson,18406,RB,BUF,102.65,11.46,85,138,,ty-johnson.php,,,6.6,,,,,,7.0,Ty Johnson,2026-05-29,BUF
/nfl/rankings/dynasty-rb.php,dynasty-rb,dp,Nick Chubb,17246,RB,FA,99.57,4.5,90,110,,nick-chubb.php,,,2.3,,,,,,,Nick Chubb,2026-05-29,FA
/nfl/rankings/dynasty-rb.php,dynasty-rb,dp,Raheim Sanders,24351,RB,CLE,101.58,10.74,79,120,,raheim-sanders.php,,,1.1,,,,,,11.0,Raheim Sanders,2026-05-29,CLE
/nfl/rankings/dynasty-rb.php,dynasty-rb,dp,Roschon Johnson,25322,RB,CHI,102.17,10.48,82,119,,roschon-johnson.php,,,0.7,,,,,,10.0,Roschon Johnson,2026-05-29,CHI
/nfl/rankings/dynasty-rb.php,dynasty-rb,dp,Emari Demercado,25654,RB,KC,96.73,8.48,81,110,,emari-demercado.php,,,4.2,,,,,,5.0,Emari Demercado,2026-05-29,KCC
/nfl/rankings/dynasty-rb.php,dynasty-rb,dp,Samaje Perine,16423,RB,CIN,100.09,13.67,78,121,,samaje-perine.php,,,5.2,,,,,,6.0,Samaje Perine,2026-05-29,CIN
/nfl/rankings/dynasty-rb.php,dynasty-rb,dp,Robert Henry Jr.,28404,RB,WAS,98.1,8.99,90,122,,robert-henry-jr.php,,,0.0,,,,,,7.0,Robert Henry,2026-05-29,WAS
/nfl/rankings/dynasty-rb.php,dynasty-rb,dp,Jam Miller,27326,RB,NE,90.44,14.63,71,116,,jam-miller.php,,,2.2,,,,,,11.0,Jam Miller,2026-05-29,NEP
/nfl/rankings/dynasty-rb.php,dynasty-rb,dp,George Holani,22915,RB,SEA,91.0,8.52,82,109,,george-holani.php,,,10.7,,,,,,11.0,George Holani,2026-05-29,SEA
/nfl/rankings/dynasty-rb.php,dynasty-rb,dp,Phil Mafah,22928,RB,DAL,110.1,11.13,94,124,,phil-mafah.php,,,1.1,,,,,,14.0,Phil Mafah,2026-05-29,DAL
/nfl/rankings/dynasty-rb.php,dynasty-rb,dp,Bam Knight,24901,RB,ARI,102.67,9.13,85,113,,zonovan-bam-knight.php,,,1.2,,,,,,14.0,Bam Knight,2026-05-29,ARI
/nfl/rankings/dynasty-rb.php,dynasty-rb,dp,Michael Carter,22728,RB,TEN,110.7,8.67,98,127,,michael-carter-rb.php,,,1.8,,,,,,9.0,Michael Carter,2026-05-29,TEN
/nfl/rankings/dynasty-rb.php,dynasty-rb,dp,Rasheen Ali,25983,RB,BAL,112.3,14.91,87,136,,rasheen-ali.php,,,2.9,,,,,,13.0,Rasheen Ali,2026-05-29,BAL
/nfl/rankings/dynasty-rb.php,dynasty-rb,dp,Malik Davis,24205,RB,DAL,100.0,29.37,79,175,,malik-davis.php,,,4.0,,,,,,14.0,Malik Davis,2026-05-29,DAL
/nfl/rankings/dynasty-rb.php,dynasty-rb,dp,Dameon Pierce,22947,RB,PHI,105.25,11.58,91,119,,dameon-pierce.php,,,1.2,,,,,,10.0,Dameon Pierce,2026-05-29,PHI
/nfl/rankings/dynasty-rb.php,dynasty-rb,dp,Jaydn Ott,25394,RB,KC,105.5,6.2,93,114,,jaydn-ott.php,,,1.1,,,,,,5.0,Jaydn Ott,2026-05-29,KCC
/nfl/rankings/dynasty-rb.php,dynasty-rb,dp,Antonio Gibson,19624,RB,FA,107.86,9.09,90,119,,antonio-gibson.php,,,0.8,,,,,,,Antonio Gibson,2026-05-29,FA
/nfl/rankings/dynasty-rb.php,dynasty-rb,dp,Jawhar Jordan,26329,RB,HOU,117.5,20.43,98,166,,jawhar-jordan.php,,,1.1,,,,,,8.0,Jawhar Jordan,2026-05-29,HOU
/nfl/rankings/dynasty-rb.php,dynasty-rb,dp,Damien Martinez,25976,RB,GB,115.0,11.76,94,129,,damien-martinez.php,,,0.7,,,,,,11.0,Damien Martinez,2026-05-29,GBP
/nfl/rankings/dynasty-rb.php,dynasty-rb,dp,Terion Stewart,28111,RB,KC,93.0,14.75,68,108,,terion-stewart.php,,,0.0,,,,,,5.0,Terion Stewart,2026-05-29,KCC
/nfl/rankings/dynasty-rb.php,dynasty-rb,dp,Dylan Laube,26194,RB,LV,120.86,12.8,108,145,,dylan-laube.php,,,0.7,,,,,,13.0,Dylan Laube,2026-05-29,LVR
/nfl/rankings/dynasty-rb.php,dynasty-rb,dp,Austin Ekeler,16483,RB,FA,112.33,13.3,102,140,,austin-ekeler.php,,,2.6,,,,,,,Austin Ekeler,2026-05-29,FA
/nfl/rankings/dynasty-rb.php,dynasty-rb,dp,Raheem Mostert,14338,RB,LV,114.67,8.92,102,125,,raheem-mostert.php,,,0.7,,,,,,13.0,Raheem Mostert,2026-05-29,LVR
/nfl/rankings/dynasty-rb.php,dynasty-rb,dp,Miles Sanders,18283,RB,FA,116.17,15.19,96,146,,miles-sanders.php,,,0.7,,,,,,,Miles Sanders,2026-05-29,FA
/nfl/rankings/dynasty-rb.php,dynasty-rb,dp,Desmond Reid,28110,RB,BUF,106.8,7.55,99,119,,desmond-reid.php,,,0.0,,,,,,7.0,Desmond Reid,2026-05-29,BUF
/nfl/rankings/dynasty-rb.php,dynasty-rb,dp,Jeremy McNichols,16445,RB,WAS,108.2,7.78,96,115,,jeremy-mcnichols.php,,,0.8,,,,,,7.0,Jeremy McNichols,2026-05-29,WAS
/nfl/rankings/dynasty-rb.php,dynasty-rb,dp,Elijah Mitchell,22813,RB,FA,122.33,12.55,103,142,,elijah-mitchell-rb.php,,,0.7,,,,,,,Elijah Mitchell,2026-05-29,FA
/nfl/rankings/dynasty-rb.php,dynasty-rb,dp,Khalil Herbert,22763,RB,FA,113.0,13.18,88,126,,khalil-herbert.php,,,1.1,,,,,,,Khalil Herbert,2026-05-29,FA
/nfl/rankings/dynasty-rb.php,dynasty-rb,dp,Ty Chandler,19471,RB,NO,115.0,13.91,97,132,,ty-chandler.php,,,0.6,,,,,,8.0,Ty Chandler,2026-05-29,NOS
/nfl/rankings/dynasty-rb.php,dynasty-rb,dp,AJ Dillon,19358,RB,CAR,122.0,10.32,113,142,,aj-dillon.php,,,0.7,,,,,,5.0,AJ Dillon,2026-05-29,CAR
/nfl/rankings/dynasty-rb.php,dynasty-rb,dp,Cam Akers,19268,RB,FA,122.4,16.22,93,143,,cam-akers.php,,,0.6,,,,,,,Cam Akers,2026-05-29,FA
/nfl/rankings/dynasty-rb.php,dynasty-rb,dp,Dean Connors,28113,RB,LAR,110.0,12.19,90,123,,dean-connors.php,,,0.0,,,,,,11.0,Dean Connors,2026-05-29,LAR
/nfl/rankings/dynasty-rb.php,dynasty-rb,dp,Tyler Badie,23812,RB,DEN,113.75,11.1,100,131,,tyler-badie.php,,,1.0,,,,,,10.0,Tyler Badie,2026-05-29,DEN
/nfl/rankings/dynasty-rb.php,dynasty-rb,dp,Zamir White,20095,RB,LV,117.5,9.55,103,129,,zamir-white.php,,,0.9,,,,,,13.0,Zamir White,2026-05-29,LVR
/nfl/rankings/dynasty-rb.php,dynasty-rb,dp,Alexander Mattison,18621,RB,FA,119.5,14.45,96,134,,alexander-mattison.php,,,0.6,,,,,,,Alexander Mattison,2026-05-29,FA
/nfl/rankings/dynasty-rb.php,dynasty-rb,dp,Trey Sermon,19425,RB,FA,131.6,19.36,104,153,,trey-sermon.php,,,1.0,,,,,,,Trey Sermon,2026-05-29,FA
/nfl/rankings/dynasty-rb.php,dynasty-rb,dp,Tyler Goodson,22976,RB,ATL,123.0,17.93,95,141,,tyler-goodson.php,,,0.6,,,,,,11.0,Tyler Goodson,2026-05-29,ATL
/nfl/rankings/dynasty-rb.php,dynasty-rb,dp,Sincere McCormick,23172,RB,FA,124.0,19.07,98,148,,sincere-mccormick.php,,,1.0,,,,,,,Sincere McCormick,2026-05-29,FA
/nfl/rankings/dynasty-rb.php,dynasty-rb,dp,Kenny McIntosh,25329,RB,SEA,136.4,27.21,108,186,,kenny-mcintosh.php,,,2.5,,,,,,11.0,Kenny McIntosh,2026-05-29,SEA
/nfl/rankings/dynasty-rb.php,dynasty-rb,dp,Hassan Haskins,23798,RB,LAC,125.5,11.41,111,139,,hassan-haskins.php,,,0.6,,,,,,7.0,Hassan Haskins,2026-05-29,LAC
/nfl/rankings/dynasty-rb.php,dynasty-rb,dp,Kalel Mullings,27045,RB,TEN,127.25,7.46,122,140,,kalel-mullings.php,,,0.6,,,,,,9.0,Kalel Mullings,2026-05-29,TEN
/nfl/rankings/dynasty-rb.php,dynasty-rb,dp,Gus Edwards,17687,RB,FA,128.25,20.58,97,150,,gus-edwards.php,,,1.0,,,,,,,Gus Edwards,2026-05-29,FA
/nfl/rankings/dynasty-rb.php,dynasty-rb,dp,Zack Moss,19263,RB,FA,128.5,21.78,95,156,,zack-moss.php,,,1.6,,,,,,,Zack Moss,2026-05-29,FA
/nfl/rankings/dynasty-rb.php,dynasty-rb,dp,Eric Gray,23075,RB,NYG,129.25,18.25,101,151,,eric-gray.php,,,0.6,,,,,,8.0,Eric Gray,2026-05-29,NYG
/nfl/rankings/dynasty-rb.php,dynasty-rb,dp,CJ Donaldson,25396,RB,NO,114.67,6.6,110,124,,cj-donaldson.php,,,2.5,,,,,,8.0,CJ Donaldson,2026-05-29,NOS
/nfl/rankings/dynasty-rb.php,dynasty-rb,dp,Ameer Abdullah,13924,RB,JAC,132.0,15.83,112,148,,ameer-abdullah.php,,,0.6,,,,,,7.0,Ameer Abdullah,2026-05-29,JAC
/nfl/rankings/dynasty-rb.php,dynasty-rb,dp,Ronnie Rivers,23986,RB,LAR,140.25,28.71,104,174,,ronnie-rivers.php,,,0.6,,,,,,11.0,Ronnie Rivers,2026-05-29,LAR
/nfl/rankings/dynasty-rb.php,dynasty-rb,dp,Evan Hull,25325,RB,HOU,141.25,11.5,123,154,,evan-hull.php,,,1.4,,,,,,8.0,Evan Hull,2026-05-29,HOU
/nfl/rankings/dynasty-rb.php,dynasty-rb,dp,DeeJay Dallas,19521,RB,JAC,143.75,22.79,110,170,,deejay-dallas.php,,,0.1,,,,,,7.0,DeeJay Dallas,2026-05-29,JAC
/nfl/rankings/dynasty-rb.php,dynasty-rb,dp,Donovan Edwards,23014,RB,MIA,133.0,12.68,118,149,,donovan-edwards.php,,,0.6,,,,,,6.0,Donovan Edwards,2026-05-29,MIA
/nfl/rankings/dynasty-rb.php,dynasty-rb,dp,Pierre Strong Jr.,24173,RB,GB,146.0,15.7,127,162,,pierre-strong-jr.php,,,0.6,,,,,,11.0,Pierre Strong,2026-05-29,GBP
/nfl/rankings/dynasty-rb.php,dynasty-rb,dp,Chip Trayanum,28114,RB,NYJ,113.5,9.5,104,123,,chip-trayanum.php,,,1.2,,,,,,13.0,Chip Trayanum,2026-05-29,NYJ
/nfl/rankings/dynasty-rb.php,dynasty-rb,dp,Noah Whittington,28115,RB,HOU,116.0,11.0,105,127,,noah-whittington.php,,,0.0,,,,,,8.0,Noah Whittington,2026-05-29,HOU
/nfl/rankings/dynasty-rb.php,dynasty-rb,dp,Terrell Jennings,26964,RB,NE,119.0,19.0,100,138,,terrell-jennings.php,,,0.6,,,,,,11.0,Terrell Jennings,2026-05-29,NEP
/nfl/rankings/dynasty-rb.php,dynasty-rb,dp,Frank Gore Jr.,25980,RB,BUF,150.25,16.9,131,169,,frank-gore-jr.php,,,0.6,,,,,,7.0,Frank Gore,2026-05-29,BUF
/nfl/rankings/dynasty-rb.php,dynasty-rb,dp,Jaret Patterson,20155,RB,LAC,142.0,15.58,130,164,,jaret-patterson.php,,,0.7,,,,,,7.0,Jaret Patterson,2026-05-29,LAC
/nfl/rankings/dynasty-rb.php,dynasty-rb,dp,Carson Steele,26372,RB,PHI,145.33,7.32,135,151,,carson-steele.php,,,1.1,,,,,,10.0,Carson Steele,2026-05-29,PHI
/nfl/rankings/dynasty-rb.php,dynasty-rb,dp,Craig Reynolds,19074,RB,FA,146.67,6.6,138,154,,craig-reynolds.php,,,1.1,,,,,,,Craig Reynolds,2026-05-29,FA
/nfl/rankings/dynasty-rb.php,dynasty-rb,dp,Chase Edmonds,17496,RB,WAS,155.0,27.25,112,179,,chase-edmonds.php,,,0.0,,,,,,7.0,Chase Edmonds,2026-05-29,WAS
/nfl/rankings/dynasty-rb.php,dynasty-rb,dp,Patrick Taylor Jr.,19544,RB,SF,131.0,4.0,127,135,,patrick-taylor.php,,,0.7,,,,,,8.0,Patrick Taylor,2026-05-29,SFO
/nfl/rankings/dynasty-rb.php,dynasty-rb,dp,Zavier Scott,25748,RB,MIN,131.0,2.0,129,133,,zavier-scott.php,,,0.7,,,,,,6.0,Zavier Scott,2026-05-29,MIN
/nfl/rankings/dynasty-rb.php,dynasty-rb,dp,Cody Schrader,26216,RB,DEN,147.33,12.5,130,159,,cody-schrader.php,,,0.6,,,,,,10.0,Cody Schrader,2026-05-29,DEN
/nfl/rankings/dynasty-rb.php,dynasty-rb,dp,Marcus Yarns,27293,RB,FA,147.33,4.64,141,152,,marcus-yarns.php,,,1.0,,,,,,,Marcus Yarns,2026-05-29,FA
/nfl/rankings/dynasty-rb.php,dynasty-rb,dp,Israel Abanikanda,24352,RB,DAL,149.0,17.68,129,172,,israel-abanikanda.php,,,2.3,,,,,,14.0,Israel Abanikanda,2026-05-29,DAL
/nfl/rankings/dynasty-rb.php,dynasty-rb,dp,Julius Chestnut,24689,RB,TEN,157.33,33.71,133,205,,julius-chestnut.php,,,0.9,,,,,,9.0,Julius Chestnut,2026-05-29,TEN
/nfl/rankings/dynasty-rb.php,dynasty-rb,dp,Deuce Vaughn,22984,RB,FA,151.67,14.7,131,164,,deuce-vaughn.php,,,4.6,,,,,,,Deuce Vaughn,2026-05-29,FA
/nfl/rankings/dynasty-rb.php,dynasty-rb,dp,Dare Ogunbowale,16879,RB,FA,138.5,1.5,137,140,,dare-ogunbowale.php,,,1.0,,,,,,,Dare Ogunbowale,2026-05-29,FA
/nfl/rankings/dynasty-rb.php,dynasty-rb,dp,Keaontay Ingram,23162,RB,FA,156.33,14.97,142,177,,keaontay-ingram.php,,,1.0,,,,,,,Keaontay Ingram,2026-05-29,FA
/nfl/rankings/dynasty-rb.php,dynasty-rb,dp,Blake Watson,26391,RB,FA,159.0,6.68,152,168,,blake-watson.php,,,0.6,,,,,,,Blake Watson,2026-05-29,FA
/nfl/rankings/dynasty-rb.php,dynasty-rb,dp,Keilan Robinson,22896,RB,FA,159.33,15.33,139,176,,keilan-robinson.php,,,0.0,,,,,,,Keilan Robinson,2026-05-29,FA
/nfl/rankings/dynasty-rb.php,dynasty-rb,dp,Deneric Prince,25770,RB,FA,161.33,11.32,146,173,,deneric-prince.php,,,0.0,,,,,,,Deneric Prince,2026-05-29,FA
/nfl/rankings/dynasty-rb.php,dynasty-rb,dp,Clyde Edwards-Helaire,19325,RB,FA,161.33,7.13,154,171,,clyde-edwards-helaire.php,,,0.6,,,,,,,Clyde Edwards-Helaire,2026-05-29,FA
/nfl/rankings/dynasty-rb.php,dynasty-rb,dp,Cordarrelle Patterson,11613,RB,FA,162.0,5.35,156,169,,cordarrelle-patterson.php,,,1.0,,,,,,,Cordarrelle Patterson,2026-05-29,FA
/nfl/rankings/dynasty-rb.php,dynasty-rb,dp,D'Ernest Johnson,19111,RB,FA,162.33,12.92,145,176,,dernest-johnson.php,,,1.0,,,,,,,DErnest Johnson,2026-05-29,FA
/nfl/rankings/dynasty-rb.php,dynasty-rb,dp,Jeff Wilson Jr.,18026,RB,FA,163.67,11.47,149,177,,jeffery-wilson.php,,,1.0,,,,,,,Jeff Wilson,2026-05-29,FA
/nfl/rankings/dynasty-rb.php,dynasty-rb,dp,Darrynton Evans,19418,RB,FA,170.67,20.07,155,199,,darrynton-evans.php,,,0.0,,,,,,,Darrynton Evans,2026-05-29,FA
/nfl/rankings/dynasty-rb.php,dynasty-rb,dp,D'Onta Foreman,16407,RB,FA,157.5,10.5,147,168,,donta-foreman.php,,,2.7,,,,,,,DOnta Foreman,2026-05-29,FA
/nfl/rankings/dynasty-rb.php,dynasty-rb,dp,Kendall Milton,22962,RB,CIN,159.5,7.5,152,167,,kendall-milton.php,,,0.1,,,,,,6.0,Kendall Milton,2026-05-29,CIN
/nfl/rankings/dynasty-rb.php,dynasty-rb,dp,Salvon Ahmed,19449,RB,CHI,167.0,24.0,143,191,,salvon-ahmed.php,,,0.0,,,,,,10.0,Salvon Ahmed,2026-05-29,CHI
/nfl/rankings/dynasty-rb.php,dynasty-rb,dp,Trayveon Williams,18607,RB,FA,175.67,20.73,155,204,,trayveon-williams.php,,,0.1,,,,,,,Trayveon Williams,2026-05-29,FA
/nfl/rankings/dynasty-rb.php,dynasty-rb,dp,Travis Homer,18616,RB,PIT,176.0,32.0,144,208,,travis-homer.php,,,0.6,,,,,,9.0,Travis Homer,2026-05-29,PIT
/nfl/rankings/dynasty-rb.php,dynasty-rb,dp,Joshua Kelley,19445,RB,FA,162.5,9.5,153,172,,joshua-kelley.php,,,0.0,,,,,,,Joshua Kelley,2026-05-29,FA
/nfl/rankings/dynasty-rb.php,dynasty-rb,dp,Kene Nwangwu,23249,RB,NYJ,171.5,26.5,145,198,,kene-nwangwu.php,,,0.2,,,,,,13.0,Kene Nwangwu,2026-05-29,NYJ
/nfl/rankings/dynasty-rb.php,dynasty-rb,dp,Dillon Johnson,26226,RB,FA,164.5,1.5,163,166,,dillon-johnson.php,,,1.0,,,,,,,Dillon Johnson,2026-05-29,FA
/nfl/rankings/dynasty-rb.php,dynasty-rb,dp,Dalvin Cook,16374,RB,FA,165.0,5.0,160,170,,dalvin-cook.php,,,0.6,,,,,,,Dalvin Cook,2026-05-29,FA
/nfl/rankings/dynasty-rb.php,dynasty-rb,dp,Daijun Edwards,25985,RB,FA,165.5,5.5,160,171,,daijun-edwards.php,,,0.0,,,,,,,Daijun Edwards,2026-05-29,FA
/nfl/rankings/dynasty-rb.php,dynasty-rb,dp,JaMycal Hasty,19627,RB,FA,175.0,13.64,157,190,,jamycal-hasty.php,,,1.1,,,,,,,JaMycal Hasty,2026-05-29,FA
/nfl/rankings/dynasty-rb.php,dynasty-rb,dp,Chris Evans,22797,RB,FA,173.0,14.0,159,187,,chris-evans.php,,,0.0,,,,,,,Chris Evans,2026-05-29,FA
/nfl/rankings/dynasty-rb.php,dynasty-rb,dp,Emani Bailey,26330,RB,FA,185.5,24.5,161,210,,emani-bailey.php,,,0.0,,,,,,,Emani Bailey,2026-05-29,FA
/nfl/rankings/dynasty-rb.php,dynasty-rb,dp,Jerick McKinnon,12209,RB,FA,171.0,9.0,162,180,,jerick-mckinnon.php,,,0.0,,,,,,,Jerick McKinnon,2026-05-29,FA
/nfl/rankings/dynasty-rb.php,dynasty-rb,dp,Jase McClellan,22894,RB,FA,173.5,10.5,163,184,,jase-mcclellan.php,,,1.0,,,,,,,Jase McClellan,2026-05-29,FA
/nfl/rankings/dynasty-rb.php,dynasty-rb,dp,Isaiah Spiller,23143,RB,FA,172.5,8.5,164,181,,isaiah-spiller.php,,,1.0,,,,,,,Isaiah Spiller,2026-05-29,FA
/nfl/rankings/dynasty-rb.php,dynasty-rb,dp,Tyrion Davis-Price,22992,RB,FA,178.0,11.0,167,189,,tyrion-davis-price.php,,,1.0,,,,,,,Tyrion Davis-Price,2026-05-29,FA
/nfl/rankings/dynasty-rb.php,dynasty-rb,dp,Gary Brightwell,23293,RB,CIN,184.5,17.5,167,202,,gary-brightwell.php,,,0.1,,,,,,6.0,Gary Brightwell,2026-05-29,CIN
/nfl/rankings/dynasty-rb.php,dynasty-rb,dp,Jashaun Corbin,22948,RB,FA,195.5,26.5,169,222,,jashaun-corbin.php,,,0.0,,,,,,,Jashaun Corbin,2026-05-29,FA
/nfl/rankings/dynasty-rb.php,dynasty-rb,dp,Nyheim Miller-Hines,17297,RB,FA,182.0,12.0,170,194,,nyheim-hines.php,,,0.0,,,,,,,Nyheim Miller-Hines,2026-05-29,FA
/nfl/rankings/dynasty-rb.php,dynasty-rb,dp,Kevin Harris,23117,RB,FA,175.5,3.5,172,179,,kevin-harris.php,,,1.0,,,,,,,Kevin Harris,2026-05-29,FA
/nfl/rankings/dynasty-rb.php,dynasty-rb,dp,Matt Breida,17058,RB,FA,182.5,9.5,173,192,,matt-breida.php,,,0.0,,,,,,,Matt Breida,2026-05-29,FA
/nfl/rankings/dynasty-rb.php,dynasty-rb,dp,Michael Wiley,26380,RB,FA,184.0,11.0,173,195,,michael-wiley-rb.php,,,0.1,,,,,,,Michael Wiley,2026-05-29,FA
/nfl/rankings/dynasty-rb.php,dynasty-rb,dp,DeWayne McBride,25265,RB,FA,178.5,4.5,174,183,,dewayne-mcbride.php,,,3.9,,,,,,,DeWayne McBride,2026-05-29,FA
/nfl/rankings/dynasty-rb.php,dynasty-rb,dp,Lew Nichols III,25443,RB,PIT,193.5,19.5,174,213,,lew-nichols.php,,,5.1,,,,,,9.0,Lew Nichols,2026-05-29,PIT
/nfl/rankings/dynasty-rb.php,dynasty-rb,dp,Royce Freeman,17245,RB,FA,184.0,9.0,175,193,,royce-freeman.php,,,0.0,,,,,,,Royce Freeman,2026-05-29,FA
/nfl/rankings/rookies.php,dynasty-rk,drk,Jeremiyah Love,25403,RB,ARI,1.0,0.0,1,1,,jeremiyah-love.php,,,96.2,,,,,,14.0,Jeremiyah Love,2026-05-29,ARI
/nfl/rankings/rookies.php,dynasty-rk,drk,Carnell Tate,26009,WR,TEN,2.56,0.79,2,5,,carnell-tate.php,,,92.8,,,,,,9.0,Carnell Tate,2026-05-29,TEN
/nfl/rankings/rookies.php,dynasty-rk,drk,Jordyn Tyson,26035,WR,NO,3.11,0.68,2,4,,jordyn-tyson.php,,,88.9,,,,,,8.0,Jordyn Tyson,2026-05-29,NOS
/nfl/rankings/rookies.php,dynasty-rk,drk,Makai Lemon,25420,WR,PHI,4.33,1.49,2,10,,makai-lemon.php,,,88.7,,,,,,10.0,Makai Lemon,2026-05-29,PHI
/nfl/rankings/rookies.php,dynasty-rk,drk,Jadarian Price,27329,RB,SEA,5.56,1.03,4,8,,jadarian-price.php,,,89.6,,,,,,11.0,Jadarian Price,2026-05-29,SEA
/nfl/rankings/rookies.php,dynasty-rk,drk,KC Concepcion,27331,WR,CLE,6.52,2.15,4,12,,kevin-concepcion.php,,,70.8,,,,,,11.0,KC Concepcion,2026-05-29,CLE
/nfl/rankings/rookies.php,dynasty-rk,drk,Kenyon Sadiq,26055,TE,NYJ,8.52,1.83,6,13,,kenyon-sadiq.php,,,75.0,,,,,,13.0,Kenyon Sadiq,2026-05-29,NYJ
/nfl/rankings/rookies.php,dynasty-rk,drk,Omar Cooper Jr.,28127,WR,NYJ,8.52,1.52,6,12,,omar-cooper-jr.php,,,53.2,,,,,,13.0,Omar Cooper,2026-05-29,NYJ
/nfl/rankings/rookies.php,dynasty-rk,drk,Eli Stowers,23144,TE,PHI,8.81,1.87,6,14,,eli-stowers.php,,,30.8,,,,,,10.0,Eli Stowers,2026-05-29,PHI
/nfl/rankings/rookies.php,dynasty-rk,drk,Denzel Boston,27339,WR,CLE,10.52,2.25,6,16,,denzel-boston.php,,,45.7,,,,,,11.0,Denzel Boston,2026-05-29,CLE
/nfl/rankings/rookies.php,dynasty-rk,drk,Fernando Mendoza,28013,QB,LV,10.63,4.63,2,22,,fernando-mendoza.php,,,42.9,,,,,,13.0,Fernando Mendoza,2026-05-29,LVR
/nfl/rankings/rookies.php,dynasty-rk,drk,Jonah Coleman,27320,RB,DEN,14.33,2.84,8,20,,jonah-coleman.php,,,43.4,,,,,,10.0,Jonah Coleman,2026-05-29,DEN
/nfl/rankings/rookies.php,dynasty-rk,drk,Antonio Williams,25418,WR,WAS,14.52,4.02,9,23,,antonio-williams-wr.php,,,29.2,,,,,,7.0,Antonio Williams,2026-05-29,WAS
/nfl/rankings/rookies.php,dynasty-rk,drk,Chris Bell,26038,WR,MIA,15.41,4.25,10,28,,chris-bell.php,,,26.9,,,,,,6.0,Chris Bell,2026-05-29,MIA
/nfl/rankings/rookies.php,dynasty-rk,drk,Germie Bernard,26039,WR,PIT,16.78,3.9,11,26,,germie-bernard.php,,,22.4,,,,,,9.0,Germie Bernard,2026-05-29,PIT
/nfl/rankings/rookies.php,dynasty-rk,drk,Nicholas Singleton,24343,RB,TEN,16.96,5.2,11,35,,nick-singleton.php,,,30.7,,,,,,9.0,Nicholas Singleton,2026-05-29,TEN
/nfl/rankings/rookies.php,dynasty-rk,drk,De'Zhaun Stribling,28138,WR,SF,18.59,5.17,11,30,,dezhaun-stribling.php,,,16.1,,,,,,8.0,DeZhaun Stribling,2026-05-29,SFO
/nfl/rankings/rookies.php,dynasty-rk,drk,Chris Brazzell II,28047,WR,CAR,20.37,4.83,12,32,,chris-brazzell-ii.php,,,17.6,,,,,,5.0,Chris Brazzell,2026-05-29,CAR
/nfl/rankings/rookies.php,dynasty-rk,drk,Ty Simpson,25368,QB,LAR,21.52,6.17,8,33,,ty-simpson.php,,,20.6,,,,,,11.0,Ty Simpson,2026-05-29,LAR
/nfl/rankings/rookies.php,dynasty-rk,drk,Emmett Johnson,28107,RB,KC,21.63,4.87,13,31,,emmett-johnson.php,,,31.8,,,,,,5.0,Emmett Johnson,2026-05-29,KCC
/nfl/rankings/rookies.php,dynasty-rk,drk,Kaytron Allen,24362,RB,WAS,24.04,5.22,15,34,,kaytron-allen.php,,,24.8,,,,,,7.0,Kaytron Allen,2026-05-29,WAS
/nfl/rankings/rookies.php,dynasty-rk,drk,Ted Hurst III,28130,WR,TB,24.19,7.39,12,45,,ted-hurst.php,,,16.2,,,,,,10.0,Ted Hurst,2026-05-29,TBB
/nfl/rankings/rookies.php,dynasty-rk,drk,Zachariah Branch,25419,WR,ATL,24.33,6.61,15,43,,zachariah-branch.php,,,23.1,,,,,,11.0,Zachariah Branch,2026-05-29,ATL
/nfl/rankings/rookies.php,dynasty-rk,drk,Elijah Sarratt,27463,WR,BAL,24.96,7.12,15,45,,elijah-sarratt.php,,,19.4,,,,,,13.0,Elijah Sarratt,2026-05-29,BAL
/nfl/rankings/rookies.php,dynasty-rk,drk,Mike Washington Jr.,28108,RB,LV,26.56,5.9,16,39,,mike-washington-jr.php,,,30.9,,,,,,13.0,Mike Washington,2026-05-29,LVR
/nfl/rankings/rookies.php,dynasty-rk,drk,Malachi Fields,27994,WR,NYG,26.7,6.85,14,43,,malachi-fields.php,,,18.3,,,,,,8.0,Malachi Fields,2026-05-29,NYG
/nfl/rankings/rookies.php,dynasty-rk,drk,Skyler Bell,28126,WR,BUF,28.19,7.09,15,41,,skyler-bell.php,,,15.8,,,,,,7.0,Skyler Bell,2026-05-29,BUF
/nfl/rankings/rookies.php,dynasty-rk,drk,Ja'Kobi Lane,27337,WR,BAL,28.85,7.25,15,44,,jakobi-lane.php,,,20.2,,,,,,13.0,JaKobi Lane,2026-05-29,BAL
/nfl/rankings/rookies.php,dynasty-rk,drk,Max Klare,27993,TE,LAR,30.19,5.76,19,42,,max-klare.php,,,16.8,,,,,,11.0,Max Klare,2026-05-29,LAR
/nfl/rankings/rookies.php,dynasty-rk,drk,Kaelon Black,28401,RB,SF,30.48,7.69,16,45,,kaelon-black.php,,,10.4,,,,,,8.0,Kaelon Black,2026-05-29,SFO
/nfl/rankings/rookies.php,dynasty-rk,drk,Demond Claiborne,28084,RB,MIN,32.44,8.42,20,50,,demond-claiborne.php,,,18.0,,,,,,6.0,Demond Claiborne,2026-05-29,MIN
/nfl/rankings/rookies.php,dynasty-rk,drk,Adam Randall,24367,RB,BAL,35.04,6.29,22,49,,adam-randall.php,,,8.1,,,,,,13.0,Adam Randall,2026-05-29,BAL
/nfl/rankings/rookies.php,dynasty-rk,drk,Eli Raridon,28154,TE,NE,35.67,10.62,17,56,,eli-raridon.php,,,4.5,,,,,,11.0,Eli Raridon,2026-05-29,NEP
/nfl/rankings/rookies.php,dynasty-rk,drk,Oscar Delp,25430,TE,NO,35.7,12.1,19,67,,oscar-delp.php,,,6.9,,,,,,8.0,Oscar Delp,2026-05-29,NOS
/nfl/rankings/rookies.php,dynasty-rk,drk,Justin Joly,28079,TE,DEN,36.07,7.09,19,46,,justin-joly.php,,,9.8,,,,,,10.0,Justin Joly,2026-05-29,DEN
/nfl/rankings/rookies.php,dynasty-rk,drk,Carson Beck,22953,QB,ARI,36.3,9.41,21,53,,carson-beck.php,,,13.7,,,,,,14.0,Carson Beck,2026-05-29,ARI
/nfl/rankings/rookies.php,dynasty-rk,drk,Seth McGowan,23079,RB,IND,37.85,5.35,29,51,,seth-mcgowan.php,,,3.1,,,,,,13.0,Seth McGowan,2026-05-29,IND
/nfl/rankings/rookies.php,dynasty-rk,drk,Bryce Lance,28129,WR,NO,35.19,7.76,18,50,,bryce-lance.php,,,4.3,,,,,,8.0,Bryce Lance,2026-05-29,NOS
/nfl/rankings/rookies.php,dynasty-rk,drk,Drew Allar,24345,QB,PIT,40.11,9.22,23,53,,drew-allar.php,,,3.7,,,,,,9.0,Drew Allar,2026-05-29,PIT
/nfl/rankings/rookies.php,dynasty-rk,drk,Eli Heidenreich,28297,RB,PIT,42.52,8.91,30,67,,eli-heidenreich.php,,,3.0,,,,,,9.0,Eli Heidenreich,2026-05-29,PIT
/nfl/rankings/rookies.php,dynasty-rk,drk,Kevin Coleman Jr.,28067,WR,MIA,44.85,10.73,33,79,,kevin-coleman-jr.php,,,2.5,,,,,,6.0,Kevin Coleman,2026-05-29,MIA
/nfl/rankings/rookies.php,dynasty-rk,drk,Brenen Thompson,28133,WR,LAC,44.81,8.96,31,59,,brenen-thompson.php,,,6.5,,,,,,7.0,Brenen Thompson,2026-05-29,LAC
/nfl/rankings/rookies.php,dynasty-rk,drk,Caleb Douglas,28135,WR,MIA,45.85,13.18,26,70,,caleb-douglas.php,,,5.2,,,,,,6.0,Caleb Douglas,2026-05-29,MIA
/nfl/rankings/rookies.php,dynasty-rk,drk,Sam Roush,28161,TE,CHI,48.88,8.48,32,67,,sam-roush.php,,,1.4,,,,,,10.0,Sam Roush,2026-05-29,CHI
/nfl/rankings/rookies.php,dynasty-rk,drk,Cade Klubnik,24361,QB,NYJ,46.52,7.62,34,63,,cade-klubnik.php,,,8.8,,,,,,13.0,Cade Klubnik,2026-05-29,NYJ
/nfl/rankings/rookies.php,dynasty-rk,drk,Garrett Nussmeier,22998,QB,KC,51.72,10.55,31,75,,garrett-nussmeier.php,,,10.9,,,,,,5.0,Garrett Nussmeier,2026-05-29,KCC
/nfl/rankings/rookies.php,dynasty-rk,drk,Jam Miller,27326,RB,NE,51.88,10.96,37,86,,jam-miller.php,,,2.2,,,,,,11.0,Jam Miller,2026-05-29,NEP
/nfl/rankings/rookies.php,dynasty-rk,drk,Deion Burks,27093,WR,IND,52.12,8.39,34,68,,deion-burks.php,,,0.7,,,,,,13.0,Deion Burks,2026-05-29,IND
/nfl/rankings/rookies.php,dynasty-rk,drk,J'Mari Taylor,28109,RB,JAC,49.38,12.31,33,82,,jmari-taylor.php,,,5.2,,,,,,7.0,JMari Taylor,2026-05-29,JAC
/nfl/rankings/rookies.php,dynasty-rk,drk,Marlin Klein,28157,TE,HOU,49.7,11.0,32,84,,marlin-klein.php,,,2.6,,,,,,8.0,Marlin Klein,2026-05-29,HOU
/nfl/rankings/rookies.php,dynasty-rk,drk,Cole Payton,28302,QB,PHI,50.04,13.7,32,91,,cole-payton.php,,,0.7,,,,,,10.0,Cole Payton,2026-05-29,PHI
/nfl/rankings/rookies.php,dynasty-rk,drk,Taylen Green,28094,QB,CLE,51.7,8.2,38,67,,taylen-green.php,,,8.0,,,,,,11.0,Taylen Green,2026-05-29,CLE
/nfl/rankings/rookies.php,dynasty-rk,drk,Tanner Koziol,27499,TE,JAC,54.83,16.49,30,87,,tanner-koziol.php,,,1.1,,,,,,7.0,Tanner Koziol,2026-05-29,JAC
/nfl/rankings/rookies.php,dynasty-rk,drk,Barion Brown,25416,WR,NO,59.75,10.64,44,81,,barion-brown.php,,,1.1,,,,,,8.0,Barion Brown,2026-05-29,NOS
/nfl/rankings/rookies.php,dynasty-rk,drk,CJ Daniels,28125,WR,LAR,58.17,9.72,28,83,,cj-daniels.php,,,2.7,,,,,,11.0,CJ Daniels,2026-05-29,LAR
/nfl/rankings/rookies.php,dynasty-rk,drk,Jack Endries,27501,TE,CIN,57.36,12.69,37,84,,jack-endries.php,,,4.4,,,,,,6.0,Jack Endries,2026-05-29,CIN
/nfl/rankings/rookies.php,dynasty-rk,drk,Jaydn Ott,25394,RB,KC,54.9,10.84,42,95,,jaydn-ott.php,,,1.1,,,,,,5.0,Jaydn Ott,2026-05-29,KCC
/nfl/rankings/rookies.php,dynasty-rk,drk,Roman Hemby,25387,RB,LV,57.0,12.72,40,91,,roman-hemby.php,,,0.0,,,,,,13.0,Roman Hemby,2026-05-29,LVR
/nfl/rankings/rookies.php,dynasty-rk,drk,Cyrus Allen,28424,WR,KC,58.48,11.69,36,80,,cyrus-allen.php,,,1.9,,,,,,5.0,Cyrus Allen,2026-05-29,KCC
/nfl/rankings/rookies.php,dynasty-rk,drk,Zavion Thomas,28132,WR,CHI,51.42,13.14,32,80,,zavion-thomas.php,,,3.3,,,,,,10.0,Zavion Thomas,2026-05-29,CHI
/nfl/rankings/rookies.php,dynasty-rk,drk,Reggie Virgil,28141,WR,ARI,59.43,9.36,42,75,,reggie-virgil.php,,,0.7,,,,,,14.0,Reggie Virgil,2026-05-29,ARI
/nfl/rankings/rookies.php,dynasty-rk,drk,Robert Henry Jr.,28404,RB,WAS,57.39,7.85,40,71,,robert-henry-jr.php,,,0.0,,,,,,7.0,Robert Henry,2026-05-29,WAS
/nfl/rankings/rookies.php,dynasty-rk,drk,Joe Royer,27312,TE,CLE,71.38,16.39,42,97,,joe-royer.php,,,0.9,,,,,,11.0,Joe Royer,2026-05-29,CLE
/nfl/rankings/rookies.php,dynasty-rk,drk,Michael Trigg,23167,TE,DAL,65.28,15.4,48,99,,michael-trigg.php,,,14.1,,,,,,14.0,Michael Trigg,2026-05-29,DAL
/nfl/rankings/rookies.php,dynasty-rk,drk,Kendrick Law,26044,WR,DET,65.63,14.7,44,93,,kendrick-law.php,,,0.8,,,,,,6.0,Kendrick Law,2026-05-29,DET
/nfl/rankings/rookies.php,dynasty-rk,drk,Desmond Reid,28110,RB,BUF,65.75,10.3,55,88,,desmond-reid.php,,,0.0,,,,,,7.0,Desmond Reid,2026-05-29,BUF
/nfl/rankings/rookies.php,dynasty-rk,drk,Malik Benson,26012,WR,LV,63.6,13.53,43,89,,malik-benson.php,,,0.9,,,,,,13.0,Malik Benson,2026-05-29,LVR
/nfl/rankings/rookies.php,dynasty-rk,drk,Matt Hibner,28168,TE,BAL,59.71,14.98,35,98,,matthew-hibner.php,,,1.9,,,,,,13.0,Matt Hibner,2026-05-29,BAL
/nfl/rankings/rookies.php,dynasty-rk,drk,Josh Cameron,28137,WR,JAC,70.31,9.9,53,89,,josh-cameron.php,,,1.4,,,,,,7.0,Josh Cameron,2026-05-29,JAC
/nfl/rankings/rookies.php,dynasty-rk,drk,Terion Stewart,28111,RB,KC,68.43,11.0,56,87,,terion-stewart.php,,,0.0,,,,,,5.0,Terion Stewart,2026-05-29,KCC
/nfl/rankings/rookies.php,dynasty-rk,drk,Will Kacmarek,28403,TE,MIA,74.0,17.12,40,96,,will-kacmarek.php,,,4.3,,,,,,6.0,Will Kacmarek,2026-05-29,MIA
/nfl/rankings/rookies.php,dynasty-rk,drk,Jeff Caldwell,28425,WR,KC,72.07,8.54,57,85,,jeff-caldwell.php,,,2.8,,,,,,5.0,Jeff Caldwell,2026-05-29,KCC
/nfl/rankings/rookies.php,dynasty-rk,drk,Eric McAlister,28134,WR,FA,68.0,17.94,42,104,,eric-mcalister.php,,,4.9,,,,,,,Eric McAlister,2026-05-29,FA
/nfl/rankings/rookies.php,dynasty-rk,drk,Nate Boerkircher,28427,TE,JAC,70.23,19.8,45,100,,nate-boerkircher.php,,,0.6,,,,,,7.0,Nate Boerkircher,2026-05-29,JAC
/nfl/rankings/rookies.php,dynasty-rk,drk,Dean Connors,28113,RB,LAR,66.08,7.32,55,80,,dean-connors.php,,,0.0,,,,,,11.0,Dean Connors,2026-05-29,LAR
/nfl/rankings/rookies.php,dynasty-rk,drk,Eric Rivers Jr.,28128,WR,TB,74.08,7.64,65,89,,eric-rivers.php,,,0.0,,,,,,10.0,Eric Rivers,2026-05-29,TBB
/nfl/rankings/rookies.php,dynasty-rk,drk,Tyren Montgomery,28423,WR,TEN,77.23,8.95,62,92,,tyren-montgomery.php,,,0.0,,,,,,9.0,Tyren Montgomery,2026-05-29,TEN
/nfl/rankings/rookies.php,dynasty-rk,drk,Lewis Bond,28144,WR,HOU,77.31,10.13,48,88,,lewis-bond.php,,,1.1,,,,,,8.0,Lewis Bond,2026-05-29,HOU
/nfl/rankings/rookies.php,dynasty-rk,drk,Josh Cuevas,28155,TE,BAL,77.62,13.93,60,100,,josh-cuevas.php,,,0.9,,,,,,13.0,Josh Cuevas,2026-05-29,BAL
/nfl/rankings/rookies.php,dynasty-rk,drk,Colbie Young,26037,WR,CIN,69.82,15.35,49,90,,colbie-young.php,,,0.6,,,,,,6.0,Colbie Young,2026-05-29,CIN
/nfl/rankings/rookies.php,dynasty-rk,drk,Noah Whittington,28115,RB,HOU,71.18,14.89,53,91,,noah-whittington.php,,,0.0,,,,,,8.0,Noah Whittington,2026-05-29,HOU
/nfl/rankings/rookies.php,dynasty-rk,drk,Dallen Bentley,28352,TE,DEN,81.0,17.77,48,117,,dallen-bentley.php,,,1.1,,,,,,10.0,Dallen Bentley,2026-05-29,DEN
/nfl/rankings/rookies.php,dynasty-rk,drk,CJ Donaldson,25396,RB,NO,78.75,14.84,59,101,,cj-donaldson.php,,,2.5,,,,,,8.0,CJ Donaldson,2026-05-29,NOS
/nfl/rankings/rookies.php,dynasty-rk,drk,Aaron Anderson,27500,WR,CLE,83.23,9.5,64,95,,aaron-anderson.php,,,1.2,,,,,,11.0,Aaron Anderson,2026-05-29,CLE
/nfl/rankings/rookies.php,dynasty-rk,drk,Kaden Wetjen,28435,WR,PIT,76.2,11.68,61,98,,kaden-wetjen.php,,,0.8,,,,,,9.0,Kaden Wetjen,2026-05-29,PIT
/nfl/rankings/rookies.php,dynasty-rk,drk,Dane Key,26015,WR,DEN,81.36,12.96,61,108,,dane-key.php,,,1.0,,,,,,10.0,Dane Key,2026-05-29,DEN
/nfl/rankings/rookies.php,dynasty-rk,drk,Chip Trayanum,28114,RB,NYJ,73.0,10.13,60,89,,chip-trayanum.php,,,1.2,,,,,,13.0,Chip Trayanum,2026-05-29,NYJ
/nfl/rankings/rookies.php,dynasty-rk,drk,Riley Nowakowski,28437,TE,PIT,83.5,17.93,54,111,,riley-nowakowski.php,,,0.7,,,,,,9.0,Riley Nowakowski,2026-05-29,PIT
/nfl/rankings/rookies.php,dynasty-rk,drk,Dae'Quan Wright,28159,TE,PHI,84.9,12.06,63,98,,daequan-wright.php,,,0.0,,,,,,10.0,DaeQuan Wright,2026-05-29,PHI
/nfl/rankings/rookies.php,dynasty-rk,drk,J. Michael Sturdivant,26139,WR,GB,85.1,11.67,69,110,,jmichael-sturdivant.php,,,0.0,,,,,,11.0,J Michael Sturdivant,2026-05-29,GBP
/nfl/rankings/rookies.php,dynasty-rk,drk,Harrison Wallace III,28143,WR,ARI,92.36,6.92,83,104,,harrison-wallace-iii.php,,,0.0,,,,,,14.0,Harrison Wallace,2026-05-29,ARI
/nfl/rankings/rookies.php,dynasty-rk,drk,Jamal Haynes,27328,RB,CIN,80.13,9.32,66,91,,jamal-haynes.php,,,0.0,,,,,,6.0,Jamal Haynes,2026-05-29,CIN
/nfl/rankings/rookies.php,dynasty-rk,drk,Chase Roberts,28131,WR,LV,86.0,9.92,69,100,,chase-roberts.php,,,0.0,,,,,,13.0,Chase Roberts,2026-05-29,LVR
/nfl/rankings/rookies.php,dynasty-rk,drk,Emmanuel Henderson Jr.,24379,WR,SEA,82.5,15.64,64,112,,emmanuel-henderson.php,,,1.0,,,,,,11.0,Emmanuel Henderson,2026-05-29,SEA
/nfl/rankings/rookies.php,dynasty-rk,drk,Rahsul Faison,28112,RB,FA,77.57,15.21,61,102,,rahsul-faison.php,,,0.0,,,,,,,Rahsul Faison,2026-05-29,FA
/nfl/rankings/rookies.php,dynasty-rk,drk,Diego Pavia,28082,QB,BAL,85.38,18.28,57,120,,diego-pavia.php,,,1.6,,,,,,13.0,Diego Pavia,2026-05-29,BAL
/nfl/rankings/rookies.php,dynasty-rk,drk,Sawyer Robertson,23035,QB,FA,89.25,16.52,63,122,,sawyer-robertson.php,,,0.0,,,,,,,Sawyer Robertson,2026-05-29,FA
/nfl/rankings/rookies.php,dynasty-rk,drk,John Michael Gyllenborg,28158,TE,KC,90.75,14.1,72,115,,john-michael-gyllenborg.php,,,1.8,,,,,,5.0,John Michael Gyllenborg,2026-05-29,KCC
/nfl/rankings/rookies.php,dynasty-rk,drk,TJ Harden,25992,RB,CLE,79.0,9.81,65,96,,tj-harden.php,,,0.0,,,,,,11.0,TJ Harden,2026-05-29,CLE
/nfl/rankings/rookies.php,dynasty-rk,drk,Jalon Daniels,26060,QB,TB,91.0,17.92,63,121,,jalon-daniels.php,,,0.0,,,,,,10.0,Jalon Daniels,2026-05-29,TBB
/nfl/rankings/rookies.php,dynasty-rk,drk,Seydou Traore,28163,TE,MIA,72.6,24.33,42,116,,seydou-traore.php,,,0.0,,,,,,6.0,Seydou Traore,2026-05-29,MIA
/nfl/rankings/rookies.php,dynasty-rk,drk,Luke Altmyer,28093,QB,DET,94.25,14.52,78,124,,luke-altmyer.php,,,0.0,,,,,,6.0,Luke Altmyer,2026-05-29,DET
/nfl/rankings/rookies.php,dynasty-rk,drk,Haynes King,23141,QB,CAR,77.2,17.66,52,103,,haynes-king.php,,,0.0,,,,,,5.0,Haynes King,2026-05-29,CAR
/nfl/rankings/rookies.php,dynasty-rk,drk,RJ Maryland,27341,TE,GB,86.5,19.41,60,114,,rj-maryland.php,,,0.0,,,,,,11.0,RJ Maryland,2026-05-29,GBP
/nfl/rankings/rookies.php,dynasty-rk,drk,Jaren Kanak,28160,TE,TEN,82.4,21.27,59,114,,jaren-kanak.php,,,0.0,,,,,,9.0,Jaren Kanak,2026-05-29,TEN
/nfl/rankings/rookies.php,dynasty-rk,drk,Max Bredeson,28434,RB,MIN,83.8,10.94,68,101,,max-bredeson.php,,,0.1,,,,,,6.0,Max Bredeson,2026-05-29,MIN
/nfl/rankings/rookies.php,dynasty-rk,drk,Trebor Pena,28139,WR,JAC,98.29,10.62,79,115,,trebor-pena.php,,,0.0,,,,,,7.0,Trebor Pena,2026-05-29,JAC
/nfl/rankings/rookies.php,dynasty-rk,drk,Noah Thomas,28136,WR,CIN,95.17,11.71,73,109,,noah-thomas.php,,,1.4,,,,,,6.0,Noah Thomas,2026-05-29,CIN
/nfl/rankings/rookies.php,dynasty-rk,drk,Anthony Smith,28500,WR,DAL,80.5,5.12,74,86,,anthony-smith.php,,,0.1,,,,,,14.0,Anthony Smith,2026-05-29,DAL
/nfl/rankings/rookies.php,dynasty-rk,drk,Jack Velling,26008,TE,ATL,81.25,28.58,40,113,,jack-velling.php,,,0.0,,,,,,11.0,Jack Velling,2026-05-29,ATL
/nfl/rankings/rookies.php,dynasty-rk,drk,Conner Weigman,25369,QB,FA,71.0,27.86,43,109,,conner-weigman.php,,,0.0,,,,,,,Conner Weigman,2026-05-29,FA
/nfl/rankings/rookies.php,dynasty-rk,drk,Behren Morton,23146,QB,NE,99.0,18.34,76,123,,behren-morton.php,,,0.0,,,,,,11.0,Behren Morton,2026-05-29,NEP
/nfl/rankings/rookies.php,dynasty-rk,drk,Athan Kaliakmanis,28098,QB,WAS,93.8,14.16,66,105,,athan-kaliakmanis.php,,,0.0,,,,,,7.0,Athan Kaliakmanis,2026-05-29,WAS
/nfl/rankings/rookies.php,dynasty-rk,drk,Miller Moss,23165,QB,CHI,95.2,26.29,53,123,,miller-moss.php,,,0.0,,,,,,10.0,Miller Moss,2026-05-29,CHI
/nfl/rankings/rookies.php,dynasty-rk,drk,Rueben Owens,27322,RB,FA,88.25,6.46,79,97,,rueben-owens.php,,,0.0,,,,,,,Rueben Owens,2026-05-29,FA
/nfl/rankings/rookies.php,dynasty-rk,drk,Vinny Anthony II,28150,WR,ATL,103.17,16.77,91,139,,vinny-anthony-ii.php,,,1.0,,,,,,11.0,Vinny Anthony,2026-05-29,ATL
/nfl/rankings/rookies.php,dynasty-rk,drk,Joey Aguilar,28299,QB,JAC,96.4,17.47,76,125,,joey-aguilar.php,,,0.0,,,,,,7.0,Joey Aguilar,2026-05-29,JAC
/nfl/rankings/rookies.php,dynasty-rk,drk,Dillon Bell,28140,WR,MIN,105.5,19.72,84,143,,dillon-bell.php,,,0.0,,,,,,6.0,Dillon Bell,2026-05-29,MIN
/nfl/rankings/rookies.php,dynasty-rk,drk,Jaden Nixon,28429,RB,GB,98.2,20.96,64,122,,jaden-nixon.php,,,1.0,,,,,,11.0,Jaden Nixon,2026-05-29,GBP
/nfl/rankings/rookies.php,dynasty-rk,drk,Al-Jay Henderson,28118,RB,FA,99.2,14.16,82,119,,al-jay-henderson.php,,,0.0,,,,,,,Al-Jay Henderson,2026-05-29,FA
/nfl/rankings/rookies.php,dynasty-rk,drk,L.J. Martin,28106,RB,FA,83.67,22.9,53,108,,lj-martin.php,,,0.0,,,,,,,LJ Martin,2026-05-29,FA
/nfl/rankings/rookies.php,dynasty-rk,drk,Mark Gronowski,28100,QB,MIA,96.75,13.81,78,116,,mark-gronowski.php,,,0.0,,,,,,6.0,Mark Gronowski,2026-05-29,MIA
/nfl/rankings/rookies.php,dynasty-rk,drk,Malik Rutherford,28147,WR,FA,105.8,18.63,89,140,,malik-rutherford.php,,,0.0,,,,,,,Malik Rutherford,2026-05-29,FA
/nfl/rankings/rookies.php,dynasty-rk,drk,Nyck Harbor,27336,WR,FA,89.33,19.6,63,110,,nyck-harbor.php,,,0.0,,,,,,,Nyck Harbor,2026-05-29,FA
/nfl/rankings/rookies.php,dynasty-rk,drk,Chris Hilton Jr.,22995,WR,WAS,108.0,19.53,87,145,,chris-hilton.php,,,0.0,,,,,,7.0,Chris Hilton,2026-05-29,WAS
/nfl/rankings/rookies.php,dynasty-rk,drk,Davon Booth,28121,RB,CLE,99.0,17.04,77,118,,davon-booth.php,,,0.0,,,,,,11.0,Davon Booth,2026-05-29,CLE
/nfl/rankings/rookies.php,dynasty-rk,drk,Kejon Owens,28431,RB,MIN,101.25,15.02,86,120,,kejon-owens.php,,,0.0,,,,,,6.0,Kejon Owens,2026-05-29,MIN
/nfl/rankings/rookies.php,dynasty-rk,drk,Jordan Hudson,28426,WR,DAL,110.4,17.75,93,141,,jordan-hudson.php,,,0.0,,,,,,14.0,Jordan Hudson,2026-05-29,DAL
/nfl/rankings/rookies.php,dynasty-rk,drk,DJ Rogers,28348,TE,DAL,98.0,26.87,79,136,,dj-rogers.php,,,0.0,,,,,,14.0,DJ Rogers,2026-05-29,DAL
/nfl/rankings/rookies.php,dynasty-rk,drk,Malachi Nelson,25379,QB,FA,79.5,33.5,46,113,,malachi-nelson.php,,,0.0,,,,,,,Malachi Nelson,2026-05-29,FA
/nfl/rankings/rookies.php,dynasty-rk,drk,Arch Manning,25378,QB,FA,80.5,36.5,44,117,,arch-manning.php,,,0.0,,,,,,,Arch Manning,2026-05-29,FA
/nfl/rankings/rookies.php,dynasty-rk,drk,Caullin Lacy,27311,WR,NYJ,112.6,16.95,97,142,,caullin-lacy.php,,,0.0,,,,,,13.0,Caullin Lacy,2026-05-29,NYJ
/nfl/rankings/rookies.php,dynasty-rk,drk,Joe Fagnano,28400,QB,BAL,102.33,29.33,61,126,,joe-fagnano.php,,,0.0,,,,,,13.0,Joe Fagnano,2026-05-29,BAL
/nfl/rankings/rookies.php,dynasty-rk,drk,Cash Jones,28124,RB,ATL,99.5,17.5,82,117,,cash-jones.php,,,0.0,,,,,,11.0,Cash Jones,2026-05-29,ATL
/nfl/rankings/rookies.php,dynasty-rk,drk,Jalen Walthall,28148,WR,HOU,113.33,17.44,89,129,,jalen-walthall.php,,,0.0,,,,,,8.0,Jalen Walthall,2026-05-29,HOU
/nfl/rankings/rookies.php,dynasty-rk,drk,Kentrel Bullock,28122,RB,CIN,112.5,25.5,87,138,,kentrel-bullock.php,,,0.0,,,,,,6.0,Kentrel Bullock,2026-05-29,CIN
/nfl/rankings/rookies.php,dynasty-rk,drk,Romello Brinson,28152,WR,FA,115.0,14.99,94,128,,romello-brinson.php,,,0.0,,,,,,,Romello Brinson,2026-05-29,FA
/nfl/rankings/rookies.php,dynasty-rk,drk,Carsen Ryan,28399,TE,CLE,112.5,21.5,91,134,,carsen-ryan.php,,,1.1,,,,,,11.0,Carsen Ryan,2026-05-29,CLE
/nfl/rankings/rookies.php,dynasty-rk,drk,Lake McRee,28164,TE,PIT,115.67,3.86,112,121,,lake-mcree.php,,,0.0,,,,,,9.0,Lake McRee,2026-05-29,PIT
/nfl/rankings/rookies.php,dynasty-rk,drk,Hank Beatty,28142,WR,TEN,119.5,24.5,95,144,,hank-beatty.php,,,0.0,,,,,,9.0,Hank Beatty,2026-05-29,TEN
/nfl/rankings/rookies.php,dynasty-rk,drk,Lance Mason,28279,TE,SEA,116.0,16.0,100,132,,lance-mason.php,,,0.0,,,,,,11.0,Lance Mason,2026-05-29,SEA
/nfl/rankings/rookies.php,dynasty-rk,drk,Bauer Sharp,28165,TE,TB,119.5,11.5,108,131,,bauer-sharp.php,,,0.0,,,,,,10.0,Bauer Sharp,2026-05-29,TBB
/nfl/rankings/rookies.php,dynasty-rk,drk,Max Tomczak,28151,WR,FA,124.5,0.5,124,125,,max-tomczak.php,,,0.0,,,,,,,Max Tomczak,2026-05-29,FA
/nfl/rankings/dynasty-te.php,dynasty-te,dp,Brock Bowers,22955,TE,LV,1.21,0.41,1,2,,brock-bowers.php,,,98.8,,,,,,13.0,Brock Bowers,2026-05-29,LVR
/nfl/rankings/dynasty-te.php,dynasty-te,dp,Trey McBride,22936,TE,ARI,1.88,0.53,1,3,,trey-mcbride.php,,,98.8,,,,,,14.0,Trey McBride,2026-05-29,ARI
/nfl/rankings/dynasty-te.php,dynasty-te,dp,Colston Loveland,26006,TE,CHI,2.96,0.35,2,4,,colston-loveland.php,,,98.6,,,,,,10.0,Colston Loveland,2026-05-29,CHI
/nfl/rankings/dynasty-te.php,dynasty-te,dp,Tyler Warren,26434,TE,IND,4.33,0.55,4,6,,tyler-warren.php,,,98.3,,,,,,13.0,Tyler Warren,2026-05-29,IND
/nfl/rankings/dynasty-te.php,dynasty-te,dp,Tucker Kraft,25298,TE,GB,5.58,0.91,4,7,,tucker-kraft.php,,,92.7,,,,,,11.0,Tucker Kraft,2026-05-29,GBP
/nfl/rankings/dynasty-te.php,dynasty-te,dp,Harold Fannin Jr.,27050,TE,CLE,5.67,0.9,4,7,,harold-fannin-jr.php,,,95.1,,,,,,11.0,Harold Fannin,2026-05-29,CLE
/nfl/rankings/dynasty-te.php,dynasty-te,dp,Sam LaPorta,22978,TE,DET,7.04,1.06,5,9,,sam-laporta.php,,,95.1,,,,,,6.0,Sam LaPorta,2026-05-29,DET
/nfl/rankings/dynasty-te.php,dynasty-te,dp,Kyle Pitts Sr.,20164,TE,ATL,8.29,1.27,6,11,,kyle-pitts.php,,,95.9,,,,,,11.0,Kyle Pitts,2026-05-29,ATL
/nfl/rankings/dynasty-te.php,dynasty-te,dp,Kenyon Sadiq,26055,TE,NYJ,9.42,1.11,8,12,,kenyon-sadiq.php,,,75.0,,,,,,13.0,Kenyon Sadiq,2026-05-29,NYJ
/nfl/rankings/dynasty-te.php,dynasty-te,dp,Eli Stowers,23144,TE,PHI,11.17,2.3,8,16,,eli-stowers.php,,,30.8,,,,,,10.0,Eli Stowers,2026-05-29,PHI
/nfl/rankings/dynasty-te.php,dynasty-te,dp,Oronde Gadsden II,25997,TE,LAC,12.38,3.43,9,23,,oronde-gadsden-ii.php,,,68.7,,,,,,7.0,Oronde Gadsden,2026-05-29,LAC
/nfl/rankings/dynasty-te.php,dynasty-te,dp,Jake Ferguson,22718,TE,DAL,13.29,1.97,10,17,,jake-ferguson.php,,,90.9,,,,,,14.0,Jake Ferguson,2026-05-29,DAL
/nfl/rankings/dynasty-te.php,dynasty-te,dp,Dalton Kincaid,25247,TE,BUF,13.29,1.97,11,19,,dalton-kincaid.php,,,73.0,,,,,,7.0,Dalton Kincaid,2026-05-29,BUF
/nfl/rankings/dynasty-te.php,dynasty-te,dp,Isaiah Likely,23781,TE,NYG,13.63,2.5,9,19,,isaiah-likely.php,,,86.1,,,,,,8.0,Isaiah Likely,2026-05-29,NYG
/nfl/rankings/dynasty-te.php,dynasty-te,dp,George Kittle,16499,TE,SF,14.13,2.4,10,19,,george-kittle.php,,,92.3,,,,,,8.0,George Kittle,2026-05-29,SFO
/nfl/rankings/dynasty-te.php,dynasty-te,dp,Brenton Strange,25345,TE,JAC,16.58,2.4,12,22,,brenton-strange.php,,,59.6,,,,,,7.0,Brenton Strange,2026-05-29,JAC
/nfl/rankings/dynasty-te.php,dynasty-te,dp,Dallas Goedert,17270,TE,PHI,19.83,3.76,14,29,,dallas-goedert.php,,,91.0,,,,,,10.0,Dallas Goedert,2026-05-29,PHI
/nfl/rankings/dynasty-te.php,dynasty-te,dp,Mark Andrews,17269,TE,BAL,19.83,3.65,15,28,,mark-andrews.php,,,87.0,,,,,,13.0,Mark Andrews,2026-05-29,BAL
/nfl/rankings/dynasty-te.php,dynasty-te,dp,Chig Okonkwo,23982,TE,WAS,20.75,3.83,14,28,,chigoziem-okonkwo.php,,,42.8,,,,,,7.0,Chigoziem Okonkwo,2026-05-29,WAS
/nfl/rankings/dynasty-te.php,dynasty-te,dp,AJ Barner,26335,TE,SEA,22.25,4.96,14,33,,aj-barner.php,,,41.6,,,,,,11.0,AJ Barner,2026-05-29,SEA
/nfl/rankings/dynasty-te.php,dynasty-te,dp,Terrance Ferguson,23091,TE,LAR,22.33,4.31,14,34,,terrance-ferguson.php,,,26.9,,,,,,11.0,Terrance Ferguson,2026-05-29,LAR
/nfl/rankings/dynasty-te.php,dynasty-te,dp,Juwan Johnson,19562,TE,NO,24.46,4.56,17,35,,juwan-johnson.php,,,59.8,,,,,,8.0,Juwan Johnson,2026-05-29,NOS
/nfl/rankings/dynasty-te.php,dynasty-te,dp,Travis Kelce,11594,TE,KC,24.75,3.73,18,33,,travis-kelce.php,,,91.9,,,,,,5.0,Travis Kelce,2026-05-29,KCC
/nfl/rankings/dynasty-te.php,dynasty-te,dp,T.J. Hockenson,18290,TE,MIN,25.46,4.32,18,38,,tj-hockenson.php,,,67.4,,,,,,6.0,TJ Hockenson,2026-05-29,MIN
/nfl/rankings/dynasty-te.php,dynasty-te,dp,Max Klare,27993,TE,LAR,26.75,5.67,17,39,,max-klare.php,,,16.8,,,,,3.0,11.0,Max Klare,2026-05-29,LAR
/nfl/rankings/dynasty-te.php,dynasty-te,dp,Oscar Delp,25430,TE,NO,27.63,6.26,17,38,,oscar-delp.php,,,6.9,,,,,,8.0,Oscar Delp,2026-05-29,NOS
/nfl/rankings/dynasty-te.php,dynasty-te,dp,Hunter Henry,15561,TE,NE,28.0,4.36,22,42,,hunter-henry.php,,,68.4,,,,,,11.0,Hunter Henry,2026-05-29,NEP
/nfl/rankings/dynasty-te.php,dynasty-te,dp,Mason Taylor,26005,TE,NYJ,29.5,6.58,20,46,,mason-taylor.php,,,22.6,,,,,,13.0,Mason Taylor,2026-05-29,NYJ
/nfl/rankings/dynasty-te.php,dynasty-te,dp,Dalton Schultz,17349,TE,HOU,30.13,5.56,20,41,,dalton-schultz.php,,,38.1,,,,,-3.0,8.0,Dalton Schultz,2026-05-29,HOU
/nfl/rankings/dynasty-te.php,dynasty-te,dp,Cade Otton,23181,TE,TB,32.79,4.53,23,43,,cade-otton.php,,,26.8,,,,,,10.0,Cade Otton,2026-05-29,TBB
/nfl/rankings/dynasty-te.php,dynasty-te,dp,Gunnar Helm,27109,TE,TEN,28.78,4.39,21,34,,gunnar-helm.php,,,26.0,,,,,,9.0,Gunnar Helm,2026-05-29,TEN
/nfl/rankings/dynasty-te.php,dynasty-te,dp,David Njoku,16399,TE,LAC,33.29,5.68,18,45,,david-njoku.php,,,34.0,,,,,,7.0,David Njoku,2026-05-29,LAC
/nfl/rankings/dynasty-te.php,dynasty-te,dp,Theo Johnson,23104,TE,NYG,33.5,5.44,21,43,,theo-johnson.php,,,22.0,,,,,,8.0,Theo Johnson,2026-05-29,NYG
/nfl/rankings/dynasty-te.php,dynasty-te,dp,Pat Freiermuth,20163,TE,PIT,32.22,4.93,19,42,,pat-freiermuth.php,,,25.0,,,,,,9.0,Pat Freiermuth,2026-05-29,PIT
/nfl/rankings/dynasty-te.php,dynasty-te,dp,Elijah Arroyo,23004,TE,SEA,33.22,4.71,23,42,,elijah-arroyo.php,,,12.7,,,,,,11.0,Elijah Arroyo,2026-05-29,SEA
/nfl/rankings/dynasty-te.php,dynasty-te,dp,Eli Raridon,28154,TE,NE,30.05,10.13,16,57,,eli-raridon.php,,,4.5,,,,,,11.0,Eli Raridon,2026-05-29,NEP
/nfl/rankings/dynasty-te.php,dynasty-te,dp,Justin Joly,28079,TE,DEN,35.52,10.83,17,67,,justin-joly.php,,,9.8,,,,,,10.0,Justin Joly,2026-05-29,DEN
/nfl/rankings/dynasty-te.php,dynasty-te,dp,Michael Trigg,23167,TE,DAL,54.21,13.2,39,79,,michael-trigg.php,,,14.1,,,,,,14.0,Michael Trigg,2026-05-29,DAL
/nfl/rankings/dynasty-te.php,dynasty-te,dp,Evan Engram,16411,TE,DEN,43.45,5.66,37,65,,evan-engram.php,,,18.9,,,,,,10.0,Evan Engram,2026-05-29,DEN
/nfl/rankings/dynasty-te.php,dynasty-te,dp,Michael Mayer,23056,TE,LV,39.68,4.91,31,47,,michael-mayer.php,,,16.2,,,,,,13.0,Michael Mayer,2026-05-29,LVR
/nfl/rankings/dynasty-te.php,dynasty-te,dp,Mike Gesicki,17272,TE,CIN,44.0,4.56,36,56,,mike-gesicki.php,,,18.5,,,,,,6.0,Mike Gesicki,2026-05-29,CIN
/nfl/rankings/dynasty-te.php,dynasty-te,dp,Greg Dulcich,23153,TE,MIA,39.94,7.15,22,54,,greg-dulcich.php,,,15.6,,,,,,6.0,Greg Dulcich,2026-05-29,MIA
/nfl/rankings/dynasty-te.php,dynasty-te,dp,Sam Roush,28161,TE,CHI,45.0,5.06,36,53,,sam-roush.php,,,1.4,,,,,,10.0,Sam Roush,2026-05-29,CHI
/nfl/rankings/dynasty-te.php,dynasty-te,dp,Ja'Tavion Sanders,24334,TE,CAR,45.06,4.54,38,54,,jatavion-sanders.php,,,7.8,,,,,,5.0,JaTavion Sanders,2026-05-29,CAR
/nfl/rankings/dynasty-te.php,dynasty-te,dp,Colby Parkinson,19372,TE,LAR,45.35,11.5,32,81,,colby-parkinson.php,,,24.5,,,,,,11.0,Colby Parkinson,2026-05-29,LAR
/nfl/rankings/dynasty-te.php,dynasty-te,dp,Darnell Washington,22967,TE,PIT,43.07,8.23,25,55,,darnell-washington.php,,,14.8,,,,,,9.0,Darnell Washington,2026-05-29,PIT
/nfl/rankings/dynasty-te.php,dynasty-te,dp,Tanner Koziol,27499,TE,JAC,48.38,9.75,32,75,,tanner-koziol.php,,,1.1,,,,,,7.0,Tanner Koziol,2026-05-29,JAC
/nfl/rankings/dynasty-te.php,dynasty-te,dp,Ben Sinnott,26310,TE,WAS,47.73,8.05,37,62,,ben-sinnott.php,,,4.7,,,,,,7.0,Ben Sinnott,2026-05-29,WAS
/nfl/rankings/dynasty-te.php,dynasty-te,dp,Jake Tonges,24778,TE,SF,41.15,7.9,34,61,,jake-tonges.php,,,26.3,,,,,,8.0,Jake Tonges,2026-05-29,SFO
/nfl/rankings/dynasty-te.php,dynasty-te,dp,Cole Kmet,19229,TE,CHI,44.54,8.02,30,57,,cole-kmet.php,,,12.3,,,,,,10.0,Cole Kmet,2026-05-29,CHI
/nfl/rankings/dynasty-te.php,dynasty-te,dp,Marlin Klein,28157,TE,HOU,50.33,9.05,40,76,,marlin-klein.php,,,2.6,,,,,,8.0,Marlin Klein,2026-05-29,HOU
/nfl/rankings/dynasty-te.php,dynasty-te,dp,Tyler Higbee,15623,TE,LAR,56.15,8.93,45,78,,tyler-higbee.php,,,6.1,,,,,,11.0,Tyler Higbee,2026-05-29,LAR
/nfl/rankings/dynasty-te.php,dynasty-te,dp,Jack Endries,27501,TE,CIN,52.67,9.57,38,69,,jack-endries.php,,,4.4,,,,,,6.0,Jack Endries,2026-05-29,CIN
/nfl/rankings/dynasty-te.php,dynasty-te,dp,Dawson Knox,18631,TE,BUF,54.09,6.92,43,63,,dawson-knox.php,,,11.6,,,,,,7.0,Dawson Knox,2026-05-29,BUF
/nfl/rankings/dynasty-te.php,dynasty-te,dp,Noah Gray,19539,TE,KC,54.91,5.57,48,66,,noah-gray.php,,,7.5,,,,,,5.0,Noah Gray,2026-05-29,KCC
/nfl/rankings/dynasty-te.php,dynasty-te,dp,Jonnu Smith,16460,TE,FA,55.5,8.37,45,73,,jonnu-smith.php,,,6.3,,,,,,,Jonnu Smith,2026-05-29,FA
/nfl/rankings/dynasty-te.php,dynasty-te,dp,Noah Fant,17527,TE,NO,56.0,9.44,43,70,,noah-fant.php,,,4.2,,,,,,8.0,Noah Fant,2026-05-29,NOS
/nfl/rankings/dynasty-te.php,dynasty-te,dp,Luke Musgrave,25282,TE,GB,59.0,3.79,52,66,,luke-musgrave.php,,,7.0,,,,,,11.0,Luke Musgrave,2026-05-29,GBP
/nfl/rankings/dynasty-te.php,dynasty-te,dp,Matt Hibner,28168,TE,BAL,55.78,12.73,33,75,,matthew-hibner.php,,,1.9,,,,,,13.0,Matt Hibner,2026-05-29,BAL
/nfl/rankings/dynasty-te.php,dynasty-te,dp,Mitchell Evans,27138,TE,CAR,63.8,8.45,55,85,,mitchell-evans.php,,,1.0,,,,,,5.0,Mitchell Evans,2026-05-29,CAR
/nfl/rankings/dynasty-te.php,dynasty-te,dp,Erick All Jr.,23837,TE,CIN,60.78,6.05,51,72,,erick-all.php,,,1.6,,,,,,6.0,Erick All,2026-05-29,CIN
/nfl/rankings/dynasty-te.php,dynasty-te,dp,Cade Stover,25269,TE,HOU,68.6,7.93,55,80,,cade-stover.php,,,1.8,,,,,,8.0,Cade Stover,2026-05-29,HOU
/nfl/rankings/dynasty-te.php,dynasty-te,dp,Zach Ertz,11689,TE,FA,64.75,10.76,48,85,,zach-ertz.php,,,5.5,,,,,,,Zach Ertz,2026-05-29,FA
/nfl/rankings/dynasty-te.php,dynasty-te,dp,Joe Royer,27312,TE,CLE,58.14,3.72,52,64,,joe-royer.php,,,0.9,,,,,,11.0,Joe Royer,2026-05-29,CLE
/nfl/rankings/dynasty-te.php,dynasty-te,dp,Daniel Bellinger,24238,TE,TEN,69.75,16.27,46,100,,daniel-bellinger.php,,,4.9,,,,,,9.0,Daniel Bellinger,2026-05-29,TEN
/nfl/rankings/dynasty-te.php,dynasty-te,dp,Charlie Kolar,22756,TE,LAC,76.67,10.17,58,95,,charlie-kolar.php,,,3.4,,,,,,7.0,Charlie Kolar,2026-05-29,LAC
/nfl/rankings/dynasty-te.php,dynasty-te,dp,Nate Boerkircher,28427,TE,JAC,63.29,14.06,52,96,,nate-boerkircher.php,,,0.6,,,,,8.0,7.0,Nate Boerkircher,2026-05-29,JAC
/nfl/rankings/dynasty-te.php,dynasty-te,dp,Will Kacmarek,28403,TE,MIA,71.0,14.69,49,101,,will-kacmarek.php,,,4.3,,,,,,6.0,Will Kacmarek,2026-05-29,MIA
/nfl/rankings/dynasty-te.php,dynasty-te,dp,Tommy Tremble,22795,TE,CAR,72.57,5.92,67,84,,tommy-tremble.php,,,2.3,,,,,,5.0,Tommy Tremble,2026-05-29,CAR
/nfl/rankings/dynasty-te.php,dynasty-te,dp,Elijah Higgins,23119,TE,ARI,64.83,6.87,56,75,,elijah-higgins.php,,,3.0,,,,,,14.0,Elijah Higgins,2026-05-29,ARI
/nfl/rankings/dynasty-te.php,dynasty-te,dp,Josh Oliver,18487,TE,MIN,75.43,7.4,66,89,,josh-oliver.php,,,1.4,,,,,,6.0,Josh Oliver,2026-05-29,MIN
/nfl/rankings/dynasty-te.php,dynasty-te,dp,Austin Hooper,15581,TE,ATL,76.0,8.3,63,89,,austin-hooper.php,,,1.9,,,,,,11.0,Austin Hooper,2026-05-29,ATL
/nfl/rankings/dynasty-te.php,dynasty-te,dp,Tyler Conklin,17598,TE,DET,70.5,9.39,58,85,,tyler-conklin.php,,,1.3,,,,,-8.0,6.0,Tyler Conklin,2026-05-29,DET
/nfl/rankings/dynasty-te.php,dynasty-te,dp,Luke Schoonmaker,25267,TE,DAL,70.67,9.93,53,80,,luke-schoonmaker.php,,,1.0,,,,,,14.0,Luke Schoonmaker,2026-05-29,DAL
/nfl/rankings/dynasty-te.php,dynasty-te,dp,Jeremy Ruckert,23742,TE,NYJ,80.29,9.05,67,93,,jeremy-ruckert.php,,,0.7,,,,,,13.0,Jeremy Ruckert,2026-05-29,NYJ
/nfl/rankings/dynasty-te.php,dynasty-te,dp,Darren Waller,14104,TE,FA,73.67,16.37,53,105,,darren-waller.php,,,5.9,,,,,,,Darren Waller,2026-05-29,FA
/nfl/rankings/dynasty-te.php,dynasty-te,dp,Dallen Bentley,28352,TE,DEN,69.2,8.52,59,84,,dallen-bentley.php,,,1.1,,,,,,10.0,Dallen Bentley,2026-05-29,DEN
/nfl/rankings/dynasty-te.php,dynasty-te,dp,Taysom Hill,17115,TE,FA,69.6,4.03,65,76,,taysom-hill.php,,,0.7,,,,,,,Taysom Hill,2026-05-29,FA
/nfl/rankings/dynasty-te.php,dynasty-te,dp,Josh Cuevas,28155,TE,BAL,70.8,13.91,56,97,,josh-cuevas.php,,,0.9,,,,,,13.0,Josh Cuevas,2026-05-29,BAL
/nfl/rankings/dynasty-te.php,dynasty-te,dp,Dae'Quan Wright,28159,TE,PHI,72.8,13.01,61,98,,daequan-wright.php,,,0.0,,,,,,10.0,DaeQuan Wright,2026-05-29,PHI
/nfl/rankings/dynasty-te.php,dynasty-te,dp,Grant Calcaterra,24180,TE,PHI,74.8,12.07,61,95,,grant-calcaterra.php,,,1.0,,,,,,10.0,Grant Calcaterra,2026-05-29,PHI
/nfl/rankings/dynasty-te.php,dynasty-te,dp,John Michael Gyllenborg,28158,TE,KC,75.0,12.39,56,92,,john-michael-gyllenborg.php,,,1.8,,,,,,5.0,John Michael Gyllenborg,2026-05-29,KCC
/nfl/rankings/dynasty-te.php,dynasty-te,dp,Adam Trautman,19423,TE,DEN,76.4,9.52,63,90,,adam-trautman.php,,,0.6,,,,,,10.0,Adam Trautman,2026-05-29,DEN
/nfl/rankings/dynasty-te.php,dynasty-te,dp,Jaren Kanak,28160,TE,TEN,78.0,11.75,60,94,,jaren-kanak.php,,,0.0,,,,,9.0,9.0,Jaren Kanak,2026-05-29,TEN
/nfl/rankings/dynasty-te.php,dynasty-te,dp,Brevin Jordan,20162,TE,HOU,79.0,11.95,63,91,,brevin-jordan.php,,,1.0,,,,,,8.0,Brevin Jordan,2026-05-29,HOU
/nfl/rankings/dynasty-te.php,dynasty-te,dp,Jackson Hawes,27469,TE,BUF,80.2,14.66,60,104,,jackson-hawes.php,,,1.0,,,,,,7.0,Jackson Hawes,2026-05-29,BUF
/nfl/rankings/dynasty-te.php,dynasty-te,dp,Jared Wiley,26343,TE,KC,70.5,16.5,50,90,,jared-wiley.php,,,0.6,,,,,,5.0,Jared Wiley,2026-05-29,KCC
/nfl/rankings/dynasty-te.php,dynasty-te,dp,Kylen Granson,22841,TE,TEN,83.8,9.43,73,101,,kylen-granson.php,,,1.2,,,,,,9.0,Kylen Granson,2026-05-29,TEN
/nfl/rankings/dynasty-te.php,dynasty-te,dp,Tanner Hudson,17826,TE,CIN,84.6,9.67,70,98,,tanner-hudson.php,,,1.2,,,,,,6.0,Tanner Hudson,2026-05-29,CIN
/nfl/rankings/dynasty-te.php,dynasty-te,dp,RJ Maryland,27341,TE,GB,84.6,10.67,73,103,,rj-maryland.php,,,0.0,,,,,,11.0,RJ Maryland,2026-05-29,GBP
/nfl/rankings/dynasty-te.php,dynasty-te,dp,Foster Moreau,18397,TE,HOU,84.8,3.54,78,88,,foster-moreau.php,,,0.7,,,,,-11.0,8.0,Foster Moreau,2026-05-29,HOU
/nfl/rankings/dynasty-te.php,dynasty-te,dp,Jelani Woods,23829,TE,NYJ,86.0,13.9,71,102,,jelani-woods.php,,,2.0,,,,,,13.0,Jelani Woods,2026-05-29,NYJ
/nfl/rankings/dynasty-te.php,dynasty-te,dp,Hunter Long,22783,TE,JAC,77.5,11.84,63,96,,hunter-long.php,,,0.6,,,,,,7.0,Hunter Long,2026-05-29,JAC
/nfl/rankings/dynasty-te.php,dynasty-te,dp,Thomas Fidone II,23039,TE,NYG,77.75,12.62,64,94,,thomas-fidone.php,,,1.0,,,,,,8.0,Thomas Fidone,2026-05-29,NYG
/nfl/rankings/dynasty-te.php,dynasty-te,dp,Brock Wright,23341,TE,DET,88.2,14.66,71,111,,brock-wright.php,,,0.9,,,,,,6.0,Brock Wright,2026-05-29,DET
/nfl/rankings/dynasty-te.php,dynasty-te,dp,Davis Allen,23761,TE,LAR,79.75,16.21,56,101,,davis-allen.php,,,0.6,,,,,,11.0,Davis Allen,2026-05-29,LAR
/nfl/rankings/dynasty-te.php,dynasty-te,dp,Seydou Traore,28163,TE,MIA,80.0,18.49,50,100,,seydou-traore.php,,,0.0,,,,,,6.0,Seydou Traore,2026-05-29,MIA
/nfl/rankings/dynasty-te.php,dynasty-te,dp,Stone Smartt,24621,TE,PHI,90.4,7.06,79,100,,stone-smartt.php,,,1.0,,,,,,10.0,Stone Smartt,2026-05-29,PHI
/nfl/rankings/dynasty-te.php,dynasty-te,dp,Carsen Ryan,28399,TE,CLE,82.25,14.31,58,95,,carsen-ryan.php,,,1.1,,,,,,11.0,Carsen Ryan,2026-05-29,CLE
/nfl/rankings/dynasty-te.php,dynasty-te,dp,Riley Nowakowski,28437,TE,PIT,74.33,21.7,49,102,,riley-nowakowski.php,,,0.7,,,,,,9.0,Riley Nowakowski,2026-05-29,PIT
/nfl/rankings/dynasty-te.php,dynasty-te,dp,Will Dissly,18049,TE,FA,83.33,9.53,73,96,,will-dissly.php,,,0.6,,,,,,,Will Dissly,2026-05-29,FA
/nfl/rankings/dynasty-te.php,dynasty-te,dp,Tip Reiman,26432,TE,ARI,95.0,11.94,76,109,,tip-reiman.php,,,0.1,,,,,,14.0,Tip Reiman,2026-05-29,ARI
/nfl/rankings/dynasty-te.php,dynasty-te,dp,Jaheim Bell,24747,TE,PIT,87.67,12.92,74,105,,jaheim-bell.php,,,0.7,,,,,,9.0,Jaheim Bell,2026-05-29,PIT
/nfl/rankings/dynasty-te.php,dynasty-te,dp,Jake Briningstool,22924,TE,KC,88.67,12.5,77,106,,jake-briningstool.php,,,0.0,,,,,,5.0,Jake Briningstool,2026-05-29,KCC
/nfl/rankings/dynasty-te.php,dynasty-te,dp,Payne Durham,25346,TE,TB,99.5,16.02,79,123,,payne-durham.php,,,0.6,,,,,,10.0,Payne Durham,2026-05-29,TBB
/nfl/rankings/dynasty-te.php,dynasty-te,dp,Harrison Bryant,19389,TE,SEA,91.0,13.14,73,104,,harrison-bryant.php,,,0.0,,,,,,11.0,Harrison Bryant,2026-05-29,SEA
/nfl/rankings/dynasty-te.php,dynasty-te,dp,Will Mallory,23821,TE,IND,99.75,11.23,86,114,,will-mallory.php,,,0.7,,,,,,13.0,Will Mallory,2026-05-29,IND
/nfl/rankings/dynasty-te.php,dynasty-te,dp,Julian Hill,25824,TE,NE,91.33,20.4,64,113,,julian-hill.php,,,0.6,,,,,,11.0,Julian Hill,2026-05-29,NEP
/nfl/rankings/dynasty-te.php,dynasty-te,dp,Jalin Conyers,22901,TE,FA,93.0,21.28,63,110,,jalin-conyers.php,,,1.2,,,,,,,Jalin Conyers,2026-05-29,FA
/nfl/rankings/dynasty-te.php,dynasty-te,dp,Jack Velling,26008,TE,ATL,79.5,24.5,55,104,,jack-velling.php,,,0.0,,,,,,11.0,Jack Velling,2026-05-29,ATL
/nfl/rankings/dynasty-te.php,dynasty-te,dp,John Bates,22833,TE,WAS,95.0,18.06,70,112,,john-bates.php,,,0.7,,,,,,7.0,John Bates,2026-05-29,WAS
/nfl/rankings/dynasty-te.php,dynasty-te,dp,Luke Farrell,19501,TE,SF,95.67,12.68,83,113,,luke-farrell.php,,,0.6,,,,,,8.0,Luke Farrell,2026-05-29,SFO
/nfl/rankings/dynasty-te.php,dynasty-te,dp,Josh Whyle,22923,TE,GB,97.33,10.66,87,112,,josh-whyle.php,,,0.6,,,,,,11.0,Josh Whyle,2026-05-29,GBP
/nfl/rankings/dynasty-te.php,dynasty-te,dp,Bauer Sharp,28165,TE,TB,88.5,10.5,78,99,,bauer-sharp.php,,,0.0,,,,,,10.0,Bauer Sharp,2026-05-29,TBB
/nfl/rankings/dynasty-te.php,dynasty-te,dp,Devin Culp,26440,TE,TB,101.0,12.83,90,119,,devin-culp.php,,,0.7,,,,,,10.0,Devin Culp,2026-05-29,TBB
/nfl/rankings/dynasty-te.php,dynasty-te,dp,Luke Lachey,22977,TE,FA,89.0,19.0,70,108,,luke-lachey.php,,,1.0,,,,,,,Luke Lachey,2026-05-29,FA
/nfl/rankings/dynasty-te.php,dynasty-te,dp,Mo Alie-Cox,16579,TE,IND,102.33,21.45,72,118,,mo-alie-cox.php,,,0.6,,,,,,13.0,Mo Alie-Cox,2026-05-29,IND
/nfl/rankings/dynasty-te.php,dynasty-te,dp,Gavin Bartholomew,26002,TE,MIN,93.5,17.5,76,111,,gavin-bartholomew.php,,,0.1,,,,,,6.0,Gavin Bartholomew,2026-05-29,MIN
/nfl/rankings/dynasty-te.php,dynasty-te,dp,Drew Ogletree,24561,TE,IND,104.67,11.03,91,118,,andrew-ogletree.php,,,0.6,,,,,,13.0,Andrew Ogletree,2026-05-29,IND
/nfl/rankings/dynasty-te.php,dynasty-te,dp,Quintin Morris,22820,TE,JAC,95.0,27.0,68,122,,quintin-morris.php,,,0.8,,,,,,7.0,Quintin Morris,2026-05-29,JAC
/nfl/rankings/dynasty-te.php,dynasty-te,dp,Brevyn Spann-Ford,26003,TE,DAL,109.67,11.44,94,121,,brevyn-spann-ford.php,,,0.1,,,,,,14.0,Brevyn Spann-Ford,2026-05-29,DAL
/nfl/rankings/dynasty-te.php,dynasty-te,dp,Durham Smythe,17508,TE,BAL,111.33,16.42,89,128,,durham-smythe.php,,,0.7,,,,,,13.0,Durham Smythe,2026-05-29,BAL
/nfl/rankings/dynasty-te.php,dynasty-te,dp,Gerald Everett,16459,TE,FA,106.5,13.5,93,120,,gerald-everett.php,,,1.4,,,,,,,Gerald Everett,2026-05-29,FA
/nfl/rankings/dynasty-te.php,dynasty-te,dp,Irv Smith Jr.,18610,TE,FA,108.0,17.0,91,125,,irv-smith-jr.php,,,0.0,,,,,,,Irv Smith,2026-05-29,FA
/nfl/rankings/dynasty-te.php,dynasty-te,dp,Lucas Krull,24240,TE,DEN,108.0,16.0,92,124,,lucas-krull.php,,,1.0,,,,,,10.0,Lucas Krull,2026-05-29,DEN
/nfl/rankings/dynasty-te.php,dynasty-te,dp,Moliki Matavao,23093,TE,NO,109.0,12.0,97,121,,moliki-matavao.php,,,1.0,,,,,,8.0,Moliki Matavao,2026-05-29,NOS
/nfl/rankings/dynasty-te.php,dynasty-te,dp,Donald Parham Jr.,18835,TE,FA,116.67,13.22,98,127,,donald-parham.php,,,1.0,,,,,,,Donald Parham,2026-05-29,FA
/nfl/rankings/dynasty-te.php,dynasty-te,dp,Johnny Mundt,16743,TE,PHI,112.0,4.0,108,116,,johnny-mundt.php,,,0.1,,,,,,10.0,Johnny Mundt,2026-05-29,PHI
/nfl/rankings/dynasty-te.php,dynasty-te,dp,Drew Sample,18561,TE,CIN,115.5,0.5,115,116,,drew-sample.php,,,0.6,,,,,,6.0,Drew Sample,2026-05-29,CIN
/nfl/rankings/dynasty-te.php,dynasty-te,dp,Eric Saubert,16706,TE,SEA,119.0,10.0,109,129,,eric-saubert.php,,,0.9,,,,,,11.0,Eric Saubert,2026-05-29,SEA
/nfl/rankings/dynasty-te.php,dynasty-te,dp,Jack Stoll,23193,TE,CLE,120.5,5.5,115,126,,jack-stoll.php,,,0.1,,,,,,11.0,Jack Stoll,2026-05-29,CLE
/nfl/rankings/dynasty-te.php,dynasty-te,dp,James Mitchell,23174,TE,CAR,124.5,5.5,119,130,,james-mitchell.php,,,0.0,,,,,,5.0,James Mitchell,2026-05-29,CAR
/nfl/rankings/dynasty-te.php,dynasty-te,dp,Connor Heyward,24562,TE,LV,125.5,5.5,120,131,,connor-heyward.php,,,0.2,,,,,,13.0,Connor Heyward,2026-05-29,LVR
/nfl/rankings/dynasty-te.php,dynasty-te,dp,Shane Zylstra,23461,TE,BUF,127.0,5.0,122,132,,shane-zylstra.php,,,1.1,,,,,,7.0,Shane Zylstra,2026-05-29,BUF
/nfl/rankings/dynasty-te.php,dynasty-te,dp,Ian Thomas,17387,TE,LV,128.0,5.0,123,133,,ian-thomas.php,,,0.1,,,,,,13.0,Ian Thomas,2026-05-29,LVR
/nfl/rankings/dynasty-te.php,dynasty-te,dp,Teagan Quitoriano,24182,TE,ARI,129.0,5.0,124,134,,teagan-quitoriano.php,,,0.0,,,,,,14.0,Teagan Quitoriano,2026-05-29,ARI
/nfl/rankings/dynasty-wr.php,dynasty-wr,dp,Ja'Marr Chase,19788,WR,CIN,1.04,0.2,1,2,,jamarr-chase.php,,,99.0,,,,,,6.0,JaMarr Chase,2026-05-29,CIN
/nfl/rankings/dynasty-wr.php,dynasty-wr,dp,Jaxon Smith-Njigba,23070,WR,SEA,2.29,0.45,2,3,,jaxon-smith-njigba.php,,,99.4,,,,,,11.0,Jaxon Smith-Njigba,2026-05-29,SEA
/nfl/rankings/dynasty-wr.php,dynasty-wr,dp,Puka Nacua,23180,WR,LAR,2.83,0.55,2,4,,puka-nacua.php,,,99.3,,,,,,11.0,Puka Nacua,2026-05-29,LAR
/nfl/rankings/dynasty-wr.php,dynasty-wr,dp,Justin Jefferson,19236,WR,MIN,4.88,1.05,4,7,,justin-jefferson.php,,,98.9,,,,,,6.0,Justin Jefferson,2026-05-29,MIN
/nfl/rankings/dynasty-wr.php,dynasty-wr,dp,Amon-Ra St. Brown,19799,WR,DET,5.5,1.08,3,7,,amonra-stbrown.php,,,99.0,,,,,,6.0,Amon-Ra St Brown,2026-05-29,DET
/nfl/rankings/dynasty-wr.php,dynasty-wr,dp,CeeDee Lamb,19202,WR,DAL,5.58,1.26,4,8,,ceedee-lamb.php,,,99.0,,,,,-1.0,14.0,CeeDee Lamb,2026-05-29,DAL
/nfl/rankings/dynasty-wr.php,dynasty-wr,dp,Malik Nabers,25409,WR,NYG,6.17,1.14,4,8,,malik-nabers.php,,,98.5,,,,,,8.0,Malik Nabers,2026-05-29,NYG
/nfl/rankings/dynasty-wr.php,dynasty-wr,dp,Drake London,23163,WR,ATL,7.83,0.8,6,9,,drake-london.php,,,98.8,,,,,,11.0,Drake London,2026-05-29,ATL
/nfl/rankings/dynasty-wr.php,dynasty-wr,dp,Tetairoa McMillan,25417,WR,CAR,10.33,1.75,9,14,,tetairoa-mcmillan.php,,,97.9,,,,,,5.0,Tetairoa McMillan,2026-05-29,CAR
/nfl/rankings/dynasty-wr.php,dynasty-wr,dp,Nico Collins,20130,WR,HOU,10.88,2.13,8,16,,nico-collins.php,,,99.1,,,,,,8.0,Nico Collins,2026-05-29,HOU
/nfl/rankings/dynasty-wr.php,dynasty-wr,dp,George Pickens,22963,WR,DAL,11.71,2.15,9,17,,george-pickens.php,,,98.7,,,,,,14.0,George Pickens,2026-05-29,DAL
/nfl/rankings/dynasty-wr.php,dynasty-wr,dp,Emeka Egbuka,23062,WR,TB,13.46,2.57,10,19,,emeka-egbuka.php,,,95.8,,,,,,10.0,Emeka Egbuka,2026-05-29,TBB
/nfl/rankings/dynasty-wr.php,dynasty-wr,dp,Chris Olave,20111,WR,NO,14.25,2.52,11,19,,chris-olave.php,,,97.8,,,,,,8.0,Chris Olave,2026-05-29,NOS
/nfl/rankings/dynasty-wr.php,dynasty-wr,dp,Garrett Wilson,23072,WR,NYJ,14.67,2.7,10,20,,garrett-wilson.php,,,97.4,,,,,,13.0,Garrett Wilson,2026-05-29,NYJ
/nfl/rankings/dynasty-wr.php,dynasty-wr,dp,Carnell Tate,26009,WR,TEN,16.33,3.62,11,24,,carnell-tate.php,,,92.8,,,,,,9.0,Carnell Tate,2026-05-29,TEN
/nfl/rankings/dynasty-wr.php,dynasty-wr,dp,Ladd McConkey,26122,WR,LAC,18.25,4.44,13,32,,ladd-mcconkey.php,,,96.9,,,,,,7.0,Ladd McConkey,2026-05-29,LAC
/nfl/rankings/dynasty-wr.php,dynasty-wr,dp,Rashee Rice,23113,WR,KC,18.88,6.58,10,34,,rashee-rice.php,,,97.8,,,,,,5.0,Rashee Rice,2026-05-29,KCC
/nfl/rankings/dynasty-wr.php,dynasty-wr,dp,A.J. Brown,18218,WR,PHI,19.71,4.83,12,29,,aj-brown.php,,,98.8,,,,,,10.0,AJ Brown,2026-05-29,PHI
/nfl/rankings/dynasty-wr.php,dynasty-wr,dp,Jordyn Tyson,26035,WR,NO,19.88,4.02,14,28,,jordyn-tyson.php,,,88.9,,,,,2.0,8.0,Jordyn Tyson,2026-05-29,NOS
/nfl/rankings/dynasty-wr.php,dynasty-wr,dp,DeVonta Smith,19222,WR,PHI,20.46,3.44,12,27,,devonta-smith.php,,,97.6,,,,,,10.0,DeVonta Smith,2026-05-29,PHI
/nfl/rankings/dynasty-wr.php,dynasty-wr,dp,Luther Burden III,27016,WR,CHI,20.75,4.87,14,31,,luther-burden-iii.php,,,94.4,,,,,,10.0,Luther Burden,2026-05-29,CHI
/nfl/rankings/dynasty-wr.php,dynasty-wr,dp,Makai Lemon,25420,WR,PHI,22.13,3.78,14,29,,makai-lemon.php,,,88.7,,,,,,10.0,Makai Lemon,2026-05-29,PHI
/nfl/rankings/dynasty-wr.php,dynasty-wr,dp,Tee Higgins,19211,WR,CIN,22.25,2.79,18,27,,tee-higgins.php,,,97.4,,,,,-3.0,6.0,Tee Higgins,2026-05-29,CIN
/nfl/rankings/dynasty-wr.php,dynasty-wr,dp,Zay Flowers,22916,WR,BAL,22.75,4.54,15,32,,zay-flowers.php,,,97.1,,,,,,13.0,Zay Flowers,2026-05-29,BAL
/nfl/rankings/dynasty-wr.php,dynasty-wr,dp,Rome Odunze,25411,WR,CHI,23.46,4.23,17,34,,rome-odunze.php,,,94.1,,,,,,10.0,Rome Odunze,2026-05-29,CHI
/nfl/rankings/dynasty-wr.php,dynasty-wr,dp,Jaylen Waddle,19790,WR,DEN,25.04,3.28,19,30,,jaylen-waddle.php,,,96.1,,,,,,10.0,Jaylen Waddle,2026-05-29,DEN
/nfl/rankings/dynasty-wr.php,dynasty-wr,dp,Marvin Harrison Jr.,23064,WR,ARI,26.25,3.55,19,32,,marvin-harrison-jr.php,,,92.3,,,,,,14.0,Marvin Harrison,2026-05-29,ARI
/nfl/rankings/dynasty-wr.php,dynasty-wr,dp,Jameson Williams,23677,WR,DET,26.92,3.13,18,32,,jameson-williams.php,,,95.5,,,,,,6.0,Jameson Williams,2026-05-29,DET
/nfl/rankings/dynasty-wr.php,dynasty-wr,dp,Brian Thomas Jr.,23000,WR,JAC,26.96,3.79,21,34,,brian-thomas-jr.php,,,91.4,,,,,,7.0,Brian Thomas,2026-05-29,JAC
/nfl/rankings/dynasty-wr.php,dynasty-wr,dp,KC Concepcion,27331,WR,CLE,30.79,5.62,21,46,,kevin-concepcion.php,,,70.8,,,,,,11.0,KC Concepcion,2026-05-29,CLE
/nfl/rankings/dynasty-wr.php,dynasty-wr,dp,Alec Pierce,23791,WR,IND,33.58,6.05,24,46,,alec-pierce.php,,,91.1,,,,,,13.0,Alec Pierce,2026-05-29,IND
/nfl/rankings/dynasty-wr.php,dynasty-wr,dp,Christian Watson,23886,WR,GB,33.96,5.87,25,46,,christian-watson.php,,,92.0,,,,,,11.0,Christian Watson,2026-05-29,GBP
/nfl/rankings/dynasty-wr.php,dynasty-wr,dp,Jordan Addison,23107,WR,MIN,34.42,3.55,30,41,,jordan-addison.php,,,88.1,,,,,,6.0,Jordan Addison,2026-05-29,MIN
/nfl/rankings/dynasty-wr.php,dynasty-wr,dp,DJ Moore,17265,WR,BUF,35.38,3.23,30,43,,dj-moore-wr.php,,,94.6,,,,,,7.0,DJ Moore,2026-05-29,BUF
/nfl/rankings/dynasty-wr.php,dynasty-wr,dp,DK Metcalf,18219,WR,PIT,36.54,3.8,26,45,,dk-metcalf.php,,,93.6,,,,,,9.0,DK Metcalf,2026-05-29,PIT
/nfl/rankings/dynasty-wr.php,dynasty-wr,dp,Terry McLaurin,18466,WR,WAS,36.58,4.81,30,51,,terry-mclaurin.php,,,95.3,,,,,,7.0,Terry McLaurin,2026-05-29,WAS
/nfl/rankings/dynasty-wr.php,dynasty-wr,dp,Omar Cooper Jr.,28127,WR,NYJ,38.54,7.68,27,53,,omar-cooper-jr.php,,,53.2,,,,,,13.0,Omar Cooper,2026-05-29,NYJ
/nfl/rankings/dynasty-wr.php,dynasty-wr,dp,Michael Wilson,25333,WR,ARI,40.08,5.77,30,54,,michael-wilson.php,,,90.7,,,,,,14.0,Michael Wilson,2026-05-29,ARI
/nfl/rankings/dynasty-wr.php,dynasty-wr,dp,Ricky Pearsall,26214,WR,SF,41.17,5.84,32,52,,ricky-pearsall.php,,,88.3,,,,,,8.0,Ricky Pearsall,2026-05-29,SFO
/nfl/rankings/dynasty-wr.php,dynasty-wr,dp,Wan'Dale Robinson,22985,WR,TEN,43.88,5.8,32,54,,wandale-robinson.php,,,86.0,,,,,,9.0,WanDale Robinson,2026-05-29,TEN
/nfl/rankings/dynasty-wr.php,dynasty-wr,dp,Courtland Sutton,17253,WR,DEN,44.63,5.66,36,57,,courtland-sutton.php,,,92.8,,,,,,10.0,Courtland Sutton,2026-05-29,DEN
/nfl/rankings/dynasty-wr.php,dynasty-wr,dp,Xavier Worthy,23019,WR,KC,44.67,6.8,32,62,,xavier-worthy.php,,,82.3,,,,,,5.0,Xavier Worthy,2026-05-29,KCC
/nfl/rankings/dynasty-wr.php,dynasty-wr,dp,Jayden Higgins,27077,WR,HOU,44.67,5.51,35,54,,jayden-higgins.php,,,55.1,,,,,,8.0,Jayden Higgins,2026-05-29,HOU
/nfl/rankings/dynasty-wr.php,dynasty-wr,dp,Davante Adams,12123,WR,LAR,44.96,8.1,34,64,,davante-adams.php,,,97.3,,,,,,11.0,Davante Adams,2026-05-29,LAR
/nfl/rankings/dynasty-wr.php,dynasty-wr,dp,Denzel Boston,27339,WR,CLE,45.08,8.03,31,61,,denzel-boston.php,,,45.7,,,,,,11.0,Denzel Boston,2026-05-29,CLE
/nfl/rankings/dynasty-wr.php,dynasty-wr,dp,Mike Evans,12119,WR,SF,45.79,7.56,34,69,,mike-evans.php,,,93.7,,,,,,8.0,Mike Evans,2026-05-29,SFO
/nfl/rankings/dynasty-wr.php,dynasty-wr,dp,Michael Pittman Jr.,19278,WR,PIT,46.75,5.45,38,60,,michael-pittman.php,,,90.5,,,,,,9.0,Michael Pittman,2026-05-29,PIT
/nfl/rankings/dynasty-wr.php,dynasty-wr,dp,Parker Washington,23106,WR,JAC,47.08,6.58,34,60,,parker-washington.php,,,89.8,,,,,,7.0,Parker Washington,2026-05-29,JAC
/nfl/rankings/dynasty-wr.php,dynasty-wr,dp,Josh Downs,24706,WR,IND,47.29,8.01,36,64,,josh-downs.php,,,81.7,,,,,,13.0,Josh Downs,2026-05-29,IND
/nfl/rankings/dynasty-wr.php,dynasty-wr,dp,Jakobi Meyers,18598,WR,JAC,47.96,8.34,35,59,,jakobi-meyers.php,,,89.4,,,,,-6.0,7.0,Jakobi Meyers,2026-05-29,JAC
/nfl/rankings/dynasty-wr.php,dynasty-wr,dp,Matthew Golden,26024,WR,GB,50.83,4.92,39,60,,matthew-golden.php,,,74.4,,,,,,11.0,Matthew Golden,2026-05-29,GBP
/nfl/rankings/dynasty-wr.php,dynasty-wr,dp,Jayden Reed,23020,WR,GB,50.92,4.97,37,61,,jayden-reed.php,,,81.8,,,,,,11.0,Jayden Reed,2026-05-29,GBP
/nfl/rankings/dynasty-wr.php,dynasty-wr,dp,Chris Godwin Jr.,16406,WR,TB,53.92,5.74,40,66,,chris-godwin.php,,,89.7,,,,,,10.0,Chris Godwin,2026-05-29,TBB
/nfl/rankings/dynasty-wr.php,dynasty-wr,dp,Quentin Johnston,23123,WR,LAC,54.08,6.28,44,68,,quentin-johnston.php,,,81.0,,,,,,7.0,Quentin Johnston,2026-05-29,LAC
/nfl/rankings/dynasty-wr.php,dynasty-wr,dp,Khalil Shakir,23748,WR,BUF,55.96,5.18,43,65,,khalil-shakir.php,,,75.5,,,,,,7.0,Khalil Shakir,2026-05-29,BUF
/nfl/rankings/dynasty-wr.php,dynasty-wr,dp,Travis Hunter,26034,WR,JAC,56.83,11.99,40,85,,travis-hunter.php,,,67.6,,,,,,7.0,Travis Hunter,2026-05-29,JAC
/nfl/rankings/dynasty-wr.php,dynasty-wr,dp,Romeo Doubs,23794,WR,NE,57.08,6.45,46,72,,romeo-doubs.php,,,78.1,,,,,,11.0,Romeo Doubs,2026-05-29,NEP
/nfl/rankings/dynasty-wr.php,dynasty-wr,dp,Antonio Williams,25418,WR,WAS,58.17,8.21,36,72,,antonio-williams-wr.php,,,29.2,,,,,,7.0,Antonio Williams,2026-05-29,WAS
/nfl/rankings/dynasty-wr.php,dynasty-wr,dp,Chris Bell,26038,WR,MIA,59.13,8.97,45,82,,chris-bell.php,,,26.9,,,,,,6.0,Chris Bell,2026-05-29,MIA
/nfl/rankings/dynasty-wr.php,dynasty-wr,dp,Brandon Aiyuk,19252,WR,SF,60.83,10.07,40,80,,brandon-aiyuk.php,,,41.7,,,,,,8.0,Brandon Aiyuk,2026-05-29,SFO
/nfl/rankings/dynasty-wr.php,dynasty-wr,dp,Jalen Coker,26403,WR,CAR,62.63,4.72,55,74,,jalen-coker.php,,,57.9,,,,,,5.0,Jalen Coker,2026-05-29,CAR
/nfl/rankings/dynasty-wr.php,dynasty-wr,dp,Germie Bernard,26039,WR,PIT,62.88,8.24,46,79,,germie-bernard.php,,,22.4,,,,,,9.0,Germie Bernard,2026-05-29,PIT
/nfl/rankings/dynasty-wr.php,dynasty-wr,dp,Jauan Jennings,19590,WR,MIN,65.38,9.06,53,90,,jauan-jennings.php,,,46.4,,,,,,6.0,Jauan Jennings,2026-05-29,MIN
/nfl/rankings/dynasty-wr.php,dynasty-wr,dp,Rashid Shaheed,24687,WR,SEA,66.29,6.82,57,82,,rashid-shaheed.php,,,52.2,,,,,,11.0,Rashid Shaheed,2026-05-29,SEA
/nfl/rankings/dynasty-wr.php,dynasty-wr,dp,Tre' Harris,26215,WR,LAC,68.92,12.7,53,108,,tre-harris.php,,,23.8,,,,,,7.0,Tre Harris,2026-05-29,LAC
/nfl/rankings/dynasty-wr.php,dynasty-wr,dp,Jalen McMillan,23179,WR,TB,69.0,8.07,60,100,,jalen-mcmillan.php,,,42.2,,,,,,10.0,Jalen McMillan,2026-05-29,TBB
/nfl/rankings/dynasty-wr.php,dynasty-wr,dp,De'Zhaun Stribling,28138,WR,SF,70.08,10.46,52,95,,dezhaun-stribling.php,,,16.1,,,,,,8.0,DeZhaun Stribling,2026-05-29,SFO
/nfl/rankings/dynasty-wr.php,dynasty-wr,dp,Ted Hurst III,28130,WR,TB,70.68,12.76,45,102,,ted-hurst.php,,,16.2,,,,,,10.0,Ted Hurst,2026-05-29,TBB
/nfl/rankings/dynasty-wr.php,dynasty-wr,dp,Jaylin Noel,27122,WR,HOU,71.79,12.09,56,111,,jaylin-noel.php,,,18.2,,,,,,8.0,Jaylin Noel,2026-05-29,HOU
/nfl/rankings/dynasty-wr.php,dynasty-wr,dp,Jerry Jeudy,19201,WR,CLE,73.38,9.24,58,96,,jerry-jeudy.php,,,45.9,,,,,,11.0,Jerry Jeudy,2026-05-29,CLE
/nfl/rankings/dynasty-wr.php,dynasty-wr,dp,Elijah Sarratt,27463,WR,BAL,73.87,8.49,56,90,,elijah-sarratt.php,,,19.4,,,,,,13.0,Elijah Sarratt,2026-05-29,BAL
/nfl/rankings/dynasty-wr.php,dynasty-wr,dp,Chris Brazzell II,28047,WR,CAR,74.45,10.21,51,95,,chris-brazzell-ii.php,,,17.6,,,,,,5.0,Chris Brazzell,2026-05-29,CAR
/nfl/rankings/dynasty-wr.php,dynasty-wr,dp,Troy Franklin,23092,WR,DEN,78.25,8.5,61,91,,troy-franklin.php,,,22.6,,,,,,10.0,Troy Franklin,2026-05-29,DEN
/nfl/rankings/dynasty-wr.php,dynasty-wr,dp,Pat Bryant,27211,WR,DEN,78.5,11.7,60,118,,pat-bryant.php,,,20.9,,,,,,10.0,Pat Bryant,2026-05-29,DEN
/nfl/rankings/dynasty-wr.php,dynasty-wr,dp,Malachi Fields,27994,WR,NYG,78.71,14.18,45,113,,malachi-fields.php,,,18.3,,,,,,8.0,Malachi Fields,2026-05-29,NYG
/nfl/rankings/dynasty-wr.php,dynasty-wr,dp,Zachariah Branch,25419,WR,ATL,80.25,14.69,49,118,,zachariah-branch.php,,,23.1,,,,,,11.0,Zachariah Branch,2026-05-29,ATL
/nfl/rankings/dynasty-wr.php,dynasty-wr,dp,Skyler Bell,28126,WR,BUF,80.45,9.86,60,101,,skyler-bell.php,,,15.8,,,,,,7.0,Skyler Bell,2026-05-29,BUF
/nfl/rankings/dynasty-wr.php,dynasty-wr,dp,Adonai Mitchell,24357,WR,NYJ,81.33,11.55,70,128,,adonai-mitchell.php,,,23.1,,,,,,13.0,Adonai Mitchell,2026-05-29,NYJ
/nfl/rankings/dynasty-wr.php,dynasty-wr,dp,Isaac TeSlaa,27446,WR,DET,82.04,9.46,71,106,,isaac-teslaa.php,,,26.5,,,,,,6.0,Isaac TeSlaa,2026-05-29,DET
/nfl/rankings/dynasty-wr.php,dynasty-wr,dp,Ja'Kobi Lane,27337,WR,BAL,84.45,13.19,64,118,,jakobi-lane.php,,,20.2,,,,,,13.0,JaKobi Lane,2026-05-29,BAL
/nfl/rankings/dynasty-wr.php,dynasty-wr,dp,Tank Dell,25361,WR,HOU,84.54,11.43,69,122,,nathaniel-dell.php,,,30.0,,,,,,8.0,Tank Dell,2026-05-29,HOU
/nfl/rankings/dynasty-wr.php,dynasty-wr,dp,Elic Ayomanor,27059,WR,TEN,84.58,11.54,67,111,,elic-ayomanor.php,,,18.4,,,,,,9.0,Elic Ayomanor,2026-05-29,TEN
/nfl/rankings/dynasty-wr.php,dynasty-wr,dp,Deebo Samuel Sr.,18244,WR,FA,78.48,9.68,63,106,,deebo-samuel.php,,,42.1,,,,,,,Deebo Samuel,2026-05-29,FA
/nfl/rankings/dynasty-wr.php,dynasty-wr,dp,Kayshon Boutte,22989,WR,NE,80.48,8.86,67,102,,kayshon-boutte.php,,,30.8,,,,,,11.0,Kayshon Boutte,2026-05-29,NEP
/nfl/rankings/dynasty-wr.php,dynasty-wr,dp,Chimere Dike,27315,WR,TEN,87.29,9.51,68,113,,chimere-dike.php,,,22.0,,,,,,9.0,Chimere Dike,2026-05-29,TEN
/nfl/rankings/dynasty-wr.php,dynasty-wr,dp,Stefon Diggs,13981,WR,FA,75.41,11.35,59,94,,stefon-diggs.php,,,56.1,,,,,,,Stefon Diggs,2026-05-29,FA
/nfl/rankings/dynasty-wr.php,dynasty-wr,dp,Kyle Williams,27487,WR,NE,88.92,10.73,75,115,,kyle-williams-wr-2025.php,,,14.6,,,,,,11.0,Kyle Williams,2026-05-29,NEP
/nfl/rankings/dynasty-wr.php,dynasty-wr,dp,Tory Horton,26022,WR,SEA,91.79,14.5,75,141,,tory-horton.php,,,20.3,,,,,,11.0,Tory Horton,2026-05-29,SEA
/nfl/rankings/dynasty-wr.php,dynasty-wr,dp,Keon Coleman,26019,WR,BUF,91.83,9.74,74,110,,keon-coleman.php,,,16.3,,,,,,7.0,Keon Coleman,2026-05-29,BUF
/nfl/rankings/dynasty-wr.php,dynasty-wr,dp,Calvin Ridley,17258,WR,TEN,90.3,11.53,60,115,,calvin-ridley.php,,,37.7,,,,,,9.0,Calvin Ridley,2026-05-29,TEN
/nfl/rankings/dynasty-wr.php,dynasty-wr,dp,Darnell Mooney,19810,WR,NYG,90.61,6.42,81,101,,darnell-mooney.php,,,21.7,,,,,,8.0,Darnell Mooney,2026-05-29,NYG
/nfl/rankings/dynasty-wr.php,dynasty-wr,dp,Jack Bech,27224,WR,LV,90.74,11.28,69,114,,jack-bech.php,,,16.6,,,,,,13.0,Jack Bech,2026-05-29,LVR
/nfl/rankings/dynasty-wr.php,dynasty-wr,dp,Dontayvion Wicks,24354,WR,PHI,92.65,8.25,80,117,,dontayvion-wicks.php,,,15.0,,,,,,10.0,Dontayvion Wicks,2026-05-29,PHI
/nfl/rankings/dynasty-wr.php,dynasty-wr,dp,Rashod Bateman,19794,WR,BAL,95.74,7.27,81,113,,rashod-bateman.php,,,13.0,,,,,,13.0,Rashod Bateman,2026-05-29,BAL
/nfl/rankings/dynasty-wr.php,dynasty-wr,dp,Malik Washington,26314,WR,MIA,96.65,10.33,76,113,,malik-washington.php,,,20.5,,,,,,6.0,Malik Washington,2026-05-29,MIA
/nfl/rankings/dynasty-wr.php,dynasty-wr,dp,Tyreek Hill,15802,WR,FA,86.1,11.57,66,110,,tyreek-hill.php,,,49.0,,,,,,,Tyreek Hill,2026-05-29,FA
/nfl/rankings/dynasty-wr.php,dynasty-wr,dp,Marvin Mims Jr.,23080,WR,DEN,99.04,13.0,82,141,,marvin-mims.php,,,14.8,,,,,,10.0,Marvin Mims,2026-05-29,DEN
/nfl/rankings/dynasty-wr.php,dynasty-wr,dp,Cooper Kupp,16433,WR,SEA,106.0,9.88,94,130,,cooper-kupp.php,,,20.7,,,,,,11.0,Cooper Kupp,2026-05-29,SEA
/nfl/rankings/dynasty-wr.php,dynasty-wr,dp,Tre Tucker,25337,WR,LV,95.38,11.92,66,121,,tre-tucker.php,,,28.8,,,,,,13.0,Tre Tucker,2026-05-29,LVR
/nfl/rankings/dynasty-wr.php,dynasty-wr,dp,Christian Kirk,17268,WR,SF,101.86,10.55,83,120,,christian-kirk.php,,,18.5,,,,,,8.0,Christian Kirk,2026-05-29,SFO
/nfl/rankings/dynasty-wr.php,dynasty-wr,dp,Cedric Tillman,25287,WR,CLE,107.55,11.73,86,128,,cedric-tillman.php,,,3.4,,,,,,11.0,Cedric Tillman,2026-05-29,CLE
/nfl/rankings/dynasty-wr.php,dynasty-wr,dp,Xavier Legette,26136,WR,CAR,104.1,12.43,88,150,,xavier-legette.php,,,6.6,,,,,,5.0,Xavier Legette,2026-05-29,CAR
/nfl/rankings/dynasty-wr.php,dynasty-wr,dp,Ryan Flournoy,26398,WR,DAL,104.43,11.77,84,123,,ryan-flournoy.php,,,20.4,,,,,,14.0,Ryan Flournoy,2026-05-29,DAL
/nfl/rankings/dynasty-wr.php,dynasty-wr,dp,Hollywood Brown,18226,WR,PHI,105.48,13.25,81,139,,marquise-brown.php,,,10.2,,,,,,10.0,Marquise Brown,2026-05-29,PHI
/nfl/rankings/dynasty-wr.php,dynasty-wr,dp,Tez Johnson,27147,WR,TB,105.48,8.86,93,127,,tez-johnson.php,,,6.8,,,,,,10.0,Tez Johnson,2026-05-29,TBB
/nfl/rankings/dynasty-wr.php,dynasty-wr,dp,Devaughn Vele,26409,WR,NO,113.0,11.22,103,141,,devaughn-vele.php,,,15.1,,,,,,8.0,Devaughn Vele,2026-05-29,NOS
/nfl/rankings/dynasty-wr.php,dynasty-wr,dp,DeMario Douglas,25304,WR,NE,108.38,10.75,92,141,,demario-douglas.php,,,10.0,,,,,,11.0,Demario Douglas,2026-05-29,NEP
/nfl/rankings/dynasty-wr.php,dynasty-wr,dp,Keenan Allen,11616,WR,LAC,109.57,14.82,91,156,,keenan-allen.php,,,14.0,,,,,,7.0,Keenan Allen,2026-05-29,LAC
/nfl/rankings/dynasty-wr.php,dynasty-wr,dp,Bryce Lance,28129,WR,NO,89.71,12.82,62,107,,bryce-lance.php,,,4.3,,,,,,8.0,Bryce Lance,2026-05-29,NOS
/nfl/rankings/dynasty-wr.php,dynasty-wr,dp,Isaiah Bond,24371,WR,CLE,115.9,11.04,101,141,,isaiah-bond.php,,,6.0,,,,,,11.0,Isaiah Bond,2026-05-29,CLE
/nfl/rankings/dynasty-wr.php,dynasty-wr,dp,Jalen Nailor,24177,WR,LV,98.44,17.1,73,135,,jalen-nailor.php,,,32.0,,,,,,13.0,Jalen Nailor,2026-05-29,LVR
/nfl/rankings/dynasty-wr.php,dynasty-wr,dp,Jalen Royals,27076,WR,KC,113.74,8.5,103,133,,jalen-royals.php,,,3.0,,,,,,5.0,Jalen Royals,2026-05-29,KCC
/nfl/rankings/dynasty-wr.php,dynasty-wr,dp,Brenen Thompson,28133,WR,LAC,98.79,15.53,79,139,,brenen-thompson.php,,,6.5,,,,,,7.0,Brenen Thompson,2026-05-29,LAC
/nfl/rankings/dynasty-wr.php,dynasty-wr,dp,Darius Slayton,18706,WR,NYG,114.75,10.62,98,132,,darius-slayton.php,,,9.3,,,,,,8.0,Darius Slayton,2026-05-29,NYG
/nfl/rankings/dynasty-wr.php,dynasty-wr,dp,Andrei Iosivas,25335,WR,CIN,120.88,14.98,105,170,,andrei-iosivas.php,,,8.2,,,,,,6.0,Andrei Iosivas,2026-05-29,CIN
/nfl/rankings/dynasty-wr.php,dynasty-wr,dp,Caleb Douglas,28135,WR,MIA,106.71,13.17,76,124,,caleb-douglas.php,,,5.2,,,,,,6.0,Caleb Douglas,2026-05-29,MIA
/nfl/rankings/dynasty-wr.php,dynasty-wr,dp,Kevin Coleman Jr.,28067,WR,MIA,103.0,13.32,89,133,,kevin-coleman-jr.php,,,2.5,,,,,,6.0,Kevin Coleman,2026-05-29,MIA
/nfl/rankings/dynasty-wr.php,dynasty-wr,dp,Luke McCaffrey,26328,WR,WAS,122.07,12.51,104,146,,luke-mccaffrey.php,,,3.1,,,,,,7.0,Luke McCaffrey,2026-05-29,WAS
/nfl/rankings/dynasty-wr.php,dynasty-wr,dp,Joshua Palmer,22845,WR,BUF,122.43,12.22,102,146,,josh-palmer.php,,,1.9,,,,,,7.0,Josh Palmer,2026-05-29,BUF
/nfl/rankings/dynasty-wr.php,dynasty-wr,dp,Dont'e Thornton Jr.,27288,WR,LV,123.36,11.3,111,143,,donte-thornton-jr.php,,,4.3,,,,,,13.0,Donte Thornton,2026-05-29,LVR
/nfl/rankings/dynasty-wr.php,dynasty-wr,dp,Savion Williams,27144,WR,GB,128.0,13.97,107,150,,savion-williams.php,,,2.0,,,,,,11.0,Savion Williams,2026-05-29,GBP
/nfl/rankings/dynasty-wr.php,dynasty-wr,dp,Jalen Tolbert,23770,WR,MIA,128.07,15.58,107,156,,jalen-tolbert.php,,,8.0,,,,,,6.0,Jalen Tolbert,2026-05-29,MIA
/nfl/rankings/dynasty-wr.php,dynasty-wr,dp,Calvin Austin III,23739,WR,NYG,123.69,13.72,105,145,,calvin-austin.php,,,5.0,,,,,,8.0,Calvin Austin,2026-05-29,NYG
/nfl/rankings/dynasty-wr.php,dynasty-wr,dp,Jordan Whittington,23135,WR,LAR,132.14,10.46,114,152,,jordan-whittington.php,,,1.1,,,,,,11.0,Jordan Whittington,2026-05-29,LAR
/nfl/rankings/dynasty-wr.php,dynasty-wr,dp,Jaylin Lane,27454,WR,WAS,125.85,11.38,109,147,,jaylin-lane.php,,,3.7,,,,,,7.0,Jaylin Lane,2026-05-29,WAS
/nfl/rankings/dynasty-wr.php,dynasty-wr,dp,Tyquan Thornton,22913,WR,KC,118.33,14.58,99,154,,tyquan-thornton.php,,,6.8,,,,,,5.0,Tyquan Thornton,2026-05-29,KCC
/nfl/rankings/dynasty-wr.php,dynasty-wr,dp,Deion Burks,27093,WR,IND,117.82,14.41,93,152,,deion-burks.php,,,0.7,,,,,,13.0,Deion Burks,2026-05-29,IND
/nfl/rankings/dynasty-wr.php,dynasty-wr,dp,John Metchie III,22895,WR,CAR,132.58,16.11,111,165,,john-metchie.php,,,2.5,,,,,,5.0,John Metchie,2026-05-29,CAR
/nfl/rankings/dynasty-wr.php,dynasty-wr,dp,Konata Mumpfield,27449,WR,LAR,130.27,23.89,98,173,,konata-mumpfield.php,,,2.4,,,,,,11.0,Konata Mumpfield,2026-05-29,LAR
/nfl/rankings/dynasty-wr.php,dynasty-wr,dp,Mack Hollins,16489,WR,NE,131.27,15.02,109,151,,mack-hollins.php,,,7.2,,,,,,11.0,Mack Hollins,2026-05-29,NEP
/nfl/rankings/dynasty-wr.php,dynasty-wr,dp,Treylon Burks,22905,WR,WAS,133.82,22.2,101,179,,treylon-burks.php,,,2.9,,,,,,7.0,Treylon Burks,2026-05-29,WAS
/nfl/rankings/dynasty-wr.php,dynasty-wr,dp,Jahan Dotson,23101,WR,ATL,133.82,24.73,109,183,,jahan-dotson.php,,,5.8,,,,,,11.0,Jahan Dotson,2026-05-29,ATL
/nfl/rankings/dynasty-wr.php,dynasty-wr,dp,KeAndre Lambert-Smith,24372,WR,LAC,136.64,15.35,115,168,,keandre-lambert-smith.php,,,1.9,,,,,,7.0,KeAndre Lambert-Smith,2026-05-29,LAC
/nfl/rankings/dynasty-wr.php,dynasty-wr,dp,Zavion Thomas,28132,WR,CHI,117.88,13.23,97,136,,zavion-thomas.php,,,3.3,,,,,,10.0,Zavion Thomas,2026-05-29,CHI
/nfl/rankings/dynasty-wr.php,dynasty-wr,dp,Tutu Atwell,20126,WR,MIA,140.3,14.69,108,161,,tutu-atwell.php,,,2.5,,,,,,6.0,Tutu Atwell,2026-05-29,MIA
/nfl/rankings/dynasty-wr.php,dynasty-wr,dp,CJ Daniels,28125,WR,LAR,124.13,9.39,106,134,,cj-daniels.php,,,2.7,,,,,,11.0,CJ Daniels,2026-05-29,LAR
/nfl/rankings/dynasty-wr.php,dynasty-wr,dp,Kendrick Bourne,17066,WR,ARI,139.56,15.91,113,160,,kendrick-bourne.php,,,3.7,,,,,,14.0,Kendrick Bourne,2026-05-29,ARI
/nfl/rankings/dynasty-wr.php,dynasty-wr,dp,Tai Felton,27182,WR,MIN,143.0,12.21,119,164,,tai-felton.php,,,2.0,,,,,,6.0,Tai Felton,2026-05-29,MIN
/nfl/rankings/dynasty-wr.php,dynasty-wr,dp,Dyami Brown,20113,WR,WAS,143.22,13.14,125,167,,dyami-brown.php,,,1.2,,,,,,7.0,Dyami Brown,2026-05-29,WAS
/nfl/rankings/dynasty-wr.php,dynasty-wr,dp,Olamide Zaccheaus,18864,WR,ATL,147.67,10.99,133,172,,olamide-zaccheaus.php,,,5.3,,,,,,11.0,Olamide Zaccheaus,2026-05-29,ATL
/nfl/rankings/dynasty-wr.php,dynasty-wr,dp,Cyrus Allen,28424,WR,KC,126.57,17.0,104,158,,cyrus-allen.php,,,1.9,,,,,,5.0,Cyrus Allen,2026-05-29,KCC
/nfl/rankings/dynasty-wr.php,dynasty-wr,dp,Xavier Hutchinson,25332,WR,HOU,145.75,14.24,128,175,,xavier-hutchinson.php,,,2.3,,,,,,8.0,Xavier Hutchinson,2026-05-29,HOU
/nfl/rankings/dynasty-wr.php,dynasty-wr,dp,DeAndre Hopkins,11606,WR,BAL,146.75,18.1,129,183,,deandre-hopkins.php,,,0.7,,,,,,13.0,DeAndre Hopkins,2026-05-29,BAL
/nfl/rankings/dynasty-wr.php,dynasty-wr,dp,Josh Cameron,28137,WR,JAC,138.29,19.29,118,174,,josh-cameron.php,,,1.4,,,,,,7.0,Josh Cameron,2026-05-29,JAC
/nfl/rankings/dynasty-wr.php,dynasty-wr,dp,Barion Brown,25416,WR,NO,141.0,18.33,119,176,,barion-brown.php,,,1.1,,,,,,8.0,Barion Brown,2026-05-29,NOS
/nfl/rankings/dynasty-wr.php,dynasty-wr,dp,KaVontae Turpin,18520,WR,DAL,152.63,7.55,140,166,,kavontae-turpin.php,,,7.5,,,,,,14.0,KaVontae Turpin,2026-05-29,DAL
/nfl/rankings/dynasty-wr.php,dynasty-wr,dp,Ja'Lynn Polk,26205,WR,NO,145.0,21.19,106,172,,jalynn-polk.php,,,1.4,,,,,,8.0,JaLynn Polk,2026-05-29,NOS
/nfl/rankings/dynasty-wr.php,dynasty-wr,dp,Malik Benson,26012,WR,LV,145.29,20.1,114,182,,malik-benson.php,,,0.9,,,,,,13.0,Malik Benson,2026-05-29,LVR
/nfl/rankings/dynasty-wr.php,dynasty-wr,dp,Reggie Virgil,28141,WR,ARI,147.57,13.28,124,161,,reggie-virgil.php,,,0.7,,,,,,14.0,Reggie Virgil,2026-05-29,ARI
/nfl/rankings/dynasty-wr.php,dynasty-wr,dp,Greg Dortch,18585,WR,DET,157.63,13.87,141,183,,greg-dortch.php,,,1.5,,,,,,6.0,Greg Dortch,2026-05-29,DET
/nfl/rankings/dynasty-wr.php,dynasty-wr,dp,Jimmy Horn Jr.,27294,WR,CAR,150.57,9.32,134,161,,jimmy-horn-jr.php,,,1.5,,,,,,5.0,Jimmy Horn,2026-05-29,CAR
/nfl/rankings/dynasty-wr.php,dynasty-wr,dp,Eric McAlister,28134,WR,FA,141.17,19.85,117,165,,eric-mcalister.php,,,4.9,,,,,,,Eric McAlister,2026-05-29,FA
/nfl/rankings/dynasty-wr.php,dynasty-wr,dp,Devontez Walker,26011,WR,BAL,154.14,7.99,146,170,,devontez-walker.php,,,1.4,,,,,,13.0,Devontez Walker,2026-05-29,BAL
/nfl/rankings/dynasty-wr.php,dynasty-wr,dp,Elijah Moore,20114,WR,PHI,142.5,14.47,122,161,,elijah-moore.php,,,0.6,,,,,,10.0,Elijah Moore,2026-05-29,PHI
/nfl/rankings/dynasty-wr.php,dynasty-wr,dp,Demarcus Robinson,15665,WR,SF,157.57,10.5,143,171,,demarcus-robinson.php,,,1.2,,,,,,8.0,Demarcus Robinson,2026-05-29,SFO
/nfl/rankings/dynasty-wr.php,dynasty-wr,dp,Nick Westbrook-Ikhine,19747,WR,IND,147.83,8.47,139,163,,nick-westbrook.php,,,1.5,,,,,,13.0,Nick Westbrook-Ikhine,2026-05-29,IND
/nfl/rankings/dynasty-wr.php,dynasty-wr,dp,Eric Rivers Jr.,28128,WR,TB,132.6,14.49,115,156,,eric-rivers.php,,,0.0,,,,,,10.0,Eric Rivers,2026-05-29,TBB
/nfl/rankings/dynasty-wr.php,dynasty-wr,dp,Jeff Caldwell,28425,WR,KC,135.2,7.83,123,147,,jeff-caldwell.php,,,2.8,,,,,,5.0,Jeff Caldwell,2026-05-29,KCC
/nfl/rankings/dynasty-wr.php,dynasty-wr,dp,Tyren Montgomery,28423,WR,TEN,137.2,7.52,126,149,,tyren-montgomery.php,,,0.0,,,,,,9.0,Tyren Montgomery,2026-05-29,TEN
/nfl/rankings/dynasty-wr.php,dynasty-wr,dp,Aaron Anderson,27500,WR,CLE,152.83,20.14,124,184,,aaron-anderson.php,,,1.2,,,,,,11.0,Aaron Anderson,2026-05-29,CLE
/nfl/rankings/dynasty-wr.php,dynasty-wr,dp,Efton Chism III,27445,WR,NE,154.5,13.39,134,174,,efton-chismi.php,,,1.5,,,,,,11.0,Efton Chism,2026-05-29,NEP
/nfl/rankings/dynasty-wr.php,dynasty-wr,dp,Jake Bobo,25339,WR,SEA,152.4,15.63,132,180,,jake-bobo.php,,,0.6,,,,,,11.0,Jake Bobo,2026-05-29,SEA
/nfl/rankings/dynasty-wr.php,dynasty-wr,dp,Kaden Wetjen,28435,WR,PIT,153.6,18.47,128,176,,kaden-wetjen.php,,,0.8,,,,,,9.0,Kaden Wetjen,2026-05-29,PIT
/nfl/rankings/dynasty-wr.php,dynasty-wr,dp,Jalin Hyatt,25251,WR,NYG,153.8,17.19,126,176,,jalin-hyatt.php,,,3.3,,,,,,8.0,Jalin Hyatt,2026-05-29,NYG
/nfl/rankings/dynasty-wr.php,dynasty-wr,dp,Tyler Lockett,13971,WR,LV,154.4,22.17,122,188,,tyler-lockett.php,,,0.7,,,,,,13.0,Tyler Lockett,2026-05-29,LVR
/nfl/rankings/dynasty-wr.php,dynasty-wr,dp,Jahdae Walker,27810,WR,CHI,137.75,17.67,116,165,,jahdae-walker.php,,,1.7,,,,,,10.0,Jahdae Walker,2026-05-29,CHI
/nfl/rankings/dynasty-wr.php,dynasty-wr,dp,Kendrick Law,26044,WR,DET,155.4,12.44,138,173,,kendrick-law.php,,,0.8,,,,,,6.0,Kendrick Law,2026-05-29,DET
/nfl/rankings/dynasty-wr.php,dynasty-wr,dp,Xavier Restrepo,27066,WR,TEN,159.0,7.38,145,165,,xavier-restrepo.php,,,0.9,,,,,,9.0,Xavier Restrepo,2026-05-29,TEN
/nfl/rankings/dynasty-wr.php,dynasty-wr,dp,Kalif Raymond,16081,WR,CHI,162.0,17.01,145,186,,kalif-raymond.php,,,1.1,,,,,,10.0,Kalif Raymond,2026-05-29,CHI
/nfl/rankings/dynasty-wr.php,dynasty-wr,dp,Van Jefferson,19483,WR,WAS,172.83,10.51,155,188,,van-jefferson.php,,,1.2,,,,,,7.0,Van Jefferson,2026-05-29,WAS
/nfl/rankings/dynasty-wr.php,dynasty-wr,dp,Jordan Watkins,27486,WR,SF,164.0,14.45,139,179,,jordan-watkins.php,,,0.6,,,,,,8.0,Jordan Watkins,2026-05-29,SFO
/nfl/rankings/dynasty-wr.php,dynasty-wr,dp,Arian Smith,22965,WR,NYJ,167.8,18.21,146,201,,arian-smith.php,,,0.7,,,,,,13.0,Arian Smith,2026-05-29,NYJ
/nfl/rankings/dynasty-wr.php,dynasty-wr,dp,Gabe Davis,19398,WR,FA,154.0,29.9,130,204,,gabriel-davis.php,,,0.6,,,,,,,Gabriel Davis,2026-05-29,FA
/nfl/rankings/dynasty-wr.php,dynasty-wr,dp,Jacob Cowing,25289,WR,SF,169.2,15.71,140,185,,jacob-cowing.php,,,0.6,,,,,,8.0,Jacob Cowing,2026-05-29,SFO
/nfl/rankings/dynasty-wr.php,dynasty-wr,dp,JuJu Smith-Schuster,16427,WR,FA,169.8,11.87,157,190,,juju-smith-schuster.php,,,0.8,,,,,,,JuJu Smith-Schuster,2026-05-29,FA
/nfl/rankings/dynasty-wr.php,dynasty-wr,dp,Malachi Corley,26023,WR,CLE,170.6,9.75,158,182,,malachi-corley.php,,,0.6,,,,,,11.0,Malachi Corley,2026-05-29,CLE
/nfl/rankings/dynasty-wr.php,dynasty-wr,dp,Brandin Cooks,12122,WR,FA,158.25,11.5,139,168,,brandin-cooks.php,,,0.7,,,,,,,Brandin Cooks,2026-05-29,FA
/nfl/rankings/dynasty-wr.php,dynasty-wr,dp,Jonathan Mingo,23030,WR,DAL,181.0,13.86,164,206,,jonathan-mingo.php,,,0.6,,,,,,14.0,Jonathan Mingo,2026-05-29,DAL
/nfl/rankings/dynasty-wr.php,dynasty-wr,dp,Bo Melton,24049,WR,GB,173.2,17.57,142,195,,bo-melton.php,,,0.6,,,,,,11.0,Bo Melton,2026-05-29,GBP
/nfl/rankings/dynasty-wr.php,dynasty-wr,dp,Isaiah Hodgins,19375,WR,NYG,173.8,16.24,151,201,,isaiah-hodgins.php,,,0.1,,,,,,8.0,Isaiah Hodgins,2026-05-29,NYG
/nfl/rankings/dynasty-wr.php,dynasty-wr,dp,Chase Roberts,28131,WR,LV,140.33,16.36,125,163,,chase-roberts.php,,,0.0,,,,,,13.0,Chase Roberts,2026-05-29,LVR
/nfl/rankings/dynasty-wr.php,dynasty-wr,dp,Theo Wease Jr.,27222,WR,MIA,162.5,22.83,139,193,,theo-wease-jr.php,,,3.2,,,,,,6.0,Theo Wease,2026-05-29,MIA
/nfl/rankings/dynasty-wr.php,dynasty-wr,dp,Ashton Dulin,18656,WR,IND,163.5,22.07,135,186,,ashton-dulin.php,,,0.1,,,,,,13.0,Ashton Dulin,2026-05-29,IND
/nfl/rankings/dynasty-wr.php,dynasty-wr,dp,Colbie Young,26037,WR,CIN,145.67,22.88,123,177,,colbie-young.php,,,0.6,,,,,,6.0,Colbie Young,2026-05-29,CIN
/nfl/rankings/dynasty-wr.php,dynasty-wr,dp,Curtis Samuel,16434,WR,FA,165.75,36.64,111,206,,curtis-samuel.php,,,1.0,,,,,,,Curtis Samuel,2026-05-29,FA
/nfl/rankings/dynasty-wr.php,dynasty-wr,dp,Mitch Tinsley,24370,WR,CIN,168.25,26.55,131,203,,mitchell-tinsley.php,,,0.6,,,,,,6.0,Mitch Tinsley,2026-05-29,CIN
/nfl/rankings/dynasty-wr.php,dynasty-wr,dp,Trey Palmer,25331,WR,NO,152.33,28.55,112,174,,trey-palmer.php,,,2.0,,,,,,8.0,Trey Palmer,2026-05-29,NOS
/nfl/rankings/dynasty-wr.php,dynasty-wr,dp,Noah Brown,16443,WR,FA,173.0,10.7,161,188,,noah-brown.php,,,0.7,,,,,,,Noah Brown,2026-05-29,FA
/nfl/rankings/dynasty-wr.php,dynasty-wr,dp,Skyy Moore,23905,WR,GB,187.0,24.07,157,230,,skyy-moore.php,,,0.8,,,,,,11.0,Skyy Moore,2026-05-29,GBP
/nfl/rankings/dynasty-wr.php,dynasty-wr,dp,Tyrell Shavers,25813,WR,BUF,161.67,21.48,145,192,,tyrell-shavers.php,,,0.8,,,,,,7.0,Tyrell Shavers,2026-05-29,BUF
/nfl/rankings/dynasty-wr.php,dynasty-wr,dp,Nick Nash,27263,WR,WAS,179.5,18.85,164,211,,nick-nash.php,,,1.0,,,,,,7.0,Nick Nash,2026-05-29,WAS
/nfl/rankings/dynasty-wr.php,dynasty-wr,dp,Lil'Jordan Humphrey,18590,WR,DEN,168.33,22.37,144,198,,liljordan-humphrey.php,,,1.1,,,,,,10.0,LilJordan Humphrey,2026-05-29,DEN
/nfl/rankings/dynasty-wr.php,dynasty-wr,dp,Marquez Valdes-Scantling,17528,WR,DAL,182.75,10.35,173,200,,marquez-valdesscantling.php,,,0.6,,,,,,14.0,Marquez Valdes-Scantling,2026-05-29,DAL
/nfl/rankings/dynasty-wr.php,dynasty-wr,dp,Tylan Wallace,19801,WR,CLE,187.0,33.53,147,240,,tylan-wallace.php,,,0.6,,,,,,11.0,Tylan Wallace,2026-05-29,CLE
/nfl/rankings/dynasty-wr.php,dynasty-wr,dp,Sterling Shepard,15569,WR,FA,173.67,12.5,162,191,,sterling-shepard.php,,,1.0,,,,,,,Sterling Shepard,2026-05-29,FA
/nfl/rankings/dynasty-wr.php,dynasty-wr,dp,Jamari Thrash,26162,WR,CLE,188.0,14.68,163,199,,jamari-thrash.php,,,0.6,,,,,,11.0,Jamari Thrash,2026-05-29,CLE
/nfl/rankings/dynasty-wr.php,dynasty-wr,dp,Roman Wilson,28896,WR,PIT,150.5,5.5,145,156,,roman-wilson-wr.php,,,2.7,,,,,,9.0,Roman Wilson,2026-05-29,PIT
/nfl/rankings/dynasty-wr.php,dynasty-wr,dp,Dane Key,26015,WR,DEN,177.33,27.54,154,216,,dane-key.php,,,1.0,,,,,,10.0,Dane Key,2026-05-29,DEN
/nfl/rankings/dynasty-wr.php,dynasty-wr,dp,Isaiah Williams,26379,WR,NYJ,179.33,39.23,136,231,,isaiah-williams-wr.php,,,1.4,,,,,,13.0,Isaiah Williams,2026-05-29,NYJ
/nfl/rankings/dynasty-wr.php,dynasty-wr,dp,Zay Jones,16431,WR,FA,190.75,19.97,164,215,,zay-jones.php,,,1.0,,,,,,,Zay Jones,2026-05-29,FA
/nfl/rankings/dynasty-wr.php,dynasty-wr,dp,Charlie Jones,25336,WR,CIN,192.75,28.31,155,234,,charlie-jones.php,,,0.6,,,,,,6.0,Charlie Jones,2026-05-29,CIN
/nfl/rankings/dynasty-wr.php,dynasty-wr,dp,Tim Patrick,16556,WR,NYJ,191.25,15.45,168,208,,tim-patrick.php,,,1.0,,,,,,13.0,Tim Patrick,2026-05-29,NYJ
/nfl/rankings/dynasty-wr.php,dynasty-wr,dp,Roman Wilson,26160,WR,FA,157.5,5.5,152,163,,roman-wilson.php,,,1.6,,,,,,,Roman Wilson,2026-05-29,FA
/nfl/rankings/dynasty-wr.php,dynasty-wr,dp,Xavier Smith,25627,WR,LAR,181.67,32.29,150,226,,xavier-smith.php,,,0.6,,,,,,11.0,Xavier Smith,2026-05-29,LAR
/nfl/rankings/dynasty-wr.php,dynasty-wr,dp,Ronnie Bell,23012,WR,NO,163.5,5.5,158,169,,ronnie-bell.php,,,0.0,,,,,,8.0,Ronnie Bell,2026-05-29,NOS
/nfl/rankings/dynasty-wr.php,dynasty-wr,dp,Ricky White III,27186,WR,SEA,184.33,24.85,162,219,,ricky-white-iii.php,,,1.0,,,,,,11.0,Ricky White,2026-05-29,SEA
/nfl/rankings/dynasty-wr.php,dynasty-wr,dp,Lewis Bond,28144,WR,HOU,166.0,15.0,151,181,,lewis-bond.php,,,1.1,,,,,,8.0,Lewis Bond,2026-05-29,HOU
/nfl/rankings/dynasty-wr.php,dynasty-wr,dp,Josh Reynolds,16439,WR,FA,187.67,19.62,163,211,,josh-reynolds.php,,,1.1,,,,,,,Josh Reynolds,2026-05-29,FA
/nfl/rankings/dynasty-wr.php,dynasty-wr,dp,Darius Cooper,27866,WR,PHI,169.0,36.0,133,205,,darius-cooper.php,,,1.0,,,,,,10.0,Darius Cooper,2026-05-29,PHI
/nfl/rankings/dynasty-wr.php,dynasty-wr,dp,Bub Means,26354,WR,NO,199.75,24.45,175,235,,bub-means.php,,,0.6,,,,,,8.0,Bub Means,2026-05-29,NOS
/nfl/rankings/dynasty-wr.php,dynasty-wr,dp,Allen Lazard,17301,WR,FA,197.75,16.68,173,214,,allen-lazard.php,,,0.7,,,,,,,Allen Lazard,2026-05-29,FA
/nfl/rankings/dynasty-wr.php,dynasty-wr,dp,Javon Baker,22885,WR,FA,188.67,15.54,169,207,,javon-baker.php,,,1.0,,,,,,,Javon Baker,2026-05-29,FA
/nfl/rankings/dynasty-wr.php,dynasty-wr,dp,Jermaine Burton,22956,WR,FA,190.0,17.38,167,209,,jermaine-burton.php,,,0.6,,,,,,,Jermaine Burton,2026-05-29,FA
/nfl/rankings/dynasty-wr.php,dynasty-wr,dp,Tahj Washington,26397,WR,MIA,203.0,27.66,164,242,,tahj-washington.php,,,0.6,,,,,,6.0,Tahj Washington,2026-05-29,MIA
/nfl/rankings/dynasty-wr.php,dynasty-wr,dp,A.T. Perry,24353,WR,PIT,196.33,34.92,159,243,,at-perry.php,,,0.9,,,,,,9.0,AT Perry,2026-05-29,PIT
/nfl/rankings/dynasty-wr.php,dynasty-wr,dp,Diontae Johnson,18615,WR,FA,192.0,21.74,164,217,,diontae-johnson.php,,,0.6,,,,,,,Diontae Johnson,2026-05-29,FA
/nfl/rankings/dynasty-wr.php,dynasty-wr,dp,Terrace Marshall Jr.,23242,WR,MIA,204.0,42.48,153,257,,terrace-marshall.php,,,0.6,,,,,,6.0,Terrace Marshall,2026-05-29,MIA
/nfl/rankings/dynasty-wr.php,dynasty-wr,dp,Tyler Johnson,18633,WR,DAL,196.33,12.68,179,209,,tyler-johnson.php,,,1.1,,,,,,14.0,Tyler Johnson,2026-05-29,DAL
/nfl/rankings/dynasty-wr.php,dynasty-wr,dp,Vinny Anthony II,28150,WR,ATL,182.5,27.5,155,210,,vinny-anthony-ii.php,,,1.0,,,,,,11.0,Vinny Anthony,2026-05-29,ATL
/nfl/rankings/dynasty-wr.php,dynasty-wr,dp,Johnny Wilson,25295,WR,PHI,197.67,21.75,175,227,,johnny-wilson.php,,,0.6,,,,,,10.0,Johnny Wilson,2026-05-29,PHI
/nfl/rankings/dynasty-wr.php,dynasty-wr,dp,Devin Duvernay,19270,WR,ARI,207.67,35.11,165,251,,devin-duvernay.php,,,0.6,,,,,,14.0,Devin Duvernay,2026-05-29,ARI
/nfl/rankings/dynasty-wr.php,dynasty-wr,dp,Ainias Smith,23142,WR,CAR,202.67,22.6,177,232,,ainias-smith.php,,,1.0,,,,,,5.0,Ainias Smith,2026-05-29,CAR
/nfl/rankings/dynasty-wr.php,dynasty-wr,dp,Tyler Scott,25442,WR,LAR,203.0,7.79,193,212,,tyler-scott-wr.php,,,3.1,,,,,,11.0,Tyler Scott,2026-05-29,LAR
/nfl/rankings/dynasty-wr.php,dynasty-wr,dp,Justin Watson,17603,WR,HOU,205.67,20.4,184,233,,justin-watson.php,,,1.0,,,,,,8.0,Justin Watson,2026-05-29,HOU
/nfl/rankings/dynasty-wr.php,dynasty-wr,dp,K.J. Osborn,19708,WR,TEN,209.0,21.65,186,238,,kj-osborn.php,,,1.4,,,,,,9.0,KJ Osborn,2026-05-29,TEN
/nfl/rankings/dynasty-wr.php,dynasty-wr,dp,Henry Ruggs III,19207,WR,FA,196.5,32.5,164,229,,henry-ruggs.php,,,7.7,,,,,,,Henry Ruggs,2026-05-29,FA
/nfl/rankings/dynasty-wr.php,dynasty-wr,dp,Ben Skowronek,22843,WR,PIT,206.0,15.25,186,223,,ben-skowronek.php,,,0.1,,,,,,9.0,Ben Skowronek,2026-05-29,PIT
/nfl/rankings/dynasty-wr.php,dynasty-wr,dp,Ray-Ray McCloud III,17530,WR,FA,206.0,11.05,193,220,,ray-ray-mccloud.php,,,0.6,,,,,,,Ray-Ray McCloud,2026-05-29,FA
/nfl/rankings/dynasty-wr.php,dynasty-wr,dp,David Moore,16757,WR,CAR,200.0,13.0,187,213,,david-moore.php,,,0.8,,,,,,5.0,David Moore,2026-05-29,CAR
/nfl/rankings/dynasty-wr.php,dynasty-wr,dp,Dominic Lovett,26013,WR,DET,205.0,31.0,174,236,,dominic-lovett.php,,,1.0,,,,,,6.0,Dominic Lovett,2026-05-29,DET
/nfl/rankings/dynasty-wr.php,dynasty-wr,dp,Casey Washington,26413,WR,ATL,203.0,14.0,189,217,,casey-washington.php,,,0.1,,,,,,11.0,Casey Washington,2026-05-29,ATL
/nfl/rankings/dynasty-wr.php,dynasty-wr,dp,Quez Watkins,19715,WR,PHI,218.0,20.93,194,245,,quez-watkins.php,,,0.1,,,,,,10.0,Quez Watkins,2026-05-29,PHI
/nfl/rankings/dynasty-wr.php,dynasty-wr,dp,Derius Davis,25334,WR,LAC,212.5,28.5,184,241,,derius-davis.php,,,0.6,,,,,,7.0,Derius Davis,2026-05-29,LAC
/nfl/rankings/dynasty-wr.php,dynasty-wr,dp,Mecole Hardman Jr.,18587,WR,BUF,219.33,21.06,198,248,,mecole-hardman.php,,,0.6,,,,,,7.0,Mecole Hardman,2026-05-29,BUF
/nfl/rankings/dynasty-wr.php,dynasty-wr,dp,Hunter Renfrow,18345,WR,FA,216.33,16.74,196,237,,hunter-renfrow.php,,,1.5,,,,,,,Hunter Renfrow,2026-05-29,FA
/nfl/rankings/dynasty-wr.php,dynasty-wr,dp,Brenden Rice,26213,WR,GB,218.5,28.5,190,247,,brenden-rice.php,,,0.6,,,,,,11.0,Brenden Rice,2026-05-29,GBP
/nfl/rankings/dynasty-wr.php,dynasty-wr,dp,Cedrick Wilson Jr.,17262,WR,DET,208.5,6.5,202,215,,cedrick-wilson.php,,,1.1,,,,,,6.0,Cedrick Wilson,2026-05-29,DET
/nfl/rankings/dynasty-wr.php,dynasty-wr,dp,Braxton Berrios,17289,WR,FA,220.5,23.5,197,244,,braxton-berrios.php,,,1.0,,,,,,,Braxton Berrios,2026-05-29,FA
/nfl/rankings/dynasty-wr.php,dynasty-wr,dp,Velus Jones Jr.,24214,WR,SEA,224.0,25.0,199,249,,velus-jonesjr.php,,,0.9,,,,,,11.0,Velus Jones,2026-05-29,SEA
/nfl/rankings/dynasty-wr.php,dynasty-wr,dp,Xavier Gipson,25758,WR,NYG,227.5,22.5,205,250,,xavier-gipson.php,,,1.1,,,,,,8.0,Xavier Gipson,2026-05-29,NYG
/nfl/rankings/dynasty-wr.php,dynasty-wr,dp,Scotty Miller,18714,WR,CHI,216.5,5.5,211,222,,scott-miller.php,,,0.1,,,,,,10.0,Scott Miller,2026-05-29,CHI
/nfl/rankings/dynasty-wr.php,dynasty-wr,dp,Jason Brownlee,25754,WR,KC,230.5,22.5,208,253,,jason-brownlee.php,,,0.0,,,,,,5.0,Jason Brownlee,2026-05-29,KCC
/nfl/rankings/dynasty-wr.php,dynasty-wr,dp,Trenton Irwin,18726,WR,FA,234.5,21.5,213,256,,trenton-irwin.php,,,0.0,,,,,,,Trenton Irwin,2026-05-29,FA
/nfl/rankings/dynasty-wr.php,dynasty-wr,dp,Tejhaun Palmer,26411,WR,ARI,236.0,23.0,213,259,,tejhaun-palmer.php,,,0.0,,,,,,14.0,Tejhaun Palmer,2026-05-29,ARI
/nfl/rankings/dynasty-wr.php,dynasty-wr,dp,Nelson Agholor,13969,WR,FA,236.0,22.0,214,258,,nelson-agholor.php,,,1.0,,,,,,,Nelson Agholor,2026-05-29,FA
/nfl/rankings/dynasty-wr.php,dynasty-wr,dp,Danny Gray,24178,WR,PHI,237.5,23.5,214,261,,danny-gray.php,,,0.0,,,,,,10.0,Danny Gray,2026-05-29,PHI
/nfl/rankings/dynasty-wr.php,dynasty-wr,dp,Jalen Reagor,19219,WR,FA,239.0,21.0,218,260,,jalen-reagor.php,,,0.0,,,,,,,Jalen Reagor,2026-05-29,FA
/nfl/rankings/dynasty-wr.php,dynasty-wr,dp,Donovan Peoples-Jones,19298,WR,FA,240.5,21.5,219,262,,donovan-peoples-jones.php,,,0.0,,,,,,,Donovan Peoples-Jones,2026-05-29,FA
/nfl/rankings/dynasty-wr.php,dynasty-wr,dp,Kyle Philips,23896,WR,FA,241.5,21.5,220,263,,kyle-philips.php,,,0.0,,,,,,,Kyle Philips,2026-05-29,FA
/nfl/rankings/dynasty-wr.php,dynasty-wr,dp,Zach Pascal,16972,WR,FA,243.0,22.0,221,265,,zach-pascal.php,,,0.0,,,,,,,Zach Pascal,2026-05-29,FA
/nfl/rankings/dynasty-wr.php,dynasty-wr,dp,Justyn Ross,19798,WR,FA,244.0,22.0,222,266,,justyn-ross.php,,,0.0,,,,,,,Justyn Ross,2026-05-29,FA
/nfl/rankings/dynasty-wr.php,dynasty-wr,dp,Odell Beckham Jr.,12127,WR,FA,245.0,22.0,223,267,,odell-beckham.php,,,1.1,,,,,,,Odell Beckham,2026-05-29,FA
/nfl/rankings/dynasty-wr.php,dynasty-wr,dp,Michael Thomas,15528,WR,FA,246.0,22.0,224,268,,michael-thomas-wr.php,,,0.7,,,,,,,Michael Thomas,2026-05-29,FA
/nfl/rankings/dynasty-wr.php,dynasty-wr,dp,Chase Claypool,18627,WR,FA,247.0,22.0,225,269,,chase-claypool.php,,,1.1,,,,,,,Chase Claypool,2026-05-29,FA
/nfl/rankings/db-cheatsheets.php,redraft-db,rp,Kyle Hamilton,23494,DB,BAL,2.25,0.83,1,3,,kyle-hamilton.php,,,79.5,,,,,,13.0,Kyle Hamilton,2026-05-29,BAL
/nfl/rankings/db-cheatsheets.php,redraft-db,rp,Budda Baker,16733,DB,ARI,4.25,2.49,2,8,,budda-baker.php,,,64.6,,,,,,14.0,Budda Baker,2026-05-29,ARI
/nfl/rankings/db-cheatsheets.php,redraft-db,rp,Derwin James Jr.,17310,DB,LAC,5.5,2.6,4,10,,derwin-james.php,,,67.6,,,,,,7.0,Derwin James,2026-05-29,LAC
/nfl/rankings/db-cheatsheets.php,redraft-db,rp,Jessie Bates III,17544,DB,ATL,6.75,4.66,1,14,,jessie-bates-iii.php,,,40.3,,,,,,11.0,Jessie Bates,2026-05-29,ATL
/nfl/rankings/db-cheatsheets.php,redraft-db,rp,Jeremy Chinn,19429,DB,LV,9.75,3.9,3,12,,jeremy-chinn.php,,,39.3,,,,,2.0,13.0,Jeremy Chinn,2026-05-29,LVR
/nfl/rankings/db-cheatsheets.php,redraft-db,rp,Antoine Winfield Jr.,19266,DB,TB,10.5,5.55,5,17,,antoine-winfield-s.php,,,37.6,,,,,-1.0,10.0,Antoine Winfield,2026-05-29,TBB
/nfl/rankings/db-cheatsheets.php,redraft-db,rp,Nick Cross,24198,DB,WAS,11.75,4.6,5,16,,nick-cross.php,,,52.0,,,,,2.0,7.0,Nick Cross,2026-05-29,WAS
/nfl/rankings/db-cheatsheets.php,redraft-db,rp,Xavier McKinney,19216,DB,GB,13.25,4.49,6,17,,xavier-mckinney.php,,,41.5,,,,,,11.0,Xavier McKinney,2026-05-29,GBP
/nfl/rankings/db-cheatsheets.php,redraft-db,rp,Tyler Nubin,26117,DB,NYG,14.75,7.19,8,25,,tyler-nubin.php,,,22.5,,,,,-3.0,8.0,Tyler Nubin,2026-05-29,NYG
/nfl/rankings/db-cheatsheets.php,redraft-db,rp,Kevin Byard III,15635,DB,NE,16.0,1.22,15,18,,kevin-byard.php,,,31.4,,,,,,11.0,Kevin Byard,2026-05-29,NEP
/nfl/rankings/db-cheatsheets.php,redraft-db,rp,DeShon Elliott,17344,DB,PIT,16.25,6.53,11,27,,deshon-elliott.php,,,19.6,,,,,,9.0,DeShon Elliott,2026-05-29,PIT
/nfl/rankings/db-cheatsheets.php,redraft-db,rp,Tykee Smith,23751,DB,TB,20.0,11.09,7,31,,tykee-smith.php,,,55.7,,,,,10.0,10.0,Tykee Smith,2026-05-29,TBB
/nfl/rankings/db-cheatsheets.php,redraft-db,rp,Tre'von Moehrig,22699,DB,CAR,20.5,3.2,15,23,,trevon-moehrig.php,,,42.2,,,,,,5.0,Trevon Moehrig,2026-05-29,CAR
/nfl/rankings/db-cheatsheets.php,redraft-db,rp,Talanoa Hufanga,22817,DB,DEN,21.0,6.16,13,27,,talanoa-hufanga.php,,,57.5,,,,,4.0,10.0,Talanoa Hufanga,2026-05-29,DEN
/nfl/rankings/db-cheatsheets.php,redraft-db,rp,Quentin Lake,24302,DB,LAR,21.5,1.5,20,23,,quentin-lake.php,,,42.0,,,,,,11.0,Quentin Lake,2026-05-29,LAR
/nfl/rankings/db-cheatsheets.php,redraft-db,rp,Jordan Battle,23471,DB,CIN,22.0,9.38,14,38,,jordan-battle.php,,,34.2,,,,,8.0,6.0,Jordan Battle,2026-05-29,CIN
/nfl/rankings/db-cheatsheets.php,redraft-db,rp,Minkah Fitzpatrick,17278,DB,NYJ,23.0,11.49,9,41,,minkah-fitzpatrick.php,,,28.4,,,,,-5.0,13.0,Minkah Fitzpatrick,2026-05-29,NYJ
/nfl/rankings/db-cheatsheets.php,redraft-db,rp,Devon Witherspoon,25243,DB,SEA,23.5,1.5,21,25,,devon-witherspoon.php,,,43.4,,,,,5.0,11.0,Devon Witherspoon,2026-05-29,SEA
/nfl/rankings/db-cheatsheets.php,redraft-db,rp,Joshua Metellus,19580,DB,MIN,23.75,11.69,13,41,,josh-metellus.php,,,27.7,,,,,,6.0,Joshua Metellus,2026-05-29,MIN
/nfl/rankings/db-cheatsheets.php,redraft-db,rp,Jaquan Brisker,23719,DB,PIT,24.75,20.15,7,56,,jaquan-brisker.php,,,30.1,,,,,-5.0,9.0,Jaquan Brisker,2026-05-29,PIT
/nfl/rankings/db-cheatsheets.php,redraft-db,rp,Grant Delpit,19203,DB,CLE,24.75,16.21,10,49,,grant-delpit.php,,,22.6,,,,,,11.0,Grant Delpit,2026-05-29,CLE
/nfl/rankings/db-cheatsheets.php,redraft-db,rp,Kam Curl,19459,DB,LAR,25.0,19.12,3,44,,kamren-curl.php,,,55.4,,,,,6.0,11.0,Kam Curl,2026-05-29,LAR
/nfl/rankings/db-cheatsheets.php,redraft-db,rp,Brian Branch,25235,DB,DET,2.0,1.41,1,4,,brian-branch.php,,,60.7,,,,,-10.0,6.0,Brian Branch,2026-05-29,DET
/nfl/rankings/db-cheatsheets.php,redraft-db,rp,Jalen Thompson,19108,DB,DAL,27.5,2.87,25,32,,jalen-thompson.php,,,19.4,,,,,,14.0,Jalen Thompson,2026-05-29,DAL
/nfl/rankings/db-cheatsheets.php,redraft-db,rp,Jalen Pitre,23721,DB,HOU,28.5,9.84,20,44,,jalen-pitre.php,,,43.0,,,,,-4.0,8.0,Jalen Pitre,2026-05-29,HOU
/nfl/rankings/db-cheatsheets.php,redraft-db,rp,Paulson Adebo,19237,DB,NYG,28.75,4.09,22,33,,paulson-adebo.php,,,31.8,,,,,3.0,8.0,Paulson Adebo,2026-05-29,NYG
/nfl/rankings/db-cheatsheets.php,redraft-db,rp,Julian Love,18243,DB,SEA,30.25,35.1,9,91,,julian-love.php,,,45.0,,,,,-7.0,11.0,Julian Love,2026-05-29,SEA
/nfl/rankings/db-cheatsheets.php,redraft-db,rp,Reed Blankenship,22754,DB,HOU,31.25,13.97,19,53,,reed-blankenship.php,,,20.3,,,,,,8.0,Reed Blankenship,2026-05-29,HOU
/nfl/rankings/db-cheatsheets.php,redraft-db,rp,Brandon Jones,19248,DB,DEN,33.0,24.11,14,73,,brandon-jones-s.php,,,21.8,,,,,-3.0,10.0,Brandon Jones,2026-05-29,DEN
/nfl/rankings/db-cheatsheets.php,redraft-db,rp,Cam Bynum,22757,DB,IND,33.0,7.84,26,45,,camryn-bynum.php,,,23.9,,,,,,13.0,Cam Bynum,2026-05-29,IND
/nfl/rankings/db-cheatsheets.php,redraft-db,rp,Alontae Taylor,23747,DB,TEN,33.5,6.18,23,39,,alontae-taylor.php,,,23.5,,,,,,9.0,Alontae Taylor,2026-05-29,TEN
/nfl/rankings/db-cheatsheets.php,redraft-db,rp,Mike Sainristil,26126,DB,WAS,38.5,4.56,33,43,,mike-sainristil.php,,,16.1,,,,,9.0,7.0,Mike Sainristil,2026-05-29,WAS
/nfl/rankings/db-cheatsheets.php,redraft-db,rp,Justin Reid,17320,DB,NO,48.5,16.07,33,70,,justin-reid.php,,,13.6,,,,,5.0,8.0,Justin Reid,2026-05-29,NOS
/nfl/rankings/db-cheatsheets.php,redraft-db,rp,Kerby Joseph,23800,DB,DET,35.0,8.49,29,47,,kerby-joseph.php,,,22.3,,,,,,6.0,Kerby Joseph,2026-05-29,DET
/nfl/rankings/db-cheatsheets.php,redraft-db,rp,Nick Emmanwori,27053,DB,SEA,4.0,2.0,2,6,,nick-emmanwori.php,,,66.8,,,,,,11.0,Nick Emmanwori,2026-05-29,SEA
/nfl/rankings/db-cheatsheets.php,redraft-db,rp,Malaki Starks,27017,DB,BAL,53.25,13.48,40,70,,malaki-starks.php,,,43.2,,,,,15.0,13.0,Malaki Starks,2026-05-29,BAL
/nfl/rankings/db-cheatsheets.php,redraft-db,rp,Amani Hooker,18589,DB,TEN,53.5,25.35,32,94,,amani-hooker.php,,,13.9,,,,,,9.0,Amani Hooker,2026-05-29,TEN
/nfl/rankings/db-cheatsheets.php,redraft-db,rp,Jevon Holland,22690,DB,NYG,57.5,24.35,34,90,,jevon-holland.php,,,12.1,,,,,,8.0,Jevon Holland,2026-05-29,NYG
/nfl/rankings/db-cheatsheets.php,redraft-db,rp,C.J. Gardner-Johnson,18649,DB,BUF,57.5,19.45,43,91,,chauncey-gardner-johnson.php,,,13.2,,,,,20.0,7.0,CJ Gardner-Johnson,2026-05-29,BUF
/nfl/rankings/db-cheatsheets.php,redraft-db,rp,Kenny Moore II,16801,DB,FA,57.75,22.97,35,85,,kenny-moore.php,,,5.8,,,,,,,Kenny Moore,2026-05-29,FA
/nfl/rankings/db-cheatsheets.php,redraft-db,rp,Taron Johnson,17431,DB,LV,43.67,6.6,39,53,,taron-johnson.php,,,9.7,,,,,8.0,13.0,Taron Johnson,2026-05-29,LVR
/nfl/rankings/db-cheatsheets.php,redraft-db,rp,Caleb Downs,27950,DB,DAL,16.5,9.5,7,26,,caleb-downs.php,,,51.2,,,,,-8.0,14.0,Caleb Downs,2026-05-29,DAL
/nfl/rankings/db-cheatsheets.php,redraft-db,rp,Chamarri Conner,25509,DB,KC,18.5,7.5,11,26,,chamarri-conner.php,,,32.1,,,,,5.0,5.0,Chamarri Conner,2026-05-29,KCC
/nfl/rankings/db-cheatsheets.php,redraft-db,rp,Kamari Lassiter,26118,DB,HOU,20.0,1.0,19,21,,kamari-lassiter.php,,,49.0,,,,,,8.0,Kamari Lassiter,2026-05-29,HOU
/nfl/rankings/db-cheatsheets.php,redraft-db,rp,Xavier Watts,27067,DB,ATL,21.5,2.5,19,24,,xavier-watts.php,,,41.6,,,,,-5.0,11.0,Xavier Watts,2026-05-29,ATL
/nfl/rankings/db-cheatsheets.php,redraft-db,rp,Dillon Thieneman,27967,DB,CHI,22.0,14.0,8,36,,dillon-thieneman.php,,,33.7,,,,,-10.0,10.0,Dillon Thieneman,2026-05-29,CHI
/nfl/rankings/db-cheatsheets.php,redraft-db,rp,Cooper DeJean,26103,DB,PHI,24.5,2.5,22,27,,cooper-dejean.php,,,46.3,,,,,,10.0,Cooper DeJean,2026-05-29,PHI
/nfl/rankings/db-cheatsheets.php,redraft-db,rp,Harrison Smith,11260,DB,FA,28.0,0.0,28,28,,harrison-smith.php,,,3.4,,,,,-15.0,,Harrison Smith,2026-05-29,FA
/nfl/rankings/db-cheatsheets.php,redraft-db,rp,Riley Moss,25459,DB,DEN,33.0,9.0,24,42,,riley-moss.php,,,11.2,,,,,,10.0,Riley Moss,2026-05-29,DEN
/nfl/rankings/db-cheatsheets.php,redraft-db,rp,Donovan Wilson,18704,DB,FA,56.0,25.46,38,92,,donovan--wilson.php,,,2.1,,,,,,,Donovan Wilson,2026-05-29,FA
/nfl/rankings/db-cheatsheets.php,redraft-db,rp,Kyle Dugger,19337,DB,CIN,37.0,0.0,37,37,,kyle-dugger.php,,,4.0,,,,,-6.0,6.0,Kyle Dugger,2026-05-29,CIN
/nfl/rankings/db-cheatsheets.php,redraft-db,rp,Cole Bishop,26229,DB,BUF,38.5,9.5,29,48,,cole-bishop.php,,,23.4,,,,,,7.0,Cole Bishop,2026-05-29,BUF
/nfl/rankings/db-cheatsheets.php,redraft-db,rp,Jalen Ramsey,15491,DB,PIT,41.0,2.0,39,43,,jalen-ramsey.php,,,16.2,,,,,7.0,9.0,Jalen Ramsey,2026-05-29,PIT
/nfl/rankings/db-cheatsheets.php,redraft-db,rp,Taylor Rapp,18238,DB,FA,41.0,0.0,41,41,,taylor-rapp.php,,,1.3,,,,,,,Taylor Rapp,2026-05-29,FA
/nfl/rankings/db-cheatsheets.php,redraft-db,rp,Will Harris,18682,DB,WAS,42.0,0.0,42,42,,will-harris.php,,,3.5,,,,,,7.0,Will Harris,2026-05-29,WAS
/nfl/rankings/db-cheatsheets.php,redraft-db,rp,Tyson Campbell,22706,DB,CLE,42.5,6.5,36,49,,tyson-campbell.php,,,27.1,,,,,,11.0,Tyson Campbell,2026-05-29,CLE
/nfl/rankings/db-cheatsheets.php,redraft-db,rp,Evan Williams,26131,DB,GB,43.0,3.0,40,46,,evan-williams.php,,,12.1,,,,,10.0,11.0,Evan Williams,2026-05-29,GBP
/nfl/rankings/db-cheatsheets.php,redraft-db,rp,DaRon Bland,24551,DB,DAL,43.5,6.5,37,50,,daron-bland.php,,,22.1,,,,,,14.0,DaRon Bland,2026-05-29,DAL
/nfl/rankings/db-cheatsheets.php,redraft-db,rp,Kyler Gordon,23765,DB,CHI,69.0,33.94,45,117,,kyler-gordon.php,,,10.0,,,,,,10.0,Kyler Gordon,2026-05-29,CHI
/nfl/rankings/db-cheatsheets.php,redraft-db,rp,Jaden Hicks,26231,DB,KC,46.0,0.0,46,46,,jaden-hicks.php,,,8.6,,,,,,5.0,Jaden Hicks,2026-05-29,KCC
/nfl/rankings/db-cheatsheets.php,redraft-db,rp,Antonio Johnson,24719,DB,JAC,47.0,5.0,42,52,,antonio-johnson-cb.php,,,5.5,,,,,,7.0,Antonio Johnson,2026-05-29,JAC
/nfl/rankings/db-cheatsheets.php,redraft-db,rp,Xavier Woods,16637,DB,FA,47.0,0.0,47,47,,xavier-woods.php,,,1.1,,,,,,,Xavier Woods,2026-05-29,FA
/nfl/rankings/db-cheatsheets.php,redraft-db,rp,Jaylon Carlies,26465,LB,IND,50.0,0.0,50,50,,jaylon-carlies.php,,,12.4,,,,,8.0,13.0,Jaylon Carlies,2026-05-29,IND
/nfl/rankings/db-cheatsheets.php,redraft-db,rp,Mike Jackson Sr.,18637,DB,CAR,51.5,7.5,44,59,,michael-jackson-cb.php,,,17.7,,,,,,5.0,Mike Jackson,2026-05-29,CAR
/nfl/rankings/db-cheatsheets.php,redraft-db,rp,Kool-Aid McKinstry,26098,DB,NO,54.5,20.5,34,75,,kool-aid-mckinstry.php,,,14.4,,,,,-9.0,8.0,Kool-Aid McKinstry,2026-05-29,NOS
/nfl/rankings/db-cheatsheets.php,redraft-db,rp,Byron Murphy Jr.,18220,DB,MIN,56.0,1.0,55,57,,byron-murphy.php,,,9.2,,,,,12.0,6.0,Byron Murphy,2026-05-29,MIN
/nfl/rankings/db-cheatsheets.php,redraft-db,rp,Marlon Humphrey,16390,DB,BAL,56.5,19.5,37,76,,marlon-humphrey.php,,,22.4,,,,,25.0,13.0,Marlon Humphrey,2026-05-29,BAL
/nfl/rankings/db-cheatsheets.php,redraft-db,rp,Travis Hunter,26034,WR,JAC,56.5,7.5,49,64,,travis-hunter.php,,,67.6,,,,,,7.0,Travis Hunter,2026-05-29,JAC
/nfl/rankings/db-cheatsheets.php,redraft-db,rp,Alohi Gilman,19379,DB,KC,58.5,7.5,51,66,,alohi-gilman.php,,,13.5,,,,,16.0,5.0,Alohi Gilman,2026-05-29,KCC
/nfl/rankings/db-cheatsheets.php,redraft-db,rp,Kevin Winston Jr.,27035,DB,TEN,59.5,14.5,45,74,,kevin-winston-jr.php,,,13.3,,,,,20.0,9.0,Kevin Winston,2026-05-29,TEN
/nfl/rankings/db-cheatsheets.php,redraft-db,rp,D.J. Reed Jr.,17375,DB,DET,59.5,4.5,55,64,,dj-reed.php,,,9.6,,,,,,6.0,DJ Reed,2026-05-29,DET
/nfl/rankings/db-cheatsheets.php,redraft-db,rp,Marcus Jones,23890,DB,NE,60.0,13.0,47,73,,marcus-jones.php,,,41.6,,,,,,11.0,Marcus Jones,2026-05-29,NEP
/nfl/rankings/db-cheatsheets.php,redraft-db,rp,Kamren Kinchens,26109,DB,LAR,62.5,11.5,51,74,,kamren-kinchens.php,,,11.8,,,,,,11.0,Kamren Kinchens,2026-05-29,LAR
/nfl/rankings/db-cheatsheets.php,redraft-db,rp,Nate Wiggins,26100,DB,BAL,63.0,23.0,40,86,,nate-wiggins.php,,,18.5,,,,,-12.0,13.0,Nate Wiggins,2026-05-29,BAL
/nfl/rankings/db-cheatsheets.php,redraft-db,rp,Coby Bryant,23734,DB,CHI,64.0,16.0,48,80,,coby-bryant.php,,,18.5,,,,,,10.0,Coby Bryant,2026-05-29,CHI
/nfl/rankings/db-cheatsheets.php,redraft-db,rp,D'Angelo Ponds,27992,DB,NYJ,31.0,0.0,31,31,,dangelo-ponds.php,,,7.3,,,,,-24.0,13.0,DAngelo Ponds,2026-05-29,NYJ
/nfl/rankings/db-cheatsheets.php,redraft-db,rp,Dru Phillips,26164,DB,NYG,72.5,40.5,32,113,,andru-phillips.php,,,9.2,,,,,-23.0,8.0,Andru Phillips,2026-05-29,NYG
/nfl/rankings/db-cheatsheets.php,redraft-db,rp,Nahshon Wright,23243,DB,NYJ,67.0,4.0,63,71,,nahshon-wright.php,,,14.9,,,,,,13.0,Nahshon Wright,2026-05-29,NYJ
/nfl/rankings/db-cheatsheets.php,redraft-db,rp,Keisean Nixon,18495,DB,GB,67.5,9.5,58,77,,keisean-nixon.php,,,17.2,,,,,14.0,11.0,Keisean Nixon,2026-05-29,GBP
/nfl/rankings/db-cheatsheets.php,redraft-db,rp,Jamel Dean,18583,DB,PIT,68.5,18.5,50,87,,jamel-dean.php,,,4.9,,,,,,9.0,Jamel Dean,2026-05-29,PIT
/nfl/rankings/db-cheatsheets.php,redraft-db,rp,Isaiah Pola-Mao,23939,DB,LV,38.0,0.0,38,38,,isaiah-pola-mao.php,,,27.4,,,,,,13.0,Isaiah Pola-Mao,2026-05-29,LVR
/nfl/rankings/db-cheatsheets.php,redraft-db,rp,Malik Mustapha,26326,DB,SF,46.0,0.0,46,46,,malik-mustapha.php,,,15.1,,,,,,8.0,Malik Mustapha,2026-05-29,SFO
/nfl/rankings/db-cheatsheets.php,redraft-db,rp,Dadrion Taylor-Demerson,26346,DB,ARI,73.5,16.5,57,90,,dadrion-taylor-demerson.php,,,10.7,,,,,22.0,14.0,Dadrion Taylor-Demerson,2026-05-29,ARI
/nfl/rankings/db-cheatsheets.php,redraft-db,rp,Money Hunter,24147,DB,FA,49.0,0.0,49,49,,money-hunter.php,,,0.0,,,,,-14.0,,Money Hunter,2026-05-29,FA
/nfl/rankings/db-cheatsheets.php,redraft-db,rp,Chris Johnson,28065,DB,MIA,52.0,0.0,52,52,,chris-johnson-cb-2.php,,,9.5,,,,,-10.0,6.0,Chris Johnson,2026-05-29,MIA
/nfl/rankings/db-cheatsheets.php,redraft-db,rp,Christian Benford,24565,DB,BUF,54.0,0.0,54,54,,christian-benford.php,,,6.9,,,,,-10.0,7.0,Christian Benford,2026-05-29,BUF
/nfl/rankings/db-cheatsheets.php,redraft-db,rp,Ty Okada,25688,DB,SEA,54.0,0.0,54,54,,ty-okada.php,,,12.2,,,,,,11.0,Ty Okada,2026-05-29,SEA
/nfl/rankings/db-cheatsheets.php,redraft-db,rp,Nick Scott,18476,DB,CAR,79.0,4.0,75,83,,nick-scott.php,,,10.8,,,,,,5.0,Nick Scott,2026-05-29,CAR
/nfl/rankings/db-cheatsheets.php,redraft-db,rp,Ja'Quan McMillian,24819,DB,DEN,59.0,0.0,59,59,,jaquan-mcmillian.php,,,10.8,,,,,-10.0,10.0,JaQuan McMillian,2026-05-29,DEN
/nfl/rankings/db-cheatsheets.php,redraft-db,rp,Trent McDuffie,23492,DB,LAR,80.0,1.0,79,81,,trent-mcduffie.php,,,32.4,,,,,,11.0,Trent McDuffie,2026-05-29,LAR
/nfl/rankings/db-cheatsheets.php,redraft-db,rp,Lathan Ransom,24724,DB,CAR,60.0,0.0,60,60,,lathan-ransom.php,,,6.6,,,,,,5.0,Lathan Ransom,2026-05-29,CAR
/nfl/rankings/db-cheatsheets.php,redraft-db,rp,A.J. Terrell Jr.,19224,DB,ATL,82.5,22.5,60,105,,aj-terrell.php,,,14.3,,,,,-12.0,11.0,AJ Terrell,2026-05-29,ATL
/nfl/rankings/db-cheatsheets.php,redraft-db,rp,James Pierre,19659,DB,MIN,61.0,0.0,61,61,,james-pierre.php,,,2.1,,,,,-12.0,6.0,James Pierre,2026-05-29,MIN
/nfl/rankings/db-cheatsheets.php,redraft-db,rp,A.J. Haulcy,28069,DB,IND,61.0,0.0,61,61,,aj-haulcy.php,,,23.8,,,,,,13.0,AJ Haulcy,2026-05-29,IND
/nfl/rankings/db-cheatsheets.php,redraft-db,rp,Jacob Parrish,27257,DB,TB,81.0,3.0,78,84,,jacob-parrish.php,,,10.0,,,,,,10.0,Jacob Parrish,2026-05-29,TBB
/nfl/rankings/db-cheatsheets.php,redraft-db,rp,Ronnie Hickman Jr.,25796,DB,CLE,62.0,0.0,62,62,,ronnie-hickman.php,,,11.2,,,,,,11.0,Ronnie Hickman,2026-05-29,CLE
/nfl/rankings/db-cheatsheets.php,redraft-db,rp,Calen Bullock,26111,DB,HOU,84.0,22.0,62,106,,calen-bullock.php,,,8.2,,,,,-15.0,8.0,Calen Bullock,2026-05-29,HOU
/nfl/rankings/db-cheatsheets.php,redraft-db,rp,Dante Trader Jr.,27090,DB,MIA,65.0,0.0,65,65,,dante-trader.php,,,10.7,,,,,,6.0,Dante Trader,2026-05-29,MIA
/nfl/rankings/db-cheatsheets.php,redraft-db,rp,Trey Amos,27150,DB,WAS,65.0,0.0,65,65,,trey-amos.php,,,2.8,,,,,-15.0,7.0,Trey Amos,2026-05-29,WAS
/nfl/rankings/db-cheatsheets.php,redraft-db,rp,Tyrique Stevenson,25263,DB,CHI,83.0,15.0,68,98,,tyrique-stevenson.php,,,7.7,,,,,11.0,10.0,Tyrique Stevenson,2026-05-29,CHI
/nfl/rankings/db-cheatsheets.php,redraft-db,rp,Dane Belton,23914,DB,NYJ,66.0,0.0,66,66,,dane-belton.php,,,27.2,,,,,,13.0,Dane Belton,2026-05-29,NYJ
/nfl/rankings/db-cheatsheets.php,redraft-db,rp,Isaiah Rodgers Sr.,19821,DB,MIN,83.5,16.5,67,100,,isaiah-rodgers.php,,,7.5,,,,,-16.0,6.0,Isaiah Rodgers,2026-05-29,MIN
/nfl/rankings/db-cheatsheets.php,redraft-db,rp,Jaylen Watson,24291,DB,LAR,83.5,4.5,79,88,,jaylen-watson.php,,,5.5,,,,,,11.0,Jaylen Watson,2026-05-29,LAR
/nfl/rankings/db-cheatsheets.php,redraft-db,rp,Zyon McCollum,24498,DB,TB,67.0,0.0,67,67,,zyon-mccollum.php,,,10.2,,,,,,10.0,Zyon McCollum,2026-05-29,TBB
/nfl/rankings/db-cheatsheets.php,redraft-db,rp,Dax Hill,24197,DB,CIN,84.0,15.0,69,99,,daxton-hill.php,,,14.7,,,,,,6.0,Daxton Hill,2026-05-29,CIN
/nfl/rankings/db-cheatsheets.php,redraft-db,rp,Carlton Davis III,17318,DB,NE,88.5,20.5,68,109,,carlton-davis.php,,,5.8,,,,,-19.0,11.0,Carlton Davis,2026-05-29,NEP
/nfl/rankings/db-cheatsheets.php,redraft-db,rp,Darien Porter,27195,DB,LV,92.0,23.0,69,115,,darien-porter.php,,,2.0,,,,,-19.0,13.0,Darien Porter,2026-05-29,LVR
/nfl/rankings/db-cheatsheets.php,redraft-db,rp,Upton Stout,27246,DB,SF,71.0,0.0,71,71,,upton-stout.php,,,7.5,,,,,-19.0,8.0,Upton Stout,2026-05-29,SFO
/nfl/rankings/db-cheatsheets.php,redraft-db,rp,Christian Gonzalez,25238,DB,NE,72.0,0.0,72,72,,christian-gonzalez.php,,,27.5,,,,,,11.0,Christian Gonzalez,2026-05-29,NEP
/nfl/rankings/db-cheatsheets.php,redraft-db,rp,Juanyeh Thomas,24865,DB,IND,77.0,0.0,77,77,,juanyeh-thomas.php,,,19.8,,,,,,13.0,Juanyeh Thomas,2026-05-29,IND
/nfl/rankings/db-cheatsheets.php,redraft-db,rp,Tony Adams,24902,DB,TEN,78.0,0.0,78,78,,tony-adams-s.php,,,7.7,,,,,,9.0,Tony Adams,2026-05-29,TEN
/nfl/rankings/db-cheatsheets.php,redraft-db,rp,Joey Porter Jr.,24705,DB,PIT,80.0,0.0,80,80,,joey-porter-jr.php,,,5.9,,,,,-16.0,9.0,Joey Porter,2026-05-29,PIT
/nfl/rankings/db-cheatsheets.php,redraft-db,rp,Brandon Stephens,14469,DB,NYJ,81.0,0.0,81,81,,brandon-stephens.php,,,7.0,,,,,-16.0,13.0,Brandon Stephens,2026-05-29,NYJ
/nfl/rankings/db-cheatsheets.php,redraft-db,rp,Andrew Wingard,18576,DB,ARI,82.0,0.0,82,82,,andrew-wingard.php,,,7.5,,,,,,14.0,Andrew Wingard,2026-05-29,ARI
/nfl/rankings/db-cheatsheets.php,redraft-db,rp,Jonas Sanker,27210,DB,NO,82.0,0.0,82,82,,jonas-sanker.php,,,18.8,,,,,-17.0,8.0,Jonas Sanker,2026-05-29,NOS
/nfl/rankings/db-cheatsheets.php,redraft-db,rp,Garrett Williams,23855,DB,ARI,91.5,7.5,84,99,,garrett-williams.php,,,2.1,,,,,-16.0,14.0,Garrett Williams,2026-05-29,ARI
/nfl/rankings/db-cheatsheets.php,redraft-db,rp,Eric Murray,15653,DB,JAC,91.5,4.5,87,96,,eric-murray.php,,,9.4,,,,,-15.0,7.0,Eric Murray,2026-05-29,JAC
/nfl/rankings/db-cheatsheets.php,redraft-db,rp,Bryan Cook,23854,DB,CIN,91.5,3.5,88,95,,bryan-cook.php,,,15.1,,,,,,6.0,Bryan Cook,2026-05-29,CIN
/nfl/rankings/db-cheatsheets.php,redraft-db,rp,Bud Clark,28212,DB,SEA,83.0,0.0,83,83,,bud-clark.php,,,3.4,,,,,-20.0,11.0,Bud Clark,2026-05-29,SEA
/nfl/rankings/db-cheatsheets.php,redraft-db,rp,Geno Stone,19390,DB,BUF,85.0,0.0,85,85,,geno-stone.php,,,20.1,,,,,,7.0,Geno Stone,2026-05-29,BUF
/nfl/rankings/db-cheatsheets.php,redraft-db,rp,Charvarius Ward,17763,DB,IND,93.5,0.5,93,94,,charvarius-ward.php,,,3.6,,,,,-14.0,13.0,Charvarius Ward,2026-05-29,IND
/nfl/rankings/db-cheatsheets.php,redraft-db,rp,Nohl Williams,27214,DB,KC,99.0,13.0,86,112,,nohl-williams.php,,,4.6,,,,,-21.0,5.0,Nohl Williams,2026-05-29,KCC
/nfl/rankings/db-cheatsheets.php,redraft-db,rp,Renardo Green,26451,DB,SF,89.0,0.0,89,89,,renardo-green.php,,,7.4,,,,,-19.0,8.0,Renardo Green,2026-05-29,SFO
/nfl/rankings/db-cheatsheets.php,redraft-db,rp,Craig Woodson,27242,DB,NE,89.0,0.0,89,89,,craig-woodson.php,,,15.8,,,,,,11.0,Craig Woodson,2026-05-29,NEP
/nfl/rankings/db-cheatsheets.php,redraft-db,rp,Terrion Arnold,26133,DB,DET,98.0,6.0,92,104,,terrion-arnold.php,,,10.6,,,,,-19.0,6.0,Terrion Arnold,2026-05-29,DET
/nfl/rankings/db-cheatsheets.php,redraft-db,rp,Quan Martin,25461,DB,WAS,93.0,0.0,93,93,,jartavius-martin.php,,,6.9,,,,,,7.0,Jartavius Martin,2026-05-29,WAS
/nfl/rankings/db-cheatsheets.php,redraft-db,rp,Montaric Brown,23932,DB,JAC,95.0,0.0,95,95,,montaric-brown.php,,,3.8,,,,,,7.0,Montaric Brown,2026-05-29,JAC
/nfl/rankings/db-cheatsheets.php,redraft-db,rp,Marcus Epps,18575,DB,PHI,98.5,2.5,96,101,,marcus-epps.php,,,11.4,,,,,-19.0,10.0,Marcus Epps,2026-05-29,PHI
/nfl/rankings/db-cheatsheets.php,redraft-db,rp,Will Johnson,27009,DB,ARI,97.0,0.0,97,97,,will-johnson-cb.php,,,4.5,,,,,-19.0,14.0,Will Johnson,2026-05-29,ARI
/nfl/rankings/db-cheatsheets.php,redraft-db,rp,Andrew Mukuba,27081,DB,PHI,97.0,0.0,97,97,,andrew-mukuba.php,,,18.0,,,,,,10.0,Andrew Mukuba,2026-05-29,PHI
/nfl/rankings/db-cheatsheets.php,redraft-db,rp,Chris Johnson,9123,RB,FA,98.0,0.0,98,98,,chris-johnson.php,,,0.0,,,,,,,Chris Johnson,2026-05-29,FA
/nfl/rankings/db-cheatsheets.php,redraft-db,rp,Emmanuel McNeil-Warren,28081,DB,CLE,110.5,10.5,100,121,,emmanuel-mcneil-warren.php,,,22.7,,,,,-19.0,11.0,Emmanuel McNeil-Warren,2026-05-29,CLE
/nfl/rankings/db-cheatsheets.php,redraft-db,rp,Ji'Ayir Brown,25258,DB,SF,102.0,0.0,102,102,,jiayir-brown.php,,,6.0,,,,,,8.0,JiAyir Brown,2026-05-29,SFO
/nfl/rankings/db-cheatsheets.php,redraft-db,rp,Mansoor Delane,27047,DB,KC,103.0,0.0,103,103,,mansoor-delane.php,,,28.2,,,,,,5.0,Mansoor Delane,2026-05-29,KCC
/nfl/rankings/db-cheatsheets.php,redraft-db,rp,Kader Kohou,24898,DB,KC,107.0,0.0,107,107,,kader-kohou.php,,,5.3,,,,,,5.0,Kader Kohou,2026-05-29,KCC
/nfl/rankings/db-cheatsheets.php,redraft-db,rp,Deommodore Lenoir,19282,DB,SF,108.0,0.0,108,108,,deommodore-lenoir.php,,,7.7,,,,,,8.0,Deommodore Lenoir,2026-05-29,SFO
/nfl/rankings/db-cheatsheets.php,redraft-db,rp,Dee Alford,23703,DB,BUF,110.0,0.0,110,110,,dee-alford.php,,,8.3,,,,,,7.0,Dee Alford,2026-05-29,BUF
/nfl/rankings/db-cheatsheets.php,redraft-db,rp,Shavon Revel Jr.,27024,DB,DAL,111.0,0.0,111,111,,shavon-revel-jr.php,,,2.7,,,,,,14.0,Shavon Revel,2026-05-29,DAL
/nfl/rankings/db-cheatsheets.php,redraft-db,rp,Josh Jobe,22720,DB,SEA,114.0,0.0,114,114,,josh-jobe.php,,,3.8,,,,,,11.0,Josh Jobe,2026-05-29,SEA
/nfl/rankings/db-cheatsheets.php,redraft-db,rp,Lonnie Johnson Jr.,18388,DB,MIA,116.0,0.0,116,116,,lonnie-johnson.php,,,1.5,,,,,,6.0,Lonnie Johnson,2026-05-29,MIA
/nfl/rankings/db-cheatsheets.php,redraft-db,rp,Avieon Terrell,27981,DB,ATL,118.0,0.0,118,118,,avieon-terrell.php,,,18.9,,,,,,11.0,Avieon Terrell,2026-05-29,ATL
/nfl/rankings/db-cheatsheets.php,redraft-db,rp,Billy Bowman Jr.,27187,DB,ATL,119.0,0.0,119,119,,billy-bowman-jr.php,,,14.7,,,,,,11.0,Billy Bowman,2026-05-29,ATL
/nfl/rankings/db-cheatsheets.php,redraft-db,rp,Roger McCreary,23713,DB,DET,120.0,0.0,120,120,,roger-mccreary.php,,,3.7,,,,,,6.0,Roger McCreary,2026-05-29,DET
/nfl/rankings/db-cheatsheets.php,redraft-db,rp,Martin Emerson Jr.,23795,DB,NO,122.0,0.0,122,122,,martin-emerson.php,,,2.8,,,,,,8.0,Martin Emerson,2026-05-29,NOS
/nfl/rankings/db-cheatsheets.php,redraft-db,rp,Denzel Burke,26107,DB,ARI,123.0,0.0,123,123,,denzel-burke.php,,,3.8,,,,,,14.0,Denzel Burke,2026-05-29,ARI
/nfl/rankings/db-cheatsheets.php,redraft-db,rp,Riq Woolen,23881,DB,PHI,124.0,0.0,124,124,,tariq-woolen.php,,,4.6,,,,,,10.0,Tariq Woolen,2026-05-29,PHI
/nfl/rankings/db-cheatsheets.php,redraft-db,rp,Malachi Moore,24708,DB,NYJ,125.0,0.0,125,125,,malachi-moore.php,,,24.2,,,,,,13.0,Malachi Moore,2026-05-29,NYJ
/nfl/rankings/dl-cheatsheets.php,redraft-dl,rp,Aidan Hutchinson,22738,DL,DET,1.75,0.83,1,3,,aidan-hutchinson.php,,,79.6,,,,,,6.0,Aidan Hutchinson,2026-05-29,DET
/nfl/rankings/dl-cheatsheets.php,redraft-dl,rp,Maxx Crosby,18702,DL,LV,2.0,0.71,1,3,,maxx-crosby.php,,,78.8,,,,,1.0,13.0,Maxx Crosby,2026-05-29,LVR
/nfl/rankings/dl-cheatsheets.php,redraft-dl,rp,Myles Garrett,16370,DL,CLE,2.25,0.83,1,3,,myles-garrett.php,,,84.4,,,,,-1.0,11.0,Myles Garrett,2026-05-29,CLE
/nfl/rankings/dl-cheatsheets.php,redraft-dl,rp,T.J. Watt,16469,LB,PIT,5.25,0.83,4,6,,tj-watt.php,,,66.1,,,,,,9.0,TJ Watt,2026-05-29,PIT
/nfl/rankings/dl-cheatsheets.php,redraft-dl,rp,Will Anderson Jr.,24717,DL,HOU,5.5,1.12,4,7,,will-anderson.php,,,76.6,,,,,,8.0,Will Anderson,2026-05-29,HOU
/nfl/rankings/dl-cheatsheets.php,redraft-dl,rp,Nick Bosa,18199,DL,SF,8.0,4.3,4,15,,nick-bosa.php,,,74.3,,,,,-1.0,8.0,Nick Bosa,2026-05-29,SFO
/nfl/rankings/dl-cheatsheets.php,redraft-dl,rp,Danielle Hunter,14036,DL,HOU,10.0,2.55,7,13,,danielle-hunter.php,,,59.4,,,,,,8.0,Danielle Hunter,2026-05-29,HOU
/nfl/rankings/dl-cheatsheets.php,redraft-dl,rp,Brian Burns,18223,DL,NYG,11.5,7.09,4,20,,brian-burns.php,,,71.2,,,,,4.0,8.0,Brian Burns,2026-05-29,NYG
/nfl/rankings/dl-cheatsheets.php,redraft-dl,rp,Andrew Van Ginkel,18573,LB,MIN,11.5,3.2,7,15,,andrew-van-ginkel.php,,,58.2,,,,,,6.0,Andrew Van Ginkel,2026-05-29,MIN
/nfl/rankings/dl-cheatsheets.php,redraft-dl,rp,Jeffery Simmons,18207,DL,TEN,11.5,2.6,9,15,,jeffery-simmons.php,,,73.7,,,,,,9.0,Jeffery Simmons,2026-05-29,TEN
/nfl/rankings/dl-cheatsheets.php,redraft-dl,rp,Micah Parsons,19784,LB,GB,12.75,6.06,6,21,,micah-parsons.php,,,64.8,,,,,-4.0,11.0,Micah Parsons,2026-05-29,GBP
/nfl/rankings/dl-cheatsheets.php,redraft-dl,rp,Alex Highsmith,19316,LB,PIT,13.25,3.42,10,19,,alex-highsmith.php,,,44.9,,,,,,9.0,Alex Highsmith,2026-05-29,PIT
/nfl/rankings/dl-cheatsheets.php,redraft-dl,rp,Jared Verse,25234,DL,LAR,14.0,1.41,12,16,,jared-verse.php,,,53.3,,,,,,11.0,Jared Verse,2026-05-29,LAR
/nfl/rankings/dl-cheatsheets.php,redraft-dl,rp,Trey Hendrickson,16719,DL,BAL,15.0,8.15,7,27,,trey-hendrickson.php,,,48.8,,,,,,13.0,Trey Hendrickson,2026-05-29,BAL
/nfl/rankings/dl-cheatsheets.php,redraft-dl,rp,DeForest Buckner,15494,DL,IND,21.0,12.1,10,40,,deforest-buckner.php,,,39.6,,,,,,13.0,DeForest Buckner,2026-05-29,IND
/nfl/rankings/dl-cheatsheets.php,redraft-dl,rp,Nik Bonitto,23763,DL,DEN,21.0,7.04,13,28,,nik-bonitto.php,,,55.8,,,,,4.0,10.0,Nik Bonitto,2026-05-29,DEN
/nfl/rankings/dl-cheatsheets.php,redraft-dl,rp,Josh Hines-Allen,18201,DL,JAC,21.75,2.05,20,25,,josh-allen-olb.php,,,41.3,,,,,,7.0,Josh Hines-Allen,2026-05-29,JAC
/nfl/rankings/dl-cheatsheets.php,redraft-dl,rp,Greg Rousseau,19787,DL,BUF,22.25,13.25,9,36,,gregory-rousseau.php,,,33.3,,,,,-3.0,7.0,Gregory Rousseau,2026-05-29,BUF
/nfl/rankings/dl-cheatsheets.php,redraft-dl,rp,Jonathan Greenard,19276,DL,PHI,23.25,13.74,11,46,,jonathan-greenard.php,,,38.0,,,,,,10.0,Jonathan Greenard,2026-05-29,PHI
/nfl/rankings/dl-cheatsheets.php,redraft-dl,rp,Leonard Williams,13892,DL,SEA,23.75,5.07,17,30,,leonard-williams.php,,,31.7,,,,,,11.0,Leonard Williams,2026-05-29,SEA
/nfl/rankings/dl-cheatsheets.php,redraft-dl,rp,Harold Landry III,17330,LB,NE,25.5,5.59,19,32,,harold-landry.php,,,35.0,,,,,,11.0,Harold Landry,2026-05-29,NEP
/nfl/rankings/dl-cheatsheets.php,redraft-dl,rp,Tuli Tuipulotu,25364,DL,LAC,27.25,15.79,10,43,,tuli-tuipulotu.php,,,43.7,,,,,9.0,7.0,Tuli Tuipulotu,2026-05-29,LAC
/nfl/rankings/dl-cheatsheets.php,redraft-dl,rp,Laiatu Latu,26096,DL,IND,29.0,6.67,18,36,,laiatu-latu.php,,,28.1,,,,,,13.0,Laiatu Latu,2026-05-29,IND
/nfl/rankings/dl-cheatsheets.php,redraft-dl,rp,Carl Granderson,18295,DL,NO,29.75,7.79,23,42,,carl-granderson.php,,,34.5,,,,,,8.0,Carl Granderson,2026-05-29,NOS
/nfl/rankings/dl-cheatsheets.php,redraft-dl,rp,Yaya Diaby,25264,DL,TB,30.0,4.0,26,34,,yaya-diaby.php,,,25.2,,,,,,10.0,YaYa Diaby,2026-05-29,TBB
/nfl/rankings/dl-cheatsheets.php,redraft-dl,rp,Byron Young,25449,DL,LAR,30.5,19.5,11,50,,byron-young-edge.php,,,49.4,,,,,11.0,11.0,Byron Young,2026-05-29,LAR
/nfl/rankings/dl-cheatsheets.php,redraft-dl,rp,Josh Sweat,17363,DL,ARI,30.5,9.91,17,40,,josh-sweat.php,,,27.7,,,,,,14.0,Josh Sweat,2026-05-29,ARI
/nfl/rankings/dl-cheatsheets.php,redraft-dl,rp,Montez Sweat,18213,DL,CHI,32.25,10.06,19,42,,montez-sweat.php,,,36.2,,,,,8.0,10.0,Montez Sweat,2026-05-29,CHI
/nfl/rankings/dl-cheatsheets.php,redraft-dl,rp,Cameron Heyward,9862,DL,PIT,32.75,7.76,20,39,,cameron-heyward.php,,,25.5,,,,,,9.0,Cameron Heyward,2026-05-29,PIT
/nfl/rankings/dl-cheatsheets.php,redraft-dl,rp,George Karlaftis III,23501,DL,KC,33.0,6.16,27,41,,george-karlaftis-iii.php,,,21.0,,,,,-3.0,5.0,George Karlaftis,2026-05-29,KCC
/nfl/rankings/dl-cheatsheets.php,redraft-dl,rp,Abdul Carter,27022,DL,NYG,33.5,8.29,21,41,,abdul-carter.php,,,43.1,,,,,,8.0,Abdul Carter,2026-05-29,NYG
/nfl/rankings/dl-cheatsheets.php,redraft-dl,rp,Derrick Brown,19205,DL,CAR,34.5,12.74,16,52,,derrick-brown.php,,,33.8,,,,,12.0,5.0,Derrick Brown,2026-05-29,CAR
/nfl/rankings/dl-cheatsheets.php,redraft-dl,rp,Khalil Mack,12169,LB,LAC,36.25,12.26,24,49,,khalil-mack.php,,,19.1,,,,,-5.0,7.0,Khalil Mack,2026-05-29,LAC
/nfl/rankings/dl-cheatsheets.php,redraft-dl,rp,Kobie Turner,25283,DL,LAR,36.5,12.84,24,58,,kobie-turner.php,,,17.1,,,,,6.0,11.0,Kobie Turner,2026-05-29,LAR
/nfl/rankings/dl-cheatsheets.php,redraft-dl,rp,Jonathon Cooper,22821,DL,DEN,38.25,16.68,26,67,,jonathon-cooper.php,,,18.5,,,,,,10.0,Jonathon Cooper,2026-05-29,DEN
/nfl/rankings/dl-cheatsheets.php,redraft-dl,rp,Quinnen Williams,18200,DL,DAL,38.5,0.87,38,40,,quinnen-williams.php,,,42.4,,,,,,14.0,Quinnen Williams,2026-05-29,DAL
/nfl/rankings/dl-cheatsheets.php,redraft-dl,rp,Jalen Carter,24703,DL,PHI,40.25,6.83,35,52,,jalen-carter.php,,,37.7,,,,,,10.0,Jalen Carter,2026-05-29,PHI
/nfl/rankings/dl-cheatsheets.php,redraft-dl,rp,Jaelan Phillips,22734,DL,CAR,41.0,7.84,29,48,,jaelan-phillips.php,,,25.6,,,,,15.0,5.0,Jaelan Phillips,2026-05-29,CAR
/nfl/rankings/dl-cheatsheets.php,redraft-dl,rp,Travon Walker,23724,DL,JAC,41.5,22.2,25,79,,travon-walker.php,,,28.4,,,,,-7.0,7.0,Travon Walker,2026-05-29,JAC
/nfl/rankings/dl-cheatsheets.php,redraft-dl,rp,Zach Allen,18221,DL,DEN,42.5,33.18,16,98,,zach-allen.php,,,25.6,,,,,-16.0,10.0,Zach Allen,2026-05-29,DEN
/nfl/rankings/dl-cheatsheets.php,redraft-dl,rp,Bradley Chubb,17277,LB,BUF,43.75,2.86,39,46,,bradley-chubb.php,,,23.5,,,,,13.0,7.0,Bradley Chubb,2026-05-29,BUF
/nfl/rankings/dl-cheatsheets.php,redraft-dl,rp,Jermaine Johnson II,23733,DL,TEN,45.0,3.0,42,50,,jermaine-johnson.php,,,8.2,,,,,8.0,9.0,Jermaine Johnson,2026-05-29,TEN
/nfl/rankings/dl-cheatsheets.php,redraft-dl,rp,Zach Sieler,17548,DL,MIA,45.75,27.31,29,93,,zach-sieler.php,,,18.3,,,,,-8.0,6.0,Zach Sieler,2026-05-29,MIA
/nfl/rankings/dl-cheatsheets.php,redraft-dl,rp,Dexter Lawrence II,18211,DL,CIN,30.33,14.7,18,51,,dexter-lawrence.php,,,24.9,,,,,-18.0,6.0,Dexter Lawrence,2026-05-29,CIN
/nfl/rankings/dl-cheatsheets.php,redraft-dl,rp,Rashan Gary,18209,LB,DAL,49.75,4.76,45,55,,rashan-gary.php,,,30.8,,,,,10.0,14.0,Rashan Gary,2026-05-29,DAL
/nfl/rankings/dl-cheatsheets.php,redraft-dl,rp,Chris Jones,15620,DL,KC,52.5,23.68,33,91,,chris-jones-dl.php,,,25.0,,,,,-5.0,5.0,Chris Jones,2026-05-29,KCC
/nfl/rankings/dl-cheatsheets.php,redraft-dl,rp,Will McDonald IV,25254,DL,NYJ,53.5,17.73,36,75,,will-mcdonald-iv.php,,,15.6,,,,,,13.0,Will McDonald,2026-05-29,NYJ
/nfl/rankings/dl-cheatsheets.php,redraft-dl,rp,Nolan Smith Jr.,24711,DL,PHI,47.67,19.33,34,75,,nolan-smith.php,,,15.0,,,,,-6.0,10.0,Nolan Smith,2026-05-29,PHI
/nfl/rankings/dl-cheatsheets.php,redraft-dl,rp,Chase Young,19195,DL,NO,22.5,5.5,17,28,,chase-young.php,,,30.9,,,,,,8.0,Chase Young,2026-05-29,NOS
/nfl/rankings/dl-cheatsheets.php,redraft-dl,rp,Dallas Turner,26097,DL,MIN,28.5,0.5,28,29,,dallas-turner.php,,,31.8,,,,,,6.0,Dallas Turner,2026-05-29,MIN
/nfl/rankings/dl-cheatsheets.php,redraft-dl,rp,Kayvon Thibodeaux,23484,DL,NYG,68.0,27.0,47,113,,kayvon-thibodeaux.php,,,23.3,,,,,7.0,8.0,Kayvon Thibodeaux,2026-05-29,NYG
/nfl/rankings/dl-cheatsheets.php,redraft-dl,rp,DeMarcus Lawrence,12217,DL,SEA,31.0,12.0,19,43,,demarcus-lawrence.php,,,21.3,,,,,-9.0,11.0,DeMarcus Lawrence,2026-05-29,SEA
/nfl/rankings/dl-cheatsheets.php,redraft-dl,rp,Chop Robinson,26105,DL,MIA,67.0,21.26,49,101,,chop-robinson.php,,,20.1,,,,,8.0,6.0,Chop Robinson,2026-05-29,MIA
/nfl/rankings/dl-cheatsheets.php,redraft-dl,rp,David Bailey,27191,DL,NYJ,40.0,16.0,24,56,,david-bailey-edge.php,,,13.0,,,,,-6.0,13.0,David Bailey,2026-05-29,NYJ
/nfl/rankings/dl-cheatsheets.php,redraft-dl,rp,Rueben Bain Jr.,28772,DL,TB,41.5,18.5,23,60,,rueben-bain.php,,,36.8,,,,,-8.0,10.0,Rueben Bain,2026-05-29,TBB
/nfl/rankings/dl-cheatsheets.php,redraft-dl,rp,Jalon Walker,27027,LB,ATL,47.0,6.0,41,53,,jalon-walker.php,,,23.4,,,,,,11.0,Jalon Walker,2026-05-29,ATL
/nfl/rankings/dl-cheatsheets.php,redraft-dl,rp,Jordan Davis,22761,DL,PHI,49.0,16.0,33,65,,jordan-davis.php,,,20.4,,,,,,10.0,Jordan Davis,2026-05-29,PHI
/nfl/rankings/dl-cheatsheets.php,redraft-dl,rp,Nnamdi Madubuike,19272,DL,BAL,52.0,8.0,44,60,,justin-madubuike.php,,,30.1,,,,,11.0,13.0,Nnamdi Madubuike,2026-05-29,BAL
/nfl/rankings/dl-cheatsheets.php,redraft-dl,rp,Jalen Redmond,25777,DL,MIN,52.0,4.0,48,56,,jalen-redmond.php,,,23.9,,,,,7.0,6.0,Jalen Redmond,2026-05-29,MIN
/nfl/rankings/dl-cheatsheets.php,redraft-dl,rp,Uchenna Nwosu,17448,LB,SEA,54.5,4.5,50,59,,uchenna-nwosu.php,,,8.6,,,,,,11.0,Uchenna Nwosu,2026-05-29,SEA
/nfl/rankings/dl-cheatsheets.php,redraft-dl,rp,Odafe Oweh,22714,DL,WAS,55.0,9.0,46,64,,odafe-oweh.php,,,19.3,,,,,12.0,7.0,Odafe Oweh,2026-05-29,WAS
/nfl/rankings/dl-cheatsheets.php,redraft-dl,rp,James Pearce Jr.,27018,DL,ATL,58.0,11.0,47,69,,james-pearce-jr.php,,,17.8,,,,,14.0,11.0,James Pearce,2026-05-29,ATL
/nfl/rankings/dl-cheatsheets.php,redraft-dl,rp,Nick Herbig,25464,LB,PIT,59.0,14.0,45,73,,nick-herbig.php,,,13.8,,,,,,9.0,Nick Herbig,2026-05-29,PIT
/nfl/rankings/dl-cheatsheets.php,redraft-dl,rp,Nic Scourton,27020,DL,CAR,60.0,2.0,58,62,,nic-scourton.php,,,15.0,,,,,7.0,5.0,Nic Scourton,2026-05-29,CAR
/nfl/rankings/dl-cheatsheets.php,redraft-dl,rp,Byron Murphy II,26221,DL,SEA,60.5,3.5,57,64,,byron-murphy-ii.php,,,15.1,,,,,,11.0,Byron Murphy,2026-05-29,SEA
/nfl/rankings/dl-cheatsheets.php,redraft-dl,rp,Arvell Reese,28053,LB,NYG,22.0,0.0,22,22,,arvell-reese.php,,,0.0,,,,,-20.0,8.0,Arvell Reese,2026-05-29,NYG
/nfl/rankings/dl-cheatsheets.php,redraft-dl,rp,Cameron Jordan,9886,DL,FA,65.0,18.0,47,83,,cameron-jordan.php,,,5.1,,,,,-7.0,,Cameron Jordan,2026-05-29,FA
/nfl/rankings/dl-cheatsheets.php,redraft-dl,rp,K'Lavon Chaisson,19228,DL,WAS,66.0,11.0,55,77,,klavon-chaisson.php,,,7.3,,,,,,7.0,KLavon Chaisson,2026-05-29,WAS
/nfl/rankings/dl-cheatsheets.php,redraft-dl,rp,Walter Nolen III,27030,DL,ARI,66.5,23.5,43,90,,walter-nolen.php,,,9.4,,,,,-12.0,14.0,Walter Nolen,2026-05-29,ARI
/nfl/rankings/dl-cheatsheets.php,redraft-dl,rp,Myles Murphy,24709,DL,CIN,66.5,21.5,45,88,,myles-murphy.php,,,6.4,,,,,23.0,6.0,Myles Murphy,2026-05-29,CIN
/nfl/rankings/dl-cheatsheets.php,redraft-dl,rp,Jalyx Hunt,26337,LB,PHI,68.0,14.0,54,82,,jalyx-hunt.php,,,14.6,,,,,16.0,10.0,Jalyx Hunt,2026-05-29,PHI
/nfl/rankings/dl-cheatsheets.php,redraft-dl,rp,Alex Wright,24540,DL,CLE,69.0,18.0,51,87,,alex-wright.php,,,10.4,,,,,-8.0,11.0,Alex Wright,2026-05-29,CLE
/nfl/rankings/dl-cheatsheets.php,redraft-dl,rp,Daron Payne,17281,DL,WAS,69.5,10.5,59,80,,daron-payne.php,,,6.9,,,,,,7.0,DaRon Payne,2026-05-29,WAS
/nfl/rankings/dl-cheatsheets.php,redraft-dl,rp,Joey Bosa,15488,DL,FA,71.0,10.0,61,81,,joey-bosa.php,,,17.6,,,,,,,Joey Bosa,2026-05-29,FA
/nfl/rankings/dl-cheatsheets.php,redraft-dl,rp,Donovan Ezeiruaku,27033,DL,DAL,71.0,8.0,63,79,,donovan-ezeiruaku.php,,,11.2,,,,,,14.0,Donovan Ezeiruaku,2026-05-29,DAL
/nfl/rankings/dl-cheatsheets.php,redraft-dl,rp,Austin Booker,26313,LB,CHI,71.0,5.0,66,76,,austin-booker.php,,,9.5,,,,,,10.0,Austin Booker,2026-05-29,CHI
/nfl/rankings/dl-cheatsheets.php,redraft-dl,rp,Jonathan Allen,16371,DL,CIN,73.0,1.0,72,74,,jonathan-allen.php,,,12.1,,,,,,6.0,Jonathan Allen,2026-05-29,CIN
/nfl/rankings/dl-cheatsheets.php,redraft-dl,rp,Ed Oliver,18202,DL,BUF,73.5,0.5,73,74,,ed-oliver.php,,,26.9,,,,,,7.0,Ed Oliver,2026-05-29,BUF
/nfl/rankings/dl-cheatsheets.php,redraft-dl,rp,Zach Harrison,23485,DL,ATL,74.0,8.0,66,82,,zach-harrison.php,,,18.0,,,,,,11.0,Zach Harrison,2026-05-29,ATL
/nfl/rankings/dl-cheatsheets.php,redraft-dl,rp,Christian Elliss,23367,DL,NE,49.0,0.0,49,49,,christian-elliss.php,,,10.0,,,,,-18.0,11.0,Christian Elliss,2026-05-29,NEP
/nfl/rankings/dl-cheatsheets.php,redraft-dl,rp,Tommy Togiai,22784,DL,HOU,77.5,14.5,63,92,,tommy-togiai.php,,,9.7,,,,,16.0,8.0,Tommy Togiai,2026-05-29,HOU
/nfl/rankings/dl-cheatsheets.php,redraft-dl,rp,Dorance Armstrong Jr.,17315,DL,WAS,77.5,0.5,77,78,,dorance-armstrong-jr.php,,,19.6,,,,,,7.0,Dorance Armstrong,2026-05-29,WAS
/nfl/rankings/dl-cheatsheets.php,redraft-dl,rp,Mike Green,27042,LB,BAL,57.0,0.0,57,57,,mike-green-dt.php,,,14.2,,,,,,13.0,Mike Green,2026-05-29,BAL
/nfl/rankings/dl-cheatsheets.php,redraft-dl,rp,Joseph Ossai,22696,DL,NYJ,79.5,3.5,76,83,,joseph-ossai.php,,,6.3,,,,,,13.0,Joseph Ossai,2026-05-29,NYJ
/nfl/rankings/dl-cheatsheets.php,redraft-dl,rp,Boye Mafe,23736,DL,CIN,61.0,0.0,61,61,,boye-mafe.php,,,12.7,,,,,,6.0,Boye Mafe,2026-05-29,CIN
/nfl/rankings/dl-cheatsheets.php,redraft-dl,rp,DJ Wonnum,19355,DL,DET,62.0,0.0,62,62,,dj-wonnum.php,,,4.9,,,,,,6.0,DJ Wonnum,2026-05-29,DET
/nfl/rankings/dl-cheatsheets.php,redraft-dl,rp,Dre'Mont Jones,18212,DL,NE,83.0,3.0,80,86,,dremont-jones.php,,,6.4,,,,,,11.0,DreMont Jones,2026-05-29,NEP
/nfl/rankings/dl-cheatsheets.php,redraft-dl,rp,Akheem Mesidor,27078,DL,LAC,83.5,15.5,68,99,,akheem-mesidor.php,,,28.0,,,,,-13.0,7.0,Akheem Mesidor,2026-05-29,LAC
/nfl/rankings/dl-cheatsheets.php,redraft-dl,rp,Calais Campbell,10585,DL,BAL,83.5,13.5,70,97,,calais-campbell.php,,,5.8,,,,,-12.0,13.0,Calais Campbell,2026-05-29,BAL
/nfl/rankings/dl-cheatsheets.php,redraft-dl,rp,Kwity Paye,22682,DL,LV,68.0,0.0,68,68,,kwity-paye.php,,,5.3,,,,,,13.0,Kwity Paye,2026-05-29,LVR
/nfl/rankings/dl-cheatsheets.php,redraft-dl,rp,Milton Williams,23209,DL,NE,85.0,0.0,85,85,,milton-williams.php,,,15.4,,,,,,11.0,Milton Williams,2026-05-29,NEP
/nfl/rankings/dl-cheatsheets.php,redraft-dl,rp,John Franklin-Myers,17623,DL,TEN,70.0,0.0,70,70,,john-franklin-meyers.php,,,14.8,,,,,,9.0,John Franklin-Myers,2026-05-29,TEN
/nfl/rankings/dl-cheatsheets.php,redraft-dl,rp,Derrick Harmon,27029,DL,PIT,71.0,0.0,71,71,,derrick-harmon.php,,,4.0,,,,,,9.0,Derrick Harmon,2026-05-29,PIT
/nfl/rankings/dl-cheatsheets.php,redraft-dl,rp,Keeanu Benton,25432,DL,PIT,96.0,25.0,71,121,,keeanu-benton.php,,,4.3,,,,,-16.0,9.0,Keeanu Benton,2026-05-29,PIT
/nfl/rankings/dl-cheatsheets.php,redraft-dl,rp,Kayden McDonald,28057,DL,HOU,72.0,0.0,72,72,,kayden-mcdonald.php,,,12.9,,,,,-16.0,8.0,Kayden McDonald,2026-05-29,HOU
/nfl/rankings/dl-cheatsheets.php,redraft-dl,rp,Brandon Dorlus,26184,DL,ATL,90.0,1.0,89,91,,brandon-dorlus.php,,,3.8,,,,,,11.0,Brandon Dorlus,2026-05-29,ATL
/nfl/rankings/dl-cheatsheets.php,redraft-dl,rp,Al-Quadin Muhammad,16715,DL,TB,97.5,19.5,78,117,,al-quadin-muhammad.php,,,3.9,,,,,-13.0,10.0,Al-Quadin Muhammad,2026-05-29,TBB
/nfl/rankings/dl-cheatsheets.php,redraft-dl,rp,A'Shawn Robinson,15503,DL,TB,91.0,2.0,89,93,,a-shawn-robinson.php,,,5.4,,,,,,10.0,AShawn Robinson,2026-05-29,TBB
/nfl/rankings/dl-cheatsheets.php,redraft-dl,rp,Tyree Wilson,25237,DL,NO,93.5,12.5,81,106,,tyree-wilson.php,,,1.8,,,,,-13.0,8.0,Tyree Wilson,2026-05-29,NOS
/nfl/rankings/dl-cheatsheets.php,redraft-dl,rp,Anfernee Jennings,19288,LB,NO,84.0,0.0,84,84,,anfernee-jennings.php,,,2.9,,,,,,8.0,Anfernee Jennings,2026-05-29,NOS
/nfl/rankings/dl-cheatsheets.php,redraft-dl,rp,Zion Young,28091,DL,BAL,84.0,0.0,84,84,,zion-young.php,,,2.4,,,,,-12.0,13.0,Zion Young,2026-05-29,BAL
/nfl/rankings/dl-cheatsheets.php,redraft-dl,rp,Michael Hoecht,20024,DL,BUF,86.0,0.0,86,86,,michael-hoecht.php,,,2.7,,,,,-11.0,7.0,Michael Hoecht,2026-05-29,BUF
/nfl/rankings/dl-cheatsheets.php,redraft-dl,rp,Gervon Dexter Sr.,25246,DL,CHI,96.0,9.0,87,105,,gervon-dexter-sr.php,,,5.2,,,,,-11.0,10.0,Gervon Dexter,2026-05-29,CHI
/nfl/rankings/dl-cheatsheets.php,redraft-dl,rp,Barryn Sorrell,27266,DL,GB,88.0,0.0,88,88,,barryn-sorrell.php,,,3.2,,,,,,11.0,Barryn Sorrell,2026-05-29,GBP
/nfl/rankings/dl-cheatsheets.php,redraft-dl,rp,Devonte Wyatt,23757,DL,GB,96.0,6.0,90,102,,devonte-wyatt.php,,,6.9,,,,,-10.0,11.0,Devonte Wyatt,2026-05-29,GBP
/nfl/rankings/dl-cheatsheets.php,redraft-dl,rp,Mykel Williams,27013,DL,SF,92.0,0.0,92,92,,mykel-williams.php,,,14.1,,,,,,8.0,Mykel Williams,2026-05-29,SFO
/nfl/rankings/dl-cheatsheets.php,redraft-dl,rp,Lukas Van Ness,25291,DL,GB,94.0,0.0,94,94,,lukas-van-ness.php,,,8.6,,,,,,11.0,Lukas Van Ness,2026-05-29,GBP
/nfl/rankings/dl-cheatsheets.php,redraft-dl,rp,Maliek Collins,15533,DL,CLE,108.0,14.0,94,122,,maliek-collins.php,,,4.3,,,,,,11.0,Maliek Collins,2026-05-29,CLE
/nfl/rankings/dl-cheatsheets.php,redraft-dl,rp,Zaven Collins,22698,LB,ARI,95.0,0.0,95,95,,zaven-collins.php,,,11.6,,,,,,14.0,Zaven Collins,2026-05-29,ARI
/nfl/rankings/dl-cheatsheets.php,redraft-dl,rp,Justin Eboigbe,23782,DL,LAC,95.0,0.0,95,95,,justin-eboigbe.php,,,2.0,,,,,,7.0,Justin Eboigbe,2026-05-29,LAC
/nfl/rankings/dl-cheatsheets.php,redraft-dl,rp,Adam Butler,16796,DL,LV,96.0,0.0,96,96,,adam-butler.php,,,3.6,,,,,,13.0,Adam Butler,2026-05-29,LVR
/nfl/rankings/dl-cheatsheets.php,redraft-dl,rp,Josaiah Stewart,27034,DL,LAR,96.0,0.0,96,96,,josaiah-stewart.php,,,1.9,,,,,-12.0,11.0,Josaiah Stewart,2026-05-29,LAR
/nfl/rankings/dl-cheatsheets.php,redraft-dl,rp,Tavius Robinson,25478,DL,BAL,97.0,0.0,97,97,,tavius-robinson.php,,,3.6,,,,,-12.0,13.0,Tavius Robinson,2026-05-29,BAL
/nfl/rankings/dl-cheatsheets.php,redraft-dl,rp,Mason Graham,27010,DL,CLE,98.0,0.0,98,98,,mason-graham.php,,,13.6,,,,,,11.0,Mason Graham,2026-05-29,CLE
/nfl/rankings/dl-cheatsheets.php,redraft-dl,rp,Keldric Faulk,27951,DL,TEN,99.0,0.0,99,99,,keldric-faulk.php,,,28.5,,,,,-13.0,9.0,Keldric Faulk,2026-05-29,TEN
/nfl/rankings/dl-cheatsheets.php,redraft-dl,rp,Christian Barmore,22691,DL,NE,100.0,0.0,100,100,,christian-barmore.php,,,9.8,,,,,,11.0,Christian Barmore,2026-05-29,NEP
/nfl/rankings/dl-cheatsheets.php,redraft-dl,rp,Malachi Lawrence,28203,DL,DAL,100.0,0.0,100,100,,malachi-lawrence.php,,,6.3,,,,,-14.0,14.0,Malachi Lawrence,2026-05-29,DAL
/nfl/rankings/dl-cheatsheets.php,redraft-dl,rp,Josh Uche,19257,DL,MIA,101.0,0.0,101,101,,josh-uche.php,,,4.1,,,,,,6.0,Josh Uche,2026-05-29,MIA
/nfl/rankings/dl-cheatsheets.php,redraft-dl,rp,Calijah Kancey,23865,DL,TB,103.0,0.0,103,103,,calijah-kancey.php,,,25.9,,,,,,10.0,Calijah Kancey,2026-05-29,TBB
/nfl/rankings/dl-cheatsheets.php,redraft-dl,rp,Jonah Laulu,26487,DL,LV,104.0,0.0,104,104,,jonah-laulu.php,,,3.9,,,,,,13.0,Jonah Laulu,2026-05-29,LVR
/nfl/rankings/dl-cheatsheets.php,redraft-dl,rp,T'Vondre Sweat,26206,DL,NYJ,107.0,0.0,107,107,,tvondre-sweat.php,,,3.7,,,,,,13.0,TVondre Sweat,2026-05-29,NYJ
/nfl/rankings/dl-cheatsheets.php,redraft-dl,rp,Darius Alexander,27237,DL,NYG,108.0,0.0,108,108,,darius-alexander.php,,,3.1,,,,,,8.0,Darius Alexander,2026-05-29,NYG
/nfl/rankings/dl-cheatsheets.php,redraft-dl,rp,Braden Fiske,26195,DL,LAR,109.0,0.0,109,109,,braden-fiske.php,,,4.5,,,,,,11.0,Braden Fiske,2026-05-29,LAR
/nfl/rankings/dl-cheatsheets.php,redraft-dl,rp,A.J. Epenesa,19204,DL,FA,110.0,0.0,110,110,,aj-epenesa.php,,,2.0,,,,,,,AJ Epenesa,2026-05-29,FA
/nfl/rankings/dl-cheatsheets.php,redraft-dl,rp,Vita Vea,17322,DL,TB,111.0,0.0,111,111,,tevita-tuliakiono-tuipulotu-mosese-vahae-fehoko-faletau-vea.php,,,5.0,,,,,,10.0,Vita Vea,2026-05-29,TBB
/nfl/rankings/dl-cheatsheets.php,redraft-dl,rp,Grover Stewart,16580,DL,IND,112.0,0.0,112,112,,grover-stewart.php,,,3.6,,,,,,13.0,Grover Stewart,2026-05-29,IND
/nfl/rankings/dl-cheatsheets.php,redraft-dl,rp,Harrison Phillips,17343,DL,NYJ,114.0,0.0,114,114,,harrison-phillips.php,,,3.9,,,,,,13.0,Harrison Phillips,2026-05-29,NYJ
/nfl/rankings/dl-cheatsheets.php,redraft-dl,rp,Kyle Van Noy,12171,LB,BAL,115.0,0.0,115,115,,kyle-van-noy.php,,,3.3,,,,,,13.0,Kyle Van Noy,2026-05-29,BAL
/nfl/rankings/dl-cheatsheets.php,redraft-dl,rp,Dennis Gardeck,17906,LB,JAC,116.0,0.0,116,116,,dennis-gardeck.php,,,1.8,,,,,,7.0,Dennis Gardeck,2026-05-29,JAC
/nfl/rankings/dl-cheatsheets.php,redraft-dl,rp,Felix Anudike-Uzomah,25244,DL,KC,118.0,0.0,118,118,,felix-anudike-uzomah.php,,,2.9,,,,,,5.0,Felix Anudike-Uzomah,2026-05-29,KCC
/nfl/rankings/dl-cheatsheets.php,redraft-dl,rp,LaCale London,19919,DL,ATL,119.0,0.0,119,119,,lacale-london.php,,,9.3,,,,,,11.0,LaCale London,2026-05-29,ATL
/nfl/rankings/dl-cheatsheets.php,redraft-dl,rp,Travis Jones,23799,DL,BAL,120.0,0.0,120,120,,travis-jones.php,,,10.8,,,,,,13.0,Travis Jones,2026-05-29,BAL
/nfl/rankings/dl-cheatsheets.php,redraft-dl,rp,Malcolm Koonce,22773,DL,LV,123.0,0.0,123,123,,malcolm-koonce.php,,,3.0,,,,,,13.0,Malcolm Koonce,2026-05-29,LVR
/nfl/rankings/dl-cheatsheets.php,redraft-dl,rp,Malcolm Roach,19536,DL,DEN,124.0,0.0,124,124,,malcolm-roach.php,,,9.6,,,,,,10.0,Malcolm Roach,2026-05-29,DEN
/nfl/rankings/dl-cheatsheets.php,redraft-dl,rp,Thomas Booker IV,23857,DL,LV,125.0,0.0,125,125,,thomas-booker.php,,,3.4,,,,,,13.0,Thomas Booker,2026-05-29,LVR
/nfl/rankings/dst-cheatsheets.php,redraft-dst,rp,Houston Texans,8120,DST,HOU,1.13,0.34,1,2,,houston-defense.php,,,94.2,,,,,,8.0,Houston Texans,2026-05-29,HOU
/nfl/rankings/dst-cheatsheets.php,redraft-dst,rp,Denver Broncos,8090,DST,DEN,2.72,1.14,1,6,,denver-defense.php,,,92.4,,,,,,10.0,Denver Broncos,2026-05-29,DEN
/nfl/rankings/dst-cheatsheets.php,redraft-dst,rp,Seattle Seahawks,8260,DST,SEA,2.79,0.66,2,5,,seattle-defense.php,,,95.2,,,,,,11.0,Seattle Seahawks,2026-05-29,SEA
/nfl/rankings/dst-cheatsheets.php,redraft-dst,rp,Los Angeles Rams,8280,DST,LAR,4.41,1.16,3,8,,los-angeles-rams-defense.php,,,76.1,,,,,,11.0,Los Angeles Rams,2026-05-29,LAR
/nfl/rankings/dst-cheatsheets.php,redraft-dst,rp,Philadelphia Eagles,8230,DST,PHI,5.48,1.61,4,11,,philadelphia-defense.php,,,81.3,,,,,,10.0,Philadelphia Eagles,2026-05-29,PHI
/nfl/rankings/dst-cheatsheets.php,redraft-dst,rp,New England Patriots,8180,DST,NE,6.77,1.41,1,9,,new-england-defense.php,,,80.9,,,,,,11.0,New England Patriots,2026-05-29,NEP
/nfl/rankings/dst-cheatsheets.php,redraft-dst,rp,Minnesota Vikings,8170,DST,MIN,7.1,2.16,5,17,,minnesota-defense.php,,,63.6,,,,,,6.0,Minnesota Vikings,2026-05-29,MIN
/nfl/rankings/dst-cheatsheets.php,redraft-dst,rp,Jacksonville Jaguars,8140,DST,JAC,8.57,1.67,6,14,,jacksonville-defense.php,,,65.5,,,,,,7.0,Jacksonville Jaguars,2026-05-29,JAC
/nfl/rankings/dst-cheatsheets.php,redraft-dst,rp,Pittsburgh Steelers,8240,DST,PIT,9.83,2.27,7,17,,pittsburgh-defense.php,,,66.0,,,,,,9.0,Pittsburgh Steelers,2026-05-29,PIT
/nfl/rankings/dst-cheatsheets.php,redraft-dst,rp,Cleveland Browns,8070,DST,CLE,11.03,2.82,3,18,,cleveland-defense.php,,,36.6,,,,,,11.0,Cleveland Browns,2026-05-29,CLE
/nfl/rankings/dst-cheatsheets.php,redraft-dst,rp,Los Angeles Chargers,8250,DST,LAC,10.43,1.47,7,13,,los-angeles-chargers-defense.php,,,48.3,,,,,,7.0,Los Angeles Chargers,2026-05-29,LAC
/nfl/rankings/dst-cheatsheets.php,redraft-dst,rp,Green Bay Packers,8110,DST,GB,12.07,2.46,9,20,,green-bay-defense.php,,,36.7,,,,,,11.0,Green Bay Packers,2026-05-29,GBP
/nfl/rankings/dst-cheatsheets.php,redraft-dst,rp,Baltimore Ravens,8020,DST,BAL,13.03,3.17,6,20,,baltimore-defense.php,,,42.7,,,,,,13.0,Baltimore Ravens,2026-05-29,BAL
/nfl/rankings/dst-cheatsheets.php,redraft-dst,rp,Kansas City Chiefs,8150,DST,KC,14.0,2.8,2,19,,kansas-city-defense.php,,,25.1,,,,,,5.0,Kansas City Chiefs,2026-05-29,KCC
/nfl/rankings/dst-cheatsheets.php,redraft-dst,rp,Detroit Lions,8100,DST,DET,15.03,2.43,10,20,,detroit-defense.php,,,39.6,,,,,,6.0,Detroit Lions,2026-05-29,DET
/nfl/rankings/dst-cheatsheets.php,redraft-dst,rp,Buffalo Bills,8030,DST,BUF,16.28,1.55,14,21,,buffalo-defense.php,,,32.7,,,,,,7.0,Buffalo Bills,2026-05-29,BUF
/nfl/rankings/dst-cheatsheets.php,redraft-dst,rp,Atlanta Falcons,8010,DST,ATL,18.23,3.96,7,29,,atlanta-defense.php,,,14.4,,,,,,11.0,Atlanta Falcons,2026-05-29,ATL
/nfl/rankings/dst-cheatsheets.php,redraft-dst,rp,Indianapolis Colts,8130,DST,IND,18.73,4.07,4,25,,indianapolis-defense.php,,,20.0,,,,,,13.0,Indianapolis Colts,2026-05-29,IND
/nfl/rankings/dst-cheatsheets.php,redraft-dst,rp,San Francisco 49ers,8270,DST,SF,18.66,4.74,3,27,,san-francisco-defense.php,,,27.5,,,,,,8.0,San Francisco 49ers,2026-05-29,SFO
/nfl/rankings/dst-cheatsheets.php,redraft-dst,rp,Chicago Bears,8050,DST,CHI,18.72,6.33,3,27,,chicago-defense.php,,,16.6,,,,,,10.0,Chicago Bears,2026-05-29,CHI
/nfl/rankings/dst-cheatsheets.php,redraft-dst,rp,New Orleans Saints,8190,DST,NO,19.38,4.11,6,24,,new-orleans-defense.php,,,23.5,,,,,,8.0,New Orleans Saints,2026-05-29,NOS
/nfl/rankings/dst-cheatsheets.php,redraft-dst,rp,New York Giants,8200,DST,NYG,20.6,6.21,4,27,,new-york-giants-defense.php,,,27.5,,,,,,8.0,New York Giants,2026-05-29,NYG
/nfl/rankings/dst-cheatsheets.php,redraft-dst,rp,Dallas Cowboys,8080,DST,DAL,20.38,6.16,5,29,,dallas-defense.php,,,20.2,,,,,,14.0,Dallas Cowboys,2026-05-29,DAL
/nfl/rankings/dst-cheatsheets.php,redraft-dst,rp,Carolina Panthers,8040,DST,CAR,20.14,3.88,7,24,,carolina-defense.php,,,9.2,,,,,,5.0,Carolina Panthers,2026-05-29,CAR
/nfl/rankings/dst-cheatsheets.php,redraft-dst,rp,Miami Dolphins,8160,DST,MIA,23.23,5.51,8,30,,miami-defense.php,,,10.9,,,,,,6.0,Miami Dolphins,2026-05-29,MIA
/nfl/rankings/dst-cheatsheets.php,redraft-dst,rp,Tampa Bay Buccaneers,8290,DST,TB,22.97,4.63,10,27,,tampa-bay-defense.php,,,23.4,,,,,,10.0,Tampa Bay Buccaneers,2026-05-29,TBB
/nfl/rankings/dst-cheatsheets.php,redraft-dst,rp,Washington Commanders,8310,DST,WAS,24.53,6.34,6,30,,washington-defense.php,,,17.8,,,,,,7.0,Washington Commanders,2026-05-29,WAS
/nfl/rankings/dst-cheatsheets.php,redraft-dst,rp,Tennessee Titans,8300,DST,TEN,25.37,4.83,11,31,,tennessee-defense.php,,,12.7,,,,,,9.0,Tennessee Titans,2026-05-29,TEN
/nfl/rankings/dst-cheatsheets.php,redraft-dst,rp,Cincinnati Bengals,8060,DST,CIN,27.26,3.54,19,31,,cincinnati-defense.php,,,4.8,,,,,,6.0,Cincinnati Bengals,2026-05-29,CIN
/nfl/rankings/dst-cheatsheets.php,redraft-dst,rp,Las Vegas Raiders,8220,DST,LV,29.19,1.65,24,32,,las-vegas-defense.php,,,12.2,,,,,,13.0,Las Vegas Raiders,2026-05-29,LVR
/nfl/rankings/dst-cheatsheets.php,redraft-dst,rp,New York Jets,8210,DST,NYJ,30.79,1.06,28,32,,new-york-jets-defense.php,,,8.0,,,,,,13.0,New York Jets,2026-05-29,NYJ
/nfl/rankings/dst-cheatsheets.php,redraft-dst,rp,Arizona Cardinals,8000,DST,ARI,31.32,1.22,27,32,,arizona-defense.php,,,5.8,,,,,,14.0,Arizona Cardinals,2026-05-29,ARI
/nfl/rankings/idp-cheatsheets.php,redraft-idp,ro,Roquan Smith,17311,LB,BAL,4.0,2.83,2,8,,roquan-smith.php,,,72.3,,,,,,13.0,Roquan Smith,2026-05-29,BAL
/nfl/rankings/idp-cheatsheets.php,redraft-idp,ro,Aidan Hutchinson,22738,DL,DET,4.67,1.89,2,6,,aidan-hutchinson.php,,,79.6,,,,,,6.0,Aidan Hutchinson,2026-05-29,DET
/nfl/rankings/idp-cheatsheets.php,redraft-idp,ro,Zack Baun,19238,LB,PHI,7.0,4.97,3,14,,zack-baun.php,,,64.1,,,,,,10.0,Zack Baun,2026-05-29,PHI
/nfl/rankings/idp-cheatsheets.php,redraft-idp,ro,Maxx Crosby,18702,DL,LV,7.0,2.83,3,9,,maxx-crosby.php,,,78.8,,,,,,13.0,Maxx Crosby,2026-05-29,LVR
/nfl/rankings/idp-cheatsheets.php,redraft-idp,ro,Myles Garrett,16370,DL,CLE,7.67,4.71,1,11,,myles-garrett.php,,,84.4,,,,,,11.0,Myles Garrett,2026-05-29,CLE
/nfl/rankings/idp-cheatsheets.php,redraft-idp,ro,Fred Warner,17526,LB,SF,7.67,5.91,3,16,,fred-warner.php,,,75.7,,,,,,8.0,Fred Warner,2026-05-29,SFO
/nfl/rankings/idp-cheatsheets.php,redraft-idp,ro,Foyesade Oluokun,17607,LB,JAC,10.0,7.07,5,20,,foyesade-oluokun.php,,,69.1,,,,,,7.0,Foyesade Oluokun,2026-05-29,JAC
/nfl/rankings/idp-cheatsheets.php,redraft-idp,ro,Jamien Sherwood,23194,LB,NYJ,12.0,6.38,7,21,,jamien-sherwood.php,,,56.8,,,,,,13.0,Jamien Sherwood,2026-05-29,NYJ
/nfl/rankings/idp-cheatsheets.php,redraft-idp,ro,Zaire Franklin,17563,LB,GB,14.0,18.38,1,40,,zaire-franklin.php,,,45.3,,,,,,11.0,Zaire Franklin,2026-05-29,GBP
/nfl/rankings/idp-cheatsheets.php,redraft-idp,ro,Ernest Jones IV,23245,LB,SEA,16.0,7.12,10,26,,ernest-jones.php,,,56.8,,,,,,11.0,Ernest Jones,2026-05-29,SEA
/nfl/rankings/idp-cheatsheets.php,redraft-idp,ro,Blake Cashman,18421,LB,MIN,16.0,2.16,14,19,,blake-cashman.php,,,59.4,,,,,,6.0,Blake Cashman,2026-05-29,MIN
/nfl/rankings/idp-cheatsheets.php,redraft-idp,ro,Jordyn Brooks,19292,LB,MIA,17.0,8.49,5,23,,jordyn-brooks.php,,,78.4,,,,,,6.0,Jordyn Brooks,2026-05-29,MIA
/nfl/rankings/idp-cheatsheets.php,redraft-idp,ro,Robert Spillane,18103,LB,NE,18.67,10.87,10,34,,robert-spillane.php,,,41.3,,,,,,11.0,Robert Spillane,2026-05-29,NEP
/nfl/rankings/idp-cheatsheets.php,redraft-idp,ro,Alex Singleton,14399,LB,DEN,21.67,10.14,14,36,,alex-singleton.php,,,50.0,,,,,,10.0,Alex Singleton,2026-05-29,DEN
/nfl/rankings/idp-cheatsheets.php,redraft-idp,ro,Jack Campbell,25435,LB,DET,22.0,11.31,6,30,,jack-campbell.php,,,79.6,,,,,,6.0,Jack Campbell,2026-05-29,DET
/nfl/rankings/idp-cheatsheets.php,redraft-idp,ro,Kyle Hamilton,23494,DB,BAL,23.33,4.71,20,30,,kyle-hamilton.php,,,79.5,,,,,,13.0,Kyle Hamilton,2026-05-29,BAL
/nfl/rankings/idp-cheatsheets.php,redraft-idp,ro,Carson Schwesinger,27236,LB,CLE,24.33,12.26,7,33,,carson-schwesinger.php,,,77.0,,,,,,11.0,Carson Schwesinger,2026-05-29,CLE
/nfl/rankings/idp-cheatsheets.php,redraft-idp,ro,Budda Baker,16733,DB,ARI,24.67,12.26,16,42,,budda-baker.php,,,64.6,,,,,,14.0,Budda Baker,2026-05-29,ARI
/nfl/rankings/idp-cheatsheets.php,redraft-idp,ro,T.J. Edwards,18281,LB,CHI,25.0,24.75,7,60,,tj-edwards.php,,,34.5,,,,,,10.0,TJ Edwards,2026-05-29,CHI
/nfl/rankings/idp-cheatsheets.php,redraft-idp,ro,Nick Bosa,18199,DL,SF,25.33,9.03,15,37,,nick-bosa.php,,,74.3,,,,,,8.0,Nick Bosa,2026-05-29,SFO
/nfl/rankings/idp-cheatsheets.php,redraft-idp,ro,Edgerrin Cooper,26137,LB,GB,28.33,4.71,25,35,,edgerrin-cooper.php,,,46.9,,,,,,11.0,Edgerrin Cooper,2026-05-29,GBP
/nfl/rankings/idp-cheatsheets.php,redraft-idp,ro,Quay Walker,23729,LB,LV,29.33,3.09,25,32,,quay-walker.php,,,53.2,,,,,,13.0,Quay Walker,2026-05-29,LVR
/nfl/rankings/idp-cheatsheets.php,redraft-idp,ro,T.J. Watt,16469,LB,PIT,30.0,14.35,10,43,,tj-watt.php,,,66.1,,,,,,9.0,TJ Watt,2026-05-29,PIT
/nfl/rankings/idp-cheatsheets.php,redraft-idp,ro,Will Anderson Jr.,24717,DL,HOU,30.67,19.14,4,48,,will-anderson.php,,,76.6,,,,,,8.0,Will Anderson,2026-05-29,HOU
/nfl/rankings/idp-cheatsheets.php,redraft-idp,ro,Derwin James Jr.,17310,DB,LAC,31.0,7.07,26,41,,derwin-james.php,,,67.6,,,,,,7.0,Derwin James,2026-05-29,LAC
/nfl/rankings/idp-cheatsheets.php,redraft-idp,ro,Daiyan Henley,25436,LB,LAC,31.33,14.61,21,52,,daiyanhenley.php,,,46.8,,,,,,7.0,Daiyan Henley,2026-05-29,LAC
/nfl/rankings/idp-cheatsheets.php,redraft-idp,ro,Nick Bolton,22689,LB,KC,33.67,3.09,31,38,,nick-bolton.php,,,68.0,,,,,,5.0,Nick Bolton,2026-05-29,KCC
/nfl/rankings/idp-cheatsheets.php,redraft-idp,ro,Bobby Wagner,11252,LB,FA,34.33,16.05,22,57,,bobby-wagner.php,,,32.3,,,,,,,Bobby Wagner,2026-05-29,FA
/nfl/rankings/idp-cheatsheets.php,redraft-idp,ro,Quincy Williams,18679,LB,CLE,36.33,0.47,36,37,,quincy-williams.php,,,31.2,,,,,,11.0,Quincy Williams,2026-05-29,CLE
/nfl/rankings/idp-cheatsheets.php,redraft-idp,ro,Brian Branch,25235,DB,DET,13.0,0.0,13,13,,brian-branch.php,,,60.7,,,,,,6.0,Brian Branch,2026-05-29,DET
/nfl/rankings/idp-cheatsheets.php,redraft-idp,ro,Antoine Winfield Jr.,19266,DB,TB,44.33,23.1,28,77,,antoine-winfield-s.php,,,37.6,,,,,,10.0,Antoine Winfield,2026-05-29,TBB
/nfl/rankings/idp-cheatsheets.php,redraft-idp,ro,Micah Parsons,19784,LB,GB,44.33,11.32,29,56,,micah-parsons.php,,,64.8,,,,,,11.0,Micah Parsons,2026-05-29,GBP
/nfl/rankings/idp-cheatsheets.php,redraft-idp,ro,Kaden Elliss,18716,LB,NO,17.0,0.0,17,17,,kaden-elliss.php,,,36.5,,,,,,8.0,Kaden Elliss,2026-05-29,NOS
/nfl/rankings/idp-cheatsheets.php,redraft-idp,ro,Jessie Bates III,17544,DB,ATL,45.67,15.08,35,67,,jessie-bates-iii.php,,,40.3,,,,,,11.0,Jessie Bates,2026-05-29,ATL
/nfl/rankings/idp-cheatsheets.php,redraft-idp,ro,Terrel Bernard,23772,LB,BUF,46.0,39.6,18,102,,terrel-bernard.php,,,35.1,,,,,,7.0,Terrel Bernard,2026-05-29,BUF
/nfl/rankings/idp-cheatsheets.php,redraft-idp,ro,Logan Wilson,19494,LB,FA,19.0,0.0,19,19,,logan-wilson.php,,,12.1,,,,,,,Logan Wilson,2026-05-29,FA
/nfl/rankings/idp-cheatsheets.php,redraft-idp,ro,Patrick Queen,19421,LB,PIT,48.33,8.99,41,61,,patrick-queen.php,,,37.6,,,,,,9.0,Patrick Queen,2026-05-29,PIT
/nfl/rankings/idp-cheatsheets.php,redraft-idp,ro,Tremaine Edmunds,17342,LB,NYG,49.0,11.34,33,58,,tremaine-edmunds.php,,,42.2,,,,,,8.0,Tremaine Edmunds,2026-05-29,NYG
/nfl/rankings/idp-cheatsheets.php,redraft-idp,ro,Lavonte David,11245,LB,FA,27.0,0.0,27,27,,lavonte-david.php,,,14.3,,,,,,,Lavonte David,2026-05-29,FA
/nfl/rankings/idp-cheatsheets.php,redraft-idp,ro,Tyler Nubin,26117,DB,NYG,52.0,18.38,39,78,,tyler-nubin.php,,,22.5,,,,,,8.0,Tyler Nubin,2026-05-29,NYG
/nfl/rankings/idp-cheatsheets.php,redraft-idp,ro,Jeremy Chinn,19429,DB,LV,52.0,9.2,45,65,,jeremy-chinn.php,,,39.3,,,,,,13.0,Jeremy Chinn,2026-05-29,LVR
/nfl/rankings/idp-cheatsheets.php,redraft-idp,ro,Xavier McKinney,19216,DB,GB,52.33,6.6,43,57,,xavier-mckinney.php,,,41.5,,,,,,11.0,Xavier McKinney,2026-05-29,GBP
/nfl/rankings/idp-cheatsheets.php,redraft-idp,ro,Azeez Al-Shaair,18361,LB,HOU,52.67,33.47,29,100,,azeez-al-shaair.php,,,31.5,,,,,,8.0,Azeez Al-Shaair,2026-05-29,HOU
/nfl/rankings/idp-cheatsheets.php,redraft-idp,ro,Frankie Luvu,17963,LB,WAS,34.0,0.0,34,34,,frankie-luvu.php,,,28.4,,,,,,7.0,Frankie Luvu,2026-05-29,WAS
/nfl/rankings/idp-cheatsheets.php,redraft-idp,ro,Danielle Hunter,14036,DL,HOU,56.33,32.22,11,83,,danielle-hunter.php,,,59.4,,,,,,8.0,Danielle Hunter,2026-05-29,HOU
/nfl/rankings/idp-cheatsheets.php,redraft-idp,ro,Nick Cross,24198,DB,WAS,56.33,4.71,53,63,,nick-cross.php,,,52.0,,,,,,7.0,Nick Cross,2026-05-29,WAS
/nfl/rankings/idp-cheatsheets.php,redraft-idp,ro,Devin Lloyd,23710,LB,CAR,57.0,2.16,54,59,,devin-lloyd.php,,,40.8,,,,,,5.0,Devin Lloyd,2026-05-29,CAR
/nfl/rankings/idp-cheatsheets.php,redraft-idp,ro,Kevin Byard III,15635,DB,NE,58.33,12.5,49,76,,kevin-byard.php,,,31.4,,,,,,11.0,Kevin Byard,2026-05-29,NEP
/nfl/rankings/idp-cheatsheets.php,redraft-idp,ro,Trey Hendrickson,16719,DL,BAL,58.33,10.37,51,73,,trey-hendrickson.php,,,48.8,,,,,,13.0,Trey Hendrickson,2026-05-29,BAL
/nfl/rankings/idp-cheatsheets.php,redraft-idp,ro,Julian Love,18243,DB,SEA,40.0,2.0,38,42,,julian-love.php,,,45.0,,,,,,11.0,Julian Love,2026-05-29,SEA
/nfl/rankings/idp-cheatsheets.php,redraft-idp,ro,Jaquan Brisker,23719,DB,PIT,40.0,2.0,38,42,,jaquan-brisker.php,,,30.1,,,,,,9.0,Jaquan Brisker,2026-05-29,PIT
/nfl/rankings/idp-cheatsheets.php,redraft-idp,ro,Jared Verse,25234,DL,LAR,60.33,27.01,23,86,,jared-verse.php,,,53.3,,,,,,11.0,Jared Verse,2026-05-29,LAR
/nfl/rankings/idp-cheatsheets.php,redraft-idp,ro,Bobby Okereke,18678,LB,FA,40.5,0.5,40,41,,bobby-okereke.php,,,29.5,,,,,,,Bobby Okereke,2026-05-29,FA
/nfl/rankings/idp-cheatsheets.php,redraft-idp,ro,Alex Anzalone,16720,LB,TB,62.0,5.35,55,68,,alex-anzalone.php,,,27.3,,,,,,10.0,Alex Anzalone,2026-05-29,TBB
/nfl/rankings/idp-cheatsheets.php,redraft-idp,ro,Jeffery Simmons,18207,DL,TEN,62.33,32.06,17,85,,jeffery-simmons.php,,,73.7,,,,,,9.0,Jeffery Simmons,2026-05-29,TEN
/nfl/rankings/idp-cheatsheets.php,redraft-idp,ro,Grant Delpit,19203,DB,CLE,44.0,0.0,44,44,,grant-delpit.php,,,22.6,,,,,,11.0,Grant Delpit,2026-05-29,CLE
/nfl/rankings/idp-cheatsheets.php,redraft-idp,ro,Demario Davis,11293,LB,NYJ,63.33,16.03,52,86,,demario-davis.php,,,33.7,,,,,,13.0,Demario Davis,2026-05-29,NYJ
/nfl/rankings/idp-cheatsheets.php,redraft-idp,ro,Brian Burns,18223,DL,NYG,45.0,36.0,9,81,,brian-burns.php,,,71.2,,,,,,8.0,Brian Burns,2026-05-29,NYG
/nfl/rankings/idp-cheatsheets.php,redraft-idp,ro,Minkah Fitzpatrick,17278,DB,NYJ,64.0,1.41,62,65,,minkah-fitzpatrick.php,,,28.4,,,,,,13.0,Minkah Fitzpatrick,2026-05-29,NYJ
/nfl/rankings/idp-cheatsheets.php,redraft-idp,ro,DeShon Elliott,17344,DB,PIT,70.0,34.65,45,119,,deshon-elliott.php,,,19.6,,,,,,9.0,DeShon Elliott,2026-05-29,PIT
/nfl/rankings/idp-cheatsheets.php,redraft-idp,ro,Nate Landman,24674,LB,LAR,64.33,4.64,58,69,,nathan-landman.php,,,48.7,,,,,,11.0,Nate Landman,2026-05-29,LAR
/nfl/rankings/idp-cheatsheets.php,redraft-idp,ro,Joshua Metellus,19580,DB,MIN,47.0,0.0,47,47,,josh-metellus.php,,,27.7,,,,,,6.0,Joshua Metellus,2026-05-29,MIN
/nfl/rankings/idp-cheatsheets.php,redraft-idp,ro,Brandon Jones,19248,DB,DEN,49.5,0.5,49,50,,brandon-jones-s.php,,,21.8,,,,,,10.0,Brandon Jones,2026-05-29,DEN
/nfl/rankings/idp-cheatsheets.php,redraft-idp,ro,Andrew Van Ginkel,18573,LB,MIN,67.0,28.3,27,88,,andrew-van-ginkel.php,,,58.2,,,,,,6.0,Andrew Van Ginkel,2026-05-29,MIN
/nfl/rankings/idp-cheatsheets.php,redraft-idp,ro,Alex Highsmith,19316,LB,PIT,54.0,36.0,18,90,,alex-highsmith.php,,,44.9,,,,,,9.0,Alex Highsmith,2026-05-29,PIT
/nfl/rankings/idp-cheatsheets.php,redraft-idp,ro,Tyrel Dodson,18584,LB,MIA,77.67,33.47,54,125,,tyrel-dodson.php,,,41.5,,,,,,6.0,Tyrel Dodson,2026-05-29,MIA
/nfl/rankings/idp-cheatsheets.php,redraft-idp,ro,Cody Barton,18542,LB,TEN,55.0,0.0,55,55,,cody-barton.php,,,20.2,,,,,,9.0,Cody Barton,2026-05-29,TEN
/nfl/rankings/idp-cheatsheets.php,redraft-idp,ro,Sonny Styles,27216,LB,WAS,12.0,0.0,12,12,,sonny-styles.php,,,48.0,,,,,,7.0,Sonny Styles,2026-05-29,WAS
/nfl/rankings/idp-cheatsheets.php,redraft-idp,ro,Cedric Gray,26168,LB,TEN,13.0,0.0,13,13,,cedric-gray.php,,,61.1,,,,,,9.0,Cedric Gray,2026-05-29,TEN
/nfl/rankings/idp-cheatsheets.php,redraft-idp,ro,Greg Rousseau,19787,DL,BUF,72.0,15.56,61,94,,gregory-rousseau.php,,,33.3,,,,,,7.0,Gregory Rousseau,2026-05-29,BUF
/nfl/rankings/idp-cheatsheets.php,redraft-idp,ro,Jordan Battle,23471,DB,CIN,60.0,0.0,60,60,,jordan-battle.php,,,34.2,,,,,,6.0,Jordan Battle,2026-05-29,CIN
/nfl/rankings/idp-cheatsheets.php,redraft-idp,ro,Tre'von Moehrig,22699,DB,CAR,73.67,4.92,68,80,,trevon-moehrig.php,,,42.2,,,,,,5.0,Trevon Moehrig,2026-05-29,CAR
/nfl/rankings/idp-cheatsheets.php,redraft-idp,ro,Lawrence Wilson,9997,LB,FA,22.0,0.0,22,22,,lawrence-wilson.php,,,0.0,,,,,,,Lawrence Wilson,2026-05-29,FA
/nfl/rankings/idp-cheatsheets.php,redraft-idp,ro,Byron Young,25449,DL,LAR,22.0,0.0,22,22,,byron-young-edge.php,,,49.4,,,,,,11.0,Byron Young,2026-05-29,LAR
/nfl/rankings/idp-cheatsheets.php,redraft-idp,ro,Tuli Tuipulotu,25364,DL,LAC,24.0,0.0,24,24,,tuli-tuipulotu.php,,,43.7,,,,,,7.0,Tuli Tuipulotu,2026-05-29,LAC
/nfl/rankings/idp-cheatsheets.php,redraft-idp,ro,Nik Bonitto,23763,DL,DEN,63.0,35.0,28,98,,nik-bonitto.php,,,55.8,,,,,,10.0,Nik Bonitto,2026-05-29,DEN
/nfl/rankings/idp-cheatsheets.php,redraft-idp,ro,Germaine Pratt,18291,LB,FA,63.0,4.0,59,67,,germaine-pratt.php,,,14.9,,,,,,,Germaine Pratt,2026-05-29,FA
/nfl/rankings/idp-cheatsheets.php,redraft-idp,ro,Reed Blankenship,22754,DB,HOU,63.0,1.0,62,64,,reed-blankenship.php,,,20.3,,,,,,8.0,Reed Blankenship,2026-05-29,HOU
/nfl/rankings/idp-cheatsheets.php,redraft-idp,ro,Jalen Pitre,23721,DB,HOU,82.67,27.82,62,122,,jalen-pitre.php,,,43.0,,,,,,8.0,Jalen Pitre,2026-05-29,HOU
/nfl/rankings/idp-cheatsheets.php,redraft-idp,ro,Quentin Lake,24302,DB,LAR,76.67,2.49,74,80,,quentin-lake.php,,,42.0,,,,,,11.0,Quentin Lake,2026-05-29,LAR
/nfl/rankings/idp-cheatsheets.php,redraft-idp,ro,Dre Greenlaw,18310,LB,SF,90.67,37.03,63,143,,dre-greenlaw.php,,,23.6,,,,,,8.0,Dre Greenlaw,2026-05-29,SFO
/nfl/rankings/idp-cheatsheets.php,redraft-idp,ro,Nick Emmanwori,27053,DB,SEA,31.0,0.0,31,31,,nick-emmanwori.php,,,66.8,,,,,,11.0,Nick Emmanwori,2026-05-29,SEA
/nfl/rankings/idp-cheatsheets.php,redraft-idp,ro,Kam Curl,19459,DB,LAR,32.0,0.0,32,32,,kamren-curl.php,,,55.4,,,,,,11.0,Kam Curl,2026-05-29,LAR
/nfl/rankings/idp-cheatsheets.php,redraft-idp,ro,Jack Sanborn,23841,LB,CHI,69.0,1.0,68,70,,jack-sanborn.php,,,8.3,,,,,,10.0,Jack Sanborn,2026-05-29,CHI
/nfl/rankings/idp-cheatsheets.php,redraft-idp,ro,Christian Rozeboom,19713,LB,TB,69.5,0.5,69,70,,christian-rozeboom.php,,,23.0,,,,,,10.0,Christian Rozeboom,2026-05-29,TBB
/nfl/rankings/idp-cheatsheets.php,redraft-idp,ro,DeForest Buckner,15494,DL,IND,80.0,12.73,71,98,,deforest-buckner.php,,,39.6,,,,,,13.0,DeForest Buckner,2026-05-29,IND
/nfl/rankings/idp-cheatsheets.php,redraft-idp,ro,Devin Bush Jr.,18237,LB,CHI,39.0,0.0,39,39,,devin-bush.php,,,41.4,,,,,,10.0,Devin Bush,2026-05-29,CHI
/nfl/rankings/idp-cheatsheets.php,redraft-idp,ro,Talanoa Hufanga,22817,DB,DEN,81.33,11.59,66,94,,talanoa-hufanga.php,,,57.5,,,,,,10.0,Talanoa Hufanga,2026-05-29,DEN
/nfl/rankings/idp-cheatsheets.php,redraft-idp,ro,Caleb Downs,27950,DB,DAL,44.0,0.0,44,44,,caleb-downs.php,,,51.2,,,,,,14.0,Caleb Downs,2026-05-29,DAL
/nfl/rankings/idp-cheatsheets.php,redraft-idp,ro,Dillon Thieneman,27967,DB,CHI,45.0,0.0,45,45,,dillon-thieneman.php,,,33.7,,,,,,10.0,Dillon Thieneman,2026-05-29,CHI
/nfl/rankings/idp-cheatsheets.php,redraft-idp,ro,Josh Sweat,17363,DL,ARI,46.0,0.0,46,46,,josh-sweat.php,,,27.7,,,,,,14.0,Josh Sweat,2026-05-29,ARI
/nfl/rankings/idp-cheatsheets.php,redraft-idp,ro,Laiatu Latu,26096,DL,IND,47.0,0.0,47,47,,laiatu-latu.php,,,28.1,,,,,,13.0,Laiatu Latu,2026-05-29,IND
/nfl/rankings/idp-cheatsheets.php,redraft-idp,ro,Jonathan Greenard,19276,DL,PHI,88.0,20.61,67,116,,jonathan-greenard.php,,,38.0,,,,,,10.0,Jonathan Greenard,2026-05-29,PHI
/nfl/rankings/idp-cheatsheets.php,redraft-idp,ro,DeMarcus Lawrence,12217,DL,SEA,48.0,0.0,48,48,,demarcus-lawrence.php,,,21.3,,,,,,11.0,DeMarcus Lawrence,2026-05-29,SEA
/nfl/rankings/idp-cheatsheets.php,redraft-idp,ro,Devon Witherspoon,25243,DB,SEA,87.33,18.19,73,113,,devon-witherspoon.php,,,43.4,,,,,,11.0,Devon Witherspoon,2026-05-29,SEA
/nfl/rankings/idp-cheatsheets.php,redraft-idp,ro,Cameron Heyward,9862,DL,PIT,49.0,0.0,49,49,,cameron-heyward.php,,,25.5,,,,,,9.0,Cameron Heyward,2026-05-29,PIT
/nfl/rankings/idp-cheatsheets.php,redraft-idp,ro,Abdul Carter,27022,DL,NYG,50.0,0.0,50,50,,abdul-carter.php,,,43.1,,,,,,8.0,Abdul Carter,2026-05-29,NYG
/nfl/rankings/idp-cheatsheets.php,redraft-idp,ro,Jalen Thompson,19108,DB,DAL,90.33,21.01,74,120,,jalen-thompson.php,,,19.4,,,,,,14.0,Jalen Thompson,2026-05-29,DAL
/nfl/rankings/idp-cheatsheets.php,redraft-idp,ro,Arvell Reese,28053,LB,NYG,51.0,0.0,51,51,,arvell-reese.php,,,46.7,,,,,,8.0,Arvell Reese,2026-05-29,NYG
/nfl/rankings/idp-cheatsheets.php,redraft-idp,ro,Demetrius Knight Jr.,27299,LB,CIN,84.33,3.77,79,87,,demetrius-knight-jr.php,,,32.6,,,,,,6.0,Demetrius Knight,2026-05-29,CIN
/nfl/rankings/idp-cheatsheets.php,redraft-idp,ro,Payton Wilson,26183,LB,PIT,76.5,20.5,56,97,,payton-wilson.php,,,27.7,,,,,,9.0,Payton Wilson,2026-05-29,PIT
/nfl/rankings/idp-cheatsheets.php,redraft-idp,ro,Mack Wilson Sr.,18251,LB,ARI,85.67,13.02,75,104,,mack-wilson.php,,,18.6,,,,,,14.0,Mack Wilson,2026-05-29,ARI
/nfl/rankings/idp-cheatsheets.php,redraft-idp,ro,CJ Allen,27970,LB,IND,53.0,0.0,53,53,,cj-allen.php,,,27.3,,,,,,13.0,CJ Allen,2026-05-29,IND
/nfl/rankings/idp-cheatsheets.php,redraft-idp,ro,Kenneth Murray Jr.,19212,LB,FA,77.5,5.5,72,83,,kenneth-murray.php,,,9.9,,,,,,,Kenneth Murray,2026-05-29,FA
/nfl/rankings/idp-cheatsheets.php,redraft-idp,ro,Cam Bynum,22757,DB,IND,78.5,1.5,77,80,,camryn-bynum.php,,,23.9,,,,,,13.0,Cam Bynum,2026-05-29,IND
/nfl/rankings/idp-cheatsheets.php,redraft-idp,ro,Tyrice Knight,24112,LB,SEA,78.5,0.5,78,79,,tyrice-knight.php,,,13.7,,,,,,11.0,Tyrice Knight,2026-05-29,SEA
/nfl/rankings/idp-cheatsheets.php,redraft-idp,ro,Josiah Trotter,28077,LB,TB,59.0,0.0,59,59,,josiah-trotter.php,,,25.0,,,,,,10.0,Josiah Trotter,2026-05-29,TBB
/nfl/rankings/idp-cheatsheets.php,redraft-idp,ro,Josh Hines-Allen,18201,DL,JAC,81.5,10.5,71,92,,josh-allen-olb.php,,,41.3,,,,,,7.0,Josh Hines-Allen,2026-05-29,JAC
/nfl/rankings/idp-cheatsheets.php,redraft-idp,ro,Jordan Hicks,14172,LB,FA,82.0,0.0,82,82,,jordan-hicks.php,,,1.0,,,,,,,Jordan Hicks,2026-05-29,FA
/nfl/rankings/idp-cheatsheets.php,redraft-idp,ro,Tykee Smith,23751,DB,TB,64.0,0.0,64,64,,tykee-smith.php,,,55.7,,,,,,10.0,Tykee Smith,2026-05-29,TBB
/nfl/rankings/idp-cheatsheets.php,redraft-idp,ro,Rueben Bain Jr.,28772,DL,TB,69.0,0.0,69,69,,rueben-bain.php,,,36.8,,,,,,10.0,Rueben Bain,2026-05-29,TBB
/nfl/rankings/idp-cheatsheets.php,redraft-idp,ro,Jihaad Campbell,27051,LB,PHI,90.33,3.4,87,95,,jihaad-campbell.php,,,31.3,,,,,,10.0,Jihaad Campbell,2026-05-29,PHI
/nfl/rankings/idp-cheatsheets.php,redraft-idp,ro,David Bailey,27191,DL,NYJ,70.0,0.0,70,70,,david-bailey-edge.php,,,13.0,,,,,,13.0,David Bailey,2026-05-29,NYJ
/nfl/rankings/idp-cheatsheets.php,redraft-idp,ro,Montez Sweat,18213,DL,CHI,72.0,0.0,72,72,,montez-sweat.php,,,36.2,,,,,,10.0,Montez Sweat,2026-05-29,CHI
/nfl/rankings/idp-cheatsheets.php,redraft-idp,ro,Chase Young,19195,DL,NO,74.0,0.0,74,74,,chase-young.php,,,30.9,,,,,,8.0,Chase Young,2026-05-29,NOS
/nfl/rankings/idp-cheatsheets.php,redraft-idp,ro,Dallas Turner,26097,DL,MIN,75.0,0.0,75,75,,dallas-turner.php,,,31.8,,,,,,6.0,Dallas Turner,2026-05-29,MIN
/nfl/rankings/idp-cheatsheets.php,redraft-idp,ro,Leonard Williams,13892,DL,SEA,88.0,5.0,83,93,,leonard-williams.php,,,31.7,,,,,,11.0,Leonard Williams,2026-05-29,SEA
/nfl/rankings/idp-cheatsheets.php,redraft-idp,ro,Zach Allen,18221,DL,DEN,89.0,1.0,88,90,,zach-allen.php,,,25.6,,,,,,10.0,Zach Allen,2026-05-29,DEN
/nfl/rankings/idp-cheatsheets.php,redraft-idp,ro,Xavier Watts,27067,DB,ATL,79.0,0.0,79,79,,xavier-watts.php,,,41.6,,,,,,11.0,Xavier Watts,2026-05-29,ATL
/nfl/rankings/idp-cheatsheets.php,redraft-idp,ro,Kamari Lassiter,26118,DB,HOU,81.0,0.0,81,81,,kamari-lassiter.php,,,49.0,,,,,,8.0,Kamari Lassiter,2026-05-29,HOU
/nfl/rankings/idp-cheatsheets.php,redraft-idp,ro,Cooper DeJean,26103,DB,PHI,82.0,0.0,82,82,,cooper-dejean.php,,,46.3,,,,,,10.0,Cooper DeJean,2026-05-29,PHI
/nfl/rankings/idp-cheatsheets.php,redraft-idp,ro,Carl Granderson,18295,DL,NO,84.0,0.0,84,84,,carl-granderson.php,,,34.5,,,,,,8.0,Carl Granderson,2026-05-29,NOS
/nfl/rankings/idp-cheatsheets.php,redraft-idp,ro,Travis Hunter,26034,WR,JAC,84.0,0.0,84,84,,travis-hunter.php,,,67.6,,,,,,7.0,Travis Hunter,2026-05-29,JAC
/nfl/rankings/idp-cheatsheets.php,redraft-idp,ro,Nakobe Dean,23702,LB,LV,85.0,0.0,85,85,,nakobe-dean.php,,,45.8,,,,,,13.0,Nakobe Dean,2026-05-29,LVR
/nfl/rankings/idp-cheatsheets.php,redraft-idp,ro,Kerby Joseph,23800,DB,DET,93.5,2.5,91,96,,kerby-joseph.php,,,22.3,,,,,,6.0,Kerby Joseph,2026-05-29,DET
/nfl/rankings/idp-cheatsheets.php,redraft-idp,ro,Eric Wilson,16691,LB,MIN,88.0,0.0,88,88,,eric-wilson.php,,,24.0,,,,,,6.0,Eric Wilson,2026-05-29,MIN
/nfl/rankings/idp-cheatsheets.php,redraft-idp,ro,Harold Landry III,17330,LB,NE,94.5,4.5,90,99,,harold-landry.php,,,35.0,,,,,,11.0,Harold Landry,2026-05-29,NEP
/nfl/rankings/idp-cheatsheets.php,redraft-idp,ro,Harrison Smith,11260,DB,FA,89.0,0.0,89,89,,harrison-smith.php,,,3.4,,,,,,,Harrison Smith,2026-05-29,FA
/nfl/rankings/idp-cheatsheets.php,redraft-idp,ro,Kyle Dugger,19337,DB,CIN,89.0,0.0,89,89,,kyle-dugger.php,,,4.0,,,,,,6.0,Kyle Dugger,2026-05-29,CIN
/nfl/rankings/idp-cheatsheets.php,redraft-idp,ro,Jordan Davis,22761,DL,PHI,91.0,0.0,91,91,,jordan-davis.php,,,20.4,,,,,,10.0,Jordan Davis,2026-05-29,PHI
/nfl/rankings/idp-cheatsheets.php,redraft-idp,ro,Micah McFadden,23872,LB,NYG,91.0,0.0,91,91,,micah-mcfadden.php,,,11.0,,,,,,8.0,Micah McFadden,2026-05-29,NYG
/nfl/rankings/idp-cheatsheets.php,redraft-idp,ro,Yaya Diaby,25264,DL,TB,92.0,0.0,92,92,,yaya-diaby.php,,,25.2,,,,,,10.0,YaYa Diaby,2026-05-29,TBB
/nfl/rankings/idp-cheatsheets.php,redraft-idp,ro,Paulson Adebo,19237,DB,NYG,110.5,18.5,92,129,,paulson-adebo.php,,,31.8,,,,,,8.0,Paulson Adebo,2026-05-29,NYG
/nfl/rankings/idp-cheatsheets.php,redraft-idp,ro,Matt Milano,16510,LB,FA,93.0,0.0,93,93,,matt-milano.php,,,6.8,,,,,,,Matt Milano,2026-05-29,FA
/nfl/rankings/idp-cheatsheets.php,redraft-idp,ro,Jalen Carter,24703,DL,PHI,93.0,0.0,93,93,,jalen-carter.php,,,37.7,,,,,,10.0,Jalen Carter,2026-05-29,PHI
/nfl/rankings/idp-cheatsheets.php,redraft-idp,ro,Dexter Lawrence II,18211,DL,CIN,94.0,0.0,94,94,,dexter-lawrence.php,,,24.9,,,,,,6.0,Dexter Lawrence,2026-05-29,CIN
/nfl/rankings/idp-cheatsheets.php,redraft-idp,ro,George Karlaftis III,23501,DL,KC,95.0,0.0,95,95,,george-karlaftis-iii.php,,,21.0,,,,,,5.0,George Karlaftis,2026-05-29,KCC
/nfl/rankings/idp-cheatsheets.php,redraft-idp,ro,Quinnen Williams,18200,DL,DAL,96.0,0.0,96,96,,quinnen-williams.php,,,42.4,,,,,,14.0,Quinnen Williams,2026-05-29,DAL
/nfl/rankings/idp-cheatsheets.php,redraft-idp,ro,Jaelan Phillips,22734,DL,CAR,97.0,0.0,97,97,,jaelan-phillips.php,,,25.6,,,,,,5.0,Jaelan Phillips,2026-05-29,CAR
/nfl/rankings/idp-cheatsheets.php,redraft-idp,ro,Drake Thomas,25905,LB,SEA,99.0,0.0,99,99,,drake-thomas.php,,,16.0,,,,,,11.0,Drake Thomas,2026-05-29,SEA
/nfl/rankings/idp-cheatsheets.php,redraft-idp,ro,Travon Walker,23724,DL,JAC,100.0,0.0,100,100,,travon-walker.php,,,28.4,,,,,,7.0,Travon Walker,2026-05-29,JAC
/nfl/rankings/idp-cheatsheets.php,redraft-idp,ro,Akeem Davis-Gaither,19261,LB,IND,101.0,0.0,101,101,,akeem-davis-gaither.php,,,11.0,,,,,,13.0,Akeem Davis-Gaither,2026-05-29,IND
/nfl/rankings/idp-cheatsheets.php,redraft-idp,ro,Leo Chenal,23808,LB,WAS,103.0,0.0,103,103,,leo-chenal.php,,,13.4,,,,,,7.0,Leo Chenal,2026-05-29,WAS
/nfl/rankings/idp-cheatsheets.php,redraft-idp,ro,DeMarvion Overshown,25314,LB,DAL,105.0,0.0,105,105,,demarvion-overshown.php,,,26.0,,,,,,14.0,DeMarvion Overshown,2026-05-29,DAL
/nfl/rankings/idp-cheatsheets.php,redraft-idp,ro,Anthony Hill Jr.,27954,LB,TEN,106.0,0.0,106,106,,anthony-hill-jr.php,,,26.8,,,,,,9.0,Anthony Hill,2026-05-29,TEN
/nfl/rankings/idp-cheatsheets.php,redraft-idp,ro,Jalon Walker,27027,LB,ATL,107.0,0.0,107,107,,jalon-walker.php,,,23.4,,,,,,11.0,Jalon Walker,2026-05-29,ATL
/nfl/rankings/idp-cheatsheets.php,redraft-idp,ro,Jermaine Johnson II,23733,DL,TEN,108.0,0.0,108,108,,jermaine-johnson.php,,,8.2,,,,,,9.0,Jermaine Johnson,2026-05-29,TEN
/nfl/rankings/idp-cheatsheets.php,redraft-idp,ro,Walter Nolen III,27030,DL,ARI,109.0,0.0,109,109,,walter-nolen.php,,,9.4,,,,,,14.0,Walter Nolen,2026-05-29,ARI
/nfl/rankings/idp-cheatsheets.php,redraft-idp,ro,Bradley Chubb,17277,LB,BUF,110.0,0.0,110,110,,bradley-chubb.php,,,23.5,,,,,,7.0,Bradley Chubb,2026-05-29,BUF
/nfl/rankings/idp-cheatsheets.php,redraft-idp,ro,Alontae Taylor,23747,DB,TEN,111.0,0.0,111,111,,alontae-taylor.php,,,23.5,,,,,,9.0,Alontae Taylor,2026-05-29,TEN
/nfl/rankings/idp-cheatsheets.php,redraft-idp,ro,Riley Moss,25459,DB,DEN,112.0,0.0,112,112,,riley-moss.php,,,11.2,,,,,,10.0,Riley Moss,2026-05-29,DEN
/nfl/rankings/idp-cheatsheets.php,redraft-idp,ro,Chamarri Conner,25509,DB,KC,114.0,0.0,114,114,,chamarri-conner.php,,,32.1,,,,,,5.0,Chamarri Conner,2026-05-29,KCC
/nfl/rankings/idp-cheatsheets.php,redraft-idp,ro,Nick Herbig,25464,LB,PIT,115.0,0.0,115,115,,nick-herbig.php,,,13.8,,,,,,9.0,Nick Herbig,2026-05-29,PIT
/nfl/rankings/idp-cheatsheets.php,redraft-idp,ro,Cameron Jordan,9886,DL,FA,117.0,0.0,117,117,,cameron-jordan.php,,,5.1,,,,,,,Cameron Jordan,2026-05-29,FA
/nfl/rankings/idp-cheatsheets.php,redraft-idp,ro,Khalil Mack,12169,LB,LAC,118.0,0.0,118,118,,khalil-mack.php,,,19.1,,,,,,7.0,Khalil Mack,2026-05-29,LAC
/nfl/rankings/idp-cheatsheets.php,redraft-idp,ro,Cole Bishop,26229,DB,BUF,121.0,0.0,121,121,,cole-bishop.php,,,23.4,,,,,,7.0,Cole Bishop,2026-05-29,BUF
/nfl/rankings/idp-cheatsheets.php,redraft-idp,ro,D'Angelo Ponds,27992,DB,NYJ,123.0,0.0,123,123,,dangelo-ponds.php,,,7.3,,,,,,13.0,DAngelo Ponds,2026-05-29,NYJ
/nfl/rankings/idp-cheatsheets.php,redraft-idp,ro,Drue Tranquill,18459,LB,KC,124.0,0.0,124,124,,drue-tranquill.php,,,16.3,,,,,,5.0,Drue Tranquill,2026-05-29,KCC
/nfl/rankings/idp-cheatsheets.php,redraft-idp,ro,Pete Werner,22809,LB,NO,126.0,0.0,126,126,,pete-werner.php,,,10.7,,,,,,8.0,Pete Werner,2026-05-29,NOS
/nfl/rankings/idp-cheatsheets.php,redraft-idp,ro,Divine Deablo,23208,LB,ATL,127.0,0.0,127,127,,divine-deablo.php,,,38.8,,,,,,11.0,Divine Deablo,2026-05-29,ATL
/nfl/rankings/idp-cheatsheets.php,redraft-idp,ro,Dru Phillips,26164,DB,NYG,128.0,0.0,128,128,,andru-phillips.php,,,9.2,,,,,,8.0,Andru Phillips,2026-05-29,NYG
/nfl/rankings/idp-cheatsheets.php,redraft-idp,ro,Kool-Aid McKinstry,26098,DB,NO,130.0,0.0,130,130,,kool-aid-mckinstry.php,,,14.4,,,,,,8.0,Kool-Aid McKinstry,2026-05-29,NOS
/nfl/rankings/idp-cheatsheets.php,redraft-idp,ro,Mike Sainristil,26126,DB,WAS,131.0,0.0,131,131,,mike-sainristil.php,,,16.1,,,,,,7.0,Mike Sainristil,2026-05-29,WAS
/nfl/rankings/idp-cheatsheets.php,redraft-idp,ro,Denzel Perryman,14047,LB,LAC,132.0,0.0,132,132,,denzel-perryman.php,,,4.2,,,,,,7.0,Denzel Perryman,2026-05-29,LAC
/nfl/rankings/idp-cheatsheets.php,redraft-idp,ro,Christian Elliss,23367,DL,NE,133.0,0.0,133,133,,christian-elliss.php,,,10.0,,,,,,11.0,Christian Elliss,2026-05-29,NEP
/nfl/rankings/idp-cheatsheets.php,redraft-idp,ro,Uchenna Nwosu,17448,LB,SEA,134.0,0.0,134,134,,uchenna-nwosu.php,,,8.6,,,,,,11.0,Uchenna Nwosu,2026-05-29,SEA
/nfl/rankings/idp-cheatsheets.php,redraft-idp,ro,Alex Wright,24540,DL,CLE,135.0,0.0,135,135,,alex-wright.php,,,10.4,,,,,,11.0,Alex Wright,2026-05-29,CLE
/nfl/rankings/idp-cheatsheets.php,redraft-idp,ro,Derrick Brown,19205,DL,CAR,136.0,0.0,136,136,,derrick-brown.php,,,33.8,,,,,,5.0,Derrick Brown,2026-05-29,CAR
/nfl/rankings/idp-cheatsheets.php,redraft-idp,ro,Chris Jones,15620,DL,KC,137.0,0.0,137,137,,chris-jones-dl.php,,,25.0,,,,,,5.0,Chris Jones,2026-05-29,KCC
/nfl/rankings/idp-cheatsheets.php,redraft-idp,ro,Rashan Gary,18209,LB,DAL,138.0,0.0,138,138,,rashan-gary.php,,,30.8,,,,,,14.0,Rashan Gary,2026-05-29,DAL
/nfl/rankings/idp-cheatsheets.php,redraft-idp,ro,K'Lavon Chaisson,19228,DL,WAS,139.0,0.0,139,139,,klavon-chaisson.php,,,7.3,,,,,,7.0,KLavon Chaisson,2026-05-29,WAS
/nfl/rankings/idp-cheatsheets.php,redraft-idp,ro,Jalen Redmond,25777,DL,MIN,140.0,0.0,140,140,,jalen-redmond.php,,,23.9,,,,,,6.0,Jalen Redmond,2026-05-29,MIN
/nfl/rankings/idp-cheatsheets.php,redraft-idp,ro,Byron Murphy II,26221,DL,SEA,141.0,0.0,141,141,,byron-murphy-ii.php,,,15.1,,,,,,11.0,Byron Murphy,2026-05-29,SEA
/nfl/rankings/idp-cheatsheets.php,redraft-idp,ro,Kobie Turner,25283,DL,LAR,142.0,0.0,142,142,,kobie-turner.php,,,17.1,,,,,,11.0,Kobie Turner,2026-05-29,LAR
/nfl/rankings/idp-cheatsheets.php,redraft-idp,ro,Jacob Rodriguez,28195,LB,MIA,144.0,0.0,144,144,,jacob-rodriguez.php,,,13.2,,,,,,6.0,Jacob Rodriguez,2026-05-29,MIA
/nfl/rankings/idp-cheatsheets.php,redraft-idp,ro,Henry To'oTo'o,23766,LB,HOU,145.0,0.0,145,145,,henry-too-too.php,,,26.1,,,,,,8.0,Henry TooToo,2026-05-29,HOU
/nfl/rankings/idp-cheatsheets.php,redraft-idp,ro,Barrett Carter,26108,LB,CIN,146.0,0.0,146,146,,barrett-carter.php,,,24.2,,,,,,6.0,Barrett Carter,2026-05-29,CIN
/nfl/rankings/idp-cheatsheets.php,redraft-idp,ro,Trevin Wallace,26182,LB,CAR,147.0,0.0,147,147,,trevin-wallace.php,,,12.6,,,,,,5.0,Trevin Wallace,2026-05-29,CAR
/nfl/rankings/idp-cheatsheets.php,redraft-idp,ro,Derrick Barnes,23210,LB,DET,148.0,0.0,148,148,,derrick-barnes.php,,,12.0,,,,,,6.0,Derrick Barnes,2026-05-29,DET
/nfl/rankings/idp-cheatsheets.php,redraft-idp,ro,Tyson Campbell,22706,DB,CLE,149.0,0.0,149,149,,tyson-campbell.php,,,27.1,,,,,,11.0,Tyson Campbell,2026-05-29,CLE
/nfl/rankings/idp-cheatsheets.php,redraft-idp,ro,DaRon Bland,24551,DB,DAL,150.0,0.0,150,150,,daron-bland.php,,,22.1,,,,,,14.0,DaRon Bland,2026-05-29,DAL
/nfl/rankings/k-cheatsheets.php,redraft-k,rp,Brandon Aubrey,26068,K,DAL,1.12,0.58,1,4,,brandon-aubrey.php,,,96.3,,,,,,14.0,Brandon Aubrey,2026-05-29,DAL
/nfl/rankings/k-cheatsheets.php,redraft-k,rp,Ka'imi Fairbairn,15756,K,HOU,2.78,2.02,2,12,,kaimi-fairbairn.php,,,86.5,,,,,,8.0,Kaimi Fairbairn,2026-05-29,HOU
/nfl/rankings/k-cheatsheets.php,redraft-k,rp,Cameron Dicker,23901,K,LAC,3.81,1.06,2,8,,cameron-dicker.php,,,93.7,,,,,,7.0,Cameron Dicker,2026-05-29,LAC
/nfl/rankings/k-cheatsheets.php,redraft-k,rp,Cam Little,26475,K,JAC,4.22,2.47,2,13,,cam-little.php,,,83.7,,,,,,7.0,Cam Little,2026-05-29,JAC
/nfl/rankings/k-cheatsheets.php,redraft-k,rp,Jason Myers,14003,K,SEA,4.96,1.26,3,10,,jason-myers.php,,,89.9,,,,,,11.0,Jason Myers,2026-05-29,SEA
/nfl/rankings/k-cheatsheets.php,redraft-k,rp,Eddy Pineiro,17575,K,SF,7.74,2.08,6,13,,eddy-pineiro.php,,,67.2,,,,,,8.0,Eddy Pineiro,2026-05-29,SFO
/nfl/rankings/k-cheatsheets.php,redraft-k,rp,Tyler Loop,27534,K,BAL,8.85,3.74,6,21,,tyler-loop.php,,,55.2,,,,,,13.0,Tyler Loop,2026-05-29,BAL
/nfl/rankings/k-cheatsheets.php,redraft-k,rp,Evan McPherson,23297,K,CIN,9.3,2.89,5,16,,evan-mcpherson.php,,,44.5,,,,,2.0,6.0,Evan McPherson,2026-05-29,CIN
/nfl/rankings/k-cheatsheets.php,redraft-k,rp,Andy Borregales,27291,K,NE,10.33,3.61,7,21,,andres-borregales.php,,,34.0,,,,,,11.0,Andy Borregales,2026-05-29,NEP
/nfl/rankings/k-cheatsheets.php,redraft-k,rp,Cairo Santos,13731,K,CHI,11.0,2.64,8,20,,cairo-santos.php,,,24.4,,,,,,10.0,Cairo Santos,2026-05-29,CHI
/nfl/rankings/k-cheatsheets.php,redraft-k,rp,Harrison Butker,16712,K,KC,11.74,3.85,2,18,,harrison-butker.php,,,39.5,,,,,,5.0,Harrison Butker,2026-05-29,KCC
/nfl/rankings/k-cheatsheets.php,redraft-k,rp,Chase McLaughlin,19058,K,TB,11.81,2.51,9,20,,chase-mclaughlin.php,,,24.3,,,,,,10.0,Chase McLaughlin,2026-05-29,TBB
/nfl/rankings/k-cheatsheets.php,redraft-k,rp,Jake Bates,26075,K,DET,12.85,2.88,6,24,,jake-bates.php,,,42.9,,,,,,6.0,Jake Bates,2026-05-29,DET
/nfl/rankings/k-cheatsheets.php,redraft-k,rp,Chris Boswell,13029,K,PIT,13.19,4.64,1,25,,chris-boswell.php,,,42.5,,,,,,9.0,Chris Boswell,2026-05-29,PIT
/nfl/rankings/k-cheatsheets.php,redraft-k,rp,Will Reichard,26341,K,MIN,13.59,4.24,5,19,,will-reichard.php,,,22.5,,,,,-2.0,6.0,Will Reichard,2026-05-29,MIN
/nfl/rankings/k-cheatsheets.php,redraft-k,rp,Wil Lutz,16026,K,DEN,15.04,4.15,2,20,,wil-lutz.php,,,7.5,,,,,,10.0,Wil Lutz,2026-05-29,DEN
/nfl/rankings/k-cheatsheets.php,redraft-k,rp,Harrison Mevis,26638,K,LAR,15.12,3.49,8,26,,harrison-mevis.php,,,39.9,,,,,,11.0,Harrison Mevis,2026-05-29,LAR
/nfl/rankings/k-cheatsheets.php,redraft-k,rp,Charlie Smyth,26444,K,NO,18.11,3.46,7,27,,charlie-smyth.php,,,2.5,,,,,,8.0,Charlie Smyth,2026-05-29,NOS
/nfl/rankings/k-cheatsheets.php,redraft-k,rp,Chad Ryland,25354,K,ARI,18.41,4.59,4,25,,chad-ryland.php,,,2.9,,,,,,14.0,Chad Ryland,2026-05-29,ARI
/nfl/rankings/k-cheatsheets.php,redraft-k,rp,Jake Elliott,16540,K,PHI,19.33,3.61,7,23,,jake-elliott.php,,,8.7,,,,,,10.0,Jake Elliott,2026-05-29,PHI
/nfl/rankings/k-cheatsheets.php,redraft-k,rp,Zane Gonzalez,16548,K,MIA,20.11,6.19,3,30,,zane-gonzalez.php,,,2.0,,,,,,6.0,Zane Gonzalez,2026-05-29,MIA
/nfl/rankings/k-cheatsheets.php,redraft-k,rp,Blake Grupe,25533,K,IND,20.41,4.78,8,26,,blake-grupe.php,,,2.4,,,,,,13.0,Blake Grupe,2026-05-29,IND
/nfl/rankings/k-cheatsheets.php,redraft-k,rp,Joey Slye,19028,K,TEN,22.48,5.22,6,31,,joey-slye.php,,,3.0,,,,,,9.0,Joey Slye,2026-05-29,TEN
/nfl/rankings/k-cheatsheets.php,redraft-k,rp,Ryan Fitzgerald,27261,K,CAR,23.07,5.13,7,28,,ryan-fitzgerald.php,,,2.0,,,,,,5.0,Ryan Fitzgerald,2026-05-29,CAR
/nfl/rankings/k-cheatsheets.php,redraft-k,rp,Daniel Carlson,17420,K,LV,22.56,3.81,11,26,,daniel-carlson.php,,,1.2,,,,,,13.0,Daniel Carlson,2026-05-29,LVR
/nfl/rankings/k-cheatsheets.php,redraft-k,rp,Brandon McManus,13274,K,FA,20.71,4.82,9,28,,brandon-mcmanus.php,,,2.2,,,,,,,Brandon McManus,2026-05-29,FA
/nfl/rankings/k-cheatsheets.php,redraft-k,rp,Nick Folk,9491,K,ATL,25.18,5.82,10,32,,nick-folk.php,,,5.7,,,,,,11.0,Nick Folk,2026-05-29,ATL
/nfl/rankings/k-cheatsheets.php,redraft-k,rp,Ben Sauls,27798,K,NYG,25.19,4.61,11,30,,ben-sauls.php,,,2.3,,,,,,8.0,Ben Sauls,2026-05-29,NYG
/nfl/rankings/k-cheatsheets.php,redraft-k,rp,Tyler Bass,19760,K,BUF,26.5,6.29,14,35,,tyler-bass.php,,,10.2,,,,,,7.0,Tyler Bass,2026-05-29,BUF
/nfl/rankings/k-cheatsheets.php,redraft-k,rp,Trey Smack,28507,K,GB,24.4,4.22,18,29,,trey-smack.php,,,5.7,,,,,,11.0,Trey Smack,2026-05-29,GBP
/nfl/rankings/k-cheatsheets.php,redraft-k,rp,Jason Sanders,17533,K,NYG,28.25,3.17,22,31,,jason-sanders.php,,,5.4,,,,,,8.0,Jason Sanders,2026-05-29,NYG
/nfl/rankings/k-cheatsheets.php,redraft-k,rp,Jake Moody,24009,K,WAS,29.0,1.62,26,31,,jake-moody.php,,,2.2,,,,,,7.0,Jake Moody,2026-05-29,WAS
/nfl/rankings/k-cheatsheets.php,redraft-k,rp,Andre Szmyt,25713,K,CLE,30.82,3.27,24,33,,andre-szmyt.php,,,2.1,,,,,,11.0,Andre Szmyt,2026-05-29,CLE
/nfl/rankings/k-cheatsheets.php,redraft-k,rp,Cade York,24549,K,NYJ,32.78,3.01,29,40,,cade-york.php,,,10.1,,,,,,13.0,Cade York,2026-05-29,NYJ
/nfl/rankings/k-cheatsheets.php,redraft-k,rp,Matt Gay,18545,K,LV,32.2,1.83,29,34,,matt-gay.php,,,5.4,,,,,,13.0,Matt Gay,2026-05-29,LVR
/nfl/rankings/lb-cheatsheets.php,redraft-lb,rp,Roquan Smith,17311,LB,BAL,3.0,1.0,2,4,,roquan-smith.php,,,72.3,,,,,,13.0,Roquan Smith,2026-05-29,BAL
/nfl/rankings/lb-cheatsheets.php,redraft-lb,rp,Zack Baun,19238,LB,PHI,5.25,2.77,3,10,,zack-baun.php,,,64.1,,,,,1.0,10.0,Zack Baun,2026-05-29,PHI
/nfl/rankings/lb-cheatsheets.php,redraft-lb,rp,Fred Warner,17526,LB,SF,6.75,3.77,3,11,,fred-warner.php,,,75.7,,,,,-1.0,8.0,Fred Warner,2026-05-29,SFO
/nfl/rankings/lb-cheatsheets.php,redraft-lb,rp,Foyesade Oluokun,17607,LB,JAC,8.0,3.67,5,14,,foyesade-oluokun.php,,,69.1,,,,,,7.0,Foyesade Oluokun,2026-05-29,JAC
/nfl/rankings/lb-cheatsheets.php,redraft-lb,rp,Jordyn Brooks,19292,LB,MIA,8.5,7.5,1,16,,jordyn-brooks.php,,,78.4,,,,,2.0,6.0,Jordyn Brooks,2026-05-29,MIA
/nfl/rankings/lb-cheatsheets.php,redraft-lb,rp,Jamien Sherwood,23194,LB,NYJ,10.0,4.06,6,15,,jamien-sherwood.php,,,56.8,,,,,-1.0,13.0,Jamien Sherwood,2026-05-29,NYJ
/nfl/rankings/lb-cheatsheets.php,redraft-lb,rp,Ernest Jones IV,23245,LB,SEA,10.5,5.55,6,20,,ernest-jones.php,,,56.8,,,,,2.0,11.0,Ernest Jones,2026-05-29,SEA
/nfl/rankings/lb-cheatsheets.php,redraft-lb,rp,Blake Cashman,18421,LB,MIN,10.5,1.5,9,13,,blake-cashman.php,,,59.4,,,,,,6.0,Blake Cashman,2026-05-29,MIN
/nfl/rankings/lb-cheatsheets.php,redraft-lb,rp,Jack Campbell,25435,LB,DET,11.25,9.26,2,21,,jack-campbell.php,,,79.6,,,,,,6.0,Jack Campbell,2026-05-29,DET
/nfl/rankings/lb-cheatsheets.php,redraft-lb,rp,Zaire Franklin,17563,LB,GB,12.25,12.44,1,31,,zaire-franklin.php,,,45.3,,,,,-4.0,11.0,Zaire Franklin,2026-05-29,GBP
/nfl/rankings/lb-cheatsheets.php,redraft-lb,rp,Carson Schwesinger,27236,LB,CLE,13.75,9.78,3,24,,carson-schwesinger.php,,,77.0,,,,,2.0,11.0,Carson Schwesinger,2026-05-29,CLE
/nfl/rankings/lb-cheatsheets.php,redraft-lb,rp,Robert Spillane,18103,LB,NE,15.5,6.84,9,25,,robert-spillane.php,,,41.3,,,,,,11.0,Robert Spillane,2026-05-29,NEP
/nfl/rankings/lb-cheatsheets.php,redraft-lb,rp,Alex Singleton,14399,LB,DEN,17.25,6.72,11,27,,alex-singleton.php,,,50.0,,,,,,10.0,Alex Singleton,2026-05-29,DEN
/nfl/rankings/lb-cheatsheets.php,redraft-lb,rp,Edgerrin Cooper,26137,LB,GB,18.25,5.31,11,26,,edgerrin-cooper.php,,,46.9,,,,,,11.0,Edgerrin Cooper,2026-05-29,GBP
/nfl/rankings/lb-cheatsheets.php,redraft-lb,rp,T.J. Edwards,18281,LB,CHI,18.75,15.14,7,44,,tj-edwards.php,,,34.5,,,,,,10.0,TJ Edwards,2026-05-29,CHI
/nfl/rankings/lb-cheatsheets.php,redraft-lb,rp,Quay Walker,23729,LB,LV,19.0,4.3,12,23,,quay-walker.php,,,53.2,,,,,,13.0,Quay Walker,2026-05-29,LVR
/nfl/rankings/lb-cheatsheets.php,redraft-lb,rp,Nick Bolton,22689,LB,KC,19.75,7.98,7,29,,nick-bolton.php,,,68.0,,,,,,5.0,Nick Bolton,2026-05-29,KCC
/nfl/rankings/lb-cheatsheets.php,redraft-lb,rp,Daiyan Henley,25436,LB,LAC,20.5,9.1,14,36,,daiyanhenley.php,,,46.8,,,,,,7.0,Daiyan Henley,2026-05-29,LAC
/nfl/rankings/lb-cheatsheets.php,redraft-lb,rp,Quincy Williams,18679,LB,CLE,26.5,1.12,25,28,,quincy-williams.php,,,31.2,,,,,4.0,11.0,Quincy Williams,2026-05-29,CLE
/nfl/rankings/lb-cheatsheets.php,redraft-lb,rp,Terrel Bernard,23772,LB,BUF,28.25,20.09,13,62,,terrel-bernard.php,,,35.1,,,,,,7.0,Terrel Bernard,2026-05-29,BUF
/nfl/rankings/lb-cheatsheets.php,redraft-lb,rp,Tremaine Edmunds,17342,LB,NYG,28.75,4.76,24,34,,tremaine-edmunds.php,,,42.2,,,,,5.0,8.0,Tremaine Edmunds,2026-05-29,NYG
/nfl/rankings/lb-cheatsheets.php,redraft-lb,rp,Bobby Wagner,11252,LB,FA,29.5,12.52,17,43,,bobby-wagner.php,,,32.3,,,,,,,Bobby Wagner,2026-05-29,FA
/nfl/rankings/lb-cheatsheets.php,redraft-lb,rp,Nate Landman,24674,LB,LAR,32.5,10.36,15,42,,nathan-landman.php,,,48.7,,,,,17.0,11.0,Nate Landman,2026-05-29,LAR
/nfl/rankings/lb-cheatsheets.php,redraft-lb,rp,Patrick Queen,19421,LB,PIT,33.0,7.18,27,45,,patrick-queen.php,,,37.6,,,,,4.0,9.0,Patrick Queen,2026-05-29,PIT
/nfl/rankings/lb-cheatsheets.php,redraft-lb,rp,Azeez Al-Shaair,18361,LB,HOU,33.25,16.54,19,60,,azeez-al-shaair.php,,,31.5,,,,,,8.0,Azeez Al-Shaair,2026-05-29,HOU
/nfl/rankings/lb-cheatsheets.php,redraft-lb,rp,Devin Lloyd,23710,LB,CAR,33.75,3.63,28,38,,devin-lloyd.php,,,40.8,,,,,6.0,5.0,Devin Lloyd,2026-05-29,CAR
/nfl/rankings/lb-cheatsheets.php,redraft-lb,rp,Demario Davis,11293,LB,NYJ,35.0,9.25,29,51,,demario-davis.php,,,33.7,,,,,7.0,13.0,Demario Davis,2026-05-29,NYJ
/nfl/rankings/lb-cheatsheets.php,redraft-lb,rp,Kaden Elliss,18716,LB,NO,15.33,4.71,12,22,,kaden-elliss.php,,,36.5,,,,,-8.0,8.0,Kaden Elliss,2026-05-29,NOS
/nfl/rankings/lb-cheatsheets.php,redraft-lb,rp,T.J. Watt,16469,LB,PIT,21.0,10.61,6,29,,tj-watt.php,,,66.1,,,,,-13.0,9.0,TJ Watt,2026-05-29,PIT
/nfl/rankings/lb-cheatsheets.php,redraft-lb,rp,Frankie Luvu,17963,LB,WAS,43.5,26.69,24,89,,frankie-luvu.php,,,28.4,,,,,,7.0,Frankie Luvu,2026-05-29,WAS
/nfl/rankings/lb-cheatsheets.php,redraft-lb,rp,Jihaad Campbell,27051,LB,PHI,45.0,9.51,29,54,,jihaad-campbell.php,,,31.3,,,,,36.0,10.0,Jihaad Campbell,2026-05-29,PHI
/nfl/rankings/lb-cheatsheets.php,redraft-lb,rp,Alex Anzalone,16720,LB,TB,45.25,11.41,38,65,,alex-anzalone.php,,,27.3,,,,,9.0,10.0,Alex Anzalone,2026-05-29,TBB
/nfl/rankings/lb-cheatsheets.php,redraft-lb,rp,Demetrius Knight Jr.,27299,LB,CIN,45.75,3.77,42,52,,demetrius-knight-jr.php,,,32.6,,,,,29.0,6.0,Demetrius Knight,2026-05-29,CIN
/nfl/rankings/lb-cheatsheets.php,redraft-lb,rp,Micah Parsons,19784,LB,GB,29.33,4.5,23,33,,micah-parsons.php,,,64.8,,,,,-10.0,11.0,Micah Parsons,2026-05-29,GBP
/nfl/rankings/lb-cheatsheets.php,redraft-lb,rp,Mack Wilson Sr.,18251,LB,ARI,48.5,9.01,42,64,,mack-wilson.php,,,18.6,,,,,23.0,14.0,Mack Wilson,2026-05-29,ARI
/nfl/rankings/lb-cheatsheets.php,redraft-lb,rp,Tyrel Dodson,18584,LB,MIA,48.75,18.74,30,73,,tyrel-dodson.php,,,41.5,,,,,,6.0,Tyrel Dodson,2026-05-29,MIA
/nfl/rankings/lb-cheatsheets.php,redraft-lb,rp,Dre Greenlaw,18310,LB,SF,49.0,18.8,35,81,,dre-greenlaw.php,,,23.6,,,,,11.0,8.0,Dre Greenlaw,2026-05-29,SFO
/nfl/rankings/lb-cheatsheets.php,redraft-lb,rp,Bobby Okereke,18678,LB,FA,33.0,9.2,26,46,,bobby-okereke.php,,,29.5,,,,,-8.0,,Bobby Okereke,2026-05-29,FA
/nfl/rankings/lb-cheatsheets.php,redraft-lb,rp,Danielle Hunter,14036,DL,HOU,33.33,18.62,7,47,,danielle-hunter.php,,,59.4,,,,,-12.0,8.0,Danielle Hunter,2026-05-29,HOU
/nfl/rankings/lb-cheatsheets.php,redraft-lb,rp,Christian Rozeboom,19713,LB,TB,51.75,23.89,35,93,,christian-rozeboom.php,,,23.0,,,,,11.0,10.0,Christian Rozeboom,2026-05-29,TBB
/nfl/rankings/lb-cheatsheets.php,redraft-lb,rp,Jared Verse,25234,DL,LAR,37.33,14.38,17,48,,jared-verse.php,,,53.3,,,,,-5.0,11.0,Jared Verse,2026-05-29,LAR
/nfl/rankings/lb-cheatsheets.php,redraft-lb,rp,Andrew Van Ginkel,18573,LB,MIN,40.0,13.44,21,50,,andrew-van-ginkel.php,,,58.2,,,,,,6.0,Andrew Van Ginkel,2026-05-29,MIN
/nfl/rankings/lb-cheatsheets.php,redraft-lb,rp,Cedric Gray,26168,LB,TEN,11.5,2.5,9,14,,cedric-gray.php,,,61.1,,,,,-8.0,9.0,Cedric Gray,2026-05-29,TEN
/nfl/rankings/lb-cheatsheets.php,redraft-lb,rp,Cody Barton,18542,LB,TEN,56.5,26.08,31,92,,cody-barton.php,,,20.2,,,,,-5.0,9.0,Cody Barton,2026-05-29,TEN
/nfl/rankings/lb-cheatsheets.php,redraft-lb,rp,Sonny Styles,27216,LB,WAS,14.5,6.5,8,21,,sonny-styles.php,,,48.0,,,,,-12.0,7.0,Sonny Styles,2026-05-29,WAS
/nfl/rankings/lb-cheatsheets.php,redraft-lb,rp,Germaine Pratt,18291,LB,FA,49.33,16.74,37,73,,germaine-pratt.php,,,14.9,,,,,,,Germaine Pratt,2026-05-29,FA
/nfl/rankings/lb-cheatsheets.php,redraft-lb,rp,Jonathan Greenard,19276,DL,PHI,53.67,11.56,45,70,,jonathan-greenard.php,,,38.0,,,,,17.0,10.0,Jonathan Greenard,2026-05-29,PHI
/nfl/rankings/lb-cheatsheets.php,redraft-lb,rp,CJ Allen,27970,LB,IND,31.5,5.5,26,37,,cj-allen.php,,,27.3,,,,,13.0,13.0,CJ Allen,2026-05-29,IND
/nfl/rankings/lb-cheatsheets.php,redraft-lb,rp,Devin Bush Jr.,18237,LB,CHI,31.5,1.5,30,33,,devin-bush.php,,,41.4,,,,,,10.0,Devin Bush,2026-05-29,CHI
/nfl/rankings/lb-cheatsheets.php,redraft-lb,rp,Kenneth Murray Jr.,19212,LB,FA,54.33,18.15,41,80,,kenneth-murray.php,,,9.9,,,,,,,Kenneth Murray,2026-05-29,FA
/nfl/rankings/lb-cheatsheets.php,redraft-lb,rp,Nakobe Dean,23702,LB,LV,36.5,13.5,23,50,,nakobe-dean.php,,,45.8,,,,,20.0,13.0,Nakobe Dean,2026-05-29,LVR
/nfl/rankings/lb-cheatsheets.php,redraft-lb,rp,Jack Sanborn,23841,LB,CHI,59.0,26.17,40,96,,jack-sanborn.php,,,8.3,,,,,,10.0,Jack Sanborn,2026-05-29,CHI
/nfl/rankings/lb-cheatsheets.php,redraft-lb,rp,Tyrice Knight,24112,LB,SEA,60.33,23.81,43,94,,tyrice-knight.php,,,13.7,,,,,7.0,11.0,Tyrice Knight,2026-05-29,SEA
/nfl/rankings/lb-cheatsheets.php,redraft-lb,rp,Arvell Reese,28053,LB,NYG,42.5,7.5,35,50,,arvell-reese.php,,,46.7,,,,,,8.0,Arvell Reese,2026-05-29,NYG
/nfl/rankings/lb-cheatsheets.php,redraft-lb,rp,Payton Wilson,26183,LB,PIT,43.5,3.5,40,47,,payton-wilson.php,,,27.7,,,,,8.0,9.0,Payton Wilson,2026-05-29,PIT
/nfl/rankings/lb-cheatsheets.php,redraft-lb,rp,DeMarvion Overshown,25314,LB,DAL,48.0,17.0,31,65,,demarvion-overshown.php,,,26.0,,,,,24.0,14.0,DeMarvion Overshown,2026-05-29,DAL
/nfl/rankings/lb-cheatsheets.php,redraft-lb,rp,Drake Thomas,25905,LB,SEA,48.5,10.5,38,59,,drake-thomas.php,,,16.0,,,,,20.0,11.0,Drake Thomas,2026-05-29,SEA
/nfl/rankings/lb-cheatsheets.php,redraft-lb,rp,Brian Burns,18223,DL,NYG,5.0,0.0,5,5,,brian-burns.php,,,71.2,,,,,-27.0,8.0,Brian Burns,2026-05-29,NYG
/nfl/rankings/lb-cheatsheets.php,redraft-lb,rp,Eric Wilson,16691,LB,MIN,52.0,1.0,51,53,,eric-wilson.php,,,24.0,,,,,13.0,6.0,Eric Wilson,2026-05-29,MIN
/nfl/rankings/lb-cheatsheets.php,redraft-lb,rp,Anthony Hill Jr.,27954,LB,TEN,53.5,12.5,41,66,,anthony-hill-jr.php,,,26.8,,,,,21.0,9.0,Anthony Hill,2026-05-29,TEN
/nfl/rankings/lb-cheatsheets.php,redraft-lb,rp,Alex Highsmith,19316,LB,PIT,12.0,0.0,12,12,,alex-highsmith.php,,,44.9,,,,,-23.0,9.0,Alex Highsmith,2026-05-29,PIT
/nfl/rankings/lb-cheatsheets.php,redraft-lb,rp,Josiah Trotter,28077,LB,TB,55.5,12.5,43,68,,josiah-trotter.php,,,25.0,,,,,,10.0,Josiah Trotter,2026-05-29,TBB
/nfl/rankings/lb-cheatsheets.php,redraft-lb,rp,Lawrence Wilson,9997,LB,FA,15.0,0.0,15,15,,lawrence-wilson.php,,,0.0,,,,,-21.0,,Lawrence Wilson,2026-05-29,FA
/nfl/rankings/lb-cheatsheets.php,redraft-lb,rp,Logan Wilson,19494,LB,FA,15.0,0.0,15,15,,logan-wilson.php,,,12.1,,,,,-21.0,,Logan Wilson,2026-05-29,FA
/nfl/rankings/lb-cheatsheets.php,redraft-lb,rp,Byron Young,25449,DL,LAR,16.0,0.0,16,16,,byron-young-edge.php,,,49.4,,,,,-21.0,11.0,Byron Young,2026-05-29,LAR
/nfl/rankings/lb-cheatsheets.php,redraft-lb,rp,Tuli Tuipulotu,25364,DL,LAC,18.0,0.0,18,18,,tuli-tuipulotu.php,,,43.7,,,,,-21.0,7.0,Tuli Tuipulotu,2026-05-29,LAC
/nfl/rankings/lb-cheatsheets.php,redraft-lb,rp,Lavonte David,11245,LB,FA,19.0,0.0,19,19,,lavonte-david.php,,,14.3,,,,,-20.0,,Lavonte David,2026-05-29,FA
/nfl/rankings/lb-cheatsheets.php,redraft-lb,rp,Jacob Rodriguez,28195,LB,MIA,59.5,22.5,37,82,,jacob-rodriguez.php,,,13.2,,,,,26.0,6.0,Jacob Rodriguez,2026-05-29,MIA
/nfl/rankings/lb-cheatsheets.php,redraft-lb,rp,Drue Tranquill,18459,LB,KC,60.0,12.0,48,72,,drue-tranquill.php,,,16.3,,,,,17.0,5.0,Drue Tranquill,2026-05-29,KCC
/nfl/rankings/lb-cheatsheets.php,redraft-lb,rp,Akeem Davis-Gaither,19261,LB,IND,60.0,1.0,59,61,,akeem-davis-gaither.php,,,11.0,,,,,8.0,13.0,Akeem Davis-Gaither,2026-05-29,IND
/nfl/rankings/lb-cheatsheets.php,redraft-lb,rp,Nik Bonitto,23763,DL,DEN,22.0,0.0,22,22,,nik-bonitto.php,,,55.8,,,,,-22.0,10.0,Nik Bonitto,2026-05-29,DEN
/nfl/rankings/lb-cheatsheets.php,redraft-lb,rp,Barrett Carter,26108,LB,CIN,61.5,22.5,39,84,,barrett-carter.php,,,24.2,,,,,24.0,6.0,Barrett Carter,2026-05-29,CIN
/nfl/rankings/lb-cheatsheets.php,redraft-lb,rp,Divine Deablo,23208,LB,ATL,62.0,13.0,49,75,,divine-deablo.php,,,38.8,,,,,15.0,11.0,Divine Deablo,2026-05-29,ATL
/nfl/rankings/lb-cheatsheets.php,redraft-lb,rp,Josh Sweat,17363,DL,ARI,32.0,0.0,32,32,,josh-sweat.php,,,27.7,,,,,-20.0,14.0,Josh Sweat,2026-05-29,ARI
/nfl/rankings/lb-cheatsheets.php,redraft-lb,rp,DeMarcus Lawrence,12217,DL,SEA,33.0,0.0,33,33,,demarcus-lawrence.php,,,21.3,,,,,-19.0,11.0,DeMarcus Lawrence,2026-05-29,SEA
/nfl/rankings/lb-cheatsheets.php,redraft-lb,rp,Abdul Carter,27022,DL,NYG,34.0,0.0,34,34,,abdul-carter.php,,,43.1,,,,,-19.0,8.0,Abdul Carter,2026-05-29,NYG
/nfl/rankings/lb-cheatsheets.php,redraft-lb,rp,Cody Simon,27264,LB,ARI,40.0,0.0,40,40,,cody-simon.php,,,13.7,,,,,,14.0,Cody Simon,2026-05-29,ARI
/nfl/rankings/lb-cheatsheets.php,redraft-lb,rp,Dee Winters,25579,LB,DAL,70.5,16.5,54,87,,dee-winters.php,,,24.4,,,,,21.0,14.0,Dee Winters,2026-05-29,DAL
/nfl/rankings/lb-cheatsheets.php,redraft-lb,rp,Pete Werner,22809,LB,NO,70.5,3.5,67,74,,pete-werner.php,,,10.7,,,,,,8.0,Pete Werner,2026-05-29,NOS
/nfl/rankings/lb-cheatsheets.php,redraft-lb,rp,Christian Elliss,23367,DL,NE,71.5,5.5,66,77,,christian-elliss.php,,,10.0,,,,,10.0,11.0,Christian Elliss,2026-05-29,NEP
/nfl/rankings/lb-cheatsheets.php,redraft-lb,rp,Leo Chenal,23808,LB,WAS,72.0,9.0,63,81,,leo-chenal.php,,,13.4,,,,,,7.0,Leo Chenal,2026-05-29,WAS
/nfl/rankings/lb-cheatsheets.php,redraft-lb,rp,Josh Hines-Allen,18201,DL,JAC,46.0,0.0,46,46,,josh-allen-olb.php,,,41.3,,,,,-16.0,7.0,Josh Hines-Allen,2026-05-29,JAC
/nfl/rankings/lb-cheatsheets.php,redraft-lb,rp,Trey Hendrickson,16719,DL,BAL,47.0,0.0,47,47,,trey-hendrickson.php,,,48.8,,,,,-15.0,13.0,Trey Hendrickson,2026-05-29,BAL
/nfl/rankings/lb-cheatsheets.php,redraft-lb,rp,Teddye Buchanan,27146,LB,BAL,73.0,15.0,58,88,,teddye-buchanan.php,,,22.3,,,,,16.0,13.0,Teddye Buchanan,2026-05-29,BAL
/nfl/rankings/lb-cheatsheets.php,redraft-lb,rp,Henry To'oTo'o,23766,LB,HOU,73.0,10.0,63,83,,henry-too-too.php,,,26.1,,,,,10.0,8.0,Henry TooToo,2026-05-29,HOU
/nfl/rankings/lb-cheatsheets.php,redraft-lb,rp,Dallas Turner,26097,DL,MIN,48.0,0.0,48,48,,dallas-turner.php,,,31.8,,,,,-17.0,6.0,Dallas Turner,2026-05-29,MIN
/nfl/rankings/lb-cheatsheets.php,redraft-lb,rp,Carl Granderson,18295,DL,NO,49.0,0.0,49,49,,carl-granderson.php,,,34.5,,,,,-17.0,8.0,Carl Granderson,2026-05-29,NOS
/nfl/rankings/lb-cheatsheets.php,redraft-lb,rp,Trevin Wallace,26182,LB,CAR,74.5,10.5,64,85,,trevin-wallace.php,,,12.6,,,,,,5.0,Trevin Wallace,2026-05-29,CAR
/nfl/rankings/lb-cheatsheets.php,redraft-lb,rp,Dorian Williams,25453,LB,BUF,52.0,0.0,52,52,,dorian-williams.php,,,8.8,,,,,,7.0,Dorian Williams,2026-05-29,BUF
/nfl/rankings/lb-cheatsheets.php,redraft-lb,rp,Ventrell Miller,23477,LB,JAC,75.5,20.5,55,96,,ventrell-miller.php,,,9.0,,,,,15.0,7.0,Ventrell Miller,2026-05-29,JAC
/nfl/rankings/lb-cheatsheets.php,redraft-lb,rp,Christian Harris,23470,LB,ATL,75.5,18.5,57,94,,christian-harris.php,,,15.6,,,,,12.0,11.0,Christian Harris,2026-05-29,ATL
/nfl/rankings/lb-cheatsheets.php,redraft-lb,rp,Justin Strnad,19520,LB,DEN,53.0,0.0,53,53,,justin-strnad.php,,,8.4,,,,,,10.0,Justin Strnad,2026-05-29,DEN
/nfl/rankings/lb-cheatsheets.php,redraft-lb,rp,Harold Landry III,17330,LB,NE,55.0,0.0,55,55,,harold-landry.php,,,35.0,,,,,-20.0,11.0,Harold Landry,2026-05-29,NEP
/nfl/rankings/lb-cheatsheets.php,redraft-lb,rp,Yaya Diaby,25264,DL,TB,56.0,0.0,56,56,,yaya-diaby.php,,,25.2,,,,,-20.0,10.0,YaYa Diaby,2026-05-29,TBB
/nfl/rankings/lb-cheatsheets.php,redraft-lb,rp,Jake Golday,28181,LB,MIN,56.0,0.0,56,56,,jake-golday.php,,,12.9,,,,,,6.0,Jake Golday,2026-05-29,MIN
/nfl/rankings/lb-cheatsheets.php,redraft-lb,rp,Greg Rousseau,19787,DL,BUF,57.0,0.0,57,57,,gregory-rousseau.php,,,33.3,,,,,-21.0,7.0,Gregory Rousseau,2026-05-29,BUF
/nfl/rankings/lb-cheatsheets.php,redraft-lb,rp,Jaelan Phillips,22734,DL,CAR,58.0,0.0,58,58,,jaelan-phillips.php,,,25.6,,,,,-21.0,5.0,Jaelan Phillips,2026-05-29,CAR
/nfl/rankings/lb-cheatsheets.php,redraft-lb,rp,SirVocea Dennis,23990,LB,TB,60.0,0.0,60,60,,sirvocea-dennis.php,,,28.3,,,,,,10.0,SirVocea Dennis,2026-05-29,TBB
/nfl/rankings/lb-cheatsheets.php,redraft-lb,rp,Denzel Perryman,14047,LB,LAC,79.5,3.5,76,83,,denzel-perryman.php,,,4.2,,,,,-10.0,7.0,Denzel Perryman,2026-05-29,LAC
/nfl/rankings/lb-cheatsheets.php,redraft-lb,rp,Derrick Barnes,23210,LB,DET,80.0,6.0,74,86,,derrick-barnes.php,,,12.0,,,,,,6.0,Derrick Barnes,2026-05-29,DET
/nfl/rankings/lb-cheatsheets.php,redraft-lb,rp,Micah McFadden,23872,LB,NYG,62.0,0.0,62,62,,micah-mcfadden.php,,,11.0,,,,,,8.0,Micah McFadden,2026-05-29,NYG
/nfl/rankings/lb-cheatsheets.php,redraft-lb,rp,Malcolm Rodriguez,23822,LB,DET,82.0,13.0,69,95,,malcolm-rodriguez.php,,,6.1,,,,,,6.0,Malcolm Rodriguez,2026-05-29,DET
/nfl/rankings/lb-cheatsheets.php,redraft-lb,rp,Jalon Walker,27027,LB,ATL,67.0,0.0,67,67,,jalon-walker.php,,,23.4,,,,,-21.0,11.0,Jalon Walker,2026-05-29,ATL
/nfl/rankings/lb-cheatsheets.php,redraft-lb,rp,Bradley Chubb,17277,LB,BUF,68.0,0.0,68,68,,bradley-chubb.php,,,23.5,,,,,-21.0,7.0,Bradley Chubb,2026-05-29,BUF
/nfl/rankings/lb-cheatsheets.php,redraft-lb,rp,Nick Herbig,25464,LB,PIT,69.0,0.0,69,69,,nick-herbig.php,,,13.8,,,,,-21.0,9.0,Nick Herbig,2026-05-29,PIT
/nfl/rankings/lb-cheatsheets.php,redraft-lb,rp,Shemar James,27260,LB,DAL,70.0,0.0,70,70,,shemar-james.php,,,7.6,,,,,,14.0,Shemar James,2026-05-29,DAL
/nfl/rankings/lb-cheatsheets.php,redraft-lb,rp,Khalil Mack,12169,LB,LAC,71.0,0.0,71,71,,khalil-mack.php,,,19.1,,,,,-22.0,7.0,Khalil Mack,2026-05-29,LAC
/nfl/rankings/lb-cheatsheets.php,redraft-lb,rp,Danny Stutsman,27031,LB,NO,72.0,0.0,72,72,,danny-stutsman.php,,,6.5,,,,,,8.0,Danny Stutsman,2026-05-29,NOS
/nfl/rankings/lb-cheatsheets.php,redraft-lb,rp,Jack Gibbens,24690,LB,ARI,75.0,0.0,75,75,,jack-gibbens.php,,,12.3,,,,,,14.0,Jack Gibbens,2026-05-29,ARI
/nfl/rankings/lb-cheatsheets.php,redraft-lb,rp,Omar Speights,26730,LB,LAR,87.0,10.0,77,97,,omar-speights.php,,,10.2,,,,,,11.0,Omar Speights,2026-05-29,LAR
/nfl/rankings/lb-cheatsheets.php,redraft-lb,rp,Jeremiah Owusu-Koramoah,22692,LB,CLE,76.0,0.0,76,76,,jeremiah-owusu-koramoah.php,,,2.2,,,,,,11.0,Jeremiah Owusu-Koramoah,2026-05-29,CLE
/nfl/rankings/lb-cheatsheets.php,redraft-lb,rp,Uchenna Nwosu,17448,LB,SEA,78.0,0.0,78,78,,uchenna-nwosu.php,,,8.6,,,,,-21.0,11.0,Uchenna Nwosu,2026-05-29,SEA
/nfl/rankings/lb-cheatsheets.php,redraft-lb,rp,Devin White,18204,LB,LV,78.0,0.0,78,78,,devin-white.php,,,28.9,,,,,,13.0,Devin White,2026-05-29,LVR
/nfl/rankings/lb-cheatsheets.php,redraft-lb,rp,Matt Milano,16510,LB,FA,79.0,0.0,79,79,,matt-milano.php,,,6.8,,,,,,,Matt Milano,2026-05-29,FA
/nfl/rankings/lb-cheatsheets.php,redraft-lb,rp,Rashan Gary,18209,LB,DAL,79.0,0.0,79,79,,rashan-gary.php,,,30.8,,,,,-23.0,14.0,Rashan Gary,2026-05-29,DAL
/nfl/rankings/lb-cheatsheets.php,redraft-lb,rp,K'Lavon Chaisson,19228,DL,WAS,80.0,0.0,80,80,,klavon-chaisson.php,,,7.3,,,,,-23.0,7.0,KLavon Chaisson,2026-05-29,WAS
/nfl/rankings/lb-cheatsheets.php,redraft-lb,rp,Kyle Louis,28227,LB,MIA,82.0,0.0,82,82,,kyle-louis.php,,,2.5,,,,,,6.0,Kyle Louis,2026-05-29,MIA
/nfl/rankings/lb-cheatsheets.php,redraft-lb,rp,Bryce Boettcher,28255,LB,IND,84.0,0.0,84,84,,bryce-boettcher.php,,,3.1,,,,,,13.0,Bryce Boettcher,2026-05-29,IND
/nfl/rankings/lb-cheatsheets.php,redraft-lb,rp,Trenton Simpson,24716,LB,BAL,85.0,0.0,85,85,,trenton-simpson.php,,,8.3,,,,,,13.0,Trenton Simpson,2026-05-29,BAL
/nfl/rankings/lb-cheatsheets.php,redraft-lb,rp,Mohamoud Diabate,25437,LB,TEN,86.0,0.0,86,86,,mohamoud-diabate.php,,,1.7,,,,,,9.0,Mohamoud Diabate,2026-05-29,TEN
/nfl/rankings/lb-cheatsheets.php,redraft-lb,rp,Cole Holcomb,18709,LB,PIT,87.0,0.0,87,87,,cole-holcomb.php,,,2.5,,,,,,9.0,Cole Holcomb,2026-05-29,PIT
/nfl/rankings/lb-cheatsheets.php,redraft-lb,rp,Jack Kiser,27243,LB,JAC,88.0,0.0,88,88,,jack-kiser.php,,,3.3,,,,,,7.0,Jack Kiser,2026-05-29,JAC
/nfl/rankings/lb-cheatsheets.php,redraft-lb,rp,Claudin Cherelus,25751,LB,CAR,89.0,0.0,89,89,,claudin-cherelus.php,,,1.4,,,,,,5.0,Claudin Cherelus,2026-05-29,CAR
/nfl/rankings/lb-cheatsheets.php,redraft-lb,rp,Jerome Baker,17356,LB,FA,90.0,0.0,90,90,,jerome-baker.php,,,1.2,,,,,,,Jerome Baker,2026-05-29,FA
/nfl/rankings/lb-cheatsheets.php,redraft-lb,rp,Austin Booker,26313,LB,CHI,90.0,0.0,90,90,,austin-booker.php,,,9.5,,,,,-24.0,10.0,Austin Booker,2026-05-29,CHI
/nfl/rankings/lb-cheatsheets.php,redraft-lb,rp,Jalyx Hunt,26337,LB,PHI,91.0,0.0,91,91,,jalyx-hunt.php,,,14.6,,,,,-24.0,10.0,Jalyx Hunt,2026-05-29,PHI
/nfl/rankings/lb-cheatsheets.php,redraft-lb,rp,Kiko Mauigoa,27282,LB,NYJ,91.0,0.0,91,91,,francisco-mauigoa.php,,,2.7,,,,,,13.0,Kiko Mauigoa,2026-05-29,NYJ
/nfl/rankings/lb-cheatsheets.php,redraft-lb,rp,E.J. Speed,18693,LB,HOU,92.0,0.0,92,92,,ej-speed.php,,,4.0,,,,,,8.0,EJ Speed,2026-05-29,HOU
/nfl/rankings/lb-cheatsheets.php,redraft-lb,rp,Kaleb Elarms-Orr,28440,LB,BUF,93.0,0.0,93,93,,kaleb-elarmsorr.php,,,4.5,,,,,,7.0,Kaleb Elarms-Orr,2026-05-29,BUF
/nfl/rankings/lb-cheatsheets.php,redraft-lb,rp,Troy Dye,19269,LB,LAC,95.0,0.0,95,95,,troy-dye.php,,,3.0,,,,,,7.0,Troy Dye,2026-05-29,LAC
/nfl/rankings/lb-cheatsheets.php,redraft-lb,rp,Jahlani Tavai,18373,LB,FA,97.0,0.0,97,97,,jahlani-tavai.php,,,1.8,,,,,,,Jahlani Tavai,2026-05-29,FA
/nfl/rankings/lb-cheatsheets.php,redraft-lb,rp,Zaven Collins,22698,LB,ARI,98.0,0.0,98,98,,zaven-collins.php,,,11.6,,,,,-25.0,14.0,Zaven Collins,2026-05-29,ARI
/nfl/rankings/lb-cheatsheets.php,redraft-lb,rp,Isaiah McDuffie,23292,LB,GB,98.0,0.0,98,98,,isaiah-mcduffie.php,,,6.6,,,,,,11.0,Isaiah McDuffie,2026-05-29,GBP
/nfl/rankings/lb-cheatsheets.php,redraft-lb,rp,John Bullock,27590,LB,TB,99.0,0.0,99,99,,john-bullock.php,,,0.9,,,,,,10.0,John Bullock,2026-05-29,TBB
/nfl/rankings/lb-cheatsheets.php,redraft-lb,rp,Cole Christiansen,19733,LB,KC,100.0,0.0,100,100,,cole-christiansen.php,,,3.3,,,,,,5.0,Cole Christiansen,2026-05-29,KCC
/nfl/rankings/lb-cheatsheets.php,redraft-lb,rp,Marte Mapu,25528,LB,HOU,101.0,0.0,101,101,,marte-mapu.php,,,1.5,,,,,,8.0,Marte Mapu,2026-05-29,HOU
/nfl/rankings/lb-cheatsheets.php,redraft-lb,rp,Elandon Roberts,15697,LB,LV,102.0,0.0,102,102,,elandon-roberts.php,,,2.4,,,,,,13.0,Elandon Roberts,2026-05-29,LVR
/nfl/rankings/lb-cheatsheets.php,redraft-lb,rp,Shaq Thompson,14028,LB,FA,103.0,0.0,103,103,,shaq-thompson.php,,,1.7,,,,,,,Shaq Thompson,2026-05-29,FA
/nfl/rankings/lb-cheatsheets.php,redraft-lb,rp,Ivan Pace Jr.,25452,LB,MIN,104.0,0.0,104,104,,ivan-pace-jr.php,,,14.7,,,,,,6.0,Ivan Pace,2026-05-29,MIN
/nfl/rankings/lb-cheatsheets.php,redraft-lb,rp,Segun Olubi,24644,LB,LV,105.0,0.0,105,105,,segun-olubi.php,,,0.7,,,,,,13.0,Segun Olubi,2026-05-29,LVR
/nfl/rankings/lb-cheatsheets.php,redraft-lb,rp,Chad Muma,23738,LB,NE,106.0,0.0,106,106,,chad-muma.php,,,2.0,,,,,,11.0,Chad Muma,2026-05-29,NEP
/nfl/rankings/lb-cheatsheets.php,redraft-lb,rp,Junior Colson,26127,LB,LAC,107.0,0.0,107,107,,junior-colson.php,,,7.8,,,,,,7.0,Junior Colson,2026-05-29,LAC
/nfl/rankings/lb-cheatsheets.php,redraft-lb,rp,Luke Gifford,18943,LB,SF,108.0,0.0,108,108,,luke-gifford.php,,,1.0,,,,,,8.0,Luke Gifford,2026-05-29,SFO
/nfl/rankings/lb-cheatsheets.php,redraft-lb,rp,Troy Andersen,24391,LB,ATL,109.0,0.0,109,109,,troy-andersen.php,,,6.8,,,,,,11.0,Troy Andersen,2026-05-29,ATL
/nfl/rankings/lb-cheatsheets.php,redraft-lb,rp,Brenton Cox Jr.,22748,LB,GB,110.0,0.0,110,110,,brenton-cox.php,,,2.6,,,,,,11.0,Brenton Cox,2026-05-29,GBP
/nfl/rankings/lb-cheatsheets.php,redraft-lb,rp,Malik Harrison,19293,LB,PIT,111.0,0.0,111,111,,malik-harrison.php,,,2.3,,,,,,9.0,Malik Harrison,2026-05-29,PIT
/nfl/rankings/lb-cheatsheets.php,redraft-lb,rp,Jeffrey Bassa,27295,LB,KC,112.0,0.0,112,112,,jeffrey-bassa.php,,,1.7,,,,,,5.0,Jeffrey Bassa,2026-05-29,KCC
/nfl/rankings/lb-cheatsheets.php,redraft-lb,rp,Nick Martin,27139,LB,SF,113.0,0.0,113,113,,nick-martin-lb.php,,,5.5,,,,,,8.0,Nick Martin,2026-05-29,SFO
/nfl/rankings/lb-cheatsheets.php,redraft-lb,rp,Chris Paul Jr.,27197,LB,SEA,114.0,0.0,114,114,,chris-paul-jr.php,,,1.4,,,,,,11.0,Chris Paul,2026-05-29,SEA
/nfl/rankings/lb-cheatsheets.php,redraft-lb,rp,Willie Gay Jr.,19480,LB,MIA,115.0,0.0,115,115,,willie-gay.php,,,1.4,,,,,,6.0,Willie Gay,2026-05-29,MIA
/nfl/rankings/lb-cheatsheets.php,redraft-lb,rp,Chaz Chambliss,27656,DL,MIN,116.0,0.0,116,116,,chaz-chambliss.php,,,1.5,,,,,,6.0,Chaz Chambliss,2026-05-29,MIN
/nfl/rankings/lb-cheatsheets.php,redraft-lb,rp,Darius Muasau,26482,LB,NYG,117.0,0.0,117,117,,darius-muasau.php,,,1.7,,,,,,8.0,Darius Muasau,2026-05-29,NYG
/nfl/rankings/lb-cheatsheets.php,redraft-lb,rp,Oren Burks,17590,LB,CIN,118.0,0.0,118,118,,oren-burks.php,,,3.6,,,,,,6.0,Oren Burks,2026-05-29,CIN
/nfl/rankings/lb-cheatsheets.php,redraft-lb,rp,Kendal Daniels,28290,DB,ATL,119.0,0.0,119,119,,kendal-daniels.php,,,3.4,,,,,,11.0,Kendal Daniels,2026-05-29,ATL
/nfl/rankings/lb-cheatsheets.php,redraft-lb,rp,Noah Sewell,24710,LB,CHI,120.0,0.0,120,120,,noah-sewell.php,,,2.2,,,,,,10.0,Noah Sewell,2026-05-29,CHI
/nfl/rankings/ppr-superflex-cheatsheets.php,redraft-op,rsf,Josh Allen,17298,QB,BUF,1.03,0.16,1,2,,josh-allen-qb.php,,,99.3,,,,,,7.0,Josh Allen,2026-05-29,BUF
/nfl/rankings/ppr-superflex-cheatsheets.php,redraft-op,rsf,Lamar Jackson,17233,QB,BAL,2.44,0.74,2,5,,lamar-jackson.php,,,98.7,,,,,,13.0,Lamar Jackson,2026-05-29,BAL
/nfl/rankings/ppr-superflex-cheatsheets.php,redraft-op,rsf,Drake Maye,23046,QB,NE,3.08,0.76,2,5,,drake-maye.php,,,99.0,,,,,,11.0,Drake Maye,2026-05-29,NEP
/nfl/rankings/ppr-superflex-cheatsheets.php,redraft-op,rsf,Joe Burrow,19196,QB,CIN,4.79,2.43,2,16,,joe-burrow.php,,,96.9,,,,,,6.0,Joe Burrow,2026-05-29,CIN
/nfl/rankings/ppr-superflex-cheatsheets.php,redraft-op,rsf,Jayden Daniels,22902,QB,WAS,5.87,2.17,3,16,,jayden-daniels.php,,,97.6,,,,,,7.0,Jayden Daniels,2026-05-29,WAS
/nfl/rankings/ppr-superflex-cheatsheets.php,redraft-op,rsf,Jalen Hurts,19275,QB,PHI,6.31,1.98,3,15,,jalen-hurts.php,,,97.8,,,,,,10.0,Jalen Hurts,2026-05-29,PHI
/nfl/rankings/ppr-superflex-cheatsheets.php,redraft-op,rsf,Ja'Marr Chase,19788,WR,CIN,6.95,1.97,6,12,,jamarr-chase.php,,,99.0,,,,,,6.0,JaMarr Chase,2026-05-29,CIN
/nfl/rankings/ppr-superflex-cheatsheets.php,redraft-op,rsf,Puka Nacua,23180,WR,LAR,10.64,2.11,6,17,,puka-nacua.php,,,99.3,,,,,,11.0,Puka Nacua,2026-05-29,LAR
/nfl/rankings/ppr-superflex-cheatsheets.php,redraft-op,rsf,Bijan Robinson,23133,RB,ATL,10.67,1.27,10,14,,bijan-robinson.php,,,99.0,,,,,,11.0,Bijan Robinson,2026-05-29,ATL
/nfl/rankings/ppr-superflex-cheatsheets.php,redraft-op,rsf,Jaxson Dart,23160,QB,NYG,11.36,4.67,7,26,,jaxson-dart.php,,,95.6,,,,,,8.0,Jaxson Dart,2026-05-29,NYG
/nfl/rankings/ppr-superflex-cheatsheets.php,redraft-op,rsf,Justin Herbert,18635,QB,LAC,12.18,5.83,7,30,,justin-herbert.php,,,91.9,,,,,,7.0,Justin Herbert,2026-05-29,LAC
/nfl/rankings/ppr-superflex-cheatsheets.php,redraft-op,rsf,Jaxon Smith-Njigba,23070,WR,SEA,12.18,0.71,11,15,,jaxon-smith-njigba.php,,,99.4,,,,,,11.0,Jaxon Smith-Njigba,2026-05-29,SEA
/nfl/rankings/ppr-superflex-cheatsheets.php,redraft-op,rsf,Jahmyr Gibbs,22968,RB,DET,13.38,4.7,6,40,,jahmyr-gibbs.php,,,99.0,,,,,,6.0,Jahmyr Gibbs,2026-05-29,DET
/nfl/rankings/ppr-superflex-cheatsheets.php,redraft-op,rsf,Caleb Williams,23084,QB,CHI,14.15,4.81,4,26,,caleb-williams.php,,,94.1,,,,,,10.0,Caleb Williams,2026-05-29,CHI
/nfl/rankings/ppr-superflex-cheatsheets.php,redraft-op,rsf,Trevor Lawrence,19780,QB,JAC,15.79,4.2,7,26,,trevor-lawrence.php,,,92.7,,,,,,7.0,Trevor Lawrence,2026-05-29,JAC
/nfl/rankings/ppr-superflex-cheatsheets.php,redraft-op,rsf,Dak Prescott,15600,QB,DAL,16.1,4.54,7,26,,dak-prescott.php,,,93.1,,,,,,14.0,Dak Prescott,2026-05-29,DAL
/nfl/rankings/ppr-superflex-cheatsheets.php,redraft-op,rsf,Amon-Ra St. Brown,19799,WR,DET,17.1,5.06,11,41,,amonra-stbrown.php,,,99.0,,,,,,6.0,Amon-Ra St Brown,2026-05-29,DET
/nfl/rankings/ppr-superflex-cheatsheets.php,redraft-op,rsf,Christian McCaffrey,16393,RB,SF,17.74,6.64,13,42,,christian-mccaffrey.php,,,99.3,,,,,,8.0,Christian McCaffrey,2026-05-29,SFO
/nfl/rankings/ppr-superflex-cheatsheets.php,redraft-op,rsf,CeeDee Lamb,19202,WR,DAL,19.56,5.34,14,43,,ceedee-lamb.php,,,99.0,,,,,,14.0,CeeDee Lamb,2026-05-29,DAL
/nfl/rankings/ppr-superflex-cheatsheets.php,redraft-op,rsf,Brock Purdy,19797,QB,SF,20.56,4.67,10,32,,brock-purdy.php,,,92.3,,,,,,8.0,Brock Purdy,2026-05-29,SFO
/nfl/rankings/ppr-superflex-cheatsheets.php,redraft-op,rsf,Justin Jefferson,19236,WR,MIN,21.23,4.38,14,44,,justin-jefferson.php,,,98.9,,,,,,6.0,Justin Jefferson,2026-05-29,MIN
/nfl/rankings/ppr-superflex-cheatsheets.php,redraft-op,rsf,Jonathan Taylor,19217,RB,IND,24.49,8.12,15,49,,jonathan-taylor.php,,,99.0,,,,,,13.0,Jonathan Taylor,2026-05-29,IND
/nfl/rankings/ppr-superflex-cheatsheets.php,redraft-op,rsf,Drake London,23163,WR,ATL,24.67,4.59,21,47,,drake-london.php,,,98.8,,,,,,11.0,Drake London,2026-05-29,ATL
/nfl/rankings/ppr-superflex-cheatsheets.php,redraft-op,rsf,Patrick Mahomes II,16413,QB,KC,25.82,5.56,16,41,,patrick-mahomes.php,,,92.9,,,,,,5.0,Patrick Mahomes,2026-05-29,KCC
/nfl/rankings/ppr-superflex-cheatsheets.php,redraft-op,rsf,Nico Collins,20130,WR,HOU,28.38,6.74,23,51,,nico-collins.php,,,99.1,,,,,,8.0,Nico Collins,2026-05-29,HOU
/nfl/rankings/ppr-superflex-cheatsheets.php,redraft-op,rsf,Bo Nix,22910,QB,DEN,28.54,5.4,15,41,,bo-nix.php,,,91.3,,,,,,10.0,Bo Nix,2026-05-29,DEN
/nfl/rankings/ppr-superflex-cheatsheets.php,redraft-op,rsf,Matthew Stafford,9451,QB,LAR,28.69,7.26,8,41,,matthew-stafford.php,,,92.7,,,,,,11.0,Matthew Stafford,2026-05-29,LAR
/nfl/rankings/ppr-superflex-cheatsheets.php,redraft-op,rsf,De'Von Achane,23136,RB,MIA,29.03,7.75,15,58,,devon-achane.php,,,98.9,,,,,,6.0,DeVon Achane,2026-05-29,MIA
/nfl/rankings/ppr-superflex-cheatsheets.php,redraft-op,rsf,Malik Nabers,25409,WR,NYG,30.82,8.38,23,53,,malik-nabers.php,,,98.5,,,,,,8.0,Malik Nabers,2026-05-29,NYG
/nfl/rankings/ppr-superflex-cheatsheets.php,redraft-op,rsf,Ashton Jeanty,25989,RB,LV,33.36,6.96,20,51,,ashton-jeanty.php,,,98.8,,,,,,13.0,Ashton Jeanty,2026-05-29,LVR
/nfl/rankings/ppr-superflex-cheatsheets.php,redraft-op,rsf,George Pickens,22963,WR,DAL,33.51,4.8,27,50,,george-pickens.php,,,98.7,,,,,,14.0,George Pickens,2026-05-29,DAL
/nfl/rankings/ppr-superflex-cheatsheets.php,redraft-op,rsf,Trey McBride,22936,TE,ARI,33.67,4.98,31,51,,trey-mcbride.php,,,98.8,,,,,,14.0,Trey McBride,2026-05-29,ARI
/nfl/rankings/ppr-superflex-cheatsheets.php,redraft-op,rsf,Chris Olave,20111,WR,NO,34.31,7.77,24,62,,chris-olave.php,,,97.8,,,,,,8.0,Chris Olave,2026-05-29,NOS
/nfl/rankings/ppr-superflex-cheatsheets.php,redraft-op,rsf,Jared Goff,15501,QB,DET,36.49,9.08,17,55,,jared-goff.php,,,77.0,,,,,,6.0,Jared Goff,2026-05-29,DET
/nfl/rankings/ppr-superflex-cheatsheets.php,redraft-op,rsf,Rashee Rice,23113,WR,KC,36.79,10.96,23,63,,rashee-rice.php,,,97.8,,,,,-2.0,5.0,Rashee Rice,2026-05-29,KCC
/nfl/rankings/ppr-superflex-cheatsheets.php,redraft-op,rsf,A.J. Brown,18218,WR,PHI,37.21,7.03,24,57,,aj-brown.php,,,98.8,,,,,,10.0,AJ Brown,2026-05-29,PHI
/nfl/rankings/ppr-superflex-cheatsheets.php,redraft-op,rsf,James Cook III,22958,RB,BUF,37.51,7.63,18,48,,james-cook.php,,,99.4,,,,,,7.0,James Cook,2026-05-29,BUF
/nfl/rankings/ppr-superflex-cheatsheets.php,redraft-op,rsf,Brock Bowers,22955,TE,LV,38.31,4.63,31,57,,brock-bowers.php,,,98.8,,,,,,13.0,Brock Bowers,2026-05-29,LVR
/nfl/rankings/ppr-superflex-cheatsheets.php,redraft-op,rsf,Chase Brown,25324,RB,CIN,38.44,5.14,25,48,,chase-brown.php,,,98.3,,,,,,6.0,Chase Brown,2026-05-29,CIN
/nfl/rankings/ppr-superflex-cheatsheets.php,redraft-op,rsf,Kyler Murray,18600,QB,MIN,40.36,12.79,17,64,,kyler-murray.php,,,80.1,,,,,,6.0,Kyler Murray,2026-05-29,MIN
/nfl/rankings/ppr-superflex-cheatsheets.php,redraft-op,rsf,Omarion Hampton,25395,RB,LAC,43.44,8.43,25,65,,omarion-hampton.php,,,98.2,,,,,,7.0,Omarion Hampton,2026-05-29,LAC
/nfl/rankings/ppr-superflex-cheatsheets.php,redraft-op,rsf,Jordan Love,19246,QB,GB,43.77,8.78,24,56,,jordan-love.php,,,64.8,,,,,,11.0,Jordan Love,2026-05-29,GBP
/nfl/rankings/ppr-superflex-cheatsheets.php,redraft-op,rsf,Tetairoa McMillan,25417,WR,CAR,44.69,7.5,34,63,,tetairoa-mcmillan.php,,,97.9,,,,,,5.0,Tetairoa McMillan,2026-05-29,CAR
/nfl/rankings/ppr-superflex-cheatsheets.php,redraft-op,rsf,Saquon Barkley,17240,RB,PHI,45.59,6.49,33,66,,saquon-barkley.php,,,99.2,,,,,,10.0,Saquon Barkley,2026-05-29,PHI
/nfl/rankings/ppr-superflex-cheatsheets.php,redraft-op,rsf,Malik Willis,23499,QB,MIA,46.79,13.42,18,83,,malik-willis.php,,,59.4,,,,,,6.0,Malik Willis,2026-05-29,MIA
/nfl/rankings/ppr-superflex-cheatsheets.php,redraft-op,rsf,Garrett Wilson,23072,WR,NYJ,46.85,5.71,35,66,,garrett-wilson.php,,,97.4,,,,,,13.0,Garrett Wilson,2026-05-29,NYJ
/nfl/rankings/ppr-superflex-cheatsheets.php,redraft-op,rsf,Baker Mayfield,17237,QB,TB,48.33,9.93,23,60,,baker-mayfield.php,,,64.9,,,,,,10.0,Baker Mayfield,2026-05-29,TBB
/nfl/rankings/ppr-superflex-cheatsheets.php,redraft-op,rsf,Tyler Shough,23096,QB,NO,48.82,10.19,26,64,,tyler-shough.php,,,68.9,,,,,,8.0,Tyler Shough,2026-05-29,NOS
/nfl/rankings/ppr-superflex-cheatsheets.php,redraft-op,rsf,DeVonta Smith,19222,WR,PHI,49.64,10.79,35,69,,devonta-smith.php,,,97.6,,,,,,10.0,DeVonta Smith,2026-05-29,PHI
/nfl/rankings/ppr-superflex-cheatsheets.php,redraft-op,rsf,Kenneth Walker III,23021,RB,KC,50.26,9.19,33,74,,kenneth-walker-rb.php,,,99.0,,,,,,5.0,Kenneth Walker,2026-05-29,KCC
/nfl/rankings/ppr-superflex-cheatsheets.php,redraft-op,rsf,Tee Higgins,19211,WR,CIN,50.26,6.33,36,63,,tee-higgins.php,,,97.4,,,,,,6.0,Tee Higgins,2026-05-29,CIN
/nfl/rankings/ppr-superflex-cheatsheets.php,redraft-op,rsf,Jeremiyah Love,25403,RB,ARI,52.79,9.52,33,76,,jeremiyah-love.php,,,96.2,,,,,,14.0,Jeremiyah Love,2026-05-29,ARI
/nfl/rankings/ppr-superflex-cheatsheets.php,redraft-op,rsf,Colston Loveland,26006,TE,CHI,53.82,12.95,39,86,,colston-loveland.php,,,98.6,,,,,,10.0,Colston Loveland,2026-05-29,CHI
/nfl/rankings/ppr-superflex-cheatsheets.php,redraft-op,rsf,Ladd McConkey,26122,WR,LAC,53.97,8.55,36,79,,ladd-mcconkey.php,,,96.9,,,,,,7.0,Ladd McConkey,2026-05-29,LAC
/nfl/rankings/ppr-superflex-cheatsheets.php,redraft-op,rsf,Zay Flowers,22916,WR,BAL,58.38,8.7,36,78,,zay-flowers.php,,,97.1,,,,,,13.0,Zay Flowers,2026-05-29,BAL
/nfl/rankings/ppr-superflex-cheatsheets.php,redraft-op,rsf,Breece Hall,22982,RB,NYJ,58.92,6.85,48,73,,breece-hall.php,,,97.5,,,,,,13.0,Breece Hall,2026-05-29,NYJ
/nfl/rankings/ppr-superflex-cheatsheets.php,redraft-op,rsf,Josh Jacobs,18269,RB,GB,59.41,11.55,46,99,,josh-jacobs.php,,,98.5,,,,,,11.0,Josh Jacobs,2026-05-29,GBP
/nfl/rankings/ppr-superflex-cheatsheets.php,redraft-op,rsf,Jaylen Waddle,19790,WR,DEN,59.46,9.28,36,77,,jaylen-waddle.php,,,96.1,,,,,,10.0,Jaylen Waddle,2026-05-29,DEN
/nfl/rankings/ppr-superflex-cheatsheets.php,redraft-op,rsf,C.J. Stroud,23071,QB,HOU,59.67,8.48,25,76,,cj-stroud.php,,,48.1,,,,,,8.0,CJ Stroud,2026-05-29,HOU
/nfl/rankings/ppr-superflex-cheatsheets.php,redraft-op,rsf,Derrick Henry,15514,RB,BAL,60.0,8.78,42,77,,derrick-henry.php,,,98.4,,,,,,13.0,Derrick Henry,2026-05-29,BAL
/nfl/rankings/ppr-superflex-cheatsheets.php,redraft-op,rsf,Luther Burden III,27016,WR,CHI,60.87,8.37,43,89,,luther-burden-iii.php,,,94.4,,,,,,10.0,Luther Burden,2026-05-29,CHI
/nfl/rankings/ppr-superflex-cheatsheets.php,redraft-op,rsf,Sam Darnold,17236,QB,SEA,61.59,9.89,26,83,,sam-darnold.php,,,52.3,,,,,,11.0,Sam Darnold,2026-05-29,SEA
/nfl/rankings/ppr-superflex-cheatsheets.php,redraft-op,rsf,Terry McLaurin,18466,WR,WAS,62.46,7.48,44,78,,terry-mclaurin.php,,,95.3,,,,,,7.0,Terry McLaurin,2026-05-29,WAS
/nfl/rankings/ppr-superflex-cheatsheets.php,redraft-op,rsf,Emeka Egbuka,23062,WR,TB,64.26,8.42,45,82,,emeka-egbuka.php,,,95.8,,,,,,10.0,Emeka Egbuka,2026-05-29,TBB
/nfl/rankings/ppr-superflex-cheatsheets.php,redraft-op,rsf,Travis Etienne Jr.,19231,RB,NO,64.9,5.66,54,77,,travis-etienne.php,,,97.1,,,,,,8.0,Travis Etienne,2026-05-29,NOS
/nfl/rankings/ppr-superflex-cheatsheets.php,redraft-op,rsf,Davante Adams,12123,WR,LAR,64.95,8.04,53,93,,davante-adams.php,,,97.3,,,,,,11.0,Davante Adams,2026-05-29,LAR
/nfl/rankings/ppr-superflex-cheatsheets.php,redraft-op,rsf,Kyren Williams,23059,RB,LAR,65.36,8.22,48,78,,kyren-williams.php,,,97.8,,,,,,11.0,Kyren Williams,2026-05-29,LAR
/nfl/rankings/ppr-superflex-cheatsheets.php,redraft-op,rsf,Javonte Williams,22739,RB,DAL,67.49,9.25,48,81,,javonte-williams.php,,,97.1,,,,,,14.0,Javonte Williams,2026-05-29,DAL
/nfl/rankings/ppr-superflex-cheatsheets.php,redraft-op,rsf,Cam Ward,24755,QB,TEN,67.72,8.42,33,83,,cam-ward.php,,,43.7,,,,,,9.0,Cam Ward,2026-05-29,TEN
/nfl/rankings/ppr-superflex-cheatsheets.php,redraft-op,rsf,Bryce Young,22900,QB,CAR,68.18,9.48,28,87,,bryce-young.php,,,41.3,,,,,,5.0,Bryce Young,2026-05-29,CAR
/nfl/rankings/ppr-superflex-cheatsheets.php,redraft-op,rsf,Mike Evans,12119,WR,SF,69.72,8.18,51,89,,mike-evans.php,,,93.7,,,,,,8.0,Mike Evans,2026-05-29,SFO
/nfl/rankings/ppr-superflex-cheatsheets.php,redraft-op,rsf,Jameson Williams,23677,WR,DET,71.56,7.71,53,92,,jameson-williams.php,,,95.5,,,,,,6.0,Jameson Williams,2026-05-29,DET
/nfl/rankings/ppr-superflex-cheatsheets.php,redraft-op,rsf,Bucky Irving,25981,RB,TB,74.64,9.49,53,99,,bucky-irving.php,,,96.6,,,,,,10.0,Bucky Irving,2026-05-29,TBB
/nfl/rankings/ppr-superflex-cheatsheets.php,redraft-op,rsf,DJ Moore,17265,WR,BUF,75.79,14.63,44,128,,dj-moore-wr.php,,,94.6,,,,,,7.0,DJ Moore,2026-05-29,BUF
/nfl/rankings/ppr-superflex-cheatsheets.php,redraft-op,rsf,Tyler Warren,26434,TE,IND,76.44,11.22,47,93,,tyler-warren.php,,,98.3,,,,,,13.0,Tyler Warren,2026-05-29,IND
/nfl/rankings/ppr-superflex-cheatsheets.php,redraft-op,rsf,Cam Skattebo,27166,RB,NYG,78.18,7.75,61,95,,cam-skattebo.php,,,96.9,,,,,,8.0,Cam Skattebo,2026-05-29,NYG
/nfl/rankings/ppr-superflex-cheatsheets.php,redraft-op,rsf,Christian Watson,23886,WR,GB,79.95,10.45,63,110,,christian-watson.php,,,92.0,,,,,,11.0,Christian Watson,2026-05-29,GBP
/nfl/rankings/ppr-superflex-cheatsheets.php,redraft-op,rsf,Rome Odunze,25411,WR,CHI,80.85,10.41,62,110,,rome-odunze.php,,,94.1,,,,,,10.0,Rome Odunze,2026-05-29,CHI
/nfl/rankings/ppr-superflex-cheatsheets.php,redraft-op,rsf,TreVeyon Henderson,23065,RB,NE,82.03,10.12,65,104,,treveyon-henderson.php,,,95.0,,,,,,11.0,TreVeyon Henderson,2026-05-29,NEP
/nfl/rankings/ppr-superflex-cheatsheets.php,redraft-op,rsf,Daniel Jones,18232,QB,IND,76.29,20.95,27,183,,daniel-jones.php,,,52.6,,,,,,13.0,Daniel Jones,2026-05-29,IND
/nfl/rankings/ppr-superflex-cheatsheets.php,redraft-op,rsf,Carnell Tate,26009,WR,TEN,83.92,15.61,53,117,,carnell-tate.php,,,92.8,,,,,,9.0,Carnell Tate,2026-05-29,TEN
/nfl/rankings/ppr-superflex-cheatsheets.php,redraft-op,rsf,Quinshon Judkins,25391,RB,CLE,84.36,8.74,67,97,,quinshon-judkins.php,,,95.0,,,,,,11.0,Quinshon Judkins,2026-05-29,CLE
/nfl/rankings/ppr-superflex-cheatsheets.php,redraft-op,rsf,D'Andre Swift,19210,RB,CHI,87.23,7.18,77,99,,dandre-swift.php,,,94.0,,,,,,10.0,DAndre Swift,2026-05-29,CHI
/nfl/rankings/ppr-superflex-cheatsheets.php,redraft-op,rsf,David Montgomery,18239,RB,HOU,87.51,9.25,71,111,,david-montgomery.php,,,93.8,,,,,,8.0,David Montgomery,2026-05-29,HOU
/nfl/rankings/ppr-superflex-cheatsheets.php,redraft-op,rsf,Jacoby Brissett,15642,QB,ARI,82.66,18.54,27,127,,jacoby-brissett.php,,,30.8,,,,,,14.0,Jacoby Brissett,2026-05-29,ARI
/nfl/rankings/ppr-superflex-cheatsheets.php,redraft-op,rsf,Marvin Harrison Jr.,23064,WR,ARI,90.13,10.06,73,129,,marvin-harrison-jr.php,,,92.3,,,,,,14.0,Marvin Harrison,2026-05-29,ARI
/nfl/rankings/ppr-superflex-cheatsheets.php,redraft-op,rsf,Tucker Kraft,25298,TE,GB,91.56,9.81,76,113,,tucker-kraft.php,,,92.7,,,,,,11.0,Tucker Kraft,2026-05-29,GBP
/nfl/rankings/ppr-superflex-cheatsheets.php,redraft-op,rsf,Courtland Sutton,17253,WR,DEN,91.9,10.51,73,107,,courtland-sutton.php,,,92.8,,,,,,10.0,Courtland Sutton,2026-05-29,DEN
/nfl/rankings/ppr-superflex-cheatsheets.php,redraft-op,rsf,Jaylen Warren,24209,RB,PIT,92.21,6.23,85,108,,jaylen-warren.php,,,91.2,,,,,,9.0,Jaylen Warren,2026-05-29,PIT
/nfl/rankings/ppr-superflex-cheatsheets.php,redraft-op,rsf,Harold Fannin Jr.,27050,TE,CLE,93.05,9.47,78,121,,harold-fannin-jr.php,,,95.1,,,,,,11.0,Harold Fannin,2026-05-29,CLE
/nfl/rankings/ppr-superflex-cheatsheets.php,redraft-op,rsf,RJ Harvey,27142,RB,DEN,95.1,12.71,81,132,,rj-harvey.php,,,91.5,,,,,,10.0,RJ Harvey,2026-05-29,DEN
/nfl/rankings/ppr-superflex-cheatsheets.php,redraft-op,rsf,Michael Wilson,25333,WR,ARI,95.82,10.81,70,122,,michael-wilson.php,,,90.7,,,,,,14.0,Michael Wilson,2026-05-29,ARI
/nfl/rankings/ppr-superflex-cheatsheets.php,redraft-op,rsf,Bhayshul Tuten,27297,RB,JAC,96.03,6.81,79,116,,bhayshul-tuten.php,,,92.2,,,,,,7.0,Bhayshul Tuten,2026-05-29,JAC
/nfl/rankings/ppr-superflex-cheatsheets.php,redraft-op,rsf,Jordyn Tyson,26035,WR,NO,96.56,11.31,72,117,,jordyn-tyson.php,,,88.9,,,,,,8.0,Jordyn Tyson,2026-05-29,NOS
/nfl/rankings/ppr-superflex-cheatsheets.php,redraft-op,rsf,DK Metcalf,18219,WR,PIT,96.59,9.7,73,112,,dk-metcalf.php,,,93.6,,,,,,9.0,DK Metcalf,2026-05-29,PIT
/nfl/rankings/ppr-superflex-cheatsheets.php,redraft-op,rsf,Chuba Hubbard,19792,RB,CAR,96.79,10.4,71,130,,chuba-hubbard.php,,,92.7,,,,,,5.0,Chuba Hubbard,2026-05-29,CAR
/nfl/rankings/ppr-superflex-cheatsheets.php,redraft-op,rsf,Chris Godwin Jr.,16406,WR,TB,97.31,9.46,80,122,,chris-godwin.php,,,89.7,,,,,,10.0,Chris Godwin,2026-05-29,TBB
/nfl/rankings/ppr-superflex-cheatsheets.php,redraft-op,rsf,Fernando Mendoza,28013,QB,LV,98.09,32.75,30,192,,fernando-mendoza.php,,,42.9,,,,,,13.0,Fernando Mendoza,2026-05-29,LVR
/nfl/rankings/ppr-superflex-cheatsheets.php,redraft-op,rsf,Alec Pierce,23791,WR,IND,98.64,12.28,74,122,,alec-pierce.php,,,91.1,,,,,,13.0,Alec Pierce,2026-05-29,IND
/nfl/rankings/ppr-superflex-cheatsheets.php,redraft-op,rsf,Jadarian Price,27329,RB,SEA,98.85,8.25,77,114,,jadarian-price.php,,,89.6,,,,,,11.0,Jadarian Price,2026-05-29,SEA
/nfl/rankings/ppr-superflex-cheatsheets.php,redraft-op,rsf,Kyle Pitts Sr.,20164,TE,ATL,101.38,8.03,86,115,,kyle-pitts.php,,,95.9,,,,,,11.0,Kyle Pitts,2026-05-29,ATL
/nfl/rankings/ppr-superflex-cheatsheets.php,redraft-op,rsf,Jakobi Meyers,18598,WR,JAC,102.03,9.48,82,118,,jakobi-meyers.php,,,89.4,,,,,,7.0,Jakobi Meyers,2026-05-29,JAC
/nfl/rankings/ppr-superflex-cheatsheets.php,redraft-op,rsf,Michael Pittman Jr.,19278,WR,PIT,103.41,12.43,80,132,,michael-pittman.php,,,90.5,,,,,,9.0,Michael Pittman,2026-05-29,PIT
/nfl/rankings/ppr-superflex-cheatsheets.php,redraft-op,rsf,Rico Dowdle,19647,RB,PIT,104.56,7.98,92,130,,rico-dowdle.php,,,91.1,,,,,,9.0,Rico Dowdle,2026-05-29,PIT
/nfl/rankings/ppr-superflex-cheatsheets.php,redraft-op,rsf,Rhamondre Stevenson,22726,RB,NE,104.97,7.31,92,120,,rhamondre-stevenson.php,,,90.5,,,,,,11.0,Rhamondre Stevenson,2026-05-29,NEP
/nfl/rankings/ppr-superflex-cheatsheets.php,redraft-op,rsf,Sam LaPorta,22978,TE,DET,105.05,6.26,88,119,,sam-laporta.php,,,95.1,,,,,,6.0,Sam LaPorta,2026-05-29,DET
/nfl/rankings/ppr-superflex-cheatsheets.php,redraft-op,rsf,Makai Lemon,25420,WR,PHI,105.13,7.18,86,118,,makai-lemon.php,,,88.7,,,,,,10.0,Makai Lemon,2026-05-29,PHI
/nfl/rankings/ppr-superflex-cheatsheets.php,redraft-op,rsf,Wan'Dale Robinson,22985,WR,TEN,106.33,10.25,90,132,,wandale-robinson.php,,,86.0,,,,,,9.0,WanDale Robinson,2026-05-29,TEN
/nfl/rankings/ppr-superflex-cheatsheets.php,redraft-op,rsf,Tony Pollard,18705,RB,TEN,106.64,7.01,89,124,,tony-pollard.php,,,90.6,,,,,,9.0,Tony Pollard,2026-05-29,TEN
/nfl/rankings/ppr-superflex-cheatsheets.php,redraft-op,rsf,Brian Thomas Jr.,23000,WR,JAC,106.85,12.83,75,134,,brian-thomas-jr.php,,,91.4,,,,,,7.0,Brian Thomas,2026-05-29,JAC
/nfl/rankings/ppr-superflex-cheatsheets.php,redraft-op,rsf,Kyle Monangai,27131,RB,CHI,113.08,7.58,97,130,,kyle-monangai.php,,,89.5,,,,,,10.0,Kyle Monangai,2026-05-29,CHI
/nfl/rankings/ppr-superflex-cheatsheets.php,redraft-op,rsf,Ricky Pearsall,26214,WR,SF,115.74,15.23,91,157,,ricky-pearsall.php,,,88.3,,,,,,8.0,Ricky Pearsall,2026-05-29,SFO
/nfl/rankings/ppr-superflex-cheatsheets.php,redraft-op,rsf,Parker Washington,23106,WR,JAC,116.05,12.48,80,139,,parker-washington.php,,,89.8,,,,,,7.0,Parker Washington,2026-05-29,JAC
/nfl/rankings/ppr-superflex-cheatsheets.php,redraft-op,rsf,Jordan Addison,23107,WR,MIN,118.49,6.68,101,133,,jordan-addison.php,,,88.1,,,,,,6.0,Jordan Addison,2026-05-29,MIN
/nfl/rankings/ppr-superflex-cheatsheets.php,redraft-op,rsf,Aaron Jones Sr.,16673,RB,MIN,118.92,12.35,101,150,,aaron-jones.php,,,88.3,,,,,,6.0,Aaron Jones,2026-05-29,MIN
/nfl/rankings/ppr-superflex-cheatsheets.php,redraft-op,rsf,Jake Ferguson,22718,TE,DAL,119.56,6.64,106,135,,jake-ferguson.php,,,90.9,,,,,,14.0,Jake Ferguson,2026-05-29,DAL
/nfl/rankings/ppr-superflex-cheatsheets.php,redraft-op,rsf,Kenneth Gainwell,23310,RB,TB,120.56,13.95,99,152,,kenneth-gainwell.php,,,86.7,,,,,,10.0,Kenneth Gainwell,2026-05-29,TBB
/nfl/rankings/ppr-superflex-cheatsheets.php,redraft-op,rsf,Josh Downs,24706,WR,IND,121.13,11.97,91,144,,josh-downs.php,,,81.7,,,,,,13.0,Josh Downs,2026-05-29,IND
/nfl/rankings/ppr-superflex-cheatsheets.php,redraft-op,rsf,Dalton Kincaid,25247,TE,BUF,123.41,10.71,109,161,,dalton-kincaid.php,,,73.0,,,,,-2.0,7.0,Dalton Kincaid,2026-05-29,BUF
/nfl/rankings/ppr-superflex-cheatsheets.php,redraft-op,rsf,J.K. Dobbins,19245,RB,DEN,123.51,12.02,104,152,,jk-dobbins.php,,,89.5,,,,,,10.0,JK Dobbins,2026-05-29,DEN
/nfl/rankings/ppr-superflex-cheatsheets.php,redraft-op,rsf,Travis Kelce,11594,TE,KC,124.51,18.1,93,189,,travis-kelce.php,,,91.9,,,,,,5.0,Travis Kelce,2026-05-29,KCC
/nfl/rankings/ppr-superflex-cheatsheets.php,redraft-op,rsf,Blake Corum,23013,RB,LAR,125.82,7.55,108,142,,blake-corum.php,,,86.9,,,,,,11.0,Blake Corum,2026-05-29,LAR
/nfl/rankings/ppr-superflex-cheatsheets.php,redraft-op,rsf,Jayden Reed,23020,WR,GB,125.87,8.1,110,144,,jayden-reed.php,,,81.8,,,,,,11.0,Jayden Reed,2026-05-29,GBP
/nfl/rankings/ppr-superflex-cheatsheets.php,redraft-op,rsf,Khalil Shakir,23748,WR,BUF,126.69,7.85,101,138,,khalil-shakir.php,,,75.5,,,,,,7.0,Khalil Shakir,2026-05-29,BUF
/nfl/rankings/ppr-superflex-cheatsheets.php,redraft-op,rsf,Quentin Johnston,23123,WR,LAC,129.36,7.96,110,148,,quentin-johnston.php,,,81.0,,,,,,7.0,Quentin Johnston,2026-05-29,LAC
/nfl/rankings/ppr-superflex-cheatsheets.php,redraft-op,rsf,Jayden Higgins,27077,WR,HOU,131.82,6.44,118,147,,jayden-higgins.php,,,55.1,,,,,,8.0,Jayden Higgins,2026-05-29,HOU
/nfl/rankings/ppr-superflex-cheatsheets.php,redraft-op,rsf,Rachaad White,23891,RB,WAS,132.59,13.68,92,165,,rachaad-white.php,,,78.6,,,,,,7.0,Rachaad White,2026-05-29,WAS
/nfl/rankings/ppr-superflex-cheatsheets.php,redraft-op,rsf,Geno Smith,11687,QB,NYJ,115.33,36.15,32,184,,geno-smith.php,,,25.3,,,,,,13.0,Geno Smith,2026-05-29,NYJ
/nfl/rankings/ppr-superflex-cheatsheets.php,redraft-op,rsf,George Kittle,16499,TE,SF,133.74,22.07,93,197,,george-kittle.php,,,92.3,,,,,2.0,8.0,George Kittle,2026-05-29,SFO
/nfl/rankings/ppr-superflex-cheatsheets.php,redraft-op,rsf,Isaiah Likely,23781,TE,NYG,135.82,21.57,106,194,,isaiah-likely.php,,,86.1,,,,,,8.0,Isaiah Likely,2026-05-29,NYG
/nfl/rankings/ppr-superflex-cheatsheets.php,redraft-op,rsf,Jacory Croskey-Merritt,27316,RB,WAS,138.0,14.59,123,217,,jacory-croskeymerritt.php,,,79.6,,,,,,7.0,Jacory Croskey-Merritt,2026-05-29,WAS
/nfl/rankings/ppr-superflex-cheatsheets.php,redraft-op,rsf,Xavier Worthy,23019,WR,KC,139.51,10.18,114,170,,xavier-worthy.php,,,82.3,,,,,,5.0,Xavier Worthy,2026-05-29,KCC
/nfl/rankings/ppr-superflex-cheatsheets.php,redraft-op,rsf,Tyler Allgeier,24172,RB,ARI,140.1,12.57,116,172,,tyler-allgeier.php,,,61.7,,,,,,14.0,Tyler Allgeier,2026-05-29,ARI
/nfl/rankings/ppr-superflex-cheatsheets.php,redraft-op,rsf,Dallas Goedert,17270,TE,PHI,140.23,13.89,101,164,,dallas-goedert.php,,,91.0,,,,,,10.0,Dallas Goedert,2026-05-29,PHI
/nfl/rankings/ppr-superflex-cheatsheets.php,redraft-op,rsf,Romeo Doubs,23794,WR,NE,140.36,15.22,102,178,,romeo-doubs.php,,,78.1,,,,,,11.0,Romeo Doubs,2026-05-29,NEP
/nfl/rankings/ppr-superflex-cheatsheets.php,redraft-op,rsf,Jordan Mason,22969,RB,MIN,142.97,9.85,120,166,,jordan-mason.php,,,65.2,,,,,,6.0,Jordan Mason,2026-05-29,MIN
/nfl/rankings/ppr-superflex-cheatsheets.php,redraft-op,rsf,Oronde Gadsden II,25997,TE,LAC,143.36,34.35,113,227,,oronde-gadsden-ii.php,,,68.7,,,,,-2.0,7.0,Oronde Gadsden,2026-05-29,LAC
/nfl/rankings/ppr-superflex-cheatsheets.php,redraft-op,rsf,Woody Marks,27520,RB,HOU,143.41,16.72,111,196,,woody-marks.php,,,67.6,,,,,,8.0,Woody Marks,2026-05-29,HOU
/nfl/rankings/ppr-superflex-cheatsheets.php,redraft-op,rsf,Tyrone Tracy Jr.,22980,RB,NYG,143.85,9.27,120,162,,tyrone-tracy-jr.php,,,49.8,,,,,,8.0,Tyrone Tracy,2026-05-29,NYG
/nfl/rankings/ppr-superflex-cheatsheets.php,redraft-op,rsf,Jalen Coker,26403,WR,CAR,144.28,8.58,126,169,,jalen-coker.php,,,57.9,,,,,,5.0,Jalen Coker,2026-05-29,CAR
/nfl/rankings/ppr-superflex-cheatsheets.php,redraft-op,rsf,Zach Charbonnet,23152,RB,SEA,144.49,17.24,99,195,,zach-charbonnet.php,,,74.7,,,,,,11.0,Zach Charbonnet,2026-05-29,SEA
/nfl/rankings/ppr-superflex-cheatsheets.php,redraft-op,rsf,Michael Penix Jr.,22973,QB,ATL,121.97,42.13,34,278,,michael-penix-jr.php,,,23.5,,,,,,11.0,Michael Penix,2026-05-29,ATL
/nfl/rankings/ppr-superflex-cheatsheets.php,redraft-op,rsf,KC Concepcion,27331,WR,CLE,145.95,28.89,89,222,,kevin-concepcion.php,,,70.8,,,,,,11.0,KC Concepcion,2026-05-29,CLE
/nfl/rankings/ppr-superflex-cheatsheets.php,redraft-op,rsf,Juwan Johnson,19562,TE,NO,146.97,14.14,125,184,,juwan-johnson.php,,,59.8,,,,,,8.0,Juwan Johnson,2026-05-29,NOS
/nfl/rankings/ppr-superflex-cheatsheets.php,redraft-op,rsf,Matthew Golden,26024,WR,GB,149.41,13.57,129,176,,matthew-golden.php,,,74.4,,,,,,11.0,Matthew Golden,2026-05-29,GBP
/nfl/rankings/ppr-superflex-cheatsheets.php,redraft-op,rsf,Tyjae Spears,25323,RB,TEN,150.13,9.73,114,176,,tyjae-spears.php,,,61.1,,,,,,9.0,Tyjae Spears,2026-05-29,TEN
/nfl/rankings/ppr-superflex-cheatsheets.php,redraft-op,rsf,Brenton Strange,25345,TE,JAC,152.13,19.63,114,197,,brenton-strange.php,,,59.6,,,,,,7.0,Brenton Strange,2026-05-29,JAC
/nfl/rankings/ppr-superflex-cheatsheets.php,redraft-op,rsf,Alvin Kamara,16421,RB,NO,152.85,12.34,119,182,,alvin-kamara.php,,,58.1,,,,,,8.0,Alvin Kamara,2026-05-29,NOS
/nfl/rankings/ppr-superflex-cheatsheets.php,redraft-op,rsf,Dylan Sampson,27102,RB,CLE,154.15,11.18,132,194,,dylan-sampson.php,,,37.5,,,,,,11.0,Dylan Sampson,2026-05-29,CLE
/nfl/rankings/ppr-superflex-cheatsheets.php,redraft-op,rsf,Mark Andrews,17269,TE,BAL,154.36,16.43,124,184,,mark-andrews.php,,,87.0,,,,,,13.0,Mark Andrews,2026-05-29,BAL
/nfl/rankings/ppr-superflex-cheatsheets.php,redraft-op,rsf,Jonathon Brooks,26148,RB,CAR,157.08,28.11,116,229,,jonathon-brooks.php,,,61.4,,,,,,5.0,Jonathon Brooks,2026-05-29,CAR
/nfl/rankings/ppr-superflex-cheatsheets.php,redraft-op,rsf,Chris Rodriguez Jr.,22986,RB,JAC,157.31,21.81,129,214,,chris-rodriguez-jr.php,,,53.9,,,,,,7.0,Chris Rodriguez,2026-05-29,JAC
/nfl/rankings/ppr-superflex-cheatsheets.php,redraft-op,rsf,Aaron Rodgers,9001,QB,PIT,122.36,38.57,36,182,,aaron-rodgers.php,,,27.3,,,,,,9.0,Aaron Rodgers,2026-05-29,PIT
/nfl/rankings/ppr-superflex-cheatsheets.php,redraft-op,rsf,James Conner,16447,RB,ARI,157.97,24.24,105,247,,james-conner.php,,,41.1,,,,,,14.0,James Conner,2026-05-29,ARI
/nfl/rankings/ppr-superflex-cheatsheets.php,redraft-op,rsf,Isiah Pacheco,24333,RB,DET,158.26,8.6,131,175,,isiah-pacheco.php,,,59.5,,,,,,6.0,Isiah Pacheco,2026-05-29,DET
/nfl/rankings/ppr-superflex-cheatsheets.php,redraft-op,rsf,Rashid Shaheed,24687,WR,SEA,160.13,8.31,147,176,,rashid-shaheed.php,,,52.2,,,,,,11.0,Rashid Shaheed,2026-05-29,SEA
/nfl/rankings/ppr-superflex-cheatsheets.php,redraft-op,rsf,Jerry Jeudy,19201,WR,CLE,160.72,10.53,147,191,,jerry-jeudy.php,,,45.9,,,,,,11.0,Jerry Jeudy,2026-05-29,CLE
/nfl/rankings/ppr-superflex-cheatsheets.php,redraft-op,rsf,Deebo Samuel Sr.,18244,WR,FA,156.61,18.28,134,203,,deebo-samuel.php,,,42.1,,,,,,,Deebo Samuel,2026-05-29,FA
/nfl/rankings/ppr-superflex-cheatsheets.php,redraft-op,rsf,Travis Hunter,26034,WR,JAC,163.9,21.04,109,219,,travis-hunter.php,,,67.6,,,,,,7.0,Travis Hunter,2026-05-29,JAC
/nfl/rankings/ppr-superflex-cheatsheets.php,redraft-op,rsf,Denzel Boston,27339,WR,CLE,164.53,19.69,138,221,,denzel-boston.php,,,45.7,,,,,,11.0,Denzel Boston,2026-05-29,CLE
/nfl/rankings/ppr-superflex-cheatsheets.php,redraft-op,rsf,Omar Cooper Jr.,28127,WR,NYJ,164.71,24.78,128,237,,omar-cooper-jr.php,,,53.2,,,,,,13.0,Omar Cooper,2026-05-29,NYJ
/nfl/rankings/ppr-superflex-cheatsheets.php,redraft-op,rsf,Jonah Coleman,27320,RB,DEN,164.97,19.55,143,245,,jonah-coleman.php,,,43.4,,,,,,10.0,Jonah Coleman,2026-05-29,DEN
/nfl/rankings/ppr-superflex-cheatsheets.php,redraft-op,rsf,Jauan Jennings,19590,WR,MIN,155.22,19.66,112,191,,jauan-jennings.php,,,46.4,,,,,,6.0,Jauan Jennings,2026-05-29,MIN
/nfl/rankings/ppr-superflex-cheatsheets.php,redraft-op,rsf,Hunter Henry,15561,TE,NE,166.67,10.58,142,193,,hunter-henry.php,,,68.4,,,,,,11.0,Hunter Henry,2026-05-29,NEP
/nfl/rankings/ppr-superflex-cheatsheets.php,redraft-op,rsf,Braelon Allen,24346,RB,NYJ,166.79,15.67,132,229,,braelon-allen.php,,,34.6,,,,,,13.0,Braelon Allen,2026-05-29,NYJ
/nfl/rankings/ppr-superflex-cheatsheets.php,redraft-op,rsf,Keaton Mitchell,25360,RB,LAC,167.1,12.73,146,220,,keaton-mitchell.php,,,39.7,,,,,,7.0,Keaton Mitchell,2026-05-29,LAC
/nfl/rankings/ppr-superflex-cheatsheets.php,redraft-op,rsf,Stefon Diggs,13981,WR,FA,152.81,29.22,101,264,,stefon-diggs.php,,,56.1,,,,,,,Stefon Diggs,2026-05-29,FA
/nfl/rankings/ppr-superflex-cheatsheets.php,redraft-op,rsf,Shedeur Sanders,25968,QB,CLE,135.27,42.52,40,268,,shedeur-sanders.php,,,23.8,,,,,,11.0,Shedeur Sanders,2026-05-29,CLE
/nfl/rankings/ppr-superflex-cheatsheets.php,redraft-op,rsf,Dalton Schultz,17349,TE,HOU,171.59,17.87,136,209,,dalton-schultz.php,,,38.1,,,,,,8.0,Dalton Schultz,2026-05-29,HOU
/nfl/rankings/ppr-superflex-cheatsheets.php,redraft-op,rsf,Adonai Mitchell,24357,WR,NYJ,172.28,13.75,151,222,,adonai-mitchell.php,,,23.1,,,,,,13.0,Adonai Mitchell,2026-05-29,NYJ
/nfl/rankings/ppr-superflex-cheatsheets.php,redraft-op,rsf,Brandon Aiyuk,19252,WR,SF,169.61,17.88,144,229,,brandon-aiyuk.php,,,41.7,,,,,,8.0,Brandon Aiyuk,2026-05-29,SFO
/nfl/rankings/ppr-superflex-cheatsheets.php,redraft-op,rsf,Brian Robinson Jr.,20094,RB,ATL,174.62,11.5,154,213,,brian-robinson-jr.php,,,40.0,,,,,,11.0,Brian Robinson,2026-05-29,ATL
/nfl/rankings/ppr-superflex-cheatsheets.php,redraft-op,rsf,Chig Okonkwo,23982,TE,WAS,175.85,26.99,121,227,,chigoziem-okonkwo.php,,,42.8,,,,,,7.0,Chigoziem Okonkwo,2026-05-29,WAS
/nfl/rankings/ppr-superflex-cheatsheets.php,redraft-op,rsf,Emanuel Wilson,25885,RB,SEA,176.72,22.74,132,225,,emanuel-wilson.php,,,30.0,,,,,,11.0,Emanuel Wilson,2026-05-29,SEA
/nfl/rankings/ppr-superflex-cheatsheets.php,redraft-op,rsf,Kayshon Boutte,22989,WR,NE,178.41,9.45,153,204,,kayshon-boutte.php,,,30.8,,,,,,11.0,Kayshon Boutte,2026-05-29,NEP
/nfl/rankings/ppr-superflex-cheatsheets.php,redraft-op,rsf,Antonio Williams,25418,WR,WAS,180.21,30.32,142,270,,antonio-williams-wr.php,,,29.2,,,,,,7.0,Antonio Williams,2026-05-29,WAS
/nfl/rankings/ppr-superflex-cheatsheets.php,redraft-op,rsf,Emmett Johnson,28107,RB,KC,181.57,23.39,153,286,,emmett-johnson.php,,,31.8,,,,,,5.0,Emmett Johnson,2026-05-29,KCC
/nfl/rankings/ppr-superflex-cheatsheets.php,redraft-op,rsf,Troy Franklin,23092,WR,DEN,182.0,17.69,146,230,,troy-franklin.php,,,22.6,,,,,,10.0,Troy Franklin,2026-05-29,DEN
/nfl/rankings/ppr-superflex-cheatsheets.php,redraft-op,rsf,Tank Bigsby,22908,RB,PHI,182.36,13.72,159,211,,tank-bigsby.php,,,28.1,,,,,,10.0,Tank Bigsby,2026-05-29,PHI
/nfl/rankings/ppr-superflex-cheatsheets.php,redraft-op,rsf,Jalen McMillan,23179,WR,TB,182.67,19.58,158,266,,jalen-mcmillan.php,,,42.2,,,,,,10.0,Jalen McMillan,2026-05-29,TBB
/nfl/rankings/ppr-superflex-cheatsheets.php,redraft-op,rsf,Tre' Harris,26215,WR,LAC,178.21,13.42,144,229,,tre-harris.php,,,23.8,,,,,,7.0,Tre Harris,2026-05-29,LAC
/nfl/rankings/ppr-superflex-cheatsheets.php,redraft-op,rsf,T.J. Hockenson,18290,TE,MIN,185.97,12.94,148,216,,tj-hockenson.php,,,67.4,,,,,,6.0,TJ Hockenson,2026-05-29,MIN
/nfl/rankings/ppr-superflex-cheatsheets.php,redraft-op,rsf,Mike Washington Jr.,28108,RB,LV,186.78,22.79,155,274,,mike-washington-jr.php,,,30.9,,,,,,13.0,Mike Washington,2026-05-29,LVR
/nfl/rankings/ppr-superflex-cheatsheets.php,redraft-op,rsf,Jaylin Noel,27122,WR,HOU,185.16,15.87,158,241,,jaylin-noel.php,,,18.2,,,,,,8.0,Jaylin Noel,2026-05-29,HOU
/nfl/rankings/ppr-superflex-cheatsheets.php,redraft-op,rsf,Kimani Vidal,26355,RB,LAC,190.26,18.29,160,223,,kimani-vidal.php,,,25.1,,,,,,7.0,Kimani Vidal,2026-05-29,LAC
/nfl/rankings/ppr-superflex-cheatsheets.php,redraft-op,rsf,Kenyon Sadiq,26055,TE,NYJ,191.22,21.7,142,250,,kenyon-sadiq.php,,,75.0,,,,,,13.0,Kenyon Sadiq,2026-05-29,NYJ
/nfl/rankings/ppr-superflex-cheatsheets.php,redraft-op,rsf,Tre Tucker,25337,WR,LV,188.55,17.25,160,260,,tre-tucker.php,,,28.8,,,,,,13.0,Tre Tucker,2026-05-29,LVR
/nfl/rankings/ppr-superflex-cheatsheets.php,redraft-op,rsf,Calvin Ridley,17258,WR,TEN,195.9,18.53,169,270,,calvin-ridley.php,,,37.7,,,,,,9.0,Calvin Ridley,2026-05-29,TEN
/nfl/rankings/ppr-superflex-cheatsheets.php,redraft-op,rsf,Pat Bryant,27211,WR,DEN,191.79,14.99,174,248,,pat-bryant.php,,,20.9,,,,,,10.0,Pat Bryant,2026-05-29,DEN
/nfl/rankings/ppr-superflex-cheatsheets.php,redraft-op,rsf,Nicholas Singleton,24343,RB,TEN,196.33,31.92,145,268,,nick-singleton.php,,,30.7,,,,,,9.0,Nicholas Singleton,2026-05-29,TEN
/nfl/rankings/ppr-superflex-cheatsheets.php,redraft-op,rsf,Tua Tagovailoa,19198,QB,ATL,143.34,31.17,35,184,,tua-tagovailoa.php,,,25.2,,,,,,11.0,Tua Tagovailoa,2026-05-29,ATL
/nfl/rankings/ppr-superflex-cheatsheets.php,redraft-op,rsf,Tyreek Hill,15802,WR,FA,179.74,33.95,132,296,,tyreek-hill.php,,,49.0,,,,,,,Tyreek Hill,2026-05-29,FA
/nfl/rankings/ppr-superflex-cheatsheets.php,redraft-op,rsf,AJ Barner,26335,TE,SEA,198.08,13.68,155,227,,aj-barner.php,,,41.6,,,,,,11.0,AJ Barner,2026-05-29,SEA
/nfl/rankings/ppr-superflex-cheatsheets.php,redraft-op,rsf,Ryan Flournoy,26398,WR,DAL,198.56,21.2,173,294,,ryan-flournoy.php,,,20.4,,,,,,14.0,Ryan Flournoy,2026-05-29,DAL
/nfl/rankings/ppr-superflex-cheatsheets.php,redraft-op,rsf,Chimere Dike,27315,WR,TEN,194.58,25.62,149,244,,chimere-dike.php,,,22.0,,,,,,9.0,Chimere Dike,2026-05-29,TEN
/nfl/rankings/ppr-superflex-cheatsheets.php,redraft-op,rsf,Kaytron Allen,24362,RB,WAS,199.65,29.4,153,271,,kaytron-allen.php,,,24.8,,,,,,7.0,Kaytron Allen,2026-05-29,WAS
/nfl/rankings/ppr-superflex-cheatsheets.php,redraft-op,rsf,Isaac TeSlaa,27446,WR,DET,197.29,14.89,179,274,,isaac-teslaa.php,,,26.5,,,,,,6.0,Isaac TeSlaa,2026-05-29,DET
/nfl/rankings/ppr-superflex-cheatsheets.php,redraft-op,rsf,Ray Davis,26191,RB,BUF,201.31,15.23,163,232,,ray-davis.php,,,20.9,,,,,,7.0,Ray Davis,2026-05-29,BUF
/nfl/rankings/ppr-superflex-cheatsheets.php,redraft-op,rsf,Darnell Mooney,19810,WR,NYG,197.89,14.23,166,254,,darnell-mooney.php,,,21.7,,,,,,8.0,Darnell Mooney,2026-05-29,NYG
/nfl/rankings/ppr-superflex-cheatsheets.php,redraft-op,rsf,Sean Tucker,23679,RB,TB,202.21,16.16,164,253,,sean-tucker.php,,,22.5,,,,,,10.0,Sean Tucker,2026-05-29,TBB
/nfl/rankings/ppr-superflex-cheatsheets.php,redraft-op,rsf,Ty Simpson,25368,QB,LAR,202.78,38.15,182,296,,ty-simpson.php,,,20.6,,,,,,11.0,Ty Simpson,2026-05-29,LAR
/nfl/rankings/ppr-superflex-cheatsheets.php,redraft-op,rsf,Chris Bell,26038,WR,MIA,208.39,31.16,147,271,,chris-bell.php,,,26.9,,,,,,6.0,Chris Bell,2026-05-29,MIA
/nfl/rankings/ppr-superflex-cheatsheets.php,redraft-op,rsf,Gunnar Helm,27109,TE,TEN,208.64,18.88,183,286,,gunnar-helm.php,,,26.0,,,,,,9.0,Gunnar Helm,2026-05-29,TEN
/nfl/rankings/ppr-superflex-cheatsheets.php,redraft-op,rsf,Elic Ayomanor,27059,WR,TEN,208.69,27.12,170,288,,elic-ayomanor.php,,,18.4,,,,,,9.0,Elic Ayomanor,2026-05-29,TEN
/nfl/rankings/ppr-superflex-cheatsheets.php,redraft-op,rsf,Jaylen Wright,25987,RB,MIA,205.74,17.87,166,252,,jaylen-wright.php,,,18.1,,,,,,6.0,Jaylen Wright,2026-05-29,MIA
/nfl/rankings/ppr-superflex-cheatsheets.php,redraft-op,rsf,Dontayvion Wicks,24354,WR,PHI,202.86,11.14,171,227,,dontayvion-wicks.php,,,15.0,,,,,,10.0,Dontayvion Wicks,2026-05-29,PHI
/nfl/rankings/ppr-superflex-cheatsheets.php,redraft-op,rsf,Germie Bernard,26039,WR,PIT,212.21,30.37,159,266,,germie-bernard.php,,,22.4,,,,,,9.0,Germie Bernard,2026-05-29,PIT
/nfl/rankings/ppr-superflex-cheatsheets.php,redraft-op,rsf,David Njoku,16399,TE,LAC,216.44,14.27,183,250,,david-njoku.php,,,34.0,,,,,,7.0,David Njoku,2026-05-29,LAC
/nfl/rankings/ppr-superflex-cheatsheets.php,redraft-op,rsf,Terrance Ferguson,23091,TE,LAR,217.26,14.4,183,256,,terrance-ferguson.php,,,26.9,,,,,,11.0,Terrance Ferguson,2026-05-29,LAR
/nfl/rankings/ppr-superflex-cheatsheets.php,redraft-op,rsf,Mason Taylor,26005,TE,NYJ,224.03,24.98,180,316,,mason-taylor.php,,,22.6,,,,,,13.0,Mason Taylor,2026-05-29,NYJ
/nfl/rankings/ppr-superflex-cheatsheets.php,redraft-op,rsf,Ollie Gordon II,25984,RB,MIA,220.92,17.15,165,251,,ollie-gordon.php,,,9.9,,,,,,6.0,Ollie Gordon,2026-05-29,MIA
/nfl/rankings/ppr-superflex-cheatsheets.php,redraft-op,rsf,Cade Otton,23181,TE,TB,224.72,9.15,197,246,,cade-otton.php,,,26.8,,,,,,10.0,Cade Otton,2026-05-29,TBB
/nfl/rankings/ppr-superflex-cheatsheets.php,redraft-op,rsf,Zachariah Branch,25419,WR,ATL,224.83,21.98,173,263,,zachariah-branch.php,,,23.1,,,,,,11.0,Zachariah Branch,2026-05-29,ATL
/nfl/rankings/ppr-superflex-cheatsheets.php,redraft-op,rsf,De'Zhaun Stribling,28138,WR,SF,225.65,28.9,171,308,,dezhaun-stribling.php,,,16.1,,,,,,8.0,DeZhaun Stribling,2026-05-29,SFO
/nfl/rankings/ppr-superflex-cheatsheets.php,redraft-op,rsf,Trey Benson,25388,RB,ARI,215.5,41.16,141,285,,trey-benson.php,,,23.1,,,,,,14.0,Trey Benson,2026-05-29,ARI
/nfl/rankings/ppr-superflex-cheatsheets.php,redraft-op,rsf,Tank Dell,25361,WR,HOU,216.11,15.08,191,249,,nathaniel-dell.php,,,30.0,,,,,,8.0,Tank Dell,2026-05-29,HOU
/nfl/rankings/ppr-superflex-cheatsheets.php,redraft-op,rsf,Malik Washington,26314,WR,MIA,223.71,24.47,171,273,,malik-washington.php,,,20.5,,,,,,6.0,Malik Washington,2026-05-29,MIA
/nfl/rankings/ppr-superflex-cheatsheets.php,redraft-op,rsf,Demond Claiborne,28084,RB,MIN,227.03,26.47,177,280,,demond-claiborne.php,,,18.0,,,,,,6.0,Demond Claiborne,2026-05-29,MIN
/nfl/rankings/ppr-superflex-cheatsheets.php,redraft-op,rsf,Rashod Bateman,19794,WR,BAL,220.38,18.59,190,261,,rashod-bateman.php,,,13.0,,,,,,13.0,Rashod Bateman,2026-05-29,BAL
/nfl/rankings/ppr-superflex-cheatsheets.php,redraft-op,rsf,Devin Neal,23682,RB,NO,217.0,25.35,179,318,,devin-neal.php,,,15.1,,,,,,8.0,Devin Neal,2026-05-29,NOS
/nfl/rankings/ppr-superflex-cheatsheets.php,redraft-op,rsf,Kaleb Johnson,27165,RB,PIT,217.47,27.84,159,294,,kaleb-johnson-rb.php,,,17.6,,,,,,9.0,Kaleb Johnson,2026-05-29,PIT
/nfl/rankings/ppr-superflex-cheatsheets.php,redraft-op,rsf,Chris Brazzell II,28047,WR,CAR,228.23,17.79,192,278,,chris-brazzell-ii.php,,,17.6,,,,,,5.0,Chris Brazzell,2026-05-29,CAR
/nfl/rankings/ppr-superflex-cheatsheets.php,redraft-op,rsf,Malachi Fields,27994,WR,NYG,228.59,29.21,194,320,,malachi-fields.php,,,18.3,,,,,,8.0,Malachi Fields,2026-05-29,NYG
/nfl/rankings/ppr-superflex-cheatsheets.php,redraft-op,rsf,Eli Stowers,23144,TE,PHI,230.0,25.15,179,326,,eli-stowers.php,,,30.8,,,,,,10.0,Eli Stowers,2026-05-29,PHI
/nfl/rankings/ppr-superflex-cheatsheets.php,redraft-op,rsf,Cooper Kupp,16433,WR,SEA,223.65,18.02,187,265,,cooper-kupp.php,,,20.7,,,,,,11.0,Cooper Kupp,2026-05-29,SEA
/nfl/rankings/ppr-superflex-cheatsheets.php,redraft-op,rsf,Pat Freiermuth,20163,TE,PIT,228.71,13.9,202,279,,pat-freiermuth.php,,,25.0,,,,,,9.0,Pat Freiermuth,2026-05-29,PIT
/nfl/rankings/ppr-superflex-cheatsheets.php,redraft-op,rsf,Elijah Sarratt,27463,WR,BAL,232.11,21.93,173,302,,elijah-sarratt.php,,,19.4,,,,,,13.0,Elijah Sarratt,2026-05-29,BAL
/nfl/rankings/ppr-superflex-cheatsheets.php,redraft-op,rsf,Jalen Nailor,24177,WR,LV,218.51,33.68,157,296,,jalen-nailor.php,,,32.0,,,,,,13.0,Jalen Nailor,2026-05-29,LVR
/nfl/rankings/ppr-superflex-cheatsheets.php,redraft-op,rsf,Marvin Mims Jr.,23080,WR,DEN,224.11,21.49,195,270,,marvin-mims.php,,,14.8,,,,,,10.0,Marvin Mims,2026-05-29,DEN
/nfl/rankings/ppr-superflex-cheatsheets.php,redraft-op,rsf,Skyler Bell,28126,WR,BUF,235.63,31.32,171,330,,skyler-bell.php,,,15.8,,,,,,7.0,Skyler Bell,2026-05-29,BUF
/nfl/rankings/ppr-superflex-cheatsheets.php,redraft-op,rsf,Colby Parkinson,19372,TE,LAR,232.66,13.2,198,275,,colby-parkinson.php,,,24.5,,,,,,11.0,Colby Parkinson,2026-05-29,LAR
/nfl/rankings/ppr-superflex-cheatsheets.php,redraft-op,rsf,Kyle Williams,27487,WR,NE,226.19,23.35,191,274,,kyle-williams-wr-2025.php,,,14.6,,,,,,11.0,Kyle Williams,2026-05-29,NEP
/nfl/rankings/ppr-superflex-cheatsheets.php,redraft-op,rsf,Theo Johnson,23104,TE,NYG,236.05,24.27,161,267,,theo-johnson.php,,,22.0,,,,,,8.0,Theo Johnson,2026-05-29,NYG
/nfl/rankings/ppr-superflex-cheatsheets.php,redraft-op,rsf,Jack Bech,27224,WR,LV,230.41,28.33,149,333,,jack-bech.php,,,16.6,,,,,,13.0,Jack Bech,2026-05-29,LVR
/nfl/rankings/ppr-superflex-cheatsheets.php,redraft-op,rsf,Keon Coleman,26019,WR,BUF,227.94,23.0,188,278,,keon-coleman.php,,,16.3,,,,,,7.0,Keon Coleman,2026-05-29,BUF
/nfl/rankings/ppr-superflex-cheatsheets.php,redraft-op,rsf,Tory Horton,26022,WR,SEA,233.27,18.53,205,282,,tory-horton.php,,,20.3,,,,,,11.0,Tory Horton,2026-05-29,SEA
/nfl/rankings/ppr-superflex-cheatsheets.php,redraft-op,rsf,Evan Engram,16411,TE,DEN,234.41,14.48,194,262,,evan-engram.php,,,18.9,,,,,,10.0,Evan Engram,2026-05-29,DEN
/nfl/rankings/ppr-superflex-cheatsheets.php,redraft-op,rsf,Adam Randall,24367,RB,BAL,241.04,22.54,211,285,,adam-randall.php,,,8.1,,,,,,13.0,Adam Randall,2026-05-29,BAL
/nfl/rankings/ppr-superflex-cheatsheets.php,redraft-op,rsf,Christian Kirk,17268,WR,SF,233.56,25.42,164,288,,christian-kirk.php,,,18.5,,,,,,8.0,Christian Kirk,2026-05-29,SFO
/nfl/rankings/ppr-superflex-cheatsheets.php,redraft-op,rsf,Ja'Kobi Lane,27337,WR,BAL,243.05,25.02,199,305,,jakobi-lane.php,,,20.2,,,,,,13.0,JaKobi Lane,2026-05-29,BAL
/nfl/rankings/ppr-superflex-cheatsheets.php,redraft-op,rsf,Ted Hurst III,28130,WR,TB,243.08,24.02,172,292,,ted-hurst.php,,,16.2,,,,,,10.0,Ted Hurst,2026-05-29,TBB
/nfl/rankings/ppr-superflex-cheatsheets.php,redraft-op,rsf,Kirk Cousins,11177,QB,LV,168.04,43.92,38,292,,kirk-cousins.php,,,19.6,,,,,,13.0,Kirk Cousins,2026-05-29,LVR
/nfl/rankings/ppr-superflex-cheatsheets.php,redraft-op,rsf,Kendre Miller,24360,RB,NO,235.56,30.25,179,322,,kendre-miller.php,,,8.7,,,,,,8.0,Kendre Miller,2026-05-29,NOS
/nfl/rankings/ppr-superflex-cheatsheets.php,redraft-op,rsf,Mack Hollins,16489,WR,NE,236.58,33.85,191,339,,mack-hollins.php,,,7.2,,,,,,11.0,Mack Hollins,2026-05-29,NEP
/nfl/rankings/ppr-superflex-cheatsheets.php,redraft-op,rsf,Najee Harris,19302,RB,LAC,229.91,21.5,175,275,,najee-harris-rb.php,,,16.2,,,,,,7.0,Najee Harris,2026-05-29,LAC
/nfl/rankings/ppr-superflex-cheatsheets.php,redraft-op,rsf,Isaiah Davis,25977,RB,NYJ,230.38,16.92,207,275,,isaiah-davis.php,,,5.8,,,,,,13.0,Isaiah Davis,2026-05-29,NYJ
/nfl/rankings/ppr-superflex-cheatsheets.php,redraft-op,rsf,Brashard Smith,27259,RB,KC,232.38,17.34,206,286,,brashard-smith.php,,,11.5,,,,,,5.0,Brashard Smith,2026-05-29,KCC
/nfl/rankings/ppr-superflex-cheatsheets.php,redraft-op,rsf,Keenan Allen,11616,WR,LAC,238.31,19.35,189,263,,keenan-allen.php,,,14.0,,,,,,7.0,Keenan Allen,2026-05-29,LAC
/nfl/rankings/ppr-superflex-cheatsheets.php,redraft-op,rsf,Xavier Legette,26136,WR,CAR,235.59,23.31,201,275,,xavier-legette.php,,,6.6,,,,,,5.0,Xavier Legette,2026-05-29,CAR
/nfl/rankings/ppr-superflex-cheatsheets.php,redraft-op,rsf,Darius Slayton,18706,WR,NYG,246.05,27.52,195,345,,darius-slayton.php,,,9.3,,,,,,8.0,Darius Slayton,2026-05-29,NYG
/nfl/rankings/ppr-superflex-cheatsheets.php,redraft-op,rsf,Justice Hill,18256,RB,BAL,247.81,17.83,200,273,,justice-hill.php,,,10.7,,,,,,13.0,Justice Hill,2026-05-29,BAL
/nfl/rankings/ppr-superflex-cheatsheets.php,redraft-op,rsf,Devaughn Vele,26409,WR,NO,247.89,21.69,206,330,,devaughn-vele.php,,,15.1,,,,,,8.0,Devaughn Vele,2026-05-29,NOS
/nfl/rankings/ppr-superflex-cheatsheets.php,redraft-op,rsf,Ty Johnson,18406,RB,BUF,242.38,19.38,213,327,,ty-johnson.php,,,6.6,,,,,,7.0,Ty Johnson,2026-05-29,BUF
/nfl/rankings/ppr-superflex-cheatsheets.php,redraft-op,rsf,LeQuint Allen Jr.,27285,RB,JAC,242.7,24.86,176,283,,lequint-allen-jr.php,,,10.9,,,,,,7.0,LeQuint Allen,2026-05-29,JAC
/nfl/rankings/ppr-superflex-cheatsheets.php,redraft-op,rsf,Jaydon Blue,24344,RB,DAL,249.57,20.4,204,302,,jaydon-blue.php,,,15.6,,,,,,14.0,Jaydon Blue,2026-05-29,DAL
/nfl/rankings/ppr-superflex-cheatsheets.php,redraft-op,rsf,Deshaun Watson,16398,QB,CLE,162.84,50.95,39,287,,deshaun-watson.php,,,18.7,,,,,,11.0,Deshaun Watson,2026-05-29,CLE
/nfl/rankings/ppr-superflex-cheatsheets.php,redraft-op,rsf,Jerome Ford,22921,RB,WAS,250.5,17.09,212,286,,jerome-ford.php,,,5.4,,,,,,7.0,Jerome Ford,2026-05-29,WAS
/nfl/rankings/ppr-superflex-cheatsheets.php,redraft-op,rsf,Max Klare,27993,TE,LAR,265.07,17.46,240,309,,max-klare.php,,,16.8,,,,,,11.0,Max Klare,2026-05-29,LAR
/nfl/rankings/ppr-superflex-cheatsheets.php,redraft-op,rsf,Chris Brooks,25823,RB,GB,252.97,24.29,169,283,,christopher-brooks.php,,,7.2,,,,,,11.0,Chris Brooks,2026-05-29,GBP
/nfl/rankings/ppr-superflex-cheatsheets.php,redraft-op,rsf,DJ Giddens,27097,RB,IND,250.24,22.67,202,304,,dj-giddens.php,,,6.9,,,,,,13.0,DJ Giddens,2026-05-29,IND
/nfl/rankings/ppr-superflex-cheatsheets.php,redraft-op,rsf,Tyquan Thornton,22913,WR,KC,257.2,24.69,180,330,,tyquan-thornton.php,,,6.8,,,,,,5.0,Tyquan Thornton,2026-05-29,KCC
/nfl/rankings/ppr-superflex-cheatsheets.php,redraft-op,rsf,George Holani,22915,RB,SEA,251.52,19.2,214,283,,george-holani.php,,,10.7,,,,,,11.0,George Holani,2026-05-29,SEA
/nfl/rankings/ppr-superflex-cheatsheets.php,redraft-op,rsf,Jaleel McLaughlin,25876,RB,DEN,249.25,26.37,202,304,,jaleel-mclaughlin.php,,,1.4,,,,,,10.0,Jaleel McLaughlin,2026-05-29,DEN
/nfl/rankings/ppr-superflex-cheatsheets.php,redraft-op,rsf,Jake Tonges,24778,TE,SF,243.7,22.93,193,315,,jake-tonges.php,,,26.3,,,,,,8.0,Jake Tonges,2026-05-29,SFO
/nfl/rankings/ppr-superflex-cheatsheets.php,redraft-op,rsf,Seth McGowan,23079,RB,IND,270.65,14.04,229,294,,seth-mcgowan.php,,,3.1,,,,,,13.0,Seth McGowan,2026-05-29,IND
/nfl/rankings/ppr-superflex-cheatsheets.php,redraft-op,rsf,MarShawn Lloyd,23118,RB,GB,258.97,26.93,178,291,,marshawn-lloyd.php,,,10.2,,,,,,11.0,MarShawn Lloyd,2026-05-29,GBP
/nfl/rankings/ppr-superflex-cheatsheets.php,redraft-op,rsf,Jordan James,27310,RB,SF,256.94,36.29,172,339,,jordan-james.php,,,16.4,,,,,,8.0,Jordan James,2026-05-29,SFO
/nfl/rankings/ppr-superflex-cheatsheets.php,redraft-op,rsf,Hollywood Brown,18226,WR,PHI,259.82,17.44,233,324,,marquise-brown.php,,,10.2,,,,,,10.0,Marquise Brown,2026-05-29,PHI
/nfl/rankings/ppr-superflex-cheatsheets.php,redraft-op,rsf,Isaac Guerendo,26392,RB,SF,258.97,21.72,211,293,,isaac-guerendo.php,,,3.4,,,,,,8.0,Isaac Guerendo,2026-05-29,SFO
/nfl/rankings/ppr-superflex-cheatsheets.php,redraft-op,rsf,Devin Singletary,18280,RB,NYG,260.33,16.96,205,289,,devin-singletary.php,,,3.4,,,,,,8.0,Devin Singletary,2026-05-29,NYG
/nfl/rankings/ppr-superflex-cheatsheets.php,redraft-op,rsf,Samaje Perine,16423,RB,CIN,264.47,26.86,185,345,,samaje-perine.php,,,5.2,,,,,,6.0,Samaje Perine,2026-05-29,CIN
/nfl/rankings/ppr-superflex-cheatsheets.php,redraft-op,rsf,J.J. McCarthy,23018,QB,MIN,152.53,52.77,70,277,,jj-mccarthy.php,,,20.0,,,,,,6.0,JJ McCarthy,2026-05-29,MIN
/nfl/rankings/ppr-superflex-cheatsheets.php,redraft-op,rsf,Malik Davis,24205,RB,DAL,265.53,14.59,229,294,,malik-davis.php,,,4.0,,,,,,14.0,Malik Davis,2026-05-29,DAL
/nfl/rankings/ppr-superflex-cheatsheets.php,redraft-op,rsf,Joe Mixon,16420,RB,FA,256.7,33.18,163,303,,joe-mixon.php,,,15.9,,,,,,,Joe Mixon,2026-05-29,FA
/nfl/rankings/ppr-superflex-cheatsheets.php,redraft-op,rsf,Oscar Delp,25430,TE,NO,279.0,25.16,246,329,,oscar-delp.php,,,6.9,,,,,,8.0,Oscar Delp,2026-05-29,NOS
/nfl/rankings/ppr-superflex-cheatsheets.php,redraft-op,rsf,Mike Gesicki,17272,TE,CIN,248.33,14.99,209,282,,mike-gesicki.php,,,18.5,,,,,,6.0,Mike Gesicki,2026-05-29,CIN
/nfl/rankings/ppr-superflex-cheatsheets.php,redraft-op,rsf,Isaiah Bond,24371,WR,CLE,260.57,24.67,231,335,,isaiah-bond.php,,,6.0,,,,,,11.0,Isaiah Bond,2026-05-29,CLE
/nfl/rankings/ppr-superflex-cheatsheets.php,redraft-op,rsf,Emari Demercado,25654,RB,KC,271.76,12.15,245,293,,emari-demercado.php,,,4.2,,,,,,5.0,Emari Demercado,2026-05-29,KCC
/nfl/rankings/ppr-superflex-cheatsheets.php,redraft-op,rsf,Tahj Brooks,26212,RB,CIN,273.78,15.33,243,325,,tahj-brooks.php,,,2.6,,,,,,6.0,Tahj Brooks,2026-05-29,CIN
/nfl/rankings/ppr-superflex-cheatsheets.php,redraft-op,rsf,Jarquez Hunter,24335,RB,LAR,271.32,17.32,220,314,,jarquez-hunter.php,,,5.6,,,,,,11.0,Jarquez Hunter,2026-05-29,LAR
/nfl/rankings/ppr-superflex-cheatsheets.php,redraft-op,rsf,Trevor Etienne,25393,RB,CAR,274.47,10.76,249,296,,trevor-etienne.php,,,3.8,,,,,,5.0,Trevor Etienne,2026-05-29,CAR
/nfl/rankings/ppr-superflex-cheatsheets.php,redraft-op,rsf,Andrei Iosivas,25335,WR,CIN,251.48,21.23,219,306,,andrei-iosivas.php,,,8.2,,,,,,6.0,Andrei Iosivas,2026-05-29,CIN
/nfl/rankings/ppr-superflex-cheatsheets.php,redraft-op,rsf,J'Mari Taylor,28109,RB,JAC,295.8,22.47,277,348,,jmari-taylor.php,,,5.2,,,,,,7.0,JMari Taylor,2026-05-29,JAC
/nfl/rankings/ppr-superflex-cheatsheets.php,redraft-op,rsf,Audric Estime,23054,RB,NO,278.55,16.25,252,324,,audric-estime.php,,,6.3,,,,,,8.0,Audric Estime,2026-05-29,NOS
/nfl/rankings/ppr-superflex-cheatsheets.php,redraft-op,rsf,Greg Dulcich,23153,TE,MIA,219.31,35.66,126,273,,greg-dulcich.php,,,15.6,,,,,,6.0,Greg Dulcich,2026-05-29,MIA
/nfl/rankings/ppr-superflex-cheatsheets.php,redraft-op,rsf,Konata Mumpfield,27449,WR,LAR,253.1,18.13,230,310,,konata-mumpfield.php,,,2.4,,,,,,11.0,Konata Mumpfield,2026-05-29,LAR
/nfl/rankings/ppr-superflex-cheatsheets.php,redraft-op,rsf,Cedric Tillman,25287,WR,CLE,266.42,19.1,243,332,,cedric-tillman.php,,,3.4,,,,,,11.0,Cedric Tillman,2026-05-29,CLE
/nfl/rankings/ppr-superflex-cheatsheets.php,redraft-op,rsf,Bam Knight,24901,RB,ARI,269.29,31.7,205,336,,zonovan-bam-knight.php,,,1.2,,,,,,14.0,Bam Knight,2026-05-29,ARI
/nfl/rankings/ppr-superflex-cheatsheets.php,redraft-op,rsf,Calvin Austin III,23739,WR,NYG,271.48,33.09,230,342,,calvin-austin.php,,,5.0,,,,,,8.0,Calvin Austin,2026-05-29,NYG
/nfl/rankings/ppr-superflex-cheatsheets.php,redraft-op,rsf,Kareem Hunt,16425,RB,FA,278.24,22.03,235,352,,kareem-hunt.php,,,3.1,,,,,,,Kareem Hunt,2026-05-29,FA
/nfl/rankings/ppr-superflex-cheatsheets.php,redraft-op,rsf,Tez Johnson,27147,WR,TB,268.45,20.12,237,322,,tez-johnson.php,,,6.8,,,,,,10.0,Tez Johnson,2026-05-29,TBB
/nfl/rankings/ppr-superflex-cheatsheets.php,redraft-op,rsf,Jalen Royals,27076,WR,KC,267.5,26.5,234,334,,jalen-royals.php,,,3.0,,,,,,5.0,Jalen Royals,2026-05-29,KCC
/nfl/rankings/ppr-superflex-cheatsheets.php,redraft-op,rsf,Luke McCaffrey,26328,WR,WAS,271.71,20.41,245,332,,luke-mccaffrey.php,,,3.1,,,,,,7.0,Luke McCaffrey,2026-05-29,WAS
/nfl/rankings/ppr-superflex-cheatsheets.php,redraft-op,rsf,Kaelon Black,28401,RB,SF,247.5,30.82,200,296,,kaelon-black.php,,,10.4,,,,,,8.0,Kaelon Black,2026-05-29,SFO
/nfl/rankings/ppr-superflex-cheatsheets.php,redraft-op,rsf,Mac Jones,20156,QB,SF,179.56,42.33,127,282,,mac-jones.php,,,17.3,,,,,,8.0,Mac Jones,2026-05-29,SFO
/nfl/rankings/ppr-superflex-cheatsheets.php,redraft-op,rsf,Will Shipley,22930,RB,PHI,283.35,10.94,269,306,,will-shipley.php,,,3.2,,,,,,10.0,Will Shipley,2026-05-29,PHI
/nfl/rankings/ppr-superflex-cheatsheets.php,redraft-op,rsf,Jahan Dotson,23101,WR,ATL,265.86,32.41,181,328,,jahan-dotson.php,,,5.8,,,,,,11.0,Jahan Dotson,2026-05-29,ATL
/nfl/rankings/ppr-superflex-cheatsheets.php,redraft-op,rsf,Darnell Washington,22967,TE,PIT,270.36,22.19,236,330,,darnell-washington.php,,,14.8,,,,,,9.0,Darnell Washington,2026-05-29,PIT
/nfl/rankings/ppr-superflex-cheatsheets.php,redraft-op,rsf,Justin Fields,19781,QB,KC,132.6,61.1,35,184,,justin-fields.php,,,17.6,,,,,,5.0,Justin Fields,2026-05-29,KCC
/nfl/rankings/ppr-superflex-cheatsheets.php,redraft-op,rsf,Bryce Lance,28129,WR,NO,263.17,33.21,204,328,,bryce-lance.php,,,4.3,,,,,,8.0,Bryce Lance,2026-05-29,NOS
/nfl/rankings/ppr-superflex-cheatsheets.php,redraft-op,rsf,Dont'e Thornton Jr.,27288,WR,LV,273.77,26.85,244,331,,donte-thornton-jr.php,,,4.3,,,,,,13.0,Donte Thornton,2026-05-29,LVR
/nfl/rankings/ppr-superflex-cheatsheets.php,redraft-op,rsf,Michael Carter,22728,RB,TEN,293.76,22.04,275,347,,michael-carter-rb.php,,,1.8,,,,,,9.0,Michael Carter,2026-05-29,TEN
/nfl/rankings/ppr-superflex-cheatsheets.php,redraft-op,rsf,Noah Gray,19539,TE,KC,279.23,19.53,246,306,,noah-gray.php,,,7.5,,,,,,5.0,Noah Gray,2026-05-29,KCC
/nfl/rankings/ppr-superflex-cheatsheets.php,redraft-op,rsf,Nick Chubb,17246,RB,FA,290.47,16.12,274,320,,nick-chubb.php,,,2.3,,,,,,,Nick Chubb,2026-05-29,FA
/nfl/rankings/ppr-superflex-cheatsheets.php,redraft-op,rsf,Tyler Higbee,15623,TE,LAR,268.82,19.07,236,295,,tyler-higbee.php,,,6.1,,,,,,11.0,Tyler Higbee,2026-05-29,LAR
/nfl/rankings/ppr-superflex-cheatsheets.php,redraft-op,rsf,Olamide Zaccheaus,18864,WR,ATL,278.67,20.45,247,320,,olamide-zaccheaus.php,,,5.3,,,,,,11.0,Olamide Zaccheaus,2026-05-29,ATL
/nfl/rankings/ppr-superflex-cheatsheets.php,redraft-op,rsf,Eli Heidenreich,28297,RB,PIT,268.1,39.96,179,324,,eli-heidenreich.php,,,3.0,,,,,,9.0,Eli Heidenreich,2026-05-29,PIT
/nfl/rankings/ppr-superflex-cheatsheets.php,redraft-op,rsf,Joshua Palmer,22845,WR,BUF,286.0,27.29,248,338,,josh-palmer.php,,,1.9,,,,,,7.0,Josh Palmer,2026-05-29,BUF
/nfl/rankings/ppr-superflex-cheatsheets.php,redraft-op,rsf,Elijah Arroyo,23004,TE,SEA,279.5,23.86,247,313,,elijah-arroyo.php,,,12.7,,,,,,11.0,Elijah Arroyo,2026-05-29,SEA
/nfl/rankings/ppr-superflex-cheatsheets.php,redraft-op,rsf,DeMario Douglas,25304,WR,NE,292.25,32.12,244,353,,demario-douglas.php,,,10.0,,,,,,11.0,Demario Douglas,2026-05-29,NEP
/nfl/rankings/ppr-superflex-cheatsheets.php,redraft-op,rsf,Xavier Hutchinson,25332,WR,HOU,287.82,22.65,260,333,,xavier-hutchinson.php,,,2.3,,,,,,8.0,Xavier Hutchinson,2026-05-29,HOU
/nfl/rankings/ppr-superflex-cheatsheets.php,redraft-op,rsf,John Metchie III,22895,WR,CAR,288.09,31.98,245,348,,john-metchie.php,,,2.5,,,,,,5.0,John Metchie,2026-05-29,CAR
/nfl/rankings/ppr-superflex-cheatsheets.php,redraft-op,rsf,Jalen Tolbert,23770,WR,MIA,285.3,33.73,222,329,,jalen-tolbert.php,,,8.0,,,,,,6.0,Jalen Tolbert,2026-05-29,MIA
/nfl/rankings/ppr-superflex-cheatsheets.php,redraft-op,rsf,Brenen Thompson,28133,WR,LAC,286.0,25.83,235,327,,brenen-thompson.php,,,6.5,,,,,,7.0,Brenen Thompson,2026-05-29,LAC
/nfl/rankings/ppr-superflex-cheatsheets.php,redraft-op,rsf,Jaylin Lane,27454,WR,WAS,297.0,26.64,261,346,,jaylin-lane.php,,,3.7,,,,,,7.0,Jaylin Lane,2026-05-29,WAS
/nfl/rankings/ppr-superflex-cheatsheets.php,redraft-op,rsf,Anthony Richardson Sr.,24347,QB,IND,205.0,45.66,177,284,,anthony-richardson.php,,,16.2,,,,,,13.0,Anthony Richardson,2026-05-29,IND
/nfl/rankings/ppr-superflex-cheatsheets.php,redraft-op,rsf,Austin Ekeler,16483,RB,FA,294.0,17.42,272,333,,austin-ekeler.php,,,2.6,,,,,,,Austin Ekeler,2026-05-29,FA
/nfl/rankings/ppr-superflex-cheatsheets.php,redraft-op,rsf,Caleb Douglas,28135,WR,MIA,287.78,30.5,230,331,,caleb-douglas.php,,,5.2,,,,,,6.0,Caleb Douglas,2026-05-29,MIA
/nfl/rankings/ppr-superflex-cheatsheets.php,redraft-op,rsf,Ja'Tavion Sanders,24334,TE,CAR,280.75,24.63,249,316,,jatavion-sanders.php,,,7.8,,,,,,5.0,JaTavion Sanders,2026-05-29,CAR
/nfl/rankings/ppr-superflex-cheatsheets.php,redraft-op,rsf,Justin Joly,28079,TE,DEN,291.67,28.2,231,335,,justin-joly.php,,,9.8,,,,,,10.0,Justin Joly,2026-05-29,DEN
/nfl/rankings/ppr-superflex-cheatsheets.php,redraft-op,rsf,Michael Mayer,23056,TE,LV,282.57,22.66,252,312,,michael-mayer.php,,,16.2,,,,,,13.0,Michael Mayer,2026-05-29,LVR
/nfl/rankings/ppr-superflex-cheatsheets.php,redraft-op,rsf,John Bates,22833,TE,WAS,292.29,35.41,246,359,,john-bates.php,,,0.7,,,,,,7.0,John Bates,2026-05-29,WAS
/nfl/rankings/ppr-superflex-cheatsheets.php,redraft-op,rsf,Tommy Myers,25167,TE,FA,282.0,34.39,250,355,,tommy-myers.php,,,0.0,,,,,,,Tommy Myers,2026-05-29,FA
/nfl/rankings/ppr-superflex-cheatsheets.php,redraft-op,rsf,Raheim Sanders,24351,RB,CLE,305.78,22.4,276,338,,raheim-sanders.php,,,1.1,,,,,,11.0,Raheim Sanders,2026-05-29,CLE
/nfl/rankings/ppr-superflex-cheatsheets.php,redraft-op,rsf,Jawhar Jordan,26329,RB,HOU,303.13,19.85,277,336,,jawhar-jordan.php,,,1.1,,,,,,8.0,Jawhar Jordan,2026-05-29,HOU
/nfl/rankings/ppr-superflex-cheatsheets.php,redraft-op,rsf,Kalif Raymond,16081,WR,CHI,278.0,49.02,205,352,,kalif-raymond.php,,,1.1,,,,,,10.0,Kalif Raymond,2026-05-29,CHI
/nfl/rankings/ppr-superflex-cheatsheets.php,redraft-op,rsf,Treylon Burks,22905,WR,WAS,291.83,30.0,244,334,,treylon-burks.php,,,2.9,,,,,,7.0,Treylon Burks,2026-05-29,WAS
/nfl/rankings/ppr-superflex-cheatsheets.php,redraft-op,rsf,Ben Sinnott,26310,TE,WAS,302.0,19.6,272,340,,ben-sinnott.php,,,4.7,,,,,,7.0,Ben Sinnott,2026-05-29,WAS
/nfl/rankings/ppr-superflex-cheatsheets.php,redraft-op,rsf,Joe Milton III,25967,QB,DAL,182.0,0.0,182,182,,joe-milton.php,,,5.4,,,,,,14.0,Joe Milton,2026-05-29,DAL
/nfl/rankings/ppr-superflex-cheatsheets.php,redraft-op,rsf,Savion Williams,27144,WR,GB,308.29,30.92,270,372,,savion-williams.php,,,2.0,,,,,,11.0,Savion Williams,2026-05-29,GBP
/nfl/rankings/ppr-superflex-cheatsheets.php,redraft-op,rsf,Kevin Coleman Jr.,28067,WR,MIA,298.17,33.16,251,351,,kevin-coleman-jr.php,,,2.5,,,,,,6.0,Kevin Coleman,2026-05-29,MIA
/nfl/rankings/ppr-superflex-cheatsheets.php,redraft-op,rsf,Cole Kmet,19229,TE,CHI,299.83,20.29,264,319,,cole-kmet.php,,,12.3,,,,,,10.0,Cole Kmet,2026-05-29,CHI
/nfl/rankings/ppr-superflex-cheatsheets.php,redraft-op,rsf,Darren Waller,14104,TE,FA,303.17,9.17,289,316,,darren-waller.php,,,5.9,,,,,,,Darren Waller,2026-05-29,FA
/nfl/rankings/ppr-superflex-cheatsheets.php,redraft-op,rsf,Terrell Jennings,26964,RB,NE,295.0,23.96,275,341,,terrell-jennings.php,,,0.6,,,,,,11.0,Terrell Jennings,2026-05-29,NEP
/nfl/rankings/ppr-superflex-cheatsheets.php,redraft-op,rsf,Tutu Atwell,20126,WR,MIA,312.43,29.9,254,354,,tutu-atwell.php,,,2.5,,,,,,6.0,Tutu Atwell,2026-05-29,MIA
/nfl/rankings/ppr-superflex-cheatsheets.php,redraft-op,rsf,Dameon Pierce,22947,RB,PHI,314.71,16.5,295,343,,dameon-pierce.php,,,1.2,,,,,,10.0,Dameon Pierce,2026-05-29,PHI
/nfl/rankings/ppr-superflex-cheatsheets.php,redraft-op,rsf,Dawson Knox,18631,TE,BUF,309.33,15.02,289,332,,dawson-knox.php,,,11.6,,,,,,7.0,Dawson Knox,2026-05-29,BUF
/nfl/rankings/ppr-superflex-cheatsheets.php,redraft-op,rsf,Cyrus Allen,28424,WR,KC,291.5,56.72,209,367,,cyrus-allen.php,,,1.9,,,,,,5.0,Cyrus Allen,2026-05-29,KCC
/nfl/rankings/ppr-superflex-cheatsheets.php,redraft-op,rsf,Kendrick Bourne,17066,WR,ARI,314.67,36.84,266,374,,kendrick-bourne.php,,,3.7,,,,,,14.0,Kendrick Bourne,2026-05-29,ARI
/nfl/rankings/ppr-superflex-cheatsheets.php,redraft-op,rsf,KaVontae Turpin,18520,WR,DAL,293.5,56.7,236,362,,kavontae-turpin.php,,,7.5,,,,,,14.0,KaVontae Turpin,2026-05-29,DAL
/nfl/rankings/ppr-superflex-cheatsheets.php,redraft-op,rsf,Malik Benson,26012,WR,LV,309.6,68.95,174,364,,malik-benson.php,,,0.9,,,,,,13.0,Malik Benson,2026-05-29,LVR
/nfl/rankings/ppr-superflex-cheatsheets.php,redraft-op,rsf,Nick Westbrook-Ikhine,19747,WR,IND,279.67,64.97,188,331,,nick-westbrook.php,,,1.5,,,,,,13.0,Nick Westbrook-Ikhine,2026-05-29,IND
/nfl/rankings/ppr-superflex-cheatsheets.php,redraft-op,rsf,Antonio Gibson,19624,RB,FA,312.2,29.85,280,363,,antonio-gibson.php,,,0.8,,,,,,,Antonio Gibson,2026-05-29,FA
/nfl/rankings/ppr-superflex-cheatsheets.php,redraft-op,rsf,Joe Flacco,9300,QB,CIN,246.5,50.5,196,297,,joe-flacco.php,,,9.4,,,,,,6.0,Joe Flacco,2026-05-29,CIN
/nfl/rankings/ppr-superflex-cheatsheets.php,redraft-op,rsf,Noah Fant,17527,TE,NO,313.0,12.35,300,334,,noah-fant.php,,,4.2,,,,,,8.0,Noah Fant,2026-05-29,NOS
/nfl/rankings/ppr-superflex-cheatsheets.php,redraft-op,rsf,Luke Musgrave,25282,TE,GB,313.6,9.77,296,324,,luke-musgrave.php,,,7.0,,,,,,11.0,Luke Musgrave,2026-05-29,GBP
/nfl/rankings/ppr-superflex-cheatsheets.php,redraft-op,rsf,Tai Felton,27182,WR,MIN,302.67,59.22,242,383,,tai-felton.php,,,2.0,,,,,,6.0,Tai Felton,2026-05-29,MIN
/nfl/rankings/ppr-superflex-cheatsheets.php,redraft-op,rsf,CJ Daniels,28125,WR,LAR,317.2,31.46,276,351,,cj-daniels.php,,,2.7,,,,,,11.0,CJ Daniels,2026-05-29,LAR
/nfl/rankings/ppr-superflex-cheatsheets.php,redraft-op,rsf,Eli Raridon,28154,TE,NE,322.0,39.45,263,375,,eli-raridon.php,,,4.5,,,,,,11.0,Eli Raridon,2026-05-29,NEP
/nfl/rankings/ppr-superflex-cheatsheets.php,redraft-op,rsf,Marcus Mariota,13890,QB,WAS,180.0,0.0,180,180,,marcus-mariota.php,,,9.8,,,,,,7.0,Marcus Mariota,2026-05-29,WAS
/nfl/rankings/ppr-superflex-cheatsheets.php,redraft-op,rsf,Riley Leonard,25373,QB,IND,184.0,0.0,184,184,,riley-leonard.php,,,9.3,,,,,,13.0,Riley Leonard,2026-05-29,IND
/nfl/rankings/ppr-superflex-cheatsheets.php,redraft-op,rsf,Damien Martinez,25976,RB,GB,312.0,23.52,277,343,,damien-martinez.php,,,0.7,,,,,,11.0,Damien Martinez,2026-05-29,GBP
/nfl/rankings/ppr-superflex-cheatsheets.php,redraft-op,rsf,Zavion Thomas,28132,WR,CHI,324.2,32.82,280,370,,zavion-thomas.php,,,3.3,,,,,,10.0,Zavion Thomas,2026-05-29,CHI
/nfl/rankings/ppr-superflex-cheatsheets.php,redraft-op,rsf,Zach Ertz,11689,TE,FA,321.4,9.81,312,340,,zach-ertz.php,,,5.5,,,,,,,Zach Ertz,2026-05-29,FA
/nfl/rankings/ppr-superflex-cheatsheets.php,redraft-op,rsf,Brandin Cooks,12122,WR,FA,275.5,25.5,250,301,,brandin-cooks.php,,,0.7,,,,,,,Brandin Cooks,2026-05-29,FA
/nfl/rankings/ppr-superflex-cheatsheets.php,redraft-op,rsf,Daniel Bellinger,24238,TE,TEN,314.75,35.33,257,350,,daniel-bellinger.php,,,4.9,,,,,,9.0,Daniel Bellinger,2026-05-29,TEN
/nfl/rankings/ppr-superflex-cheatsheets.php,redraft-op,rsf,Deion Burks,27093,WR,IND,328.2,34.38,288,381,,deion-burks.php,,,0.7,,,,,,13.0,Deion Burks,2026-05-29,IND
/nfl/rankings/ppr-superflex-cheatsheets.php,redraft-op,rsf,Jam Miller,27326,RB,NE,304.33,14.29,287,322,,jam-miller.php,,,2.2,,,,,,11.0,Jam Miller,2026-05-29,NEP
/nfl/rankings/ppr-superflex-cheatsheets.php,redraft-op,rsf,Carson Beck,22953,QB,ARI,216.0,0.0,216,216,,carson-beck.php,,,13.7,,,,,,14.0,Carson Beck,2026-05-29,ARI
/nfl/rankings/ppr-superflex-cheatsheets.php,redraft-op,rsf,Jonnu Smith,16460,TE,FA,312.33,51.73,240,358,,jonnu-smith.php,,,6.3,,,,,,,Jonnu Smith,2026-05-29,FA
/nfl/rankings/ppr-superflex-cheatsheets.php,redraft-op,rsf,Marlin Klein,28157,TE,HOU,312.0,18.67,286,329,,marlin-klein.php,,,2.6,,,,,,8.0,Marlin Klein,2026-05-29,HOU
/nfl/rankings/ppr-superflex-cheatsheets.php,redraft-op,rsf,Xavier Restrepo,27066,WR,TEN,295.0,2.0,293,297,,xavier-restrepo.php,,,0.9,,,,,,9.0,Xavier Restrepo,2026-05-29,TEN
/nfl/rankings/ppr-superflex-cheatsheets.php,redraft-op,rsf,Sam Roush,28161,TE,CHI,317.0,20.07,299,345,,sam-roush.php,,,1.4,,,,,,10.0,Sam Roush,2026-05-29,CHI
/nfl/rankings/ppr-superflex-cheatsheets.php,redraft-op,rsf,Elijah Higgins,23119,TE,ARI,330.5,20.01,302,357,,elijah-higgins.php,,,3.0,,,,,,14.0,Elijah Higgins,2026-05-29,ARI
/nfl/rankings/ppr-superflex-cheatsheets.php,redraft-op,rsf,Roschon Johnson,25322,RB,CHI,307.5,24.5,283,332,,roschon-johnson.php,,,0.7,,,,,,10.0,Roschon Johnson,2026-05-29,CHI
/nfl/rankings/ppr-superflex-cheatsheets.php,redraft-op,rsf,Mitch Tinsley,24370,WR,CIN,265.0,0.0,265,265,,mitchell-tinsley.php,,,0.6,,,,,,6.0,Mitch Tinsley,2026-05-29,CIN
/nfl/rankings/ppr-superflex-cheatsheets.php,redraft-op,rsf,Elijah Moore,20114,WR,PHI,266.0,0.0,266,266,,elijah-moore.php,,,0.6,,,,,,10.0,Elijah Moore,2026-05-29,PHI
/nfl/rankings/ppr-superflex-cheatsheets.php,redraft-op,rsf,Ty Chandler,19471,RB,NO,311.0,32.0,279,343,,ty-chandler.php,,,0.6,,,,,,8.0,Ty Chandler,2026-05-29,NOS
/nfl/rankings/ppr-superflex-cheatsheets.php,redraft-op,rsf,Dyami Brown,20113,WR,WAS,327.0,55.0,272,382,,dyami-brown.php,,,1.2,,,,,,7.0,Dyami Brown,2026-05-29,WAS
/nfl/rankings/ppr-superflex-cheatsheets.php,redraft-op,rsf,Khalil Herbert,22763,RB,FA,276.0,0.0,276,276,,khalil-herbert.php,,,1.1,,,,,,,Khalil Herbert,2026-05-29,FA
/nfl/rankings/ppr-superflex-cheatsheets.php,redraft-op,rsf,Rasheen Ali,25983,RB,BAL,279.0,0.0,279,279,,rasheen-ali.php,,,2.9,,,,,,13.0,Rasheen Ali,2026-05-29,BAL
/nfl/rankings/ppr-superflex-cheatsheets.php,redraft-op,rsf,Raheem Mostert,14338,RB,LV,280.0,0.0,280,280,,raheem-mostert.php,,,0.7,,,,,,13.0,Raheem Mostert,2026-05-29,LVR
/nfl/rankings/ppr-superflex-cheatsheets.php,redraft-op,rsf,Tim Patrick,16556,WR,NYJ,281.0,0.0,281,281,,tim-patrick.php,,,1.0,,,,,,13.0,Tim Patrick,2026-05-29,NYJ
/nfl/rankings/ppr-superflex-cheatsheets.php,redraft-op,rsf,Jordan Whittington,23135,WR,LAR,326.0,45.0,281,371,,jordan-whittington.php,,,1.1,,,,,,11.0,Jordan Whittington,2026-05-29,LAR
/nfl/rankings/ppr-superflex-cheatsheets.php,redraft-op,rsf,Kalel Mullings,27045,RB,TEN,290.0,0.0,290,290,,kalel-mullings.php,,,0.6,,,,,,9.0,Kalel Mullings,2026-05-29,TEN
/nfl/rankings/ppr-superflex-cheatsheets.php,redraft-op,rsf,Theo Wease Jr.,27222,WR,MIA,321.5,28.5,293,350,,theo-wease-jr.php,,,3.2,,,,,,6.0,Theo Wease,2026-05-29,MIA
/nfl/rankings/ppr-superflex-cheatsheets.php,redraft-op,rsf,Nate Boerkircher,28427,TE,JAC,293.0,0.0,293,293,,nate-boerkircher.php,,,0.6,,,,,,7.0,Nate Boerkircher,2026-05-29,JAC
/nfl/rankings/ppr-superflex-cheatsheets.php,redraft-op,rsf,Jameis Winston,13891,QB,NYG,295.0,0.0,295,295,,jameis-winston.php,,,9.2,,,,,,8.0,Jameis Winston,2026-05-29,NYG
/nfl/rankings/ppr-superflex-cheatsheets.php,redraft-op,rsf,Greg Dortch,18585,WR,DET,295.0,0.0,295,295,,greg-dortch.php,,,1.5,,,,,,6.0,Greg Dortch,2026-05-29,DET
/nfl/rankings/ppr-superflex-cheatsheets.php,redraft-op,rsf,Zavier Scott,25748,RB,MIN,296.0,0.0,296,296,,zavier-scott.php,,,0.7,,,,,,6.0,Zavier Scott,2026-05-29,MIN
/nfl/rankings/ppr-superflex-cheatsheets.php,redraft-op,rsf,Robert Henry Jr.,28404,RB,WAS,334.0,7.26,324,341,,robert-henry-jr.php,,,0.0,,,,,,7.0,Robert Henry,2026-05-29,WAS
/nfl/rankings/ppr-superflex-cheatsheets.php,redraft-op,rsf,Austin Hooper,15581,TE,ATL,298.0,0.0,298,298,,austin-hooper.php,,,1.9,,,,,,11.0,Austin Hooper,2026-05-29,ATL
/nfl/rankings/ppr-superflex-cheatsheets.php,redraft-op,rsf,Gardner Minshew II,18562,QB,ARI,298.0,0.0,298,298,,gardner-minshew.php,,,3.3,,,,,,14.0,Gardner Minshew,2026-05-29,ARI
/nfl/rankings/ppr-superflex-cheatsheets.php,redraft-op,rsf,Jared Wiley,26343,TE,KC,298.0,0.0,298,298,,jared-wiley.php,,,0.6,,,,,,5.0,Jared Wiley,2026-05-29,KCC
/nfl/rankings/ppr-superflex-cheatsheets.php,redraft-op,rsf,Kyle Juszczyk,11798,RB,SF,299.0,0.0,299,299,,kyle-juszczyk.php,,,1.4,,,,,,8.0,Kyle Juszczyk,2026-05-29,SFO
/nfl/rankings/ppr-superflex-cheatsheets.php,redraft-op,rsf,Antwane Wells Jr.,27218,WR,FA,342.0,43.0,299,385,,antwane-wells-jr.php,,,1.1,,,,,,,Antwane Wells,2026-05-29,FA
/nfl/rankings/ppr-superflex-cheatsheets.php,redraft-op,rsf,Julian Fleming,23063,WR,FA,300.0,0.0,300,300,,julian-fleming.php,,,0.0,,,,,,,Julian Fleming,2026-05-29,FA
/nfl/rankings/ppr-superflex-cheatsheets.php,redraft-op,rsf,Mitchell Evans,27138,TE,CAR,301.0,0.0,301,301,,mitchell-evans.php,,,1.0,,,,,,5.0,Mitchell Evans,2026-05-29,CAR
/nfl/rankings/ppr-superflex-cheatsheets.php,redraft-op,rsf,Donovan Edwards,23014,RB,MIA,305.0,0.0,305,305,,donovan-edwards.php,,,0.6,,,,,,6.0,Donovan Edwards,2026-05-29,MIA
/nfl/rankings/ppr-superflex-cheatsheets.php,redraft-op,rsf,Tommy Tremble,22795,TE,CAR,306.0,0.0,306,306,,tommy-tremble.php,,,2.3,,,,,,5.0,Tommy Tremble,2026-05-29,CAR
/nfl/rankings/ppr-superflex-cheatsheets.php,redraft-op,rsf,Roman Wilson,28896,WR,PIT,307.0,0.0,307,307,,roman-wilson-wr.php,,,2.7,,,,,,9.0,Roman Wilson,2026-05-29,PIT
/nfl/rankings/ppr-superflex-cheatsheets.php,redraft-op,rsf,Tyler Badie,23812,RB,DEN,331.0,13.0,318,344,,tyler-badie.php,,,1.0,,,,,,10.0,Tyler Badie,2026-05-29,DEN
/nfl/rankings/ppr-superflex-cheatsheets.php,redraft-op,rsf,Michael Trigg,23167,TE,DAL,335.5,25.5,310,361,,michael-trigg.php,,,14.1,,,,,,14.0,Michael Trigg,2026-05-29,DAL
/nfl/rankings/ppr-superflex-cheatsheets.php,redraft-op,rsf,Diontae Johnson,18615,WR,FA,311.0,0.0,311,311,,diontae-johnson.php,,,0.6,,,,,,,Diontae Johnson,2026-05-29,FA
/nfl/rankings/ppr-superflex-cheatsheets.php,redraft-op,rsf,Durham Smythe,17508,TE,BAL,313.0,0.0,313,313,,durham-smythe.php,,,0.7,,,,,,13.0,Durham Smythe,2026-05-29,BAL
/nfl/rankings/ppr-superflex-cheatsheets.php,redraft-op,rsf,Luke Schoonmaker,25267,TE,DAL,333.0,8.0,325,341,,luke-schoonmaker.php,,,1.0,,,,,,14.0,Luke Schoonmaker,2026-05-29,DAL
/nfl/rankings/ppr-superflex-cheatsheets.php,redraft-op,rsf,Jack Endries,27501,TE,CIN,315.0,0.0,315,315,,jack-endries.php,,,4.4,,,,,,6.0,Jack Endries,2026-05-29,CIN
/nfl/rankings/ppr-superflex-cheatsheets.php,redraft-op,rsf,Demarcus Robinson,15665,WR,SF,340.33,6.02,332,346,,demarcus-robinson.php,,,1.2,,,,,,8.0,Demarcus Robinson,2026-05-29,SFO
/nfl/rankings/ppr-superflex-cheatsheets.php,redraft-op,rsf,Thomas Fidone II,23039,TE,NYG,343.5,25.5,318,369,,thomas-fidone.php,,,1.0,,,,,,8.0,Thomas Fidone,2026-05-29,NYG
/nfl/rankings/ppr-superflex-cheatsheets.php,redraft-op,rsf,Tanner Koziol,27499,TE,JAC,319.0,0.0,319,319,,tanner-koziol.php,,,1.1,,,,,,7.0,Tanner Koziol,2026-05-29,JAC
/nfl/rankings/ppr-superflex-cheatsheets.php,redraft-op,rsf,Tyler Conklin,17598,TE,DET,321.0,0.0,321,321,,tyler-conklin.php,,,1.3,,,,,,6.0,Tyler Conklin,2026-05-29,DET
/nfl/rankings/ppr-superflex-cheatsheets.php,redraft-op,rsf,Jackson Hawes,27469,TE,BUF,321.0,0.0,321,321,,jackson-hawes.php,,,1.0,,,,,,7.0,Jackson Hawes,2026-05-29,BUF
/nfl/rankings/ppr-superflex-cheatsheets.php,redraft-op,rsf,Zamir White,20095,RB,LV,323.0,0.0,323,323,,zamir-white.php,,,0.9,,,,,,13.0,Zamir White,2026-05-29,LVR
/nfl/rankings/ppr-superflex-cheatsheets.php,redraft-op,rsf,Erick All Jr.,23837,TE,CIN,323.0,0.0,323,323,,erick-all.php,,,1.6,,,,,,6.0,Erick All,2026-05-29,CIN
/nfl/rankings/ppr-superflex-cheatsheets.php,redraft-op,rsf,Dylan Laube,26194,RB,LV,326.0,0.0,326,326,,dylan-laube.php,,,0.7,,,,,,13.0,Dylan Laube,2026-05-29,LVR
/nfl/rankings/ppr-superflex-cheatsheets.php,redraft-op,rsf,Phil Mafah,22928,RB,DAL,341.0,3.0,338,344,,phil-mafah.php,,,1.1,,,,,,14.0,Phil Mafah,2026-05-29,DAL
/nfl/rankings/ppr-superflex-cheatsheets.php,redraft-op,rsf,Devontez Walker,26011,WR,BAL,357.5,21.5,336,379,,devontez-walker.php,,,1.4,,,,,,13.0,Devontez Walker,2026-05-29,BAL
/nfl/rankings/ppr-superflex-cheatsheets.php,redraft-op,rsf,Roman Hemby,25387,RB,LV,337.0,0.0,337,337,,roman-hemby.php,,,0.0,,,,,,13.0,Roman Hemby,2026-05-29,LVR
/nfl/rankings/ppr-superflex-cheatsheets.php,redraft-op,rsf,Jeremy McNichols,16445,RB,WAS,340.0,0.0,340,340,,jeremy-mcnichols.php,,,0.8,,,,,,7.0,Jeremy McNichols,2026-05-29,WAS
/nfl/rankings/ppr-superflex-cheatsheets.php,redraft-op,rsf,Jaydn Ott,25394,RB,KC,340.0,0.0,340,340,,jaydn-ott.php,,,1.1,,,,,,5.0,Jaydn Ott,2026-05-29,KCC
/nfl/rankings/ppr-superflex-cheatsheets.php,redraft-op,rsf,Reggie Virgil,28141,WR,ARI,342.0,0.0,342,342,,reggie-virgil.php,,,0.7,,,,,,14.0,Reggie Virgil,2026-05-29,ARI
/nfl/rankings/ppr-superflex-cheatsheets.php,redraft-op,rsf,Tyler Lockett,13971,WR,LV,344.0,0.0,344,344,,tyler-lockett.php,,,0.7,,,,,,13.0,Tyler Lockett,2026-05-29,LVR
/nfl/rankings/ppr-superflex-cheatsheets.php,redraft-op,rsf,Will Dissly,18049,TE,FA,356.0,0.0,356,356,,will-dissly.php,,,0.6,,,,,,,Will Dissly,2026-05-29,FA
/nfl/rankings/ppr-superflex-cheatsheets.php,redraft-op,rsf,Marquez Valdes-Scantling,17528,WR,DAL,360.0,0.0,360,360,,marquez-valdesscantling.php,,,0.6,,,,,,14.0,Marquez Valdes-Scantling,2026-05-29,DAL
/nfl/rankings/ppr-superflex-cheatsheets.php,redraft-op,rsf,Gus Edwards,17687,RB,FA,365.0,0.0,365,365,,gus-edwards.php,,,1.0,,,,,,,Gus Edwards,2026-05-29,FA
/nfl/rankings/ppr-superflex-cheatsheets.php,redraft-op,rsf,Cam Akers,19268,RB,FA,366.0,0.0,366,366,,cam-akers.php,,,0.6,,,,,,,Cam Akers,2026-05-29,FA
/nfl/rankings/ppr-superflex-cheatsheets.php,redraft-op,rsf,Taysom Hill,17115,TE,FA,368.0,0.0,368,368,,taysom-hill.php,,,0.7,,,,,,,Taysom Hill,2026-05-29,FA
/nfl/rankings/ppr-superflex-cheatsheets.php,redraft-op,rsf,Miles Sanders,18283,RB,FA,373.0,0.0,373,373,,miles-sanders.php,,,0.7,,,,,,,Miles Sanders,2026-05-29,FA
/nfl/rankings/ppr-superflex-cheatsheets.php,redraft-op,rsf,Curtis Samuel,16434,WR,FA,376.0,0.0,376,376,,curtis-samuel.php,,,1.0,,,,,,,Curtis Samuel,2026-05-29,FA
/nfl/rankings/ppr-superflex-cheatsheets.php,redraft-op,rsf,Jacob Cowing,25289,WR,SF,377.0,0.0,377,377,,jacob-cowing.php,,,0.6,,,,,,8.0,Jacob Cowing,2026-05-29,SFO
/nfl/rankings/ppr-superflex-cheatsheets.php,redraft-op,rsf,DeAndre Hopkins,11606,WR,BAL,378.0,0.0,378,378,,deandre-hopkins.php,,,0.7,,,,,,13.0,DeAndre Hopkins,2026-05-29,BAL
/nfl/rankings/ppr-superflex-cheatsheets.php,redraft-op,rsf,Gabe Davis,19398,WR,FA,380.0,0.0,380,380,,gabriel-davis.php,,,0.6,,,,,,,Gabriel Davis,2026-05-29,FA
/nfl/rankings/ppr-superflex-cheatsheets.php,redraft-op,rsf,Jermaine Burton,22956,WR,FA,384.0,0.0,384,384,,jermaine-burton.php,,,0.6,,,,,,,Jermaine Burton,2026-05-29,FA
/nfl/rankings/ppr-superflex-cheatsheets.php,redraft-op,rsf,Elijah Mitchell,22813,RB,FA,386.0,0.0,386,386,,elijah-mitchell-rb.php,,,0.7,,,,,,,Elijah Mitchell,2026-05-29,FA
/nfl/rankings/ppr-superflex-cheatsheets.php,redraft-op,rsf,Trey Sermon,19425,RB,FA,387.0,0.0,387,387,,trey-sermon.php,,,1.0,,,,,,,Trey Sermon,2026-05-29,FA
/nfl/rankings/ppr-superflex-cheatsheets.php,redraft-op,rsf,Ja'Quinden Jackson,23170,RB,FA,388.0,0.0,388,388,,jaquinden-jackson.php,,,1.0,,,,,,,JaQuinden Jackson,2026-05-29,FA
/nfl/rankings/ppr-cheatsheets.php,redraft-overall,ro,Ja'Marr Chase,19788,WR,CIN,1.36,0.77,1,3,,jamarr-chase.php,,,99.0,,,,,,6.0,JaMarr Chase,2026-05-29,CIN
/nfl/rankings/ppr-cheatsheets.php,redraft-overall,ro,Bijan Robinson,23133,RB,ATL,2.56,1.15,2,5,,bijan-robinson.php,,,99.0,,,,,,11.0,Bijan Robinson,2026-05-29,ATL
/nfl/rankings/ppr-cheatsheets.php,redraft-overall,ro,Puka Nacua,23180,WR,LAR,2.9,0.9,1,5,,puka-nacua.php,,,99.3,,,,,,11.0,Puka Nacua,2026-05-29,LAR
/nfl/rankings/ppr-cheatsheets.php,redraft-overall,ro,Jaxon Smith-Njigba,23070,WR,SEA,4.05,0.45,3,6,,jaxon-smith-njigba.php,,,99.4,,,,,,11.0,Jaxon Smith-Njigba,2026-05-29,SEA
/nfl/rankings/ppr-cheatsheets.php,redraft-overall,ro,Jahmyr Gibbs,22968,RB,DET,4.72,1.65,2,7,,jahmyr-gibbs.php,,,99.0,,,,,,6.0,Jahmyr Gibbs,2026-05-29,DET
/nfl/rankings/ppr-cheatsheets.php,redraft-overall,ro,Amon-Ra St. Brown,19799,WR,DET,6.77,1.25,4,9,,amonra-stbrown.php,,,99.0,,,,,,6.0,Amon-Ra St Brown,2026-05-29,DET
/nfl/rankings/ppr-cheatsheets.php,redraft-overall,ro,Christian McCaffrey,16393,RB,SF,7.56,2.54,5,17,,christian-mccaffrey.php,,,99.3,,,,,,8.0,Christian McCaffrey,2026-05-29,SFO
/nfl/rankings/ppr-cheatsheets.php,redraft-overall,ro,CeeDee Lamb,19202,WR,DAL,7.82,1.36,6,11,,ceedee-lamb.php,,,99.0,,,,,,14.0,CeeDee Lamb,2026-05-29,DAL
/nfl/rankings/ppr-cheatsheets.php,redraft-overall,ro,Justin Jefferson,19236,WR,MIN,8.85,1.19,6,11,,justin-jefferson.php,,,98.9,,,,,,6.0,Justin Jefferson,2026-05-29,MIN
/nfl/rankings/ppr-cheatsheets.php,redraft-overall,ro,Jonathan Taylor,19217,RB,IND,11.23,4.67,7,33,,jonathan-taylor.php,,,99.0,,,,,,13.0,Jonathan Taylor,2026-05-29,IND
/nfl/rankings/ppr-cheatsheets.php,redraft-overall,ro,Drake London,23163,WR,ATL,11.54,1.78,9,18,,drake-london.php,,,98.8,,,,,,11.0,Drake London,2026-05-29,ATL
/nfl/rankings/ppr-cheatsheets.php,redraft-overall,ro,Nico Collins,20130,WR,HOU,14.21,3.11,11,26,,nico-collins.php,,,99.1,,,,,,8.0,Nico Collins,2026-05-29,HOU
/nfl/rankings/ppr-cheatsheets.php,redraft-overall,ro,De'Von Achane,23136,RB,MIA,15.03,3.98,7,23,,devon-achane.php,,,98.9,,,,,,6.0,DeVon Achane,2026-05-29,MIA
/nfl/rankings/ppr-cheatsheets.php,redraft-overall,ro,Malik Nabers,25409,WR,NYG,16.54,6.55,11,38,,malik-nabers.php,,,98.5,,,,,,8.0,Malik Nabers,2026-05-29,NYG
/nfl/rankings/ppr-cheatsheets.php,redraft-overall,ro,Trey McBride,22936,TE,ARI,17.33,2.78,16,28,,trey-mcbride.php,,,98.8,,,,,,14.0,Trey McBride,2026-05-29,ARI
/nfl/rankings/ppr-cheatsheets.php,redraft-overall,ro,Ashton Jeanty,25989,RB,LV,17.67,4.66,9,31,,ashton-jeanty.php,,,98.8,,,,,,13.0,Ashton Jeanty,2026-05-29,LVR
/nfl/rankings/ppr-cheatsheets.php,redraft-overall,ro,George Pickens,22963,WR,DAL,17.69,2.55,14,26,,george-pickens.php,,,98.7,,,,,,14.0,George Pickens,2026-05-29,DAL
/nfl/rankings/ppr-cheatsheets.php,redraft-overall,ro,Chris Olave,20111,WR,NO,18.69,4.83,12,29,,chris-olave.php,,,97.8,,,,,,8.0,Chris Olave,2026-05-29,NOS
/nfl/rankings/ppr-cheatsheets.php,redraft-overall,ro,Rashee Rice,23113,WR,KC,20.74,9.18,11,45,,rashee-rice.php,,,97.8,,,,,-2.0,5.0,Rashee Rice,2026-05-29,KCC
/nfl/rankings/ppr-cheatsheets.php,redraft-overall,ro,James Cook III,22958,RB,BUF,20.97,6.11,8,33,,james-cook.php,,,99.4,,,,,,7.0,James Cook,2026-05-29,BUF
/nfl/rankings/ppr-cheatsheets.php,redraft-overall,ro,Brock Bowers,22955,TE,LV,21.0,2.39,16,25,,brock-bowers.php,,,98.8,,,,,,13.0,Brock Bowers,2026-05-29,LVR
/nfl/rankings/ppr-cheatsheets.php,redraft-overall,ro,A.J. Brown,18218,WR,PHI,21.05,5.51,12,38,,aj-brown.php,,,98.8,,,,,,10.0,AJ Brown,2026-05-29,PHI
/nfl/rankings/ppr-cheatsheets.php,redraft-overall,ro,Chase Brown,25324,RB,CIN,21.1,3.66,13,28,,chase-brown.php,,,98.3,,,,,,6.0,Chase Brown,2026-05-29,CIN
/nfl/rankings/ppr-cheatsheets.php,redraft-overall,ro,Josh Allen,17298,QB,BUF,25.31,0.99,25,30,,josh-allen-qb.php,,,99.3,,,,,,7.0,Josh Allen,2026-05-29,BUF
/nfl/rankings/ppr-cheatsheets.php,redraft-overall,ro,Omarion Hampton,25395,RB,LAC,25.97,7.16,13,43,,omarion-hampton.php,,,98.2,,,,,,7.0,Omarion Hampton,2026-05-29,LAC
/nfl/rankings/ppr-cheatsheets.php,redraft-overall,ro,Tetairoa McMillan,25417,WR,CAR,27.44,6.74,18,44,,tetairoa-mcmillan.php,,,97.9,,,,,,5.0,Tetairoa McMillan,2026-05-29,CAR
/nfl/rankings/ppr-cheatsheets.php,redraft-overall,ro,Saquon Barkley,17240,RB,PHI,28.92,5.41,17,39,,saquon-barkley.php,,,99.2,,,,,,10.0,Saquon Barkley,2026-05-29,PHI
/nfl/rankings/ppr-cheatsheets.php,redraft-overall,ro,Lamar Jackson,17233,QB,BAL,29.56,5.24,25,54,,lamar-jackson.php,,,98.7,,,,,,13.0,Lamar Jackson,2026-05-29,BAL
/nfl/rankings/ppr-cheatsheets.php,redraft-overall,ro,Garrett Wilson,23072,WR,NYJ,29.92,5.26,18,45,,garrett-wilson.php,,,97.4,,,,,,13.0,Garrett Wilson,2026-05-29,NYJ
/nfl/rankings/ppr-cheatsheets.php,redraft-overall,ro,DeVonta Smith,19222,WR,PHI,31.87,9.11,19,49,,devonta-smith.php,,,97.6,,,,,,10.0,DeVonta Smith,2026-05-29,PHI
/nfl/rankings/ppr-cheatsheets.php,redraft-overall,ro,Drake Maye,23046,QB,NE,32.59,6.46,27,54,,drake-maye.php,,,99.0,,,,,,11.0,Drake Maye,2026-05-29,NEP
/nfl/rankings/ppr-cheatsheets.php,redraft-overall,ro,Tee Higgins,19211,WR,CIN,33.08,6.04,20,44,,tee-higgins.php,,,97.4,,,,,,6.0,Tee Higgins,2026-05-29,CIN
/nfl/rankings/ppr-cheatsheets.php,redraft-overall,ro,Kenneth Walker III,23021,RB,KC,33.31,8.31,17,53,,kenneth-walker-rb.php,,,99.0,,,,,,5.0,Kenneth Walker,2026-05-29,KCC
/nfl/rankings/ppr-cheatsheets.php,redraft-overall,ro,Jeremiyah Love,25403,RB,ARI,35.72,7.57,18,56,,jeremiyah-love.php,,,96.2,,,,,,14.0,Jeremiyah Love,2026-05-29,ARI
/nfl/rankings/ppr-cheatsheets.php,redraft-overall,ro,Ladd McConkey,26122,WR,LAC,36.69,6.3,20,48,,ladd-mcconkey.php,,,96.9,,,,,,7.0,Ladd McConkey,2026-05-29,LAC
/nfl/rankings/ppr-cheatsheets.php,redraft-overall,ro,Colston Loveland,26006,TE,CHI,37.15,11.01,22,67,,colston-loveland.php,,,98.6,,,,,,10.0,Colston Loveland,2026-05-29,CHI
/nfl/rankings/ppr-cheatsheets.php,redraft-overall,ro,Zay Flowers,22916,WR,BAL,40.28,7.06,20,57,,zay-flowers.php,,,97.1,,,,,,13.0,Zay Flowers,2026-05-29,BAL
/nfl/rankings/ppr-cheatsheets.php,redraft-overall,ro,Breece Hall,22982,RB,NYJ,41.0,4.76,33,50,,breece-hall.php,,,97.5,,,,,,13.0,Breece Hall,2026-05-29,NYJ
/nfl/rankings/ppr-cheatsheets.php,redraft-overall,ro,Jaylen Waddle,19790,WR,DEN,41.46,7.47,20,55,,jaylen-waddle.php,,,96.1,,,,,,10.0,Jaylen Waddle,2026-05-29,DEN
/nfl/rankings/ppr-cheatsheets.php,redraft-overall,ro,Derrick Henry,15514,RB,BAL,41.54,6.68,24,53,,derrick-henry.php,,,98.4,,,,,,13.0,Derrick Henry,2026-05-29,BAL
/nfl/rankings/ppr-cheatsheets.php,redraft-overall,ro,Josh Jacobs,18269,RB,GB,41.82,9.05,31,80,,josh-jacobs.php,,,98.5,,,,,,11.0,Josh Jacobs,2026-05-29,GBP
/nfl/rankings/ppr-cheatsheets.php,redraft-overall,ro,Luther Burden III,27016,WR,CHI,42.26,7.27,26,68,,luther-burden-iii.php,,,94.4,,,,,,10.0,Luther Burden,2026-05-29,CHI
/nfl/rankings/ppr-cheatsheets.php,redraft-overall,ro,Joe Burrow,19196,QB,CIN,42.67,12.07,27,74,,joe-burrow.php,,,96.9,,,,,,6.0,Joe Burrow,2026-05-29,CIN
/nfl/rankings/ppr-cheatsheets.php,redraft-overall,ro,Terry McLaurin,18466,WR,WAS,43.69,5.51,28,52,,terry-mclaurin.php,,,95.3,,,,,,7.0,Terry McLaurin,2026-05-29,WAS
/nfl/rankings/ppr-cheatsheets.php,redraft-overall,ro,Emeka Egbuka,23062,WR,TB,44.74,7.45,20,62,,emeka-egbuka.php,,,95.8,,,,,,10.0,Emeka Egbuka,2026-05-29,TBB
/nfl/rankings/ppr-cheatsheets.php,redraft-overall,ro,Travis Etienne Jr.,19231,RB,NO,45.31,3.52,39,53,,travis-etienne.php,,,97.1,,,,,,8.0,Travis Etienne,2026-05-29,NOS
/nfl/rankings/ppr-cheatsheets.php,redraft-overall,ro,Davante Adams,12123,WR,LAR,45.74,6.44,38,75,,davante-adams.php,,,97.3,,,,,,11.0,Davante Adams,2026-05-29,LAR
/nfl/rankings/ppr-cheatsheets.php,redraft-overall,ro,Kyren Williams,23059,RB,LAR,46.1,6.48,33,56,,kyren-williams.php,,,97.8,,,,,,11.0,Kyren Williams,2026-05-29,LAR
/nfl/rankings/ppr-cheatsheets.php,redraft-overall,ro,Javonte Williams,22739,RB,DAL,47.54,6.88,33,58,,javonte-williams.php,,,97.1,,,,,,14.0,Javonte Williams,2026-05-29,DAL
/nfl/rankings/ppr-cheatsheets.php,redraft-overall,ro,Mike Evans,12119,WR,SF,49.38,7.18,31,68,,mike-evans.php,,,93.7,,,,,,8.0,Mike Evans,2026-05-29,SFO
/nfl/rankings/ppr-cheatsheets.php,redraft-overall,ro,Jameson Williams,23677,WR,DET,51.26,6.41,38,68,,jameson-williams.php,,,95.5,,,,,,6.0,Jameson Williams,2026-05-29,DET
/nfl/rankings/ppr-cheatsheets.php,redraft-overall,ro,Jayden Daniels,22902,QB,WAS,53.36,9.53,30,74,,jayden-daniels.php,,,97.6,,,,,,7.0,Jayden Daniels,2026-05-29,WAS
/nfl/rankings/ppr-cheatsheets.php,redraft-overall,ro,Bucky Irving,25981,RB,TB,54.28,8.54,35,77,,bucky-irving.php,,,96.6,,,,,,10.0,Bucky Irving,2026-05-29,TBB
/nfl/rankings/ppr-cheatsheets.php,redraft-overall,ro,Jalen Hurts,19275,QB,PHI,54.74,9.27,30,72,,jalen-hurts.php,,,97.8,,,,,,10.0,Jalen Hurts,2026-05-29,PHI
/nfl/rankings/ppr-cheatsheets.php,redraft-overall,ro,DJ Moore,17265,WR,BUF,55.64,14.24,28,115,,dj-moore-wr.php,,,94.6,,,,,,7.0,DJ Moore,2026-05-29,BUF
/nfl/rankings/ppr-cheatsheets.php,redraft-overall,ro,Tyler Warren,26434,TE,IND,55.72,10.21,32,73,,tyler-warren.php,,,98.3,,,,,,13.0,Tyler Warren,2026-05-29,IND
/nfl/rankings/ppr-cheatsheets.php,redraft-overall,ro,Cam Skattebo,27166,RB,NYG,57.28,7.62,43,75,,cam-skattebo.php,,,96.9,,,,,,8.0,Cam Skattebo,2026-05-29,NYG
/nfl/rankings/ppr-cheatsheets.php,redraft-overall,ro,Christian Watson,23886,WR,GB,59.44,10.68,45,91,,christian-watson.php,,,92.0,,,,,,11.0,Christian Watson,2026-05-29,GBP
/nfl/rankings/ppr-cheatsheets.php,redraft-overall,ro,Rome Odunze,25411,WR,CHI,60.46,10.45,42,91,,rome-odunze.php,,,94.1,,,,,,10.0,Rome Odunze,2026-05-29,CHI
/nfl/rankings/ppr-cheatsheets.php,redraft-overall,ro,TreVeyon Henderson,23065,RB,NE,61.49,10.05,46,85,,treveyon-henderson.php,,,95.0,,,,,,11.0,TreVeyon Henderson,2026-05-29,NEP
/nfl/rankings/ppr-cheatsheets.php,redraft-overall,ro,Quinshon Judkins,25391,RB,CLE,63.72,9.02,46,77,,quinshon-judkins.php,,,95.0,,,,,,11.0,Quinshon Judkins,2026-05-29,CLE
/nfl/rankings/ppr-cheatsheets.php,redraft-overall,ro,Carnell Tate,26009,WR,TEN,66.16,18.48,38,115,,carnell-tate.php,,,92.8,,,,,,9.0,Carnell Tate,2026-05-29,TEN
/nfl/rankings/ppr-cheatsheets.php,redraft-overall,ro,David Montgomery,18239,RB,HOU,66.79,10.38,47,93,,david-montgomery.php,,,93.8,,,,,,8.0,David Montgomery,2026-05-29,HOU
/nfl/rankings/ppr-cheatsheets.php,redraft-overall,ro,D'Andre Swift,19210,RB,CHI,66.97,7.68,56,84,,dandre-swift.php,,,94.0,,,,,,10.0,DAndre Swift,2026-05-29,CHI
/nfl/rankings/ppr-cheatsheets.php,redraft-overall,ro,Marvin Harrison Jr.,23064,WR,ARI,69.69,11.1,52,116,,marvin-harrison-jr.php,,,92.3,,,,,,14.0,Marvin Harrison,2026-05-29,ARI
/nfl/rankings/ppr-cheatsheets.php,redraft-overall,ro,Tucker Kraft,25298,TE,GB,71.33,10.57,54,95,,tucker-kraft.php,,,92.7,,,,,,11.0,Tucker Kraft,2026-05-29,GBP
/nfl/rankings/ppr-cheatsheets.php,redraft-overall,ro,Courtland Sutton,17253,WR,DEN,71.87,11.02,52,88,,courtland-sutton.php,,,92.8,,,,,,10.0,Courtland Sutton,2026-05-29,DEN
/nfl/rankings/ppr-cheatsheets.php,redraft-overall,ro,Jaylen Warren,24209,RB,PIT,71.92,6.74,65,89,,jaylen-warren.php,,,91.2,,,,,,9.0,Jaylen Warren,2026-05-29,PIT
/nfl/rankings/ppr-cheatsheets.php,redraft-overall,ro,Justin Herbert,18635,QB,LAC,73.0,13.07,59,105,,justin-herbert.php,,,91.9,,,,,,7.0,Justin Herbert,2026-05-29,LAC
/nfl/rankings/ppr-cheatsheets.php,redraft-overall,ro,Jaxson Dart,23160,QB,NYG,73.15,11.47,59,101,,jaxson-dart.php,,,95.6,,,,,,8.0,Jaxson Dart,2026-05-29,NYG
/nfl/rankings/ppr-cheatsheets.php,redraft-overall,ro,Harold Fannin Jr.,27050,TE,CLE,73.21,10.31,57,106,,harold-fannin-jr.php,,,95.1,,,,,,11.0,Harold Fannin,2026-05-29,CLE
/nfl/rankings/ppr-cheatsheets.php,redraft-overall,ro,RJ Harvey,27142,RB,DEN,75.38,13.96,61,120,,rj-harvey.php,,,91.5,,,,,,10.0,RJ Harvey,2026-05-29,DEN
/nfl/rankings/ppr-cheatsheets.php,redraft-overall,ro,Caleb Williams,23084,QB,CHI,75.54,13.31,37,101,,caleb-williams.php,,,94.1,,,,,,10.0,Caleb Williams,2026-05-29,CHI
/nfl/rankings/ppr-cheatsheets.php,redraft-overall,ro,Bhayshul Tuten,27297,RB,JAC,76.18,8.1,58,99,,bhayshul-tuten.php,,,92.2,,,,,,7.0,Bhayshul Tuten,2026-05-29,JAC
/nfl/rankings/ppr-cheatsheets.php,redraft-overall,ro,Michael Wilson,25333,WR,ARI,76.28,12.85,49,110,,michael-wilson.php,,,90.7,,,,,,14.0,Michael Wilson,2026-05-29,ARI
/nfl/rankings/ppr-cheatsheets.php,redraft-overall,ro,Chuba Hubbard,19792,RB,CAR,77.03,12.29,47,117,,chuba-hubbard.php,,,92.7,,,,,,5.0,Chuba Hubbard,2026-05-29,CAR
/nfl/rankings/ppr-cheatsheets.php,redraft-overall,ro,DK Metcalf,18219,WR,PIT,77.13,10.46,52,94,,dk-metcalf.php,,,93.6,,,,,,9.0,DK Metcalf,2026-05-29,PIT
/nfl/rankings/ppr-cheatsheets.php,redraft-overall,ro,Chris Godwin Jr.,16406,WR,TB,77.74,11.79,49,110,,chris-godwin.php,,,89.7,,,,,,10.0,Chris Godwin,2026-05-29,TBB
/nfl/rankings/ppr-cheatsheets.php,redraft-overall,ro,Alec Pierce,23791,WR,IND,79.13,12.84,55,107,,alec-pierce.php,,,91.1,,,,,,13.0,Alec Pierce,2026-05-29,IND
/nfl/rankings/ppr-cheatsheets.php,redraft-overall,ro,Trevor Lawrence,19780,QB,JAC,80.0,10.42,59,101,,trevor-lawrence.php,,,92.7,,,,,,7.0,Trevor Lawrence,2026-05-29,JAC
/nfl/rankings/ppr-cheatsheets.php,redraft-overall,ro,Jordyn Tyson,26035,WR,NO,81.16,16.39,51,110,,jordyn-tyson.php,,,88.9,,,,,,8.0,Jordyn Tyson,2026-05-29,NOS
/nfl/rankings/ppr-cheatsheets.php,redraft-overall,ro,Jadarian Price,27329,RB,SEA,81.4,12.59,56,118,,jadarian-price.php,,,89.6,,,,,,11.0,Jadarian Price,2026-05-29,SEA
/nfl/rankings/ppr-cheatsheets.php,redraft-overall,ro,Kyle Pitts Sr.,20164,TE,ATL,82.26,8.49,66,97,,kyle-pitts.php,,,95.9,,,,,,11.0,Kyle Pitts,2026-05-29,ATL
/nfl/rankings/ppr-cheatsheets.php,redraft-overall,ro,Jakobi Meyers,18598,WR,JAC,82.77,10.1,62,103,,jakobi-meyers.php,,,89.4,,,,,,7.0,Jakobi Meyers,2026-05-29,JAC
/nfl/rankings/ppr-cheatsheets.php,redraft-overall,ro,Dak Prescott,15600,QB,DAL,83.95,11.95,59,101,,dak-prescott.php,,,93.1,,,,,,14.0,Dak Prescott,2026-05-29,DAL
/nfl/rankings/ppr-cheatsheets.php,redraft-overall,ro,Michael Pittman Jr.,19278,WR,PIT,84.79,13.42,60,110,,michael-pittman.php,,,90.5,,,,,,9.0,Michael Pittman,2026-05-29,PIT
/nfl/rankings/ppr-cheatsheets.php,redraft-overall,ro,Rhamondre Stevenson,22726,RB,NE,85.9,8.24,72,103,,rhamondre-stevenson.php,,,90.5,,,,,,11.0,Rhamondre Stevenson,2026-05-29,NEP
/nfl/rankings/ppr-cheatsheets.php,redraft-overall,ro,Sam LaPorta,22978,TE,DET,85.97,6.39,65,97,,sam-laporta.php,,,95.1,,,,,,6.0,Sam LaPorta,2026-05-29,DET
/nfl/rankings/ppr-cheatsheets.php,redraft-overall,ro,Rico Dowdle,19647,RB,PIT,85.97,9.45,72,117,,rico-dowdle.php,,,91.1,,,,,,9.0,Rico Dowdle,2026-05-29,PIT
/nfl/rankings/ppr-cheatsheets.php,redraft-overall,ro,Wan'Dale Robinson,22985,WR,TEN,87.85,11.52,69,121,,wandale-robinson.php,,,86.0,,,,,,9.0,WanDale Robinson,2026-05-29,TEN
/nfl/rankings/ppr-cheatsheets.php,redraft-overall,ro,Tony Pollard,18705,RB,TEN,88.0,7.49,72,102,,tony-pollard.php,,,90.6,,,,,,9.0,Tony Pollard,2026-05-29,TEN
/nfl/rankings/ppr-cheatsheets.php,redraft-overall,ro,Brian Thomas Jr.,23000,WR,JAC,88.54,14.74,55,123,,brian-thomas-jr.php,,,91.4,,,,,,7.0,Brian Thomas,2026-05-29,JAC
/nfl/rankings/ppr-cheatsheets.php,redraft-overall,ro,Makai Lemon,25420,WR,PHI,88.79,9.66,71,110,,makai-lemon.php,,,88.7,,,,,,10.0,Makai Lemon,2026-05-29,PHI
/nfl/rankings/ppr-cheatsheets.php,redraft-overall,ro,Kyle Monangai,27131,RB,CHI,95.41,8.81,77,117,,kyle-monangai.php,,,89.5,,,,,,10.0,Kyle Monangai,2026-05-29,CHI
/nfl/rankings/ppr-cheatsheets.php,redraft-overall,ro,Brock Purdy,19797,QB,SF,95.69,7.85,74,108,,brock-purdy.php,,,92.3,,,,,,8.0,Brock Purdy,2026-05-29,SFO
/nfl/rankings/ppr-cheatsheets.php,redraft-overall,ro,Ricky Pearsall,26214,WR,SF,99.13,18.61,71,150,,ricky-pearsall.php,,,88.3,,,,,,8.0,Ricky Pearsall,2026-05-29,SFO
/nfl/rankings/ppr-cheatsheets.php,redraft-overall,ro,Parker Washington,23106,WR,JAC,99.72,15.24,60,128,,parker-washington.php,,,89.8,,,,,,7.0,Parker Washington,2026-05-29,JAC
/nfl/rankings/ppr-cheatsheets.php,redraft-overall,ro,Patrick Mahomes II,16413,QB,KC,100.44,7.9,79,114,,patrick-mahomes.php,,,92.9,,,,,,5.0,Patrick Mahomes,2026-05-29,KCC
/nfl/rankings/ppr-cheatsheets.php,redraft-overall,ro,Jordan Addison,23107,WR,MIN,102.59,8.91,82,121,,jordan-addison.php,,,88.1,,,,,,6.0,Jordan Addison,2026-05-29,MIN
/nfl/rankings/ppr-cheatsheets.php,redraft-overall,ro,Matthew Stafford,9451,QB,LAR,102.62,10.8,63,118,,matthew-stafford.php,,,92.7,,,,,,11.0,Matthew Stafford,2026-05-29,LAR
/nfl/rankings/ppr-cheatsheets.php,redraft-overall,ro,Aaron Jones Sr.,16673,RB,MIN,103.1,15.62,77,141,,aaron-jones.php,,,88.3,,,,,,6.0,Aaron Jones,2026-05-29,MIN
/nfl/rankings/ppr-cheatsheets.php,redraft-overall,ro,Jake Ferguson,22718,TE,DAL,103.54,8.92,87,124,,jake-ferguson.php,,,90.9,,,,,,14.0,Jake Ferguson,2026-05-29,DAL
/nfl/rankings/ppr-cheatsheets.php,redraft-overall,ro,Bo Nix,22910,QB,DEN,104.79,4.34,94,114,,bo-nix.php,,,91.3,,,,,,10.0,Bo Nix,2026-05-29,DEN
/nfl/rankings/ppr-cheatsheets.php,redraft-overall,ro,Kenneth Gainwell,23310,RB,TB,104.82,17.19,80,145,,kenneth-gainwell.php,,,86.7,,,,,,10.0,Kenneth Gainwell,2026-05-29,TBB
/nfl/rankings/ppr-cheatsheets.php,redraft-overall,ro,Josh Downs,24706,WR,IND,105.92,14.79,71,133,,josh-downs.php,,,81.7,,,,,,13.0,Josh Downs,2026-05-29,IND
/nfl/rankings/ppr-cheatsheets.php,redraft-overall,ro,J.K. Dobbins,19245,RB,DEN,108.31,15.14,86,143,,jk-dobbins.php,,,89.5,,,,,,10.0,JK Dobbins,2026-05-29,DEN
/nfl/rankings/ppr-cheatsheets.php,redraft-overall,ro,Dalton Kincaid,25247,TE,BUF,108.38,13.34,95,155,,dalton-kincaid.php,,,73.0,,,,,-2.0,7.0,Dalton Kincaid,2026-05-29,BUF
/nfl/rankings/ppr-cheatsheets.php,redraft-overall,ro,Travis Kelce,11594,TE,KC,109.97,22.88,73,196,,travis-kelce.php,,,91.9,,,,,,5.0,Travis Kelce,2026-05-29,KCC
/nfl/rankings/ppr-cheatsheets.php,redraft-overall,ro,Blake Corum,23013,RB,LAR,111.31,9.36,91,127,,blake-corum.php,,,86.9,,,,,,11.0,Blake Corum,2026-05-29,LAR
/nfl/rankings/ppr-cheatsheets.php,redraft-overall,ro,Jared Goff,15501,QB,DET,111.36,7.93,79,125,,jared-goff.php,,,77.0,,,,,,6.0,Jared Goff,2026-05-29,DET
/nfl/rankings/ppr-cheatsheets.php,redraft-overall,ro,Jayden Reed,23020,WR,GB,112.13,10.36,91,136,,jayden-reed.php,,,81.8,,,,,,11.0,Jayden Reed,2026-05-29,GBP
/nfl/rankings/ppr-cheatsheets.php,redraft-overall,ro,Khalil Shakir,23748,WR,BUF,113.44,10.03,82,126,,khalil-shakir.php,,,75.5,,,,,,7.0,Khalil Shakir,2026-05-29,BUF
/nfl/rankings/ppr-cheatsheets.php,redraft-overall,ro,Kyler Murray,18600,QB,MIN,115.18,11.35,92,139,,kyler-murray.php,,,80.1,,,,,,6.0,Kyler Murray,2026-05-29,MIN
/nfl/rankings/ppr-cheatsheets.php,redraft-overall,ro,Quentin Johnston,23123,WR,LAC,116.28,10.91,91,149,,quentin-johnston.php,,,81.0,,,,,,7.0,Quentin Johnston,2026-05-29,LAC
/nfl/rankings/ppr-cheatsheets.php,redraft-overall,ro,Jordan Love,19246,QB,GB,117.38,6.7,104,131,,jordan-love.php,,,64.8,,,,,,11.0,Jordan Love,2026-05-29,GBP
/nfl/rankings/ppr-cheatsheets.php,redraft-overall,ro,Jayden Higgins,27077,WR,HOU,119.87,7.06,109,137,,jayden-higgins.php,,,55.1,,,,,,8.0,Jayden Higgins,2026-05-29,HOU
/nfl/rankings/ppr-cheatsheets.php,redraft-overall,ro,Rachaad White,23891,RB,WAS,119.95,16.73,72,160,,rachaad-white.php,,,78.6,,,,,,7.0,Rachaad White,2026-05-29,WAS
/nfl/rankings/ppr-cheatsheets.php,redraft-overall,ro,George Kittle,16499,TE,SF,121.74,28.57,66,209,,george-kittle.php,,,92.3,,,,,2.0,8.0,George Kittle,2026-05-29,SFO
/nfl/rankings/ppr-cheatsheets.php,redraft-overall,ro,Tyler Shough,23096,QB,NO,121.87,8.59,104,139,,tyler-shough.php,,,68.9,,,,,,8.0,Tyler Shough,2026-05-29,NOS
/nfl/rankings/ppr-cheatsheets.php,redraft-overall,ro,Baker Mayfield,17237,QB,TB,122.03,7.44,105,134,,baker-mayfield.php,,,64.9,,,,,,10.0,Baker Mayfield,2026-05-29,TBB
/nfl/rankings/ppr-cheatsheets.php,redraft-overall,ro,Malik Willis,23499,QB,MIA,123.13,17.16,104,179,,malik-willis.php,,,59.4,,,,,,6.0,Malik Willis,2026-05-29,MIA
/nfl/rankings/ppr-cheatsheets.php,redraft-overall,ro,Isaiah Likely,23781,TE,NYG,124.38,27.39,87,203,,isaiah-likely.php,,,86.1,,,,,,8.0,Isaiah Likely,2026-05-29,NYG
/nfl/rankings/ppr-cheatsheets.php,redraft-overall,ro,Jacory Croskey-Merritt,27316,RB,WAS,127.28,19.62,113,238,,jacory-croskeymerritt.php,,,79.6,,,,,,7.0,Jacory Croskey-Merritt,2026-05-29,WAS
/nfl/rankings/ppr-cheatsheets.php,redraft-overall,ro,Xavier Worthy,23019,WR,KC,128.54,12.89,91,166,,xavier-worthy.php,,,82.3,,,,,,5.0,Xavier Worthy,2026-05-29,KCC
/nfl/rankings/ppr-cheatsheets.php,redraft-overall,ro,Dallas Goedert,17270,TE,PHI,129.26,16.73,86,158,,dallas-goedert.php,,,91.0,,,,,,10.0,Dallas Goedert,2026-05-29,PHI
/nfl/rankings/ppr-cheatsheets.php,redraft-overall,ro,Tyler Allgeier,24172,RB,ARI,129.69,14.66,99,169,,tyler-allgeier.php,,,61.7,,,,,,14.0,Tyler Allgeier,2026-05-29,ARI
/nfl/rankings/ppr-cheatsheets.php,redraft-overall,ro,Romeo Doubs,23794,WR,NE,129.79,18.7,81,176,,romeo-doubs.php,,,78.1,,,,,,11.0,Romeo Doubs,2026-05-29,NEP
/nfl/rankings/ppr-cheatsheets.php,redraft-overall,ro,Jordan Mason,22969,RB,MIN,132.97,11.52,103,160,,jordan-mason.php,,,65.2,,,,,,6.0,Jordan Mason,2026-05-29,MIN
/nfl/rankings/ppr-cheatsheets.php,redraft-overall,ro,Woody Marks,27520,RB,HOU,133.72,22.63,93,222,,woody-marks.php,,,67.6,,,,,,8.0,Woody Marks,2026-05-29,HOU
/nfl/rankings/ppr-cheatsheets.php,redraft-overall,ro,Tyrone Tracy Jr.,22980,RB,NYG,133.74,11.81,103,160,,tyrone-tracy-jr.php,,,49.8,,,,,,8.0,Tyrone Tracy,2026-05-29,NYG
/nfl/rankings/ppr-cheatsheets.php,redraft-overall,ro,Jalen Coker,26403,WR,CAR,134.72,10.73,110,165,,jalen-coker.php,,,57.9,,,,,,5.0,Jalen Coker,2026-05-29,CAR
/nfl/rankings/ppr-cheatsheets.php,redraft-overall,ro,Zach Charbonnet,23152,RB,SEA,135.64,23.1,80,222,,zach-charbonnet.php,,,74.7,,,,,,11.0,Zach Charbonnet,2026-05-29,SEA
/nfl/rankings/ppr-cheatsheets.php,redraft-overall,ro,Oronde Gadsden II,25997,TE,LAC,135.77,48.23,95,254,,oronde-gadsden-ii.php,,,68.7,,,,,-2.0,7.0,Oronde Gadsden,2026-05-29,LAC
/nfl/rankings/ppr-cheatsheets.php,redraft-overall,ro,C.J. Stroud,23071,QB,HOU,135.9,7.55,125,159,,cj-stroud.php,,,48.1,,,,,,8.0,CJ Stroud,2026-05-29,HOU
/nfl/rankings/ppr-cheatsheets.php,redraft-overall,ro,Juwan Johnson,19562,TE,NO,137.9,18.96,111,203,,juwan-johnson.php,,,59.8,,,,,,8.0,Juwan Johnson,2026-05-29,NOS
/nfl/rankings/ppr-cheatsheets.php,redraft-overall,ro,KC Concepcion,27331,WR,CLE,138.18,38.38,68,245,,kevin-concepcion.php,,,70.8,,,,,,11.0,KC Concepcion,2026-05-29,CLE
/nfl/rankings/ppr-cheatsheets.php,redraft-overall,ro,Sam Darnold,17236,QB,SEA,140.44,11.81,114,179,,sam-darnold.php,,,52.3,,,,,,11.0,Sam Darnold,2026-05-29,SEA
/nfl/rankings/ppr-cheatsheets.php,redraft-overall,ro,Matthew Golden,26024,WR,GB,141.05,16.95,116,176,,matthew-golden.php,,,74.4,,,,,,11.0,Matthew Golden,2026-05-29,GBP
/nfl/rankings/ppr-cheatsheets.php,redraft-overall,ro,Tyjae Spears,25323,RB,TEN,141.23,11.37,102,175,,tyjae-spears.php,,,61.1,,,,,,9.0,Tyjae Spears,2026-05-29,TEN
/nfl/rankings/ppr-cheatsheets.php,redraft-overall,ro,Brenton Strange,25345,TE,JAC,144.95,25.7,97,209,,brenton-strange.php,,,59.6,,,,,,7.0,Brenton Strange,2026-05-29,JAC
/nfl/rankings/ppr-cheatsheets.php,redraft-overall,ro,Alvin Kamara,16421,RB,NO,144.97,15.97,102,189,,alvin-kamara.php,,,58.1,,,,,,8.0,Alvin Kamara,2026-05-29,NOS
/nfl/rankings/ppr-cheatsheets.php,redraft-overall,ro,Dylan Sampson,27102,RB,CLE,146.69,13.74,120,201,,dylan-sampson.php,,,37.5,,,,,,11.0,Dylan Sampson,2026-05-29,CLE
/nfl/rankings/ppr-cheatsheets.php,redraft-overall,ro,Mark Andrews,17269,TE,BAL,146.95,21.4,97,181,,mark-andrews.php,,,87.0,,,,,,13.0,Mark Andrews,2026-05-29,BAL
/nfl/rankings/ppr-cheatsheets.php,redraft-overall,ro,Cam Ward,24755,QB,TEN,150.62,9.96,129,179,,cam-ward.php,,,43.7,,,,,,9.0,Cam Ward,2026-05-29,TEN
/nfl/rankings/ppr-cheatsheets.php,redraft-overall,ro,Jonathon Brooks,26148,RB,CAR,151.82,39.59,99,257,,jonathon-brooks.php,,,61.4,,,,,,5.0,Jonathon Brooks,2026-05-29,CAR
/nfl/rankings/ppr-cheatsheets.php,redraft-overall,ro,Isiah Pacheco,24333,RB,DET,151.92,9.95,126,175,,isiah-pacheco.php,,,59.5,,,,,,6.0,Isiah Pacheco,2026-05-29,DET
/nfl/rankings/ppr-cheatsheets.php,redraft-overall,ro,Chris Rodriguez Jr.,22986,RB,JAC,152.44,31.09,118,251,,chris-rodriguez-jr.php,,,53.9,,,,,,7.0,Chris Rodriguez,2026-05-29,JAC
/nfl/rankings/ppr-cheatsheets.php,redraft-overall,ro,James Conner,16447,RB,ARI,152.54,34.9,86,292,,james-conner.php,,,41.1,,,,,,14.0,James Conner,2026-05-29,ARI
/nfl/rankings/ppr-cheatsheets.php,redraft-overall,ro,Bryce Young,22900,QB,CAR,153.59,16.99,125,214,,bryce-young.php,,,41.3,,,,,,5.0,Bryce Young,2026-05-29,CAR
/nfl/rankings/ppr-cheatsheets.php,redraft-overall,ro,Rashid Shaheed,24687,WR,SEA,153.9,10.99,137,176,,rashid-shaheed.php,,,52.2,,,,,,11.0,Rashid Shaheed,2026-05-29,SEA
/nfl/rankings/ppr-cheatsheets.php,redraft-overall,ro,Jerry Jeudy,19201,WR,CLE,155.21,14.47,136,197,,jerry-jeudy.php,,,45.9,,,,,,11.0,Jerry Jeudy,2026-05-29,CLE
/nfl/rankings/ppr-cheatsheets.php,redraft-overall,ro,Deebo Samuel Sr.,18244,WR,FA,150.92,26.69,126,230,,deebo-samuel.php,,,42.1,,,,,,,Deebo Samuel,2026-05-29,FA
/nfl/rankings/ppr-cheatsheets.php,redraft-overall,ro,Travis Hunter,26034,WR,JAC,160.77,29.65,90,245,,travis-hunter.php,,,67.6,,,,,,7.0,Travis Hunter,2026-05-29,JAC
/nfl/rankings/ppr-cheatsheets.php,redraft-overall,ro,Denzel Boston,27339,WR,CLE,161.42,27.8,133,244,,denzel-boston.php,,,45.7,,,,,,11.0,Denzel Boston,2026-05-29,CLE
/nfl/rankings/ppr-cheatsheets.php,redraft-overall,ro,Jauan Jennings,19590,WR,MIN,148.68,24.48,94,199,,jauan-jennings.php,,,46.4,,,,,,6.0,Jauan Jennings,2026-05-29,MIN
/nfl/rankings/ppr-cheatsheets.php,redraft-overall,ro,Omar Cooper Jr.,28127,WR,NYJ,161.76,34.76,115,269,,omar-cooper-jr.php,,,53.2,,,,,,13.0,Omar Cooper,2026-05-29,NYJ
/nfl/rankings/ppr-cheatsheets.php,redraft-overall,ro,Jonah Coleman,27320,RB,DEN,161.89,28.25,132,278,,jonah-coleman.php,,,43.4,,,,,,10.0,Jonah Coleman,2026-05-29,DEN
/nfl/rankings/ppr-cheatsheets.php,redraft-overall,ro,Daniel Jones,18232,QB,IND,162.56,22.5,129,242,,daniel-jones.php,,,52.6,,,,,,13.0,Daniel Jones,2026-05-29,IND
/nfl/rankings/ppr-cheatsheets.php,redraft-overall,ro,Hunter Henry,15561,TE,NE,162.79,15.46,131,209,,hunter-henry.php,,,68.4,,,,,,11.0,Hunter Henry,2026-05-29,NEP
/nfl/rankings/ppr-cheatsheets.php,redraft-overall,ro,Braelon Allen,24346,RB,NYJ,163.51,22.52,120,257,,braelon-allen.php,,,34.6,,,,,,13.0,Braelon Allen,2026-05-29,NYJ
/nfl/rankings/ppr-cheatsheets.php,redraft-overall,ro,Keaton Mitchell,25360,RB,LAC,163.82,17.95,141,243,,keaton-mitchell.php,,,39.7,,,,,,7.0,Keaton Mitchell,2026-05-29,LAC
/nfl/rankings/ppr-cheatsheets.php,redraft-overall,ro,Stefon Diggs,13981,WR,FA,145.92,37.91,82,301,,stefon-diggs.php,,,56.1,,,,,,,Stefon Diggs,2026-05-29,FA
/nfl/rankings/ppr-cheatsheets.php,redraft-overall,ro,Houston Texans,8120,DST,HOU,152.11,3.28,151,165,,houston-defense.php,,,94.2,,,,,,8.0,Houston Texans,2026-05-29,HOU
/nfl/rankings/ppr-cheatsheets.php,redraft-overall,ro,Adonai Mitchell,24357,WR,NYJ,171.1,21.21,142,245,,adonai-mitchell.php,,,23.1,,,,,,13.0,Adonai Mitchell,2026-05-29,NYJ
/nfl/rankings/ppr-cheatsheets.php,redraft-overall,ro,Dalton Schultz,17349,TE,HOU,171.44,26.34,124,229,,dalton-schultz.php,,,38.1,,,,,,8.0,Dalton Schultz,2026-05-29,HOU
/nfl/rankings/ppr-cheatsheets.php,redraft-overall,ro,Brandon Aiyuk,19252,WR,SF,167.42,24.15,133,223,,brandon-aiyuk.php,,,41.7,,,,,,8.0,Brandon Aiyuk,2026-05-29,SFO
/nfl/rankings/ppr-cheatsheets.php,redraft-overall,ro,Brian Robinson Jr.,20094,RB,ATL,173.9,16.68,148,224,,brian-robinson-jr.php,,,40.0,,,,,,11.0,Brian Robinson,2026-05-29,ATL
/nfl/rankings/ppr-cheatsheets.php,redraft-overall,ro,Emanuel Wilson,25885,RB,SEA,177.72,31.18,127,241,,emanuel-wilson.php,,,30.0,,,,,,11.0,Emanuel Wilson,2026-05-29,SEA
/nfl/rankings/ppr-cheatsheets.php,redraft-overall,ro,Chig Okonkwo,23982,TE,WAS,177.77,39.22,106,254,,chigoziem-okonkwo.php,,,42.8,,,,,,7.0,Chigoziem Okonkwo,2026-05-29,WAS
/nfl/rankings/ppr-cheatsheets.php,redraft-overall,ro,Kayshon Boutte,22989,WR,NE,178.87,14.19,149,219,,kayshon-boutte.php,,,30.8,,,,,,11.0,Kayshon Boutte,2026-05-29,NEP
/nfl/rankings/ppr-cheatsheets.php,redraft-overall,ro,Antonio Williams,25418,WR,WAS,181.69,39.6,136,303,,antonio-williams-wr.php,,,29.2,,,,,,7.0,Antonio Williams,2026-05-29,WAS
/nfl/rankings/ppr-cheatsheets.php,redraft-overall,ro,Tre' Harris,26215,WR,LAC,178.58,21.29,136,269,,tre-harris.php,,,23.8,,,,,,7.0,Tre Harris,2026-05-29,LAC
/nfl/rankings/ppr-cheatsheets.php,redraft-overall,ro,Jalen McMillan,23179,WR,TB,184.28,28.08,150,299,,jalen-mcmillan.php,,,42.2,,,,,,10.0,Jalen McMillan,2026-05-29,TBB
/nfl/rankings/ppr-cheatsheets.php,redraft-overall,ro,Emmett Johnson,28107,RB,KC,184.81,33.75,146,322,,emmett-johnson.php,,,31.8,,,,,,5.0,Emmett Johnson,2026-05-29,KCC
/nfl/rankings/ppr-cheatsheets.php,redraft-overall,ro,Tank Bigsby,22908,RB,PHI,184.92,22.48,156,239,,tank-bigsby.php,,,28.1,,,,,,10.0,Tank Bigsby,2026-05-29,PHI
/nfl/rankings/ppr-cheatsheets.php,redraft-overall,ro,Troy Franklin,23092,WR,DEN,185.44,27.67,136,258,,troy-franklin.php,,,22.6,,,,,,10.0,Troy Franklin,2026-05-29,DEN
/nfl/rankings/ppr-cheatsheets.php,redraft-overall,ro,Denver Broncos,8090,DST,DEN,162.43,3.85,151,172,,denver-defense.php,,,92.4,,,,,,10.0,Denver Broncos,2026-05-29,DEN
/nfl/rankings/ppr-cheatsheets.php,redraft-overall,ro,Jacoby Brissett,15642,QB,ARI,188.79,37.34,129,276,,jacoby-brissett.php,,,30.8,,,,,,14.0,Jacoby Brissett,2026-05-29,ARI
/nfl/rankings/ppr-cheatsheets.php,redraft-overall,ro,Seattle Seahawks,8260,DST,SEA,166.11,2.47,161,172,,seattle-defense.php,,,95.2,,,,,,11.0,Seattle Seahawks,2026-05-29,SEA
/nfl/rankings/ppr-cheatsheets.php,redraft-overall,ro,T.J. Hockenson,18290,TE,MIN,190.85,20.19,138,246,,tj-hockenson.php,,,67.4,,,,,,6.0,TJ Hockenson,2026-05-29,MIN
/nfl/rankings/ppr-cheatsheets.php,redraft-overall,ro,Mike Washington Jr.,28108,RB,LV,192.51,34.83,146,314,,mike-washington-jr.php,,,30.9,,,,,,13.0,Mike Washington,2026-05-29,LVR
/nfl/rankings/ppr-cheatsheets.php,redraft-overall,ro,Jaylin Noel,27122,WR,HOU,189.37,23.42,154,269,,jaylin-noel.php,,,18.2,,,,,,8.0,Jaylin Noel,2026-05-29,HOU
/nfl/rankings/ppr-cheatsheets.php,redraft-overall,ro,Los Angeles Rams,8280,DST,LAR,171.69,3.22,167,185,,los-angeles-rams-defense.php,,,76.1,,,,,,11.0,Los Angeles Rams,2026-05-29,LAR
/nfl/rankings/ppr-cheatsheets.php,redraft-overall,ro,Philadelphia Eagles,8230,DST,PHI,172.54,3.27,171,188,,philadelphia-defense.php,,,81.3,,,,,,10.0,Philadelphia Eagles,2026-05-29,PHI
/nfl/rankings/ppr-cheatsheets.php,redraft-overall,ro,Kimani Vidal,26355,RB,LAC,198.13,29.4,154,257,,kimani-vidal.php,,,25.1,,,,,,7.0,Kimani Vidal,2026-05-29,LAC
/nfl/rankings/ppr-cheatsheets.php,redraft-overall,ro,Tre Tucker,25337,WR,LV,193.03,25.17,154,287,,tre-tucker.php,,,28.8,,,,,,13.0,Tre Tucker,2026-05-29,LVR
/nfl/rankings/ppr-cheatsheets.php,redraft-overall,ro,Kenyon Sadiq,26055,TE,NYJ,199.3,31.24,131,281,,kenyon-sadiq.php,,,75.0,,,,,,13.0,Kenyon Sadiq,2026-05-29,NYJ
/nfl/rankings/ppr-cheatsheets.php,redraft-overall,ro,Pat Bryant,27211,WR,DEN,200.08,21.95,168,270,,pat-bryant.php,,,20.9,,,,,,10.0,Pat Bryant,2026-05-29,DEN
/nfl/rankings/ppr-cheatsheets.php,redraft-overall,ro,Nicholas Singleton,24343,RB,TEN,205.25,45.32,141,306,,nick-singleton.php,,,30.7,,,,,,9.0,Nicholas Singleton,2026-05-29,TEN
/nfl/rankings/ppr-cheatsheets.php,redraft-overall,ro,Minnesota Vikings,8170,DST,MIN,183.51,2.42,172,188,,minnesota-defense.php,,,63.6,,,,,,6.0,Minnesota Vikings,2026-05-29,MIN
/nfl/rankings/ppr-cheatsheets.php,redraft-overall,ro,Tyreek Hill,15802,WR,FA,183.77,47.6,121,335,,tyreek-hill.php,,,49.0,,,,,,,Tyreek Hill,2026-05-29,FA
/nfl/rankings/ppr-cheatsheets.php,redraft-overall,ro,New England Patriots,8180,DST,NE,184.54,1.13,183,188,,new-england-defense.php,,,80.9,,,,,,11.0,New England Patriots,2026-05-29,NEP
/nfl/rankings/ppr-cheatsheets.php,redraft-overall,ro,Calvin Ridley,17258,WR,TEN,207.54,26.88,166,303,,calvin-ridley.php,,,37.7,,,,,,9.0,Calvin Ridley,2026-05-29,TEN
/nfl/rankings/ppr-cheatsheets.php,redraft-overall,ro,Chimere Dike,27315,WR,TEN,203.5,37.32,140,270,,chimere-dike.php,,,22.0,,,,,,9.0,Chimere Dike,2026-05-29,TEN
/nfl/rankings/ppr-cheatsheets.php,redraft-overall,ro,Brandon Aubrey,26068,K,DAL,187.0,0.0,187,187,,brandon-aubrey.php,,,96.3,,,,,,14.0,Brandon Aubrey,2026-05-29,DAL
/nfl/rankings/ppr-cheatsheets.php,redraft-overall,ro,Jacksonville Jaguars,8140,DST,JAC,187.23,4.66,183,212,,jacksonville-defense.php,,,65.5,,,,,,7.0,Jacksonville Jaguars,2026-05-29,JAC
/nfl/rankings/ppr-cheatsheets.php,redraft-overall,ro,Ryan Flournoy,26398,WR,DAL,210.0,30.02,168,323,,ryan-flournoy.php,,,20.4,,,,,,14.0,Ryan Flournoy,2026-05-29,DAL
/nfl/rankings/ppr-cheatsheets.php,redraft-overall,ro,Pittsburgh Steelers,8240,DST,PIT,190.14,5.08,185,212,,pittsburgh-defense.php,,,66.0,,,,,,9.0,Pittsburgh Steelers,2026-05-29,PIT
/nfl/rankings/ppr-cheatsheets.php,redraft-overall,ro,AJ Barner,26335,TE,SEA,211.82,21.15,158,254,,aj-barner.php,,,41.6,,,,,,11.0,AJ Barner,2026-05-29,SEA
/nfl/rankings/ppr-cheatsheets.php,redraft-overall,ro,Los Angeles Chargers,8250,DST,LAC,191.17,5.1,186,206,,los-angeles-chargers-defense.php,,,48.3,,,,,,7.0,Los Angeles Chargers,2026-05-29,LAC
/nfl/rankings/ppr-cheatsheets.php,redraft-overall,ro,Kaytron Allen,24362,RB,WAS,212.59,41.7,145,309,,kaytron-allen.php,,,24.8,,,,,,7.0,Kaytron Allen,2026-05-29,WAS
/nfl/rankings/ppr-cheatsheets.php,redraft-overall,ro,Ka'imi Fairbairn,15756,K,HOU,192.69,2.28,192,204,,kaimi-fairbairn.php,,,86.5,,,,,,8.0,Kaimi Fairbairn,2026-05-29,HOU
/nfl/rankings/ppr-cheatsheets.php,redraft-overall,ro,Isaac TeSlaa,27446,WR,DET,209.87,20.26,178,307,,isaac-teslaa.php,,,26.5,,,,,,6.0,Isaac TeSlaa,2026-05-29,DET
/nfl/rankings/ppr-cheatsheets.php,redraft-overall,ro,Darnell Mooney,19810,WR,NYG,211.24,21.59,174,287,,darnell-mooney.php,,,21.7,,,,,,8.0,Darnell Mooney,2026-05-29,NYG
/nfl/rankings/ppr-cheatsheets.php,redraft-overall,ro,Ray Davis,26191,RB,BUF,216.18,24.64,157,260,,ray-davis.php,,,20.9,,,,,,7.0,Ray Davis,2026-05-29,BUF
/nfl/rankings/ppr-cheatsheets.php,redraft-overall,ro,Cameron Dicker,23901,K,LAC,195.6,2.61,192,200,,cameron-dicker.php,,,93.7,,,,,,7.0,Cameron Dicker,2026-05-29,LAC
/nfl/rankings/ppr-cheatsheets.php,redraft-overall,ro,Sean Tucker,23679,RB,TB,216.79,23.62,163,275,,sean-tucker.php,,,22.5,,,,,,10.0,Sean Tucker,2026-05-29,TBB
/nfl/rankings/ppr-cheatsheets.php,redraft-overall,ro,Cam Little,26475,K,JAC,196.57,7.88,192,240,,cam-little.php,,,83.7,,,,,,7.0,Cam Little,2026-05-29,JAC
/nfl/rankings/ppr-cheatsheets.php,redraft-overall,ro,Cleveland Browns,8070,DST,CLE,196.91,15.5,190,279,,cleveland-defense.php,,,36.6,,,,,,11.0,Cleveland Browns,2026-05-29,CLE
/nfl/rankings/ppr-cheatsheets.php,redraft-overall,ro,Green Bay Packers,8110,DST,GB,199.34,28.08,188,337,,green-bay-defense.php,,,36.7,,,,,,11.0,Green Bay Packers,2026-05-29,GBP
/nfl/rankings/ppr-cheatsheets.php,redraft-overall,ro,Jason Myers,14003,K,SEA,200.51,2.37,193,207,,jason-myers.php,,,89.9,,,,,,11.0,Jason Myers,2026-05-29,SEA
/nfl/rankings/ppr-cheatsheets.php,redraft-overall,ro,Chris Bell,26038,WR,MIA,223.68,42.25,137,304,,chris-bell.php,,,26.9,,,,,,6.0,Chris Bell,2026-05-29,MIA
/nfl/rankings/ppr-cheatsheets.php,redraft-overall,ro,Fernando Mendoza,28013,QB,LV,223.74,42.96,159,332,,fernando-mendoza.php,,,42.9,,,,,,13.0,Fernando Mendoza,2026-05-29,LVR
/nfl/rankings/ppr-cheatsheets.php,redraft-overall,ro,Elic Ayomanor,27059,WR,TEN,223.79,36.55,166,323,,elic-ayomanor.php,,,18.4,,,,,,9.0,Elic Ayomanor,2026-05-29,TEN
/nfl/rankings/ppr-cheatsheets.php,redraft-overall,ro,Gunnar Helm,27109,TE,TEN,225.67,25.32,181,320,,gunnar-helm.php,,,26.0,,,,,,9.0,Gunnar Helm,2026-05-29,TEN
/nfl/rankings/ppr-cheatsheets.php,redraft-overall,ro,Jaylen Wright,25987,RB,MIA,222.0,26.92,162,284,,jaylen-wright.php,,,18.1,,,,,,6.0,Jaylen Wright,2026-05-29,MIA
/nfl/rankings/ppr-cheatsheets.php,redraft-overall,ro,Kansas City Chiefs,8150,DST,KC,212.92,9.48,190,235,,kansas-city-defense.php,,,25.1,,,,,,5.0,Kansas City Chiefs,2026-05-29,KCC
/nfl/rankings/ppr-cheatsheets.php,redraft-overall,ro,Eddy Pineiro,17575,K,SF,209.14,6.54,204,240,,eddy-pineiro.php,,,67.2,,,,,,8.0,Eddy Pineiro,2026-05-29,SFO
/nfl/rankings/ppr-cheatsheets.php,redraft-overall,ro,Dontayvion Wicks,24354,WR,PHI,219.62,17.65,168,256,,dontayvion-wicks.php,,,15.0,,,,,,10.0,Dontayvion Wicks,2026-05-29,PHI
/nfl/rankings/ppr-cheatsheets.php,redraft-overall,ro,Tyler Loop,27534,K,BAL,210.4,12.09,204,253,,tyler-loop.php,,,55.2,,,,,,13.0,Tyler Loop,2026-05-29,BAL
/nfl/rankings/ppr-cheatsheets.php,redraft-overall,ro,Germie Bernard,26039,WR,PIT,229.79,41.09,163,299,,germie-bernard.php,,,22.4,,,,,,9.0,Germie Bernard,2026-05-29,PIT
/nfl/rankings/ppr-cheatsheets.php,redraft-overall,ro,Evan McPherson,23297,K,CIN,212.54,11.78,200,252,,evan-mcpherson.php,,,44.5,,,,,,6.0,Evan McPherson,2026-05-29,CIN
/nfl/rankings/ppr-cheatsheets.php,redraft-overall,ro,Andy Borregales,27291,K,NE,215.06,13.93,207,282,,andres-borregales.php,,,34.0,,,,,,11.0,Andy Borregales,2026-05-29,NEP
/nfl/rankings/ppr-cheatsheets.php,redraft-overall,ro,Chase McLaughlin,19058,K,TB,217.31,6.41,213,240,,chase-mclaughlin.php,,,24.3,,,,,,10.0,Chase McLaughlin,2026-05-29,TBB
/nfl/rankings/ppr-cheatsheets.php,redraft-overall,ro,Baltimore Ravens,8020,DST,BAL,217.57,29.65,186,356,,baltimore-defense.php,,,42.7,,,,,,13.0,Baltimore Ravens,2026-05-29,BAL
/nfl/rankings/ppr-cheatsheets.php,redraft-overall,ro,Cairo Santos,13731,K,CHI,217.97,9.71,206,253,,cairo-santos.php,,,24.4,,,,,,10.0,Cairo Santos,2026-05-29,CHI
/nfl/rankings/ppr-cheatsheets.php,redraft-overall,ro,David Njoku,16399,TE,LAC,237.46,19.53,181,281,,david-njoku.php,,,34.0,,,,,,7.0,David Njoku,2026-05-29,LAC
/nfl/rankings/ppr-cheatsheets.php,redraft-overall,ro,Terrance Ferguson,23091,TE,LAR,238.64,19.25,181,281,,terrance-ferguson.php,,,26.9,,,,,,11.0,Terrance Ferguson,2026-05-29,LAR
/nfl/rankings/ppr-cheatsheets.php,redraft-overall,ro,Detroit Lions,8100,DST,DET,222.69,20.15,190,279,,detroit-defense.php,,,39.6,,,,,,6.0,Detroit Lions,2026-05-29,DET
/nfl/rankings/ppr-cheatsheets.php,redraft-overall,ro,Jake Bates,26075,K,DET,231.11,14.27,209,250,,jake-bates.php,,,42.9,,,,,,6.0,Jake Bates,2026-05-29,DET
/nfl/rankings/ppr-cheatsheets.php,redraft-overall,ro,Trey Benson,25388,RB,ARI,231.47,55.97,130,321,,trey-benson.php,,,23.1,,,,,,14.0,Trey Benson,2026-05-29,ARI
/nfl/rankings/ppr-cheatsheets.php,redraft-overall,ro,Mason Taylor,26005,TE,NYJ,246.0,32.07,181,357,,mason-taylor.php,,,22.6,,,,,,13.0,Mason Taylor,2026-05-29,NYJ
/nfl/rankings/ppr-cheatsheets.php,redraft-overall,ro,Ollie Gordon II,25984,RB,MIA,242.34,23.86,160,283,,ollie-gordon.php,,,9.9,,,,,,6.0,Ollie Gordon,2026-05-29,MIA
/nfl/rankings/ppr-cheatsheets.php,redraft-overall,ro,Geno Smith,11687,QB,NYJ,247.03,34.42,153,312,,geno-smith.php,,,25.3,,,,,,13.0,Geno Smith,2026-05-29,NYJ
/nfl/rankings/ppr-cheatsheets.php,redraft-overall,ro,Zachariah Branch,25419,WR,ATL,247.58,29.89,172,296,,zachariah-branch.php,,,23.1,,,,,,11.0,Zachariah Branch,2026-05-29,ATL
/nfl/rankings/ppr-cheatsheets.php,redraft-overall,ro,De'Zhaun Stribling,28138,WR,SF,247.88,37.25,168,347,,dezhaun-stribling.php,,,16.1,,,,,,8.0,DeZhaun Stribling,2026-05-29,SFO
/nfl/rankings/ppr-cheatsheets.php,redraft-overall,ro,Devin Neal,23682,RB,NO,236.53,34.13,177,360,,devin-neal.php,,,15.1,,,,,,8.0,Devin Neal,2026-05-29,NOS
/nfl/rankings/ppr-cheatsheets.php,redraft-overall,ro,Demond Claiborne,28084,RB,MIN,249.06,34.53,175,318,,demond-claiborne.php,,,18.0,,,,,,6.0,Demond Claiborne,2026-05-29,MIN
/nfl/rankings/ppr-cheatsheets.php,redraft-overall,ro,Buffalo Bills,8030,DST,BUF,232.14,17.22,212,280,,buffalo-defense.php,,,32.7,,,,,,7.0,Buffalo Bills,2026-05-29,BUF
/nfl/rankings/ppr-cheatsheets.php,redraft-overall,ro,Kaleb Johnson,27165,RB,PIT,236.92,37.14,152,330,,kaleb-johnson-rb.php,,,17.6,,,,,,9.0,Kaleb Johnson,2026-05-29,PIT
/nfl/rankings/ppr-cheatsheets.php,redraft-overall,ro,Cade Otton,23181,TE,TB,249.67,15.05,203,281,,cade-otton.php,,,26.8,,,,,,10.0,Cade Otton,2026-05-29,TBB
/nfl/rankings/ppr-cheatsheets.php,redraft-overall,ro,Tank Dell,25361,WR,HOU,237.56,19.97,200,283,,nathaniel-dell.php,,,30.0,,,,,,8.0,Tank Dell,2026-05-29,HOU
/nfl/rankings/ppr-cheatsheets.php,redraft-overall,ro,Harrison Butker,16712,K,KC,237.92,26.73,200,314,,harrison-butker.php,,,39.5,,,,,,5.0,Harrison Butker,2026-05-29,KCC
/nfl/rankings/ppr-cheatsheets.php,redraft-overall,ro,Malik Washington,26314,WR,MIA,246.5,32.29,168,312,,malik-washington.php,,,20.5,,,,,,6.0,Malik Washington,2026-05-29,MIA
/nfl/rankings/ppr-cheatsheets.php,redraft-overall,ro,Rashod Bateman,19794,WR,BAL,242.68,25.71,196,293,,rashod-bateman.php,,,13.0,,,,,,13.0,Rashod Bateman,2026-05-29,BAL
/nfl/rankings/ppr-cheatsheets.php,redraft-overall,ro,Chris Brazzell II,28047,WR,CAR,251.71,24.3,202,318,,chris-brazzell-ii.php,,,17.6,,,,,,5.0,Chris Brazzell,2026-05-29,CAR
/nfl/rankings/ppr-cheatsheets.php,redraft-overall,ro,Malachi Fields,27994,WR,NYG,252.41,38.07,201,362,,malachi-fields.php,,,18.3,,,,,,8.0,Malachi Fields,2026-05-29,NYG
/nfl/rankings/ppr-cheatsheets.php,redraft-overall,ro,Cooper Kupp,16433,WR,SEA,245.57,24.01,184,299,,cooper-kupp.php,,,20.7,,,,,,11.0,Cooper Kupp,2026-05-29,SEA
/nfl/rankings/ppr-cheatsheets.php,redraft-overall,ro,Jalen Nailor,24177,WR,LV,237.66,46.9,149,341,,jalen-nailor.php,,,32.0,,,,,,13.0,Jalen Nailor,2026-05-29,LVR
/nfl/rankings/ppr-cheatsheets.php,redraft-overall,ro,Eli Stowers,23144,TE,PHI,254.25,31.83,181,369,,eli-stowers.php,,,30.8,,,,,,10.0,Eli Stowers,2026-05-29,PHI
/nfl/rankings/ppr-cheatsheets.php,redraft-overall,ro,Elijah Sarratt,27463,WR,BAL,256.8,30.17,178,341,,elijah-sarratt.php,,,19.4,,,,,,13.0,Elijah Sarratt,2026-05-29,BAL
/nfl/rankings/ppr-cheatsheets.php,redraft-overall,ro,Chris Boswell,13029,K,PIT,245.44,14.15,200,253,,chris-boswell.php,,,42.5,,,,,,9.0,Chris Boswell,2026-05-29,PIT
/nfl/rankings/ppr-cheatsheets.php,redraft-overall,ro,Michael Penix Jr.,22973,QB,ATL,257.72,33.53,179,324,,michael-penix-jr.php,,,23.5,,,,,,11.0,Michael Penix,2026-05-29,ATL
/nfl/rankings/ppr-cheatsheets.php,redraft-overall,ro,Marvin Mims Jr.,23080,WR,DEN,246.17,26.08,205,303,,marvin-mims.php,,,14.8,,,,,,10.0,Marvin Mims,2026-05-29,DEN
/nfl/rankings/ppr-cheatsheets.php,redraft-overall,ro,Pat Freiermuth,20163,TE,PIT,254.79,17.41,213,306,,pat-freiermuth.php,,,25.0,,,,,,9.0,Pat Freiermuth,2026-05-29,PIT
/nfl/rankings/ppr-cheatsheets.php,redraft-overall,ro,Skyler Bell,28126,WR,BUF,260.04,39.74,168,373,,skyler-bell.php,,,15.8,,,,,,7.0,Skyler Bell,2026-05-29,BUF
/nfl/rankings/ppr-cheatsheets.php,redraft-overall,ro,Theo Johnson,23104,TE,NYG,261.0,32.16,155,300,,theo-johnson.php,,,22.0,,,,,,8.0,Theo Johnson,2026-05-29,NYG
/nfl/rankings/ppr-cheatsheets.php,redraft-overall,ro,Kyle Williams,27487,WR,NE,249.83,28.93,197,307,,kyle-williams-wr-2025.php,,,14.6,,,,,,11.0,Kyle Williams,2026-05-29,NEP
/nfl/rankings/ppr-cheatsheets.php,redraft-overall,ro,Jack Bech,27224,WR,LV,253.95,37.67,140,376,,jack-bech.php,,,16.6,,,,,,13.0,Jack Bech,2026-05-29,LVR
/nfl/rankings/ppr-cheatsheets.php,redraft-overall,ro,Aaron Rodgers,9001,QB,PIT,251.0,43.68,153,324,,aaron-rodgers.php,,,27.3,,,,,,9.0,Aaron Rodgers,2026-05-29,PIT
/nfl/rankings/ppr-cheatsheets.php,redraft-overall,ro,Colby Parkinson,19372,TE,LAR,258.89,16.51,226,309,,colby-parkinson.php,,,24.5,,,,,,11.0,Colby Parkinson,2026-05-29,LAR
/nfl/rankings/ppr-cheatsheets.php,redraft-overall,ro,Harrison Mevis,26638,K,LAR,247.57,22.98,211,282,,harrison-mevis.php,,,39.9,,,,,,11.0,Harrison Mevis,2026-05-29,LAR
/nfl/rankings/ppr-cheatsheets.php,redraft-overall,ro,Keon Coleman,26019,WR,BUF,251.81,29.77,195,312,,keon-coleman.php,,,16.3,,,,,,7.0,Keon Coleman,2026-05-29,BUF
/nfl/rankings/ppr-cheatsheets.php,redraft-overall,ro,Tory Horton,26022,WR,SEA,258.03,23.55,218,333,,tory-horton.php,,,20.3,,,,,,11.0,Tory Horton,2026-05-29,SEA
/nfl/rankings/ppr-cheatsheets.php,redraft-overall,ro,Adam Randall,24367,RB,BAL,267.48,28.24,219,319,,adam-randall.php,,,8.1,,,,,,13.0,Adam Randall,2026-05-29,BAL
/nfl/rankings/ppr-cheatsheets.php,redraft-overall,ro,Ted Hurst III,28130,WR,TB,268.58,31.66,176,328,,ted-hurst.php,,,16.2,,,,,,10.0,Ted Hurst,2026-05-29,TBB
/nfl/rankings/ppr-cheatsheets.php,redraft-overall,ro,Evan Engram,16411,TE,DEN,261.92,18.58,214,300,,evan-engram.php,,,18.9,,,,,,10.0,Evan Engram,2026-05-29,DEN
/nfl/rankings/ppr-cheatsheets.php,redraft-overall,ro,Ja'Kobi Lane,27337,WR,BAL,269.16,28.79,218,343,,jakobi-lane.php,,,20.2,,,,,,13.0,JaKobi Lane,2026-05-29,BAL
/nfl/rankings/ppr-cheatsheets.php,redraft-overall,ro,Christian Kirk,17268,WR,SF,258.42,36.39,159,325,,christian-kirk.php,,,18.5,,,,,,8.0,Christian Kirk,2026-05-29,SFO
/nfl/rankings/ppr-cheatsheets.php,redraft-overall,ro,Kendre Miller,24360,RB,NO,259.5,38.36,177,364,,kendre-miller.php,,,8.7,,,,,,8.0,Kendre Miller,2026-05-29,NOS
/nfl/rankings/ppr-cheatsheets.php,redraft-overall,ro,Mack Hollins,16489,WR,NE,261.78,41.14,199,384,,mack-hollins.php,,,7.2,,,,,,11.0,Mack Hollins,2026-05-29,NEP
/nfl/rankings/ppr-cheatsheets.php,redraft-overall,ro,Najee Harris,19302,RB,LAC,254.09,30.99,169,309,,najee-harris-rb.php,,,16.2,,,,,,7.0,Najee Harris,2026-05-29,LAC
/nfl/rankings/ppr-cheatsheets.php,redraft-overall,ro,Isaiah Davis,25977,RB,NYJ,254.59,21.88,228,308,,isaiah-davis.php,,,5.8,,,,,,13.0,Isaiah Davis,2026-05-29,NYJ
/nfl/rankings/ppr-cheatsheets.php,redraft-overall,ro,Brashard Smith,27259,RB,KC,257.79,21.47,233,322,,brashard-smith.php,,,11.5,,,,,,5.0,Brashard Smith,2026-05-29,KCC
/nfl/rankings/ppr-cheatsheets.php,redraft-overall,ro,Shedeur Sanders,25968,QB,CLE,276.1,37.65,159,324,,shedeur-sanders.php,,,23.8,,,,,,11.0,Shedeur Sanders,2026-05-29,CLE
/nfl/rankings/ppr-cheatsheets.php,redraft-overall,ro,Xavier Legette,26136,WR,CAR,260.91,28.43,223,303,,xavier-legette.php,,,6.6,,,,,,5.0,Xavier Legette,2026-05-29,CAR
/nfl/rankings/ppr-cheatsheets.php,redraft-overall,ro,Keenan Allen,11616,WR,LAC,265.43,24.33,196,296,,keenan-allen.php,,,14.0,,,,,,7.0,Keenan Allen,2026-05-29,LAC
/nfl/rankings/ppr-cheatsheets.php,redraft-overall,ro,Darius Slayton,18706,WR,NYG,273.76,34.23,202,383,,darius-slayton.php,,,9.3,,,,,,8.0,Darius Slayton,2026-05-29,NYG
/nfl/rankings/ppr-cheatsheets.php,redraft-overall,ro,Atlanta Falcons,8010,DST,ATL,264.09,28.66,235,347,,atlanta-defense.php,,,14.4,,,,,,11.0,Atlanta Falcons,2026-05-29,ATL
/nfl/rankings/ppr-cheatsheets.php,redraft-overall,ro,Devaughn Vele,26409,WR,NO,275.86,25.75,236,368,,devaughn-vele.php,,,15.1,,,,,,8.0,Devaughn Vele,2026-05-29,NOS
/nfl/rankings/ppr-cheatsheets.php,redraft-overall,ro,Justice Hill,18256,RB,BAL,276.33,22.89,212,307,,justice-hill.php,,,10.7,,,,,,13.0,Justice Hill,2026-05-29,BAL
/nfl/rankings/ppr-cheatsheets.php,redraft-overall,ro,Ty Johnson,18406,RB,BUF,269.85,25.03,229,386,,ty-johnson.php,,,6.6,,,,,,7.0,Ty Johnson,2026-05-29,BUF
/nfl/rankings/ppr-cheatsheets.php,redraft-overall,ro,Wil Lutz,16026,K,DEN,270.97,30.43,215,330,,wil-lutz.php,,,7.5,,,,,,10.0,Wil Lutz,2026-05-29,DEN
/nfl/rankings/ppr-cheatsheets.php,redraft-overall,ro,LeQuint Allen Jr.,27285,RB,JAC,268.79,32.37,177,317,,lequint-allen-jr.php,,,10.9,,,,,,7.0,LeQuint Allen,2026-05-29,JAC
/nfl/rankings/ppr-cheatsheets.php,redraft-overall,ro,Tua Tagovailoa,19198,QB,ATL,288.85,24.62,214,332,,tua-tagovailoa.php,,,25.2,,,,,,11.0,Tua Tagovailoa,2026-05-29,ATL
/nfl/rankings/ppr-cheatsheets.php,redraft-overall,ro,Jaydon Blue,24344,RB,DAL,278.03,25.72,226,349,,jaydon-blue.php,,,15.6,,,,,,14.0,Jaydon Blue,2026-05-29,DAL
/nfl/rankings/ppr-cheatsheets.php,redraft-overall,ro,Jerome Ford,22921,RB,WAS,279.15,22.13,221,314,,jerome-ford.php,,,5.4,,,,,,7.0,Jerome Ford,2026-05-29,WAS
/nfl/rankings/ppr-cheatsheets.php,redraft-overall,ro,Max Klare,27993,TE,LAR,294.57,22.91,264,349,,max-klare.php,,,16.8,,,,,,11.0,Max Klare,2026-05-29,LAR
/nfl/rankings/ppr-cheatsheets.php,redraft-overall,ro,San Francisco 49ers,8270,DST,SF,261.07,36.7,167,356,,san-francisco-defense.php,,,27.5,,,,,,8.0,San Francisco 49ers,2026-05-29,SFO
/nfl/rankings/ppr-cheatsheets.php,redraft-overall,ro,Chris Brooks,25823,RB,GB,281.62,30.03,177,313,,christopher-brooks.php,,,7.2,,,,,,11.0,Chris Brooks,2026-05-29,GBP
/nfl/rankings/ppr-cheatsheets.php,redraft-overall,ro,DJ Giddens,27097,RB,IND,278.82,26.41,222,343,,dj-giddens.php,,,6.9,,,,,,13.0,DJ Giddens,2026-05-29,IND
/nfl/rankings/ppr-cheatsheets.php,redraft-overall,ro,Tyquan Thornton,22913,WR,KC,286.09,30.5,184,340,,tyquan-thornton.php,,,6.8,,,,,,5.0,Tyquan Thornton,2026-05-29,KCC
/nfl/rankings/ppr-cheatsheets.php,redraft-overall,ro,George Holani,22915,RB,SEA,280.24,23.32,231,324,,george-holani.php,,,10.7,,,,,,11.0,George Holani,2026-05-29,SEA
/nfl/rankings/ppr-cheatsheets.php,redraft-overall,ro,Jaleel McLaughlin,25876,RB,DEN,277.41,29.99,222,326,,jaleel-mclaughlin.php,,,1.4,,,,,,10.0,Jaleel McLaughlin,2026-05-29,DEN
/nfl/rankings/ppr-cheatsheets.php,redraft-overall,ro,Jake Tonges,24778,TE,SF,270.47,26.49,209,355,,jake-tonges.php,,,26.3,,,,,,8.0,Jake Tonges,2026-05-29,SFO
/nfl/rankings/ppr-cheatsheets.php,redraft-overall,ro,Will Reichard,26341,K,MIN,257.96,33.35,200,324,,will-reichard.php,,,22.5,,,,,,6.0,Will Reichard,2026-05-29,MIN
/nfl/rankings/ppr-cheatsheets.php,redraft-overall,ro,MarShawn Lloyd,23118,RB,GB,287.91,32.64,182,326,,marshawn-lloyd.php,,,10.2,,,,,,11.0,MarShawn Lloyd,2026-05-29,GBP
/nfl/rankings/ppr-cheatsheets.php,redraft-overall,ro,Seth McGowan,23079,RB,IND,302.3,16.45,257,323,,seth-mcgowan.php,,,3.1,,,,,,13.0,Seth McGowan,2026-05-29,IND
/nfl/rankings/ppr-cheatsheets.php,redraft-overall,ro,Jordan James,27310,RB,SF,286.42,47.3,169,403,,jordan-james.php,,,16.4,,,,,,8.0,Jordan James,2026-05-29,SFO
/nfl/rankings/ppr-cheatsheets.php,redraft-overall,ro,Indianapolis Colts,8130,DST,IND,279.94,25.38,220,358,,indianapolis-defense.php,,,20.0,,,,,,13.0,Indianapolis Colts,2026-05-29,IND
/nfl/rankings/ppr-cheatsheets.php,redraft-overall,ro,Hollywood Brown,18226,WR,PHI,290.76,22.98,244,367,,marquise-brown.php,,,10.2,,,,,,10.0,Marquise Brown,2026-05-29,PHI
/nfl/rankings/ppr-cheatsheets.php,redraft-overall,ro,Charlie Smyth,26444,K,NO,276.73,37.56,207,362,,charlie-smyth.php,,,2.5,,,,,,8.0,Charlie Smyth,2026-05-29,NOS
/nfl/rankings/ppr-cheatsheets.php,redraft-overall,ro,Isaac Guerendo,26392,RB,SF,288.76,24.33,237,327,,isaac-guerendo.php,,,3.4,,,,,,8.0,Isaac Guerendo,2026-05-29,SFO
/nfl/rankings/ppr-cheatsheets.php,redraft-overall,ro,Devin Singletary,18280,RB,NYG,290.55,21.04,228,325,,devin-singletary.php,,,3.4,,,,,,8.0,Devin Singletary,2026-05-29,NYG
/nfl/rankings/ppr-cheatsheets.php,redraft-overall,ro,Samaje Perine,16423,RB,CIN,295.82,36.95,182,416,,samaje-perine.php,,,5.2,,,,,,6.0,Samaje Perine,2026-05-29,CIN
/nfl/rankings/ppr-cheatsheets.php,redraft-overall,ro,Malik Davis,24205,RB,DAL,297.38,17.68,257,330,,malik-davis.php,,,4.0,,,,,,14.0,Malik Davis,2026-05-29,DAL
/nfl/rankings/ppr-cheatsheets.php,redraft-overall,ro,Oscar Delp,25430,TE,NO,311.14,32.19,274,372,,oscar-delp.php,,,6.9,,,,,,8.0,Oscar Delp,2026-05-29,NOS
/nfl/rankings/ppr-cheatsheets.php,redraft-overall,ro,Joe Mixon,16420,RB,FA,285.2,39.05,157,341,,joe-mixon.php,,,15.9,,,,,,,Joe Mixon,2026-05-29,FA
/nfl/rankings/ppr-cheatsheets.php,redraft-overall,ro,Mike Gesicki,17272,TE,CIN,277.41,18.69,242,316,,mike-gesicki.php,,,18.5,,,,,,6.0,Mike Gesicki,2026-05-29,CIN
/nfl/rankings/ppr-cheatsheets.php,redraft-overall,ro,Isaiah Bond,24371,WR,CLE,292.03,25.67,262,373,,isaiah-bond.php,,,6.0,,,,,,11.0,Isaiah Bond,2026-05-29,CLE
/nfl/rankings/ppr-cheatsheets.php,redraft-overall,ro,Kirk Cousins,11177,QB,LV,302.3,21.64,251,329,,kirk-cousins.php,,,19.6,,,,,,13.0,Kirk Cousins,2026-05-29,LVR
/nfl/rankings/ppr-cheatsheets.php,redraft-overall,ro,Ty Simpson,25368,QB,LAR,318.29,22.96,272,358,,ty-simpson.php,,,20.6,,,,,,11.0,Ty Simpson,2026-05-29,LAR
/nfl/rankings/ppr-cheatsheets.php,redraft-overall,ro,Emari Demercado,25654,RB,KC,303.82,13.51,278,335,,emari-demercado.php,,,4.2,,,,,,5.0,Emari Demercado,2026-05-29,KCC
/nfl/rankings/ppr-cheatsheets.php,redraft-overall,ro,Deshaun Watson,16398,QB,CLE,294.93,23.72,252,339,,deshaun-watson.php,,,18.7,,,,,,11.0,Deshaun Watson,2026-05-29,CLE
/nfl/rankings/ppr-cheatsheets.php,redraft-overall,ro,Tahj Brooks,26212,RB,CIN,306.66,17.29,271,363,,tahj-brooks.php,,,2.6,,,,,,6.0,Tahj Brooks,2026-05-29,CIN
/nfl/rankings/ppr-cheatsheets.php,redraft-overall,ro,Trevor Etienne,25393,RB,CAR,307.13,13.17,278,332,,trevor-etienne.php,,,3.8,,,,,,5.0,Trevor Etienne,2026-05-29,CAR
/nfl/rankings/ppr-cheatsheets.php,redraft-overall,ro,Jarquez Hunter,24335,RB,LAR,304.39,22.41,237,354,,jarquez-hunter.php,,,5.6,,,,,,11.0,Jarquez Hunter,2026-05-29,LAR
/nfl/rankings/ppr-cheatsheets.php,redraft-overall,ro,Andrei Iosivas,25335,WR,CIN,279.13,22.58,241,344,,andrei-iosivas.php,,,8.2,,,,,,6.0,Andrei Iosivas,2026-05-29,CIN
/nfl/rankings/ppr-cheatsheets.php,redraft-overall,ro,Greg Dulcich,23153,TE,MIA,235.0,46.45,112,295,,greg-dulcich.php,,,15.6,,,,,,6.0,Greg Dulcich,2026-05-29,MIA
/nfl/rankings/ppr-cheatsheets.php,redraft-overall,ro,J.J. McCarthy,23018,QB,MIN,300.08,41.11,159,359,,jj-mccarthy.php,,,20.0,,,,,,6.0,JJ McCarthy,2026-05-29,MIN
/nfl/rankings/ppr-cheatsheets.php,redraft-overall,ro,J'Mari Taylor,28109,RB,JAC,334.2,25.12,313,393,,jmari-taylor.php,,,5.2,,,,,,7.0,JMari Taylor,2026-05-29,JAC
/nfl/rankings/ppr-cheatsheets.php,redraft-overall,ro,Audric Estime,23054,RB,NO,311.97,19.38,284,371,,audric-estime.php,,,6.3,,,,,,8.0,Audric Estime,2026-05-29,NOS
/nfl/rankings/ppr-cheatsheets.php,redraft-overall,ro,Konata Mumpfield,27449,WR,LAR,283.67,16.14,262,318,,konata-mumpfield.php,,,2.4,,,,,,11.0,Konata Mumpfield,2026-05-29,LAR
/nfl/rankings/ppr-cheatsheets.php,redraft-overall,ro,Cedric Tillman,25287,WR,CLE,298.13,22.19,262,375,,cedric-tillman.php,,,3.4,,,,,,11.0,Cedric Tillman,2026-05-29,CLE
/nfl/rankings/ppr-cheatsheets.php,redraft-overall,ro,Bam Knight,24901,RB,ARI,300.21,33.6,234,374,,zonovan-bam-knight.php,,,1.2,,,,,,14.0,Bam Knight,2026-05-29,ARI
/nfl/rankings/ppr-cheatsheets.php,redraft-overall,ro,Calvin Austin III,23739,WR,NYG,304.48,39.73,258,413,,calvin-austin.php,,,5.0,,,,,,8.0,Calvin Austin,2026-05-29,NYG
/nfl/rankings/ppr-cheatsheets.php,redraft-overall,ro,Tez Johnson,27147,WR,TB,299.64,25.36,260,360,,tez-johnson.php,,,6.8,,,,,,10.0,Tez Johnson,2026-05-29,TBB
/nfl/rankings/ppr-cheatsheets.php,redraft-overall,ro,Kareem Hunt,16425,RB,FA,312.8,28.01,271,424,,kareem-hunt.php,,,3.1,,,,,,,Kareem Hunt,2026-05-29,FA
/nfl/rankings/ppr-cheatsheets.php,redraft-overall,ro,Jalen Royals,27076,WR,KC,298.9,32.32,234,372,,jalen-royals.php,,,3.0,,,,,,5.0,Jalen Royals,2026-05-29,KCC
/nfl/rankings/ppr-cheatsheets.php,redraft-overall,ro,Luke McCaffrey,26328,WR,WAS,304.14,22.39,280,370,,luke-mccaffrey.php,,,3.1,,,,,,7.0,Luke McCaffrey,2026-05-29,WAS
/nfl/rankings/ppr-cheatsheets.php,redraft-overall,ro,Kaelon Black,28401,RB,SF,275.69,36.83,219,332,,kaelon-black.php,,,10.4,,,,,,8.0,Kaelon Black,2026-05-29,SFO
/nfl/rankings/ppr-cheatsheets.php,redraft-overall,ro,Chicago Bears,8050,DST,CHI,275.94,52.15,185,356,,chicago-defense.php,,,16.6,,,,,,10.0,Chicago Bears,2026-05-29,CHI
/nfl/rankings/ppr-cheatsheets.php,redraft-overall,ro,New Orleans Saints,8190,DST,NO,279.44,39.82,183,338,,new-orleans-defense.php,,,23.5,,,,,,8.0,New Orleans Saints,2026-05-29,NOS
/nfl/rankings/ppr-cheatsheets.php,redraft-overall,ro,Mac Jones,20156,QB,SF,323.86,32.9,276,446,,mac-jones.php,,,17.3,,,,,,8.0,Mac Jones,2026-05-29,SFO
/nfl/rankings/ppr-cheatsheets.php,redraft-overall,ro,Carolina Panthers,8040,DST,CAR,282.21,49.9,185,368,,carolina-defense.php,,,9.2,,,,,,5.0,Carolina Panthers,2026-05-29,CAR
/nfl/rankings/ppr-cheatsheets.php,redraft-overall,ro,Will Shipley,22930,RB,PHI,317.25,14.51,295,348,,will-shipley.php,,,3.2,,,,,,10.0,Will Shipley,2026-05-29,PHI
/nfl/rankings/ppr-cheatsheets.php,redraft-overall,ro,Jahan Dotson,23101,WR,ATL,293.0,44.08,180,366,,jahan-dotson.php,,,5.8,,,,,,11.0,Jahan Dotson,2026-05-29,ATL
/nfl/rankings/ppr-cheatsheets.php,redraft-overall,ro,Darnell Washington,22967,TE,PIT,302.86,29.88,269,390,,darnell-washington.php,,,14.8,,,,,,9.0,Darnell Washington,2026-05-29,PIT
/nfl/rankings/ppr-cheatsheets.php,redraft-overall,ro,Bryce Lance,28129,WR,NO,292.83,43.37,224,387,,bryce-lance.php,,,4.3,,,,,,8.0,Bryce Lance,2026-05-29,NOS
/nfl/rankings/ppr-cheatsheets.php,redraft-overall,ro,Dont'e Thornton Jr.,27288,WR,LV,308.46,28.83,277,369,,donte-thornton-jr.php,,,4.3,,,,,,13.0,Donte Thornton,2026-05-29,LVR
/nfl/rankings/ppr-cheatsheets.php,redraft-overall,ro,Michael Carter,22728,RB,TEN,331.06,28.05,309,418,,michael-carter-rb.php,,,1.8,,,,,,9.0,Michael Carter,2026-05-29,TEN
/nfl/rankings/ppr-cheatsheets.php,redraft-overall,ro,Noah Gray,19539,TE,KC,313.23,24.59,273,355,,noah-gray.php,,,7.5,,,,,,5.0,Noah Gray,2026-05-29,KCC
/nfl/rankings/ppr-cheatsheets.php,redraft-overall,ro,Tyler Higbee,15623,TE,LAR,300.55,24.79,259,348,,tyler-higbee.php,,,6.1,,,,,,11.0,Tyler Higbee,2026-05-29,LAR
/nfl/rankings/ppr-cheatsheets.php,redraft-overall,ro,Olamide Zaccheaus,18864,WR,ATL,311.42,23.54,283,362,,olamide-zaccheaus.php,,,5.3,,,,,,11.0,Olamide Zaccheaus,2026-05-29,ATL
/nfl/rankings/ppr-cheatsheets.php,redraft-overall,ro,Nick Chubb,17246,RB,FA,329.33,18.99,309,369,,nick-chubb.php,,,2.3,,,,,,,Nick Chubb,2026-05-29,FA
/nfl/rankings/ppr-cheatsheets.php,redraft-overall,ro,Eli Heidenreich,28297,RB,PIT,298.9,52.57,177,374,,eli-heidenreich.php,,,3.0,,,,,,9.0,Eli Heidenreich,2026-05-29,PIT
/nfl/rankings/ppr-cheatsheets.php,redraft-overall,ro,Anthony Richardson Sr.,24347,QB,IND,333.53,19.48,301,366,,anthony-richardson.php,,,16.2,,,,,,13.0,Anthony Richardson,2026-05-29,IND
/nfl/rankings/ppr-cheatsheets.php,redraft-overall,ro,Dallas Cowboys,8080,DST,DAL,261.29,59.53,191,367,,dallas-defense.php,,,20.2,,,,,,14.0,Dallas Cowboys,2026-05-29,DAL
/nfl/rankings/ppr-cheatsheets.php,redraft-overall,ro,Joshua Palmer,22845,WR,BUF,319.92,26.0,284,376,,josh-palmer.php,,,1.9,,,,,,7.0,Josh Palmer,2026-05-29,BUF
/nfl/rankings/ppr-cheatsheets.php,redraft-overall,ro,Justin Fields,19781,QB,KC,326.42,28.17,277,376,,justin-fields.php,,,17.6,,,,,,5.0,Justin Fields,2026-05-29,KCC
/nfl/rankings/ppr-cheatsheets.php,redraft-overall,ro,DeMario Douglas,25304,WR,NE,329.0,44.13,267,426,,demario-douglas.php,,,10.0,,,,,,11.0,Demario Douglas,2026-05-29,NEP
/nfl/rankings/ppr-cheatsheets.php,redraft-overall,ro,Elijah Arroyo,23004,TE,SEA,312.8,26.09,278,353,,elijah-arroyo.php,,,12.7,,,,,,11.0,Elijah Arroyo,2026-05-29,SEA
/nfl/rankings/ppr-cheatsheets.php,redraft-overall,ro,Xavier Hutchinson,25332,WR,HOU,321.45,24.57,293,376,,xavier-hutchinson.php,,,2.3,,,,,,8.0,Xavier Hutchinson,2026-05-29,HOU
/nfl/rankings/ppr-cheatsheets.php,redraft-overall,ro,John Metchie III,22895,WR,CAR,325.45,40.52,281,419,,john-metchie.php,,,2.5,,,,,,5.0,John Metchie,2026-05-29,CAR
/nfl/rankings/ppr-cheatsheets.php,redraft-overall,ro,Carson Beck,22953,QB,ARI,330.42,22.35,282,368,,carson-beck.php,,,13.7,,,,,,14.0,Carson Beck,2026-05-29,ARI
/nfl/rankings/ppr-cheatsheets.php,redraft-overall,ro,Jalen Tolbert,23770,WR,MIA,318.2,47.38,239,389,,jalen-tolbert.php,,,8.0,,,,,,6.0,Jalen Tolbert,2026-05-29,MIA
/nfl/rankings/ppr-cheatsheets.php,redraft-overall,ro,Brenen Thompson,28133,WR,LAC,321.9,33.79,258,370,,brenen-thompson.php,,,6.5,,,,,,7.0,Brenen Thompson,2026-05-29,LAC
/nfl/rankings/ppr-cheatsheets.php,redraft-overall,ro,Nick Folk,9491,K,ATL,214.5,24.09,181,249,,nick-folk.php,,,5.7,,,,,,11.0,Nick Folk,2026-05-29,ATL
/nfl/rankings/ppr-cheatsheets.php,redraft-overall,ro,Jaylin Lane,27454,WR,WAS,334.36,30.62,294,384,,jaylin-lane.php,,,3.7,,,,,,7.0,Jaylin Lane,2026-05-29,WAS
/nfl/rankings/ppr-cheatsheets.php,redraft-overall,ro,Blake Grupe,25533,K,IND,225.75,31.25,199,279,,blake-grupe.php,,,2.4,,,,,,13.0,Blake Grupe,2026-05-29,IND
/nfl/rankings/ppr-cheatsheets.php,redraft-overall,ro,Ja'Tavion Sanders,24334,TE,CAR,313.25,27.0,269,357,,jatavion-sanders.php,,,7.8,,,,,,5.0,JaTavion Sanders,2026-05-29,CAR
/nfl/rankings/ppr-cheatsheets.php,redraft-overall,ro,Caleb Douglas,28135,WR,MIA,322.89,37.56,265,391,,caleb-douglas.php,,,5.2,,,,,,6.0,Caleb Douglas,2026-05-29,MIA
/nfl/rankings/ppr-cheatsheets.php,redraft-overall,ro,Austin Ekeler,16483,RB,FA,332.0,25.89,298,393,,austin-ekeler.php,,,2.6,,,,,,,Austin Ekeler,2026-05-29,FA
/nfl/rankings/ppr-cheatsheets.php,redraft-overall,ro,Tennessee Titans,8300,DST,TEN,178.67,19.6,151,194,,tennessee-defense.php,,,12.7,,,,,,9.0,Tennessee Titans,2026-05-29,TEN
/nfl/rankings/ppr-cheatsheets.php,redraft-overall,ro,New York Giants,8200,DST,NYG,234.75,88.86,171,388,,new-york-giants-defense.php,,,27.5,,,,,,8.0,New York Giants,2026-05-29,NYG
/nfl/rankings/ppr-cheatsheets.php,redraft-overall,ro,Ben Sauls,27798,K,NYG,281.2,94.75,183,456,,ben-sauls.php,,,2.3,,,,,,8.0,Ben Sauls,2026-05-29,NYG
/nfl/rankings/ppr-cheatsheets.php,redraft-overall,ro,Washington Commanders,8310,DST,WAS,240.5,96.33,161,405,,washington-defense.php,,,17.8,,,,,,7.0,Washington Commanders,2026-05-29,WAS
/nfl/rankings/ppr-cheatsheets.php,redraft-overall,ro,Zane Gonzalez,16548,K,MIA,320.5,50.03,212,410,,zane-gonzalez.php,,,2.0,,,,,,6.0,Zane Gonzalez,2026-05-29,MIA
/nfl/rankings/ppr-cheatsheets.php,redraft-overall,ro,Justin Joly,28079,TE,DEN,328.44,35.51,259,378,,justin-joly.php,,,9.8,,,,,,10.0,Justin Joly,2026-05-29,DEN
/nfl/rankings/ppr-cheatsheets.php,redraft-overall,ro,Michael Mayer,23056,TE,LV,316.43,31.57,274,352,,michael-mayer.php,,,16.2,,,,,,13.0,Michael Mayer,2026-05-29,LVR
/nfl/rankings/ppr-cheatsheets.php,redraft-overall,ro,Tampa Bay Buccaneers,8290,DST,TB,256.0,73.58,188,366,,tampa-bay-defense.php,,,23.4,,,,,,10.0,Tampa Bay Buccaneers,2026-05-29,TBB
/nfl/rankings/ppr-cheatsheets.php,redraft-overall,ro,Ryan Fitzgerald,27261,K,CAR,262.0,89.06,184,411,,ryan-fitzgerald.php,,,2.0,,,,,,5.0,Ryan Fitzgerald,2026-05-29,CAR
/nfl/rankings/ppr-cheatsheets.php,redraft-overall,ro,Jake Elliott,16540,K,PHI,289.8,56.92,216,384,,jake-elliott.php,,,8.7,,,,,,10.0,Jake Elliott,2026-05-29,PHI
/nfl/rankings/ppr-cheatsheets.php,redraft-overall,ro,Chad Ryland,25354,K,ARI,293.0,78.4,192,396,,chad-ryland.php,,,2.9,,,,,,14.0,Chad Ryland,2026-05-29,ARI
/nfl/rankings/ppr-cheatsheets.php,redraft-overall,ro,John Bates,22833,TE,WAS,332.43,48.21,274,432,,john-bates.php,,,0.7,,,,,,7.0,John Bates,2026-05-29,WAS
/nfl/rankings/ppr-cheatsheets.php,redraft-overall,ro,Tommy Myers,25167,TE,FA,321.67,48.97,281,428,,tommy-myers.php,,,0.0,,,,,,,Tommy Myers,2026-05-29,FA
/nfl/rankings/ppr-cheatsheets.php,redraft-overall,ro,Raheim Sanders,24351,RB,CLE,346.44,28.74,304,385,,raheim-sanders.php,,,1.1,,,,,,11.0,Raheim Sanders,2026-05-29,CLE
/nfl/rankings/ppr-cheatsheets.php,redraft-overall,ro,Brandon McManus,13274,K,FA,284.5,77.51,210,397,,brandon-mcmanus.php,,,2.2,,,,,,,Brandon McManus,2026-05-29,FA
/nfl/rankings/ppr-cheatsheets.php,redraft-overall,ro,Treylon Burks,22905,WR,WAS,325.33,40.7,272,398,,treylon-burks.php,,,2.9,,,,,,7.0,Treylon Burks,2026-05-29,WAS
/nfl/rankings/ppr-cheatsheets.php,redraft-overall,ro,Ben Sinnott,26310,TE,WAS,338.0,24.05,309,385,,ben-sinnott.php,,,4.7,,,,,,7.0,Ben Sinnott,2026-05-29,WAS
/nfl/rankings/ppr-cheatsheets.php,redraft-overall,ro,Kalif Raymond,16081,WR,CHI,314.2,56.95,225,397,,kalif-raymond.php,,,1.1,,,,,,10.0,Kalif Raymond,2026-05-29,CHI
/nfl/rankings/ppr-cheatsheets.php,redraft-overall,ro,Jawhar Jordan,26329,RB,HOU,346.38,27.11,313,400,,jawhar-jordan.php,,,1.1,,,,,,8.0,Jawhar Jordan,2026-05-29,HOU
/nfl/rankings/ppr-cheatsheets.php,redraft-overall,ro,Tyler Bass,19760,K,BUF,298.25,67.0,249,412,,tyler-bass.php,,,10.2,,,,,,7.0,Tyler Bass,2026-05-29,BUF
/nfl/rankings/ppr-cheatsheets.php,redraft-overall,ro,Miami Dolphins,8160,DST,MIA,318.0,69.49,188,394,,miami-defense.php,,,10.9,,,,,,6.0,Miami Dolphins,2026-05-29,MIA
/nfl/rankings/ppr-cheatsheets.php,redraft-overall,ro,Savion Williams,27144,WR,GB,349.29,40.82,316,447,,savion-williams.php,,,2.0,,,,,,11.0,Savion Williams,2026-05-29,GBP
/nfl/rankings/ppr-cheatsheets.php,redraft-overall,ro,Cole Kmet,19229,TE,CHI,333.5,21.68,301,361,,cole-kmet.php,,,12.3,,,,,,10.0,Cole Kmet,2026-05-29,CHI
/nfl/rankings/ppr-cheatsheets.php,redraft-overall,ro,Kevin Coleman Jr.,28067,WR,MIA,337.83,41.65,296,423,,kevin-coleman-jr.php,,,2.5,,,,,,6.0,Kevin Coleman,2026-05-29,MIA
/nfl/rankings/ppr-cheatsheets.php,redraft-overall,ro,Joey Slye,19028,K,TEN,282.0,88.77,203,406,,joey-slye.php,,,3.0,,,,,,9.0,Joey Slye,2026-05-29,TEN
/nfl/rankings/ppr-cheatsheets.php,redraft-overall,ro,Darren Waller,14104,TE,FA,339.33,11.35,324,353,,darren-waller.php,,,5.9,,,,,,,Darren Waller,2026-05-29,FA
/nfl/rankings/ppr-cheatsheets.php,redraft-overall,ro,Jameis Winston,13891,QB,NYG,340.5,8.98,330,354,,jameis-winston.php,,,9.2,,,,,,8.0,Jameis Winston,2026-05-29,NYG
/nfl/rankings/ppr-cheatsheets.php,redraft-overall,ro,Tutu Atwell,20126,WR,MIA,353.43,37.51,299,427,,tutu-atwell.php,,,2.5,,,,,,6.0,Tutu Atwell,2026-05-29,MIA
/nfl/rankings/ppr-cheatsheets.php,redraft-overall,ro,Daniel Carlson,17420,K,LV,287.33,85.95,209,407,,daniel-carlson.php,,,1.2,,,,,,13.0,Daniel Carlson,2026-05-29,LVR
/nfl/rankings/ppr-cheatsheets.php,redraft-overall,ro,Dameon Pierce,22947,RB,PHI,351.29,17.73,331,381,,dameon-pierce.php,,,1.2,,,,,,10.0,Dameon Pierce,2026-05-29,PHI
/nfl/rankings/ppr-cheatsheets.php,redraft-overall,ro,KaVontae Turpin,18520,WR,DAL,328.25,83.21,230,436,,kavontae-turpin.php,,,7.5,,,,,,14.0,KaVontae Turpin,2026-05-29,DAL
/nfl/rankings/ppr-cheatsheets.php,redraft-overall,ro,Kendrick Bourne,17066,WR,ARI,354.33,52.31,293,449,,kendrick-bourne.php,,,3.7,,,,,,14.0,Kendrick Bourne,2026-05-29,ARI
/nfl/rankings/ppr-cheatsheets.php,redraft-overall,ro,Terrell Jennings,26964,RB,NE,339.2,35.89,311,409,,terrell-jennings.php,,,0.6,,,,,,11.0,Terrell Jennings,2026-05-29,NEP
/nfl/rankings/ppr-cheatsheets.php,redraft-overall,ro,Dawson Knox,18631,TE,BUF,349.0,18.37,328,375,,dawson-knox.php,,,11.6,,,,,,7.0,Dawson Knox,2026-05-29,BUF
/nfl/rankings/ppr-cheatsheets.php,redraft-overall,ro,Malik Benson,26012,WR,LV,348.4,93.37,168,438,,malik-benson.php,,,0.9,,,,,,13.0,Malik Benson,2026-05-29,LVR
/nfl/rankings/ppr-cheatsheets.php,redraft-overall,ro,Cyrus Allen,28424,WR,KC,337.0,70.72,244,441,,cyrus-allen.php,,,1.9,,,,,,5.0,Cyrus Allen,2026-05-29,KCC
/nfl/rankings/ppr-cheatsheets.php,redraft-overall,ro,Nick Westbrook-Ikhine,19747,WR,IND,303.67,78.08,195,375,,nick-westbrook.php,,,1.5,,,,,,13.0,Nick Westbrook-Ikhine,2026-05-29,IND
/nfl/rankings/ppr-cheatsheets.php,redraft-overall,ro,Joe Milton III,25967,QB,DAL,345.6,25.16,310,386,,joe-milton.php,,,5.4,,,,,,14.0,Joe Milton,2026-05-29,DAL
/nfl/rankings/ppr-cheatsheets.php,redraft-overall,ro,CJ Daniels,28125,WR,LAR,354.8,45.69,303,421,,cj-daniels.php,,,2.7,,,,,,11.0,CJ Daniels,2026-05-29,LAR
/nfl/rankings/ppr-cheatsheets.php,redraft-overall,ro,Noah Fant,17527,TE,NO,351.0,15.81,335,377,,noah-fant.php,,,4.2,,,,,,8.0,Noah Fant,2026-05-29,NOS
/nfl/rankings/ppr-cheatsheets.php,redraft-overall,ro,Tai Felton,27182,WR,MIN,339.33,89.99,242,459,,tai-felton.php,,,2.0,,,,,,6.0,Tai Felton,2026-05-29,MIN
/nfl/rankings/ppr-cheatsheets.php,redraft-overall,ro,Antonio Gibson,19624,RB,FA,359.4,43.04,316,437,,antonio-gibson.php,,,0.8,,,,,,,Antonio Gibson,2026-05-29,FA
/nfl/rankings/ppr-cheatsheets.php,redraft-overall,ro,Zavion Thomas,28132,WR,CHI,362.0,54.55,296,444,,zavion-thomas.php,,,3.3,,,,,,10.0,Zavion Thomas,2026-05-29,CHI
/nfl/rankings/ppr-cheatsheets.php,redraft-overall,ro,Joe Flacco,9300,QB,CIN,343.5,20.12,328,378,,joe-flacco.php,,,9.4,,,,,,6.0,Joe Flacco,2026-05-29,CIN
/nfl/rankings/ppr-cheatsheets.php,redraft-overall,ro,Deion Burks,27093,WR,IND,366.6,57.23,295,457,,deion-burks.php,,,0.7,,,,,,13.0,Deion Burks,2026-05-29,IND
/nfl/rankings/ppr-cheatsheets.php,redraft-overall,ro,Damien Martinez,25976,RB,GB,349.5,39.75,310,414,,damien-martinez.php,,,0.7,,,,,,11.0,Damien Martinez,2026-05-29,GBP
/nfl/rankings/ppr-cheatsheets.php,redraft-overall,ro,Luke Musgrave,25282,TE,GB,357.0,15.48,335,382,,luke-musgrave.php,,,7.0,,,,,,11.0,Luke Musgrave,2026-05-29,GBP
/nfl/rankings/ppr-cheatsheets.php,redraft-overall,ro,Marcus Mariota,13890,QB,WAS,346.75,23.18,324,381,,marcus-mariota.php,,,9.8,,,,,,7.0,Marcus Mariota,2026-05-29,WAS
/nfl/rankings/ppr-cheatsheets.php,redraft-overall,ro,Zach Ertz,11689,TE,FA,360.4,24.19,330,404,,zach-ertz.php,,,5.5,,,,,,,Zach Ertz,2026-05-29,FA
/nfl/rankings/ppr-cheatsheets.php,redraft-overall,ro,Eli Raridon,28154,TE,NE,372.2,48.48,309,450,,eli-raridon.php,,,4.5,,,,,,11.0,Eli Raridon,2026-05-29,NEP
/nfl/rankings/ppr-cheatsheets.php,redraft-overall,ro,Brandin Cooks,12122,WR,FA,312.0,28.0,284,340,,brandin-cooks.php,,,0.7,,,,,,,Brandin Cooks,2026-05-29,FA
/nfl/rankings/ppr-cheatsheets.php,redraft-overall,ro,Daniel Bellinger,24238,TE,TEN,359.75,43.79,290,399,,daniel-bellinger.php,,,4.9,,,,,,9.0,Daniel Bellinger,2026-05-29,TEN
/nfl/rankings/ppr-cheatsheets.php,redraft-overall,ro,Jam Miller,27326,RB,NE,347.67,23.61,322,379,,jam-miller.php,,,2.2,,,,,,11.0,Jam Miller,2026-05-29,NEP
/nfl/rankings/ppr-cheatsheets.php,redraft-overall,ro,Jonnu Smith,16460,TE,FA,360.33,68.29,268,431,,jonnu-smith.php,,,6.3,,,,,,,Jonnu Smith,2026-05-29,FA
/nfl/rankings/ppr-cheatsheets.php,redraft-overall,ro,Xavier Restrepo,27066,WR,TEN,333.5,2.5,331,336,,xavier-restrepo.php,,,0.9,,,,,,9.0,Xavier Restrepo,2026-05-29,TEN
/nfl/rankings/ppr-cheatsheets.php,redraft-overall,ro,Marlin Klein,28157,TE,HOU,356.0,14.45,337,372,,marlin-klein.php,,,2.6,,,,,,8.0,Marlin Klein,2026-05-29,HOU
/nfl/rankings/ppr-cheatsheets.php,redraft-overall,ro,Riley Leonard,25373,QB,IND,362.33,37.01,310,389,,riley-leonard.php,,,9.3,,,,,,13.0,Riley Leonard,2026-05-29,IND
/nfl/rankings/ppr-cheatsheets.php,redraft-overall,ro,Sam Roush,28161,TE,CHI,363.0,19.44,345,390,,sam-roush.php,,,1.4,,,,,,10.0,Sam Roush,2026-05-29,CHI
/nfl/rankings/ppr-cheatsheets.php,redraft-overall,ro,Elijah Higgins,23119,TE,ARI,380.0,32.7,340,430,,elijah-higgins.php,,,3.0,,,,,,14.0,Elijah Higgins,2026-05-29,ARI
/nfl/rankings/ppr-cheatsheets.php,redraft-overall,ro,Gardner Minshew II,18562,QB,ARI,346.0,13.0,333,359,,gardner-minshew.php,,,3.3,,,,,,14.0,Gardner Minshew,2026-05-29,ARI
/nfl/rankings/ppr-cheatsheets.php,redraft-overall,ro,Ty Chandler,19471,RB,NO,350.5,36.5,314,387,,ty-chandler.php,,,0.6,,,,,,8.0,Ty Chandler,2026-05-29,NOS
/nfl/rankings/ppr-cheatsheets.php,redraft-overall,ro,Dyami Brown,20113,WR,WAS,381.5,76.5,305,458,,dyami-brown.php,,,1.2,,,,,,7.0,Dyami Brown,2026-05-29,WAS
/nfl/rankings/ppr-cheatsheets.php,redraft-overall,ro,Roschon Johnson,25322,RB,CHI,354.5,37.5,317,392,,roschon-johnson.php,,,0.7,,,,,,10.0,Roschon Johnson,2026-05-29,CHI
/nfl/rankings/ppr-cheatsheets.php,redraft-overall,ro,Robert Henry Jr.,28404,RB,WAS,371.0,28.33,333,401,,robert-henry-jr.php,,,0.0,,,,,,7.0,Robert Henry,2026-05-29,WAS
/nfl/rankings/ppr-cheatsheets.php,redraft-overall,ro,Jordan Whittington,23135,WR,LAR,380.0,65.0,315,445,,jordan-whittington.php,,,1.1,,,,,,11.0,Jordan Whittington,2026-05-29,LAR
/nfl/rankings/ppr-cheatsheets.php,redraft-overall,ro,Theo Wease Jr.,27222,WR,MIA,376.0,46.0,330,422,,theo-wease-jr.php,,,3.2,,,,,,6.0,Theo Wease,2026-05-29,MIA
/nfl/rankings/ppr-cheatsheets.php,redraft-overall,ro,Demarcus Robinson,15665,WR,SF,382.33,30.88,342,417,,demarcus-robinson.php,,,1.2,,,,,,8.0,Demarcus Robinson,2026-05-29,SFO
/nfl/rankings/ppr-cheatsheets.php,redraft-overall,ro,Quinn Ewers,23680,QB,MIA,365.5,16.5,349,382,,quinn-ewers.php,,,7.2,,,,,,6.0,Quinn Ewers,2026-05-29,MIA
/nfl/rankings/ppr-cheatsheets.php,redraft-overall,ro,Antwane Wells Jr.,27218,WR,FA,399.5,61.5,338,461,,antwane-wells-jr.php,,,1.1,,,,,,,Antwane Wells,2026-05-29,FA
/nfl/rankings/ppr-cheatsheets.php,redraft-overall,ro,Tyler Badie,23812,RB,DEN,371.0,11.0,360,382,,tyler-badie.php,,,1.0,,,,,,10.0,Tyler Badie,2026-05-29,DEN
/nfl/rankings/ppr-cheatsheets.php,redraft-overall,ro,Michael Trigg,23167,TE,DAL,391.5,43.5,348,435,,michael-trigg.php,,,14.1,,,,,,14.0,Michael Trigg,2026-05-29,DAL
/nfl/rankings/ppr-cheatsheets.php,redraft-overall,ro,Thomas Fidone II,23039,TE,NYG,399.5,43.5,356,443,,thomas-fidone.php,,,1.0,,,,,,8.0,Thomas Fidone,2026-05-29,NYG
/nfl/rankings/ppr-cheatsheets.php,redraft-overall,ro,Luke Schoonmaker,25267,TE,DAL,384.5,1.5,383,386,,luke-schoonmaker.php,,,1.0,,,,,,14.0,Luke Schoonmaker,2026-05-29,DAL
/nfl/rankings/ppr-cheatsheets.php,redraft-overall,ro,Devontez Walker,26011,WR,BAL,416.5,37.5,379,454,,devontez-walker.php,,,1.4,,,,,,13.0,Devontez Walker,2026-05-29,BAL
/nfl/rankings/ppr-cheatsheets.php,redraft-overall,ro,Phil Mafah,22928,RB,DAL,395.5,6.5,389,402,,phil-mafah.php,,,1.1,,,,,,14.0,Phil Mafah,2026-05-29,DAL
/nfl/rankings/qb-cheatsheets.php,redraft-qb,rp,Josh Allen,17298,QB,BUF,1.03,0.16,1,2,,josh-allen-qb.php,,,99.3,,,,,,7.0,Josh Allen,2026-05-29,BUF
/nfl/rankings/qb-cheatsheets.php,redraft-qb,rp,Lamar Jackson,17233,QB,BAL,2.49,0.84,2,5,,lamar-jackson.php,,,98.7,,,,,,13.0,Lamar Jackson,2026-05-29,BAL
/nfl/rankings/qb-cheatsheets.php,redraft-qb,rp,Drake Maye,23046,QB,NE,3.0,0.72,2,5,,drake-maye.php,,,99.0,,,,,,11.0,Drake Maye,2026-05-29,NEP
/nfl/rankings/qb-cheatsheets.php,redraft-qb,rp,Joe Burrow,19196,QB,CIN,4.46,1.32,2,9,,joe-burrow.php,,,96.9,,,,,,6.0,Joe Burrow,2026-05-29,CIN
/nfl/rankings/qb-cheatsheets.php,redraft-qb,rp,Jayden Daniels,22902,QB,WAS,5.1,1.17,3,9,,jayden-daniels.php,,,97.6,,,,,,7.0,Jayden Daniels,2026-05-29,WAS
/nfl/rankings/qb-cheatsheets.php,redraft-qb,rp,Jalen Hurts,19275,QB,PHI,5.67,1.09,3,9,,jalen-hurts.php,,,97.8,,,,,,10.0,Jalen Hurts,2026-05-29,PHI
/nfl/rankings/qb-cheatsheets.php,redraft-qb,rp,Justin Herbert,18635,QB,LAC,8.44,2.06,6,15,,justin-herbert.php,,,91.9,,,,,,7.0,Justin Herbert,2026-05-29,LAC
/nfl/rankings/qb-cheatsheets.php,redraft-qb,rp,Jaxson Dart,23160,QB,NYG,8.9,2.06,6,15,,jaxson-dart.php,,,95.6,,,,,,8.0,Jaxson Dart,2026-05-29,NYG
/nfl/rankings/qb-cheatsheets.php,redraft-qb,rp,Caleb Williams,23084,QB,CHI,9.0,1.88,4,13,,caleb-williams.php,,,94.1,,,,,,10.0,Caleb Williams,2026-05-29,CHI
/nfl/rankings/qb-cheatsheets.php,redraft-qb,rp,Trevor Lawrence,19780,QB,JAC,9.77,1.44,7,13,,trevor-lawrence.php,,,92.7,,,,,,7.0,Trevor Lawrence,2026-05-29,JAC
/nfl/rankings/qb-cheatsheets.php,redraft-qb,rp,Dak Prescott,15600,QB,DAL,10.0,1.63,6,13,,dak-prescott.php,,,93.1,,,,,,14.0,Dak Prescott,2026-05-29,DAL
/nfl/rankings/qb-cheatsheets.php,redraft-qb,rp,Brock Purdy,19797,QB,SF,11.85,1.48,9,16,,brock-purdy.php,,,92.3,,,,,,8.0,Brock Purdy,2026-05-29,SFO
/nfl/rankings/qb-cheatsheets.php,redraft-qb,rp,Patrick Mahomes II,16413,QB,KC,13.64,1.67,10,18,,patrick-mahomes.php,,,92.9,,,,,,5.0,Patrick Mahomes,2026-05-29,KCC
/nfl/rankings/qb-cheatsheets.php,redraft-qb,rp,Matthew Stafford,9451,QB,LAR,14.18,2.38,7,18,,matthew-stafford.php,,,92.7,,,,,,11.0,Matthew Stafford,2026-05-29,LAR
/nfl/rankings/qb-cheatsheets.php,redraft-qb,rp,Bo Nix,22910,QB,DEN,14.46,1.52,11,18,,bo-nix.php,,,91.3,,,,,,10.0,Bo Nix,2026-05-29,DEN
/nfl/rankings/qb-cheatsheets.php,redraft-qb,rp,Jared Goff,15501,QB,DET,16.51,2.1,10,20,,jared-goff.php,,,77.0,,,,,,6.0,Jared Goff,2026-05-29,DET
/nfl/rankings/qb-cheatsheets.php,redraft-qb,rp,Kyler Murray,18600,QB,MIN,17.74,2.59,14,23,,kyler-murray.php,,,80.1,,,,,,6.0,Kyler Murray,2026-05-29,MIN
/nfl/rankings/qb-cheatsheets.php,redraft-qb,rp,Jordan Love,19246,QB,GB,18.36,1.61,15,21,,jordan-love.php,,,64.8,,,,,,11.0,Jordan Love,2026-05-29,GBP
/nfl/rankings/qb-cheatsheets.php,redraft-qb,rp,Malik Willis,23499,QB,MIA,19.21,2.75,14,27,,malik-willis.php,,,59.4,,,,,,6.0,Malik Willis,2026-05-29,MIA
/nfl/rankings/qb-cheatsheets.php,redraft-qb,rp,Tyler Shough,23096,QB,NO,19.36,2.27,14,24,,tyler-shough.php,,,68.9,,,,,,8.0,Tyler Shough,2026-05-29,NOS
/nfl/rankings/qb-cheatsheets.php,redraft-qb,rp,Baker Mayfield,17237,QB,TB,19.46,1.69,15,22,,baker-mayfield.php,,,64.9,,,,,,10.0,Baker Mayfield,2026-05-29,TBB
/nfl/rankings/qb-cheatsheets.php,redraft-qb,rp,C.J. Stroud,23071,QB,HOU,22.51,1.55,18,27,,cj-stroud.php,,,48.1,,,,,,8.0,CJ Stroud,2026-05-29,HOU
/nfl/rankings/qb-cheatsheets.php,redraft-qb,rp,Sam Darnold,17236,QB,SEA,22.69,1.81,18,27,,sam-darnold.php,,,52.3,,,,,,11.0,Sam Darnold,2026-05-29,SEA
/nfl/rankings/qb-cheatsheets.php,redraft-qb,rp,Cam Ward,24755,QB,TEN,24.56,1.34,21,27,,cam-ward.php,,,43.7,,,,,,9.0,Cam Ward,2026-05-29,TEN
/nfl/rankings/qb-cheatsheets.php,redraft-qb,rp,Bryce Young,22900,QB,CAR,24.69,1.36,22,28,,bryce-young.php,,,41.3,,,,,,5.0,Bryce Young,2026-05-29,CAR
/nfl/rankings/qb-cheatsheets.php,redraft-qb,rp,Daniel Jones,18232,QB,IND,25.59,1.74,21,29,,daniel-jones.php,,,52.6,,,,,,13.0,Daniel Jones,2026-05-29,IND
/nfl/rankings/qb-cheatsheets.php,redraft-qb,rp,Jacoby Brissett,15642,QB,ARI,26.85,2.23,21,31,,jacoby-brissett.php,,,30.8,,,,,,14.0,Jacoby Brissett,2026-05-29,ARI
/nfl/rankings/qb-cheatsheets.php,redraft-qb,rp,Fernando Mendoza,28013,QB,LV,28.95,2.42,26,37,,fernando-mendoza.php,,,42.9,,,,,,13.0,Fernando Mendoza,2026-05-29,LVR
/nfl/rankings/qb-cheatsheets.php,redraft-qb,rp,Geno Smith,11687,QB,NYJ,29.54,1.87,25,35,,geno-smith.php,,,25.3,,,,,,13.0,Geno Smith,2026-05-29,NYJ
/nfl/rankings/qb-cheatsheets.php,redraft-qb,rp,Michael Penix Jr.,22973,QB,ATL,31.08,2.36,27,37,,michael-penix-jr.php,,,23.5,,,,,,11.0,Michael Penix,2026-05-29,ATL
/nfl/rankings/qb-cheatsheets.php,redraft-qb,rp,Aaron Rodgers,9001,QB,PIT,30.3,2.51,25,36,,aaron-rodgers.php,,,27.3,,,,,,9.0,Aaron Rodgers,2026-05-29,PIT
/nfl/rankings/qb-cheatsheets.php,redraft-qb,rp,Shedeur Sanders,25968,QB,CLE,32.23,2.43,26,38,,shedeur-sanders.php,,,23.8,,,,,,11.0,Shedeur Sanders,2026-05-29,CLE
/nfl/rankings/qb-cheatsheets.php,redraft-qb,rp,Tua Tagovailoa,19198,QB,ATL,32.54,1.61,29,36,,tua-tagovailoa.php,,,25.2,,,,,,11.0,Tua Tagovailoa,2026-05-29,ATL
/nfl/rankings/qb-cheatsheets.php,redraft-qb,rp,Kirk Cousins,11177,QB,LV,34.34,1.9,30,39,,kirk-cousins.php,,,19.6,,,,,,13.0,Kirk Cousins,2026-05-29,LVR
/nfl/rankings/qb-cheatsheets.php,redraft-qb,rp,Ty Simpson,25368,QB,LAR,38.32,3.59,34,47,,ty-simpson.php,,,20.6,,,,,,11.0,Ty Simpson,2026-05-29,LAR
/nfl/rankings/qb-cheatsheets.php,redraft-qb,rp,Deshaun Watson,16398,QB,CLE,33.73,2.43,30,40,,deshaun-watson.php,,,18.7,,,,,,11.0,Deshaun Watson,2026-05-29,CLE
/nfl/rankings/qb-cheatsheets.php,redraft-qb,rp,J.J. McCarthy,23018,QB,MIN,34.38,2.7,29,39,,jj-mccarthy.php,,,20.0,,,,,,6.0,JJ McCarthy,2026-05-29,MIN
/nfl/rankings/qb-cheatsheets.php,redraft-qb,rp,Mac Jones,20156,QB,SF,38.33,4.68,33,52,,mac-jones.php,,,17.3,,,,,,8.0,Mac Jones,2026-05-29,SFO
/nfl/rankings/qb-cheatsheets.php,redraft-qb,rp,Carson Beck,22953,QB,ARI,39.44,3.57,36,52,,carson-beck.php,,,13.7,,,,,,14.0,Carson Beck,2026-05-29,ARI
/nfl/rankings/qb-cheatsheets.php,redraft-qb,rp,Anthony Richardson Sr.,24347,QB,IND,38.33,1.96,34,41,,anthony-richardson.php,,,16.2,,,,,,13.0,Anthony Richardson,2026-05-29,IND
/nfl/rankings/qb-cheatsheets.php,redraft-qb,rp,Justin Fields,19781,QB,KC,38.73,3.66,34,46,,justin-fields.php,,,17.6,,,,,,5.0,Justin Fields,2026-05-29,KCC
/nfl/rankings/qb-cheatsheets.php,redraft-qb,rp,Jameis Winston,13891,QB,NYG,42.1,2.95,37,46,,jameis-winston.php,,,9.2,,,,,,8.0,Jameis Winston,2026-05-29,NYG
/nfl/rankings/qb-cheatsheets.php,redraft-qb,rp,Marcus Mariota,13890,QB,WAS,42.8,3.06,39,50,,marcus-mariota.php,,,9.8,,,,,,7.0,Marcus Mariota,2026-05-29,WAS
/nfl/rankings/qb-cheatsheets.php,redraft-qb,rp,Joe Flacco,9300,QB,CIN,44.33,3.83,38,50,,joe-flacco.php,,,9.4,,,,,,6.0,Joe Flacco,2026-05-29,CIN
/nfl/rankings/qb-cheatsheets.php,redraft-qb,rp,Riley Leonard,25373,QB,IND,44.57,4.03,38,51,,riley-leonard.php,,,9.3,,,,,,13.0,Riley Leonard,2026-05-29,IND
/nfl/rankings/qb-cheatsheets.php,redraft-qb,rp,Joe Milton III,25967,QB,DAL,43.67,2.43,41,47,,joe-milton.php,,,5.4,,,,,,14.0,Joe Milton,2026-05-29,DAL
/nfl/rankings/qb-cheatsheets.php,redraft-qb,rp,Gardner Minshew II,18562,QB,ARI,47.0,5.16,42,57,,gardner-minshew.php,,,3.3,,,,,,14.0,Gardner Minshew,2026-05-29,ARI
/nfl/rankings/qb-cheatsheets.php,redraft-qb,rp,Quinn Ewers,23680,QB,MIA,47.0,2.71,42,50,,quinn-ewers.php,,,7.2,,,,,,6.0,Quinn Ewers,2026-05-29,MIA
/nfl/rankings/qb-cheatsheets.php,redraft-qb,rp,Cade Klubnik,24361,QB,NYJ,46.6,8.16,37,61,,cade-klubnik.php,,,8.8,,,,,,13.0,Cade Klubnik,2026-05-29,NYJ
/nfl/rankings/qb-cheatsheets.php,redraft-qb,rp,Tyrod Taylor,10007,QB,GB,49.0,1.1,48,51,,tyrod-taylor.php,,,1.8,,,,,,11.0,Tyrod Taylor,2026-05-29,GBP
/nfl/rankings/qb-cheatsheets.php,redraft-qb,rp,Jimmy Garoppolo,12208,QB,LAR,48.75,4.26,44,53,,jimmy-garoppolo.php,,,1.1,,,,,,11.0,Jimmy Garoppolo,2026-05-29,LAR
/nfl/rankings/qb-cheatsheets.php,redraft-qb,rp,Taylen Green,28094,QB,CLE,43.33,6.13,36,51,,taylen-green.php,,,8.0,,,,,,11.0,Taylen Green,2026-05-29,CLE
/nfl/rankings/qb-cheatsheets.php,redraft-qb,rp,Spencer Rattler,23081,QB,NO,45.67,2.62,42,48,,spencer-rattler.php,,,2.4,,,,,,8.0,Spencer Rattler,2026-05-29,NOS
/nfl/rankings/qb-cheatsheets.php,redraft-qb,rp,Will Howard,25972,QB,PIT,47.67,5.25,43,55,,will-howard.php,,,9.0,,,,,,9.0,Will Howard,2026-05-29,PIT
/nfl/rankings/qb-cheatsheets.php,redraft-qb,rp,Kenny Pickett,22722,QB,CAR,53.0,7.04,47,65,,kenny-pickett.php,,,1.6,,,,,6.0,5.0,Kenny Pickett,2026-05-29,CAR
/nfl/rankings/qb-cheatsheets.php,redraft-qb,rp,Tanner McKee,24740,QB,PHI,52.67,12.68,40,70,,tanner-mckee.php,,,3.5,,,,,,10.0,Tanner McKee,2026-05-29,PHI
/nfl/rankings/qb-cheatsheets.php,redraft-qb,rp,Russell Wilson,11180,QB,FA,51.67,3.77,49,57,,russell-wilson.php,,,1.6,,,,,,,Russell Wilson,2026-05-29,FA
/nfl/rankings/qb-cheatsheets.php,redraft-qb,rp,Garrett Nussmeier,22998,QB,KC,57.75,11.82,43,75,,garrett-nussmeier.php,,,10.9,,,,,,5.0,Garrett Nussmeier,2026-05-29,KCC
/nfl/rankings/qb-cheatsheets.php,redraft-qb,rp,Jalen Milroe,22884,QB,SEA,52.33,7.13,45,62,,jalen-milroe.php,,,7.9,,,,,,11.0,Jalen Milroe,2026-05-29,SEA
/nfl/rankings/qb-cheatsheets.php,redraft-qb,rp,Dillon Gabriel,23150,QB,CLE,56.25,6.61,47,63,,dillon-gabriel.php,,,0.8,,,,,7.0,11.0,Dillon Gabriel,2026-05-29,CLE
/nfl/rankings/qb-cheatsheets.php,redraft-qb,rp,Tyson Bagent,25321,QB,CHI,53.67,11.47,39,67,,tyson-bagent.php,,,5.5,,,,,-7.0,10.0,Tyson Bagent,2026-05-29,CHI
/nfl/rankings/qb-cheatsheets.php,redraft-qb,rp,Trey Lance,20082,QB,LAC,49.0,5.0,44,54,,trey-lance.php,,,2.4,,,,,-6.0,7.0,Trey Lance,2026-05-29,LAC
/nfl/rankings/qb-cheatsheets.php,redraft-qb,rp,Will Levis,22987,QB,TEN,57.33,13.1,42,74,,will-levis.php,,,3.9,,,,,,9.0,Will Levis,2026-05-29,TEN
/nfl/rankings/qb-cheatsheets.php,redraft-qb,rp,Carson Wentz,15520,QB,MIN,60.5,10.5,51,78,,carson-wentz.php,,,0.8,,,,,,6.0,Carson Wentz,2026-05-29,MIN
/nfl/rankings/qb-cheatsheets.php,redraft-qb,rp,Aidan O'Connell,24330,QB,LV,54.0,6.0,48,60,,aidan-oconnell.php,,,0.6,,,,,,13.0,Aidan OConnell,2026-05-29,LVR
/nfl/rankings/qb-cheatsheets.php,redraft-qb,rp,Drew Allar,24345,QB,PIT,55.0,1.0,54,56,,drew-allar.php,,,3.7,,,,,,9.0,Drew Allar,2026-05-29,PIT
/nfl/rankings/qb-cheatsheets.php,redraft-qb,rp,Zach Wilson,22679,QB,NO,62.0,7.87,55,73,,zach-wilson.php,,,0.6,,,,,,8.0,Zach Wilson,2026-05-29,NOS
/nfl/rankings/qb-cheatsheets.php,redraft-qb,rp,Sam Howell,23045,QB,DAL,65.33,9.39,54,77,,sam-howell.php,,,0.8,,,,,,14.0,Sam Howell,2026-05-29,DAL
/nfl/rankings/qb-cheatsheets.php,redraft-qb,rp,Mitchell Trubisky,16381,QB,TEN,63.5,8.5,55,72,,mitch-trubisky.php,,,1.3,,,,,,9.0,Mitchell Trubisky,2026-05-29,TEN
/nfl/rankings/qb-cheatsheets.php,redraft-qb,rp,Brady Cook,27161,QB,NYJ,61.5,1.5,60,63,,brady-cook.php,,,0.6,,,,,,13.0,Brady Cook,2026-05-29,NYJ
/nfl/rankings/ppr-rb-cheatsheets.php,redraft-rb,rp,Bijan Robinson,23133,RB,ATL,1.22,0.42,1,2,,bijan-robinson.php,,,99.0,,,,,,11.0,Bijan Robinson,2026-05-29,ATL
/nfl/rankings/ppr-rb-cheatsheets.php,redraft-rb,rp,Jahmyr Gibbs,22968,RB,DET,2.03,0.64,1,3,,jahmyr-gibbs.php,,,99.0,,,,,,6.0,Jahmyr Gibbs,2026-05-29,DET
/nfl/rankings/ppr-rb-cheatsheets.php,redraft-rb,rp,Christian McCaffrey,16393,RB,SF,3.14,0.92,2,6,,christian-mccaffrey.php,,,99.3,,,,,,8.0,Christian McCaffrey,2026-05-29,SFO
/nfl/rankings/ppr-rb-cheatsheets.php,redraft-rb,rp,Jonathan Taylor,19217,RB,IND,4.44,1.44,3,11,,jonathan-taylor.php,,,99.0,,,,,,13.0,Jonathan Taylor,2026-05-29,IND
/nfl/rankings/ppr-rb-cheatsheets.php,redraft-rb,rp,De'Von Achane,23136,RB,MIA,5.64,1.27,3,8,,devon-achane.php,,,98.9,,,,,,6.0,DeVon Achane,2026-05-29,MIA
/nfl/rankings/ppr-rb-cheatsheets.php,redraft-rb,rp,Ashton Jeanty,25989,RB,LV,6.28,1.33,5,10,,ashton-jeanty.php,,,98.8,,,,,,13.0,Ashton Jeanty,2026-05-29,LVR
/nfl/rankings/ppr-rb-cheatsheets.php,redraft-rb,rp,Chase Brown,25324,RB,CIN,7.61,1.59,5,11,,chase-brown.php,,,98.3,,,,,,6.0,Chase Brown,2026-05-29,CIN
/nfl/rankings/ppr-rb-cheatsheets.php,redraft-rb,rp,James Cook III,22958,RB,BUF,7.67,1.87,4,11,,james-cook.php,,,99.4,,,,,,7.0,James Cook,2026-05-29,BUF
/nfl/rankings/ppr-rb-cheatsheets.php,redraft-rb,rp,Omarion Hampton,25395,RB,LAC,9.14,2.44,6,15,,omarion-hampton.php,,,98.2,,,,,,7.0,Omarion Hampton,2026-05-29,LAC
/nfl/rankings/ppr-rb-cheatsheets.php,redraft-rb,rp,Saquon Barkley,17240,RB,PHI,10.0,1.78,6,13,,saquon-barkley.php,,,99.2,,,,,,10.0,Saquon Barkley,2026-05-29,PHI
/nfl/rankings/ppr-rb-cheatsheets.php,redraft-rb,rp,Kenneth Walker III,23021,RB,KC,11.69,2.93,7,19,,kenneth-walker-rb.php,,,99.0,,,,,,5.0,Kenneth Walker,2026-05-29,KCC
/nfl/rankings/ppr-rb-cheatsheets.php,redraft-rb,rp,Jeremiyah Love,25403,RB,ARI,12.08,2.64,8,20,,jeremiyah-love.php,,,96.2,,,,,,14.0,Jeremiyah Love,2026-05-29,ARI
/nfl/rankings/ppr-rb-cheatsheets.php,redraft-rb,rp,Breece Hall,22982,RB,NYJ,14.19,1.96,11,18,,breece-hall.php,,,97.5,,,,,,13.0,Breece Hall,2026-05-29,NYJ
/nfl/rankings/ppr-rb-cheatsheets.php,redraft-rb,rp,Josh Jacobs,18269,RB,GB,14.75,3.48,10,29,,josh-jacobs.php,,,98.5,,,,,,11.0,Josh Jacobs,2026-05-29,GBP
/nfl/rankings/ppr-rb-cheatsheets.php,redraft-rb,rp,Derrick Henry,15514,RB,BAL,14.92,2.38,9,19,,derrick-henry.php,,,98.4,,,,,,13.0,Derrick Henry,2026-05-29,BAL
/nfl/rankings/ppr-rb-cheatsheets.php,redraft-rb,rp,Travis Etienne Jr.,19231,RB,NO,16.11,1.54,13,19,,travis-etienne.php,,,97.1,,,,,,8.0,Travis Etienne,2026-05-29,NOS
/nfl/rankings/ppr-rb-cheatsheets.php,redraft-rb,rp,Kyren Williams,23059,RB,LAR,16.28,2.41,12,20,,kyren-williams.php,,,97.8,,,,,,11.0,Kyren Williams,2026-05-29,LAR
/nfl/rankings/ppr-rb-cheatsheets.php,redraft-rb,rp,Javonte Williams,22739,RB,DAL,16.92,2.75,11,21,,javonte-williams.php,,,97.1,,,,,,14.0,Javonte Williams,2026-05-29,DAL
/nfl/rankings/ppr-rb-cheatsheets.php,redraft-rb,rp,Bucky Irving,25981,RB,TB,19.64,2.74,13,27,,bucky-irving.php,,,96.6,,,,,,10.0,Bucky Irving,2026-05-29,TBB
/nfl/rankings/ppr-rb-cheatsheets.php,redraft-rb,rp,Cam Skattebo,27166,RB,NYG,20.53,2.72,15,26,,cam-skattebo.php,,,96.9,,,,,,8.0,Cam Skattebo,2026-05-29,NYG
/nfl/rankings/ppr-rb-cheatsheets.php,redraft-rb,rp,TreVeyon Henderson,23065,RB,NE,21.97,3.44,16,31,,treveyon-henderson.php,,,95.0,,,,,,11.0,TreVeyon Henderson,2026-05-29,NEP
/nfl/rankings/ppr-rb-cheatsheets.php,redraft-rb,rp,Quinshon Judkins,25391,RB,CLE,22.72,3.06,16,27,,quinshon-judkins.php,,,95.0,,,,,,11.0,Quinshon Judkins,2026-05-29,CLE
/nfl/rankings/ppr-rb-cheatsheets.php,redraft-rb,rp,David Montgomery,18239,RB,HOU,23.69,3.48,18,33,,david-montgomery.php,,,93.8,,,,,,8.0,David Montgomery,2026-05-29,HOU
/nfl/rankings/ppr-rb-cheatsheets.php,redraft-rb,rp,D'Andre Swift,19210,RB,CHI,23.89,2.69,20,30,,dandre-swift.php,,,94.0,,,,,,10.0,DAndre Swift,2026-05-29,CHI
/nfl/rankings/ppr-rb-cheatsheets.php,redraft-rb,rp,Jaylen Warren,24209,RB,PIT,25.25,2.25,23,32,,jaylen-warren.php,,,91.2,,,,,,9.0,Jaylen Warren,2026-05-29,PIT
/nfl/rankings/ppr-rb-cheatsheets.php,redraft-rb,rp,RJ Harvey,27142,RB,DEN,26.64,4.42,22,39,,rj-harvey.php,,,91.5,,,,,,10.0,RJ Harvey,2026-05-29,DEN
/nfl/rankings/ppr-rb-cheatsheets.php,redraft-rb,rp,Chuba Hubbard,19792,RB,CAR,26.86,3.95,17,37,,chuba-hubbard.php,,,92.7,,,,,,5.0,Chuba Hubbard,2026-05-29,CAR
/nfl/rankings/ppr-rb-cheatsheets.php,redraft-rb,rp,Bhayshul Tuten,27297,RB,JAC,27.31,2.94,21,34,,bhayshul-tuten.php,,,92.2,,,,,,7.0,Bhayshul Tuten,2026-05-29,JAC
/nfl/rankings/ppr-rb-cheatsheets.php,redraft-rb,rp,Jadarian Price,27329,RB,SEA,29.83,5.73,20,51,,jadarian-price.php,,,89.6,,,,,,11.0,Jadarian Price,2026-05-29,SEA
/nfl/rankings/ppr-rb-cheatsheets.php,redraft-rb,rp,Rhamondre Stevenson,22726,RB,NE,30.5,2.75,25,36,,rhamondre-stevenson.php,,,90.5,,,,,,11.0,Rhamondre Stevenson,2026-05-29,NEP
/nfl/rankings/ppr-rb-cheatsheets.php,redraft-rb,rp,Rico Dowdle,19647,RB,PIT,30.61,2.6,26,38,,rico-dowdle.php,,,91.1,,,,,,9.0,Rico Dowdle,2026-05-29,PIT
/nfl/rankings/ppr-rb-cheatsheets.php,redraft-rb,rp,Tony Pollard,18705,RB,TEN,30.94,2.63,25,35,,tony-pollard.php,,,90.6,,,,,,9.0,Tony Pollard,2026-05-29,TEN
/nfl/rankings/ppr-rb-cheatsheets.php,redraft-rb,rp,Kyle Monangai,27131,RB,CHI,33.17,2.55,27,37,,kyle-monangai.php,,,89.5,,,,,,10.0,Kyle Monangai,2026-05-29,CHI
/nfl/rankings/ppr-rb-cheatsheets.php,redraft-rb,rp,Aaron Jones Sr.,16673,RB,MIN,35.17,4.02,27,45,,aaron-jones.php,,,88.3,,,,,,6.0,Aaron Jones,2026-05-29,MIN
/nfl/rankings/ppr-rb-cheatsheets.php,redraft-rb,rp,Kenneth Gainwell,23310,RB,TB,35.78,4.47,29,47,,kenneth-gainwell.php,,,86.7,,,,,,10.0,Kenneth Gainwell,2026-05-29,TBB
/nfl/rankings/ppr-rb-cheatsheets.php,redraft-rb,rp,J.K. Dobbins,19245,RB,DEN,36.08,3.77,31,46,,jk-dobbins.php,,,89.5,,,,,,10.0,JK Dobbins,2026-05-29,DEN
/nfl/rankings/ppr-rb-cheatsheets.php,redraft-rb,rp,Blake Corum,23013,RB,LAR,36.97,2.17,30,41,,blake-corum.php,,,86.9,,,,,,11.0,Blake Corum,2026-05-29,LAR
/nfl/rankings/ppr-rb-cheatsheets.php,redraft-rb,rp,Rachaad White,23891,RB,WAS,39.06,4.96,25,53,,rachaad-white.php,,,78.6,,,,,,7.0,Rachaad White,2026-05-29,WAS
/nfl/rankings/ppr-rb-cheatsheets.php,redraft-rb,rp,Jacory Croskey-Merritt,27316,RB,WAS,40.92,4.37,37,61,,jacory-croskeymerritt.php,,,79.6,,,,,,7.0,Jacory Croskey-Merritt,2026-05-29,WAS
/nfl/rankings/ppr-rb-cheatsheets.php,redraft-rb,rp,Tyler Allgeier,24172,RB,ARI,42.44,4.7,34,56,,tyler-allgeier.php,,,61.7,,,,,,14.0,Tyler Allgeier,2026-05-29,ARI
/nfl/rankings/ppr-rb-cheatsheets.php,redraft-rb,rp,Jordan Mason,22969,RB,MIN,43.25,3.83,36,53,,jordan-mason.php,,,65.2,,,,,,6.0,Jordan Mason,2026-05-29,MIN
/nfl/rankings/ppr-rb-cheatsheets.php,redraft-rb,rp,Tyrone Tracy Jr.,22980,RB,NYG,43.56,3.84,36,53,,tyrone-tracy-jr.php,,,49.8,,,,,,8.0,Tyrone Tracy,2026-05-29,NYG
/nfl/rankings/ppr-rb-cheatsheets.php,redraft-rb,rp,Woody Marks,27520,RB,HOU,43.75,6.41,33,63,,woody-marks.php,,,67.6,,,,,,8.0,Woody Marks,2026-05-29,HOU
/nfl/rankings/ppr-rb-cheatsheets.php,redraft-rb,rp,Zach Charbonnet,23152,RB,SEA,44.5,6.51,29,63,,zach-charbonnet.php,,,74.7,,,,,,11.0,Zach Charbonnet,2026-05-29,SEA
/nfl/rankings/ppr-rb-cheatsheets.php,redraft-rb,rp,Tyjae Spears,25323,RB,TEN,46.11,3.93,36,59,,tyjae-spears.php,,,61.1,,,,,,9.0,Tyjae Spears,2026-05-29,TEN
/nfl/rankings/ppr-rb-cheatsheets.php,redraft-rb,rp,Alvin Kamara,16421,RB,NO,47.89,5.32,35,60,,alvin-kamara.php,,,58.1,,,,,,8.0,Alvin Kamara,2026-05-29,NOS
/nfl/rankings/ppr-rb-cheatsheets.php,redraft-rb,rp,Dylan Sampson,27102,RB,CLE,47.92,4.23,40,61,,dylan-sampson.php,,,37.5,,,,,,11.0,Dylan Sampson,2026-05-29,CLE
/nfl/rankings/ppr-rb-cheatsheets.php,redraft-rb,rp,Jonathon Brooks,26148,RB,CAR,48.31,10.31,34,73,,jonathon-brooks.php,,,61.4,,,,,,5.0,Jonathon Brooks,2026-05-29,CAR
/nfl/rankings/ppr-rb-cheatsheets.php,redraft-rb,rp,Chris Rodriguez Jr.,22986,RB,JAC,48.61,8.34,38,72,,chris-rodriguez-jr.php,,,53.9,,,,,,7.0,Chris Rodriguez,2026-05-29,JAC
/nfl/rankings/ppr-rb-cheatsheets.php,redraft-rb,rp,Isiah Pacheco,24333,RB,DET,49.94,3.85,39,57,,isiah-pacheco.php,,,59.5,,,,,,6.0,Isiah Pacheco,2026-05-29,DET
/nfl/rankings/ppr-rb-cheatsheets.php,redraft-rb,rp,James Conner,16447,RB,ARI,50.06,9.36,31,83,,james-conner.php,,,41.1,,,,,,14.0,James Conner,2026-05-29,ARI
/nfl/rankings/ppr-rb-cheatsheets.php,redraft-rb,rp,Jonah Coleman,27320,RB,DEN,52.29,7.13,42,79,,jonah-coleman.php,,,43.4,,,,,,10.0,Jonah Coleman,2026-05-29,DEN
/nfl/rankings/ppr-rb-cheatsheets.php,redraft-rb,rp,Braelon Allen,24346,RB,NYJ,53.44,5.89,39,73,,braelon-allen.php,,,34.6,,,,,,13.0,Braelon Allen,2026-05-29,NYJ
/nfl/rankings/ppr-rb-cheatsheets.php,redraft-rb,rp,Keaton Mitchell,25360,RB,LAC,53.61,4.6,45,70,,keaton-mitchell.php,,,39.7,,,,,,7.0,Keaton Mitchell,2026-05-29,LAC
/nfl/rankings/ppr-rb-cheatsheets.php,redraft-rb,rp,Emanuel Wilson,25885,RB,SEA,56.28,7.52,40,71,,emanuel-wilson.php,,,30.0,,,,,,11.0,Emanuel Wilson,2026-05-29,SEA
/nfl/rankings/ppr-rb-cheatsheets.php,redraft-rb,rp,Brian Robinson Jr.,20094,RB,ATL,56.47,3.56,49,66,,brian-robinson-jr.php,,,40.0,,,,,,11.0,Brian Robinson,2026-05-29,ATL
/nfl/rankings/ppr-rb-cheatsheets.php,redraft-rb,rp,Emmett Johnson,28107,RB,KC,57.8,7.91,48,95,,emmett-johnson.php,,,31.8,,,,,,5.0,Emmett Johnson,2026-05-29,KCC
/nfl/rankings/ppr-rb-cheatsheets.php,redraft-rb,rp,Tank Bigsby,22908,RB,PHI,58.67,3.46,51,65,,tank-bigsby.php,,,28.1,,,,,,10.0,Tank Bigsby,2026-05-29,PHI
/nfl/rankings/ppr-rb-cheatsheets.php,redraft-rb,rp,Mike Washington Jr.,28108,RB,LV,60.35,8.34,48,96,,mike-washington-jr.php,,,30.9,,,,,,13.0,Mike Washington,2026-05-29,LVR
/nfl/rankings/ppr-rb-cheatsheets.php,redraft-rb,rp,Kimani Vidal,26355,RB,LAC,60.75,5.35,52,73,,kimani-vidal.php,,,25.1,,,,,,7.0,Kimani Vidal,2026-05-29,LAC
/nfl/rankings/ppr-rb-cheatsheets.php,redraft-rb,rp,Nicholas Singleton,24343,RB,TEN,62.24,10.86,45,90,,nick-singleton.php,,,30.7,,,,,,9.0,Nicholas Singleton,2026-05-29,TEN
/nfl/rankings/ppr-rb-cheatsheets.php,redraft-rb,rp,Kaytron Allen,24362,RB,WAS,63.26,10.15,47,93,,kaytron-allen.php,,,24.8,,,,,,7.0,Kaytron Allen,2026-05-29,WAS
/nfl/rankings/ppr-rb-cheatsheets.php,redraft-rb,rp,Sean Tucker,23679,RB,TB,63.83,4.78,54,78,,sean-tucker.php,,,22.5,,,,,,10.0,Sean Tucker,2026-05-29,TBB
/nfl/rankings/ppr-rb-cheatsheets.php,redraft-rb,rp,Ray Davis,26191,RB,BUF,63.89,4.82,52,74,,ray-davis.php,,,20.9,,,,,,7.0,Ray Davis,2026-05-29,BUF
/nfl/rankings/ppr-rb-cheatsheets.php,redraft-rb,rp,Jaylen Wright,25987,RB,MIA,64.89,5.62,54,81,,jaylen-wright.php,,,18.1,,,,,,6.0,Jaylen Wright,2026-05-29,MIA
/nfl/rankings/ppr-rb-cheatsheets.php,redraft-rb,rp,Ollie Gordon II,25984,RB,MIA,70.19,5.61,53,80,,ollie-gordon.php,,,9.9,,,,,,6.0,Ollie Gordon,2026-05-29,MIA
/nfl/rankings/ppr-rb-cheatsheets.php,redraft-rb,rp,Demond Claiborne,28084,RB,MIN,71.83,9.35,57,100,,demond-claiborne.php,,,18.0,,,,,,6.0,Demond Claiborne,2026-05-29,MIN
/nfl/rankings/ppr-rb-cheatsheets.php,redraft-rb,rp,Devin Neal,23682,RB,NO,69.06,9.25,58,105,,devin-neal.php,,,15.1,,,,,,8.0,Devin Neal,2026-05-29,NOS
/nfl/rankings/ppr-rb-cheatsheets.php,redraft-rb,rp,Trey Benson,25388,RB,ARI,69.82,14.34,42,98,,trey-benson.php,,,23.1,,,,,,14.0,Trey Benson,2026-05-29,ARI
/nfl/rankings/ppr-rb-cheatsheets.php,redraft-rb,rp,Kaleb Johnson,27165,RB,PIT,69.88,10.1,50,98,,kaleb-johnson-rb.php,,,17.6,,,,,,9.0,Kaleb Johnson,2026-05-29,PIT
/nfl/rankings/ppr-rb-cheatsheets.php,redraft-rb,rp,Adam Randall,24367,RB,BAL,77.6,9.11,65,101,,adam-randall.php,,,8.1,,,,,,13.0,Adam Randall,2026-05-29,BAL
/nfl/rankings/ppr-rb-cheatsheets.php,redraft-rb,rp,Najee Harris,19302,RB,LAC,73.59,7.66,56,90,,najee-harris-rb.php,,,16.2,,,,,,7.0,Najee Harris,2026-05-29,LAC
/nfl/rankings/ppr-rb-cheatsheets.php,redraft-rb,rp,Isaiah Davis,25977,RB,NYJ,73.59,6.83,64,95,,isaiah-davis.php,,,5.8,,,,,,13.0,Isaiah Davis,2026-05-29,NYJ
/nfl/rankings/ppr-rb-cheatsheets.php,redraft-rb,rp,Brashard Smith,27259,RB,KC,74.66,6.93,66,98,,brashard-smith.php,,,11.5,,,,,,5.0,Brashard Smith,2026-05-29,KCC
/nfl/rankings/ppr-rb-cheatsheets.php,redraft-rb,rp,Kendre Miller,24360,RB,NO,76.42,10.85,58,106,,kendre-miller.php,,,8.7,,,,,,8.0,Kendre Miller,2026-05-29,NOS
/nfl/rankings/ppr-rb-cheatsheets.php,redraft-rb,rp,Justice Hill,18256,RB,BAL,79.29,6.31,62,91,,justice-hill.php,,,10.7,,,,,,13.0,Justice Hill,2026-05-29,BAL
/nfl/rankings/ppr-rb-cheatsheets.php,redraft-rb,rp,Ty Johnson,18406,RB,BUF,77.84,7.23,67,110,,ty-johnson.php,,,6.6,,,,,,7.0,Ty Johnson,2026-05-29,BUF
/nfl/rankings/ppr-rb-cheatsheets.php,redraft-rb,rp,LeQuint Allen Jr.,27285,RB,JAC,77.55,8.46,58,92,,lequint-allen-jr.php,,,10.9,,,,,,7.0,LeQuint Allen,2026-05-29,JAC
/nfl/rankings/ppr-rb-cheatsheets.php,redraft-rb,rp,Jaydon Blue,24344,RB,DAL,80.64,8.41,66,107,,jaydon-blue.php,,,15.6,,,,,,14.0,Jaydon Blue,2026-05-29,DAL
/nfl/rankings/ppr-rb-cheatsheets.php,redraft-rb,rp,Jaleel McLaughlin,25876,RB,DEN,79.19,10.3,63,102,,jaleel-mclaughlin.php,,,1.4,,,,,,10.0,Jaleel McLaughlin,2026-05-29,DEN
/nfl/rankings/ppr-rb-cheatsheets.php,redraft-rb,rp,Jerome Ford,22921,RB,WAS,80.72,6.57,67,94,,jerome-ford.php,,,5.4,,,,,,7.0,Jerome Ford,2026-05-29,WAS
/nfl/rankings/ppr-rb-cheatsheets.php,redraft-rb,rp,Chris Brooks,25823,RB,GB,81.59,8.4,58,91,,christopher-brooks.php,,,7.2,,,,,,11.0,Chris Brooks,2026-05-29,GBP
/nfl/rankings/ppr-rb-cheatsheets.php,redraft-rb,rp,DJ Giddens,27097,RB,IND,80.32,8.63,66,102,,dj-giddens.php,,,6.9,,,,,,13.0,DJ Giddens,2026-05-29,IND
/nfl/rankings/ppr-rb-cheatsheets.php,redraft-rb,rp,George Holani,22915,RB,SEA,81.16,7.77,65,98,,george-holani.php,,,10.7,,,,,,11.0,George Holani,2026-05-29,SEA
/nfl/rankings/ppr-rb-cheatsheets.php,redraft-rb,rp,MarShawn Lloyd,23118,RB,GB,84.63,10.53,59,100,,marshawn-lloyd.php,,,10.2,,,,,,11.0,MarShawn Lloyd,2026-05-29,GBP
/nfl/rankings/ppr-rb-cheatsheets.php,redraft-rb,rp,Isaac Guerendo,26392,RB,SF,84.39,8.39,69,99,,isaac-guerendo.php,,,3.4,,,,,,8.0,Isaac Guerendo,2026-05-29,SFO
/nfl/rankings/ppr-rb-cheatsheets.php,redraft-rb,rp,Seth McGowan,23079,RB,IND,89.77,6.81,73,102,,seth-mcgowan.php,,,3.1,,,,,,13.0,Seth McGowan,2026-05-29,IND
/nfl/rankings/ppr-rb-cheatsheets.php,redraft-rb,rp,Devin Singletary,18280,RB,NYG,84.77,5.96,70,95,,devin-singletary.php,,,3.4,,,,,,8.0,Devin Singletary,2026-05-29,NYG
/nfl/rankings/ppr-rb-cheatsheets.php,redraft-rb,rp,Malik Davis,24205,RB,DAL,87.0,6.43,74,98,,malik-davis.php,,,4.0,,,,,,14.0,Malik Davis,2026-05-29,DAL
/nfl/rankings/ppr-rb-cheatsheets.php,redraft-rb,rp,Jordan James,27310,RB,SF,85.13,14.28,56,116,,jordan-james.php,,,16.4,,,,,,8.0,Jordan James,2026-05-29,SFO
/nfl/rankings/ppr-rb-cheatsheets.php,redraft-rb,rp,Samaje Perine,16423,RB,CIN,87.66,10.74,59,119,,samaje-perine.php,,,5.2,,,,,,6.0,Samaje Perine,2026-05-29,CIN
/nfl/rankings/ppr-rb-cheatsheets.php,redraft-rb,rp,Joe Mixon,16420,RB,FA,84.96,12.89,52,100,,joe-mixon.php,,,15.9,,,,,,,Joe Mixon,2026-05-29,FA
/nfl/rankings/ppr-rb-cheatsheets.php,redraft-rb,rp,Emari Demercado,25654,RB,KC,90.0,5.74,79,102,,emari-demercado.php,,,4.2,,,,,,5.0,Emari Demercado,2026-05-29,KCC
/nfl/rankings/ppr-rb-cheatsheets.php,redraft-rb,rp,Tahj Brooks,26212,RB,CIN,90.4,6.43,77,105,,tahj-brooks.php,,,2.6,,,,,,6.0,Tahj Brooks,2026-05-29,CIN
/nfl/rankings/ppr-rb-cheatsheets.php,redraft-rb,rp,Jarquez Hunter,24335,RB,LAR,89.9,7.84,68,103,,jarquez-hunter.php,,,5.6,,,,,,11.0,Jarquez Hunter,2026-05-29,LAR
/nfl/rankings/ppr-rb-cheatsheets.php,redraft-rb,rp,Trevor Etienne,25393,RB,CAR,91.37,5.17,81,100,,trevor-etienne.php,,,3.8,,,,,,5.0,Trevor Etienne,2026-05-29,CAR
/nfl/rankings/ppr-rb-cheatsheets.php,redraft-rb,rp,Audric Estime,23054,RB,NO,93.85,6.6,81,105,,audric-estime.php,,,6.3,,,,,,8.0,Audric Estime,2026-05-29,NOS
/nfl/rankings/ppr-rb-cheatsheets.php,redraft-rb,rp,J'Mari Taylor,28109,RB,JAC,100.9,5.17,94,114,,jmari-taylor.php,,,5.2,,,,,,7.0,JMari Taylor,2026-05-29,JAC
/nfl/rankings/ppr-rb-cheatsheets.php,redraft-rb,rp,Bam Knight,24901,RB,ARI,89.09,12.25,67,108,,zonovan-bam-knight.php,,,1.2,,,,,,14.0,Bam Knight,2026-05-29,ARI
/nfl/rankings/ppr-rb-cheatsheets.php,redraft-rb,rp,Kareem Hunt,16425,RB,FA,94.84,10.34,77,121,,kareem-hunt.php,,,3.1,,,,,,,Kareem Hunt,2026-05-29,FA
/nfl/rankings/ppr-rb-cheatsheets.php,redraft-rb,rp,Kaelon Black,28401,RB,SF,81.69,13.04,62,100,,kaelon-black.php,,,10.4,,,,,,8.0,Kaelon Black,2026-05-29,SFO
/nfl/rankings/ppr-rb-cheatsheets.php,redraft-rb,rp,Will Shipley,22930,RB,PHI,95.74,4.29,87,102,,will-shipley.php,,,3.2,,,,,,10.0,Will Shipley,2026-05-29,PHI
/nfl/rankings/ppr-rb-cheatsheets.php,redraft-rb,rp,Eli Heidenreich,28297,RB,PIT,85.45,15.65,58,108,,eli-heidenreich.php,,,3.0,,,,,,9.0,Eli Heidenreich,2026-05-29,PIT
/nfl/rankings/ppr-rb-cheatsheets.php,redraft-rb,rp,Michael Carter,22728,RB,TEN,99.94,6.83,93,120,,michael-carter-rb.php,,,1.8,,,,,,9.0,Michael Carter,2026-05-29,TEN
/nfl/rankings/ppr-rb-cheatsheets.php,redraft-rb,rp,Nick Chubb,17246,RB,FA,99.36,3.15,94,104,,nick-chubb.php,,,2.3,,,,,,,Nick Chubb,2026-05-29,FA
/nfl/rankings/ppr-rb-cheatsheets.php,redraft-rb,rp,Austin Ekeler,16483,RB,FA,103.0,6.84,95,119,,austin-ekeler.php,,,2.6,,,,,,,Austin Ekeler,2026-05-29,FA
/nfl/rankings/ppr-rb-cheatsheets.php,redraft-rb,rp,Raheim Sanders,24351,RB,CLE,103.0,6.85,90,110,,raheim-sanders.php,,,1.1,,,,,,11.0,Raheim Sanders,2026-05-29,CLE
/nfl/rankings/ppr-rb-cheatsheets.php,redraft-rb,rp,Jawhar Jordan,26329,RB,HOU,103.38,5.5,95,113,,jawhar-jordan.php,,,1.1,,,,,,8.0,Jawhar Jordan,2026-05-29,HOU
/nfl/rankings/ppr-rb-cheatsheets.php,redraft-rb,rp,Dameon Pierce,22947,RB,PHI,105.43,4.14,98,112,,dameon-pierce.php,,,1.2,,,,,,10.0,Dameon Pierce,2026-05-29,PHI
/nfl/rankings/ppr-rb-cheatsheets.php,redraft-rb,rp,Terrell Jennings,26964,RB,NE,105.6,8.64,96,117,,terrell-jennings.php,,,0.6,,,,,,11.0,Terrell Jennings,2026-05-29,NEP
/nfl/rankings/ppr-rb-cheatsheets.php,redraft-rb,rp,Antonio Gibson,19624,RB,FA,109.0,9.7,98,122,,antonio-gibson.php,,,0.8,,,,,,,Antonio Gibson,2026-05-29,FA
/nfl/rankings/ppr-rb-cheatsheets.php,redraft-rb,rp,Jam Miller,27326,RB,NE,104.25,8.2,94,116,,jam-miller.php,,,2.2,,,,,,11.0,Jam Miller,2026-05-29,NEP
/nfl/rankings/ppr-rb-cheatsheets.php,redraft-rb,rp,Damien Martinez,25976,RB,GB,105.0,7.91,97,118,,damien-martinez.php,,,0.7,,,,,,11.0,Damien Martinez,2026-05-29,GBP
/nfl/rankings/ppr-rb-cheatsheets.php,redraft-rb,rp,Roschon Johnson,25322,RB,CHI,106.67,10.66,92,117,,roschon-johnson.php,,,0.7,,,,,,10.0,Roschon Johnson,2026-05-29,CHI
/nfl/rankings/ppr-rb-cheatsheets.php,redraft-rb,rp,Ty Chandler,19471,RB,NO,101.0,11.0,90,112,,ty-chandler.php,,,0.6,,,,,,8.0,Ty Chandler,2026-05-29,NOS
/nfl/rankings/ppr-rb-cheatsheets.php,redraft-rb,rp,Robert Henry Jr.,28404,RB,WAS,111.0,2.45,108,114,,robert-henry-jr.php,,,0.0,,,,,,7.0,Robert Henry,2026-05-29,WAS
/nfl/rankings/ppr-rb-cheatsheets.php,redraft-rb,rp,Tyler Badie,23812,RB,DEN,109.0,4.0,105,113,,tyler-badie.php,,,1.0,,,,,,10.0,Tyler Badie,2026-05-29,DEN
/nfl/rankings/ppr-rb-cheatsheets.php,redraft-rb,rp,Phil Mafah,22928,RB,DAL,115.33,2.05,113,118,,phil-mafah.php,,,1.1,,,,,,14.0,Phil Mafah,2026-05-29,DAL
/nfl/rankings/ppr-rb-cheatsheets.php,redraft-rb,rp,Miles Sanders,18283,RB,FA,121.5,3.5,118,125,,miles-sanders.php,,,0.7,,,,,,,Miles Sanders,2026-05-29,FA
/nfl/rankings/ppr-te-cheatsheets.php,redraft-te,rp,Trey McBride,22936,TE,ARI,1.18,0.39,1,2,,trey-mcbride.php,,,98.8,,,,,,14.0,Trey McBride,2026-05-29,ARI
/nfl/rankings/ppr-te-cheatsheets.php,redraft-te,rp,Brock Bowers,22955,TE,LV,1.82,0.39,1,2,,brock-bowers.php,,,98.8,,,,,,13.0,Brock Bowers,2026-05-29,LVR
/nfl/rankings/ppr-te-cheatsheets.php,redraft-te,rp,Colston Loveland,26006,TE,CHI,3.21,0.59,2,5,,colston-loveland.php,,,98.6,,,,,,10.0,Colston Loveland,2026-05-29,CHI
/nfl/rankings/ppr-te-cheatsheets.php,redraft-te,rp,Tyler Warren,26434,TE,IND,4.12,0.64,3,6,,tyler-warren.php,,,98.3,,,,,,13.0,Tyler Warren,2026-05-29,IND
/nfl/rankings/ppr-te-cheatsheets.php,redraft-te,rp,Tucker Kraft,25298,TE,GB,5.88,1.37,4,9,,tucker-kraft.php,,,92.7,,,,,,11.0,Tucker Kraft,2026-05-29,GBP
/nfl/rankings/ppr-te-cheatsheets.php,redraft-te,rp,Harold Fannin Jr.,27050,TE,CLE,6.0,1.35,4,11,,harold-fannin-jr.php,,,95.1,,,,,,11.0,Harold Fannin,2026-05-29,CLE
/nfl/rankings/ppr-te-cheatsheets.php,redraft-te,rp,Kyle Pitts Sr.,20164,TE,ATL,7.06,1.15,5,10,,kyle-pitts.php,,,95.9,,,,,,11.0,Kyle Pitts,2026-05-29,ATL
/nfl/rankings/ppr-te-cheatsheets.php,redraft-te,rp,Sam LaPorta,22978,TE,DET,7.79,0.91,6,10,,sam-laporta.php,,,95.1,,,,,,6.0,Sam LaPorta,2026-05-29,DET
/nfl/rankings/ppr-te-cheatsheets.php,redraft-te,rp,Jake Ferguson,22718,TE,DAL,11.0,1.76,8,14,,jake-ferguson.php,,,90.9,,,,,,14.0,Jake Ferguson,2026-05-29,DAL
/nfl/rankings/ppr-te-cheatsheets.php,redraft-te,rp,Dalton Kincaid,25247,TE,BUF,11.36,1.86,9,16,,dalton-kincaid.php,,,73.0,,,,,-2.0,7.0,Dalton Kincaid,2026-05-29,BUF
/nfl/rankings/ppr-te-cheatsheets.php,redraft-te,rp,Travis Kelce,11594,TE,KC,11.45,2.9,6,19,,travis-kelce.php,,,91.9,,,,,,5.0,Travis Kelce,2026-05-29,KCC
/nfl/rankings/ppr-te-cheatsheets.php,redraft-te,rp,George Kittle,16499,TE,SF,13.06,3.54,5,24,,george-kittle.php,,,92.3,,,,,2.0,8.0,George Kittle,2026-05-29,SFO
/nfl/rankings/ppr-te-cheatsheets.php,redraft-te,rp,Isaiah Likely,23781,TE,NYG,13.76,3.23,8,21,,isaiah-likely.php,,,86.1,,,,,,8.0,Isaiah Likely,2026-05-29,NYG
/nfl/rankings/ppr-te-cheatsheets.php,redraft-te,rp,Dallas Goedert,17270,TE,PHI,14.52,2.45,8,19,,dallas-goedert.php,,,91.0,,,,,,10.0,Dallas Goedert,2026-05-29,PHI
/nfl/rankings/ppr-te-cheatsheets.php,redraft-te,rp,Oronde Gadsden II,25997,TE,LAC,15.42,5.69,9,28,,oronde-gadsden-ii.php,,,68.7,,,,,-2.0,7.0,Oronde Gadsden,2026-05-29,LAC
/nfl/rankings/ppr-te-cheatsheets.php,redraft-te,rp,Juwan Johnson,19562,TE,NO,16.0,2.34,12,23,,juwan-johnson.php,,,59.8,,,,,,8.0,Juwan Johnson,2026-05-29,NOS
/nfl/rankings/ppr-te-cheatsheets.php,redraft-te,rp,Mark Andrews,17269,TE,BAL,17.09,2.72,10,21,,mark-andrews.php,,,87.0,,,,,,13.0,Mark Andrews,2026-05-29,BAL
/nfl/rankings/ppr-te-cheatsheets.php,redraft-te,rp,Brenton Strange,25345,TE,JAC,17.15,2.62,11,24,,brenton-strange.php,,,59.6,,,,,,7.0,Brenton Strange,2026-05-29,JAC
/nfl/rankings/ppr-te-cheatsheets.php,redraft-te,rp,Hunter Henry,15561,TE,NE,18.94,1.61,15,23,,hunter-henry.php,,,68.4,,,,,,11.0,Hunter Henry,2026-05-29,NEP
/nfl/rankings/ppr-te-cheatsheets.php,redraft-te,rp,Chig Okonkwo,23982,TE,WAS,20.12,4.56,11,31,,chigoziem-okonkwo.php,,,42.8,,,,,,7.0,Chigoziem Okonkwo,2026-05-29,WAS
/nfl/rankings/ppr-te-cheatsheets.php,redraft-te,rp,Dalton Schultz,17349,TE,HOU,20.12,2.51,15,26,,dalton-schultz.php,,,38.1,,,,,,8.0,Dalton Schultz,2026-05-29,HOU
/nfl/rankings/ppr-te-cheatsheets.php,redraft-te,rp,T.J. Hockenson,18290,TE,MIN,21.64,2.06,16,27,,tj-hockenson.php,,,67.4,,,,,,6.0,TJ Hockenson,2026-05-29,MIN
/nfl/rankings/ppr-te-cheatsheets.php,redraft-te,rp,Kenyon Sadiq,26055,TE,NYJ,22.76,3.53,15,33,,kenyon-sadiq.php,,,75.0,,,,,,13.0,Kenyon Sadiq,2026-05-29,NYJ
/nfl/rankings/ppr-te-cheatsheets.php,redraft-te,rp,AJ Barner,26335,TE,SEA,24.48,2.03,19,29,,aj-barner.php,,,41.6,,,,,,11.0,AJ Barner,2026-05-29,SEA
/nfl/rankings/ppr-te-cheatsheets.php,redraft-te,rp,Gunnar Helm,27109,TE,TEN,25.73,3.43,22,40,,gunnar-helm.php,,,26.0,,,,,,9.0,Gunnar Helm,2026-05-29,TEN
/nfl/rankings/ppr-te-cheatsheets.php,redraft-te,rp,David Njoku,16399,TE,LAC,27.39,2.97,21,34,,david-njoku.php,,,34.0,,,,,,7.0,David Njoku,2026-05-29,LAC
/nfl/rankings/ppr-te-cheatsheets.php,redraft-te,rp,Terrance Ferguson,23091,TE,LAR,28.0,2.46,23,35,,terrance-ferguson.php,,,26.9,,,,,,11.0,Terrance Ferguson,2026-05-29,LAR
/nfl/rankings/ppr-te-cheatsheets.php,redraft-te,rp,Cade Otton,23181,TE,TB,29.09,2.25,23,35,,cade-otton.php,,,26.8,,,,,,10.0,Cade Otton,2026-05-29,TBB
/nfl/rankings/ppr-te-cheatsheets.php,redraft-te,rp,Mason Taylor,26005,TE,NYJ,30.45,5.43,21,50,,mason-taylor.php,,,22.6,,,,,,13.0,Mason Taylor,2026-05-29,NYJ
/nfl/rankings/ppr-te-cheatsheets.php,redraft-te,rp,Pat Freiermuth,20163,TE,PIT,30.48,2.9,25,39,,pat-freiermuth.php,,,25.0,,,,,,9.0,Pat Freiermuth,2026-05-29,PIT
/nfl/rankings/ppr-te-cheatsheets.php,redraft-te,rp,Eli Stowers,23144,TE,PHI,30.61,5.75,21,54,,eli-stowers.php,,,30.8,,,,,,10.0,Eli Stowers,2026-05-29,PHI
/nfl/rankings/ppr-te-cheatsheets.php,redraft-te,rp,Colby Parkinson,19372,TE,LAR,31.88,2.88,25,40,,colby-parkinson.php,,,24.5,,,,,,11.0,Colby Parkinson,2026-05-29,LAR
/nfl/rankings/ppr-te-cheatsheets.php,redraft-te,rp,Theo Johnson,23104,TE,NYG,33.3,4.02,21,39,,theo-johnson.php,,,22.0,,,,,,8.0,Theo Johnson,2026-05-29,NYG
/nfl/rankings/ppr-te-cheatsheets.php,redraft-te,rp,Evan Engram,16411,TE,DEN,32.32,2.89,28,38,,evan-engram.php,,,18.9,,,,,,10.0,Evan Engram,2026-05-29,DEN
/nfl/rankings/ppr-te-cheatsheets.php,redraft-te,rp,Max Klare,27993,TE,LAR,38.0,3.63,33,46,,max-klare.php,,,16.8,,,,,,11.0,Max Klare,2026-05-29,LAR
/nfl/rankings/ppr-te-cheatsheets.php,redraft-te,rp,Jake Tonges,24778,TE,SF,34.24,4.76,24,49,,jake-tonges.php,,,26.3,,,,,,8.0,Jake Tonges,2026-05-29,SFO
/nfl/rankings/ppr-te-cheatsheets.php,redraft-te,rp,Oscar Delp,25430,TE,NO,45.38,9.97,35,66,,oscar-delp.php,,,6.9,,,,,,8.0,Oscar Delp,2026-05-29,NOS
/nfl/rankings/ppr-te-cheatsheets.php,redraft-te,rp,Mike Gesicki,17272,TE,CIN,35.48,2.34,30,41,,mike-gesicki.php,,,18.5,,,,,,6.0,Mike Gesicki,2026-05-29,CIN
/nfl/rankings/ppr-te-cheatsheets.php,redraft-te,rp,Greg Dulcich,23153,TE,MIA,28.47,7.02,13,37,,greg-dulcich.php,,,15.6,,,,,,6.0,Greg Dulcich,2026-05-29,MIA
/nfl/rankings/ppr-te-cheatsheets.php,redraft-te,rp,Darnell Washington,22967,TE,PIT,40.31,4.65,34,54,,darnell-washington.php,,,14.8,,,,,,9.0,Darnell Washington,2026-05-29,PIT
/nfl/rankings/ppr-te-cheatsheets.php,redraft-te,rp,Noah Gray,19539,TE,KC,42.15,4.87,36,55,,noah-gray.php,,,7.5,,,,,,5.0,Noah Gray,2026-05-29,KCC
/nfl/rankings/ppr-te-cheatsheets.php,redraft-te,rp,Tyler Higbee,15623,TE,LAR,42.0,8.25,31,65,,tyler-higbee.php,,,6.1,,,,,,11.0,Tyler Higbee,2026-05-29,LAR
/nfl/rankings/ppr-te-cheatsheets.php,redraft-te,rp,Elijah Arroyo,23004,TE,SEA,42.5,3.91,37,48,,elijah-arroyo.php,,,12.7,,,,,,11.0,Elijah Arroyo,2026-05-29,SEA
/nfl/rankings/ppr-te-cheatsheets.php,redraft-te,rp,Justin Joly,28079,TE,DEN,44.78,6.99,31,57,,justin-joly.php,,,9.8,,,,,,10.0,Justin Joly,2026-05-29,DEN
/nfl/rankings/ppr-te-cheatsheets.php,redraft-te,rp,Ja'Tavion Sanders,24334,TE,CAR,42.0,4.0,37,50,,jatavion-sanders.php,,,7.8,,,,,,5.0,JaTavion Sanders,2026-05-29,CAR
/nfl/rankings/ppr-te-cheatsheets.php,redraft-te,rp,Michael Mayer,23056,TE,LV,44.88,7.47,36,62,,michael-mayer.php,,,16.2,,,,,,13.0,Michael Mayer,2026-05-29,LVR
/nfl/rankings/ppr-te-cheatsheets.php,redraft-te,rp,Ben Sinnott,26310,TE,WAS,48.14,6.47,42,59,,ben-sinnott.php,,,4.7,,,,,,7.0,Ben Sinnott,2026-05-29,WAS
/nfl/rankings/ppr-te-cheatsheets.php,redraft-te,rp,Cole Kmet,19229,TE,CHI,46.5,3.69,41,51,,cole-kmet.php,,,12.3,,,,,,10.0,Cole Kmet,2026-05-29,CHI
/nfl/rankings/ppr-te-cheatsheets.php,redraft-te,rp,Tommy Myers,25167,TE,FA,41.8,7.98,34,57,,tommy-myers.php,,,0.0,,,,,,,Tommy Myers,2026-05-29,FA
/nfl/rankings/ppr-te-cheatsheets.php,redraft-te,rp,Darren Waller,14104,TE,FA,46.83,3.48,42,52,,darren-waller.php,,,5.9,,,,,,,Darren Waller,2026-05-29,FA
/nfl/rankings/ppr-te-cheatsheets.php,redraft-te,rp,Dawson Knox,18631,TE,BUF,49.0,3.21,46,55,,dawson-knox.php,,,11.6,,,,,,7.0,Dawson Knox,2026-05-29,BUF
/nfl/rankings/ppr-te-cheatsheets.php,redraft-te,rp,John Bates,22833,TE,WAS,48.6,9.13,38,61,,john-bates.php,,,0.7,,,,,,7.0,John Bates,2026-05-29,WAS
/nfl/rankings/ppr-te-cheatsheets.php,redraft-te,rp,Luke Musgrave,25282,TE,GB,52.33,4.07,49,61,,luke-musgrave.php,,,7.0,,,,,,11.0,Luke Musgrave,2026-05-29,GBP
/nfl/rankings/ppr-te-cheatsheets.php,redraft-te,rp,Noah Fant,17527,TE,NO,50.4,3.61,46,56,,noah-fant.php,,,4.2,,,,,,8.0,Noah Fant,2026-05-29,NOS
/nfl/rankings/ppr-te-cheatsheets.php,redraft-te,rp,Zach Ertz,11689,TE,FA,51.0,3.03,47,56,,zach-ertz.php,,,5.5,,,,,,,Zach Ertz,2026-05-29,FA
/nfl/rankings/ppr-te-cheatsheets.php,redraft-te,rp,Eli Raridon,28154,TE,NE,54.0,8.51,40,65,,eli-raridon.php,,,4.5,,,,,,11.0,Eli Raridon,2026-05-29,NEP
/nfl/rankings/ppr-te-cheatsheets.php,redraft-te,rp,Daniel Bellinger,24238,TE,TEN,52.5,9.71,36,60,,daniel-bellinger.php,,,4.9,,,,,,9.0,Daniel Bellinger,2026-05-29,TEN
/nfl/rankings/ppr-te-cheatsheets.php,redraft-te,rp,Jonnu Smith,16460,TE,FA,50.0,12.08,33,60,,jonnu-smith.php,,,6.3,,,,,,,Jonnu Smith,2026-05-29,FA
/nfl/rankings/ppr-te-cheatsheets.php,redraft-te,rp,Elijah Higgins,23119,TE,ARI,56.0,2.55,53,59,,elijah-higgins.php,,,3.0,,,,,,14.0,Elijah Higgins,2026-05-29,ARI
/nfl/rankings/ppr-te-cheatsheets.php,redraft-te,rp,Marlin Klein,28157,TE,HOU,54.0,6.98,45,62,,marlin-klein.php,,,2.6,,,,,,8.0,Marlin Klein,2026-05-29,HOU
/nfl/rankings/ppr-te-cheatsheets.php,redraft-te,rp,Sam Roush,28161,TE,CHI,60.25,8.07,54,74,,sam-roush.php,,,1.4,,,,,,10.0,Sam Roush,2026-05-29,CHI
/nfl/rankings/ppr-te-cheatsheets.php,redraft-te,rp,Tommy Tremble,22795,TE,CAR,57.33,8.81,45,65,,tommy-tremble.php,,,2.3,,,,,,5.0,Tommy Tremble,2026-05-29,CAR
/nfl/rankings/ppr-te-cheatsheets.php,redraft-te,rp,Austin Hooper,15581,TE,ATL,58.33,10.87,43,67,,austin-hooper.php,,,1.9,,,,,,11.0,Austin Hooper,2026-05-29,ATL
/nfl/rankings/ppr-te-cheatsheets.php,redraft-te,rp,Michael Trigg,23167,TE,DAL,59.67,2.62,56,62,,michael-trigg.php,,,14.1,,,,,,14.0,Michael Trigg,2026-05-29,DAL
/nfl/rankings/ppr-te-cheatsheets.php,redraft-te,rp,Mitchell Evans,27138,TE,CAR,60.0,4.97,53,64,,mitchell-evans.php,,,1.0,,,,,,5.0,Mitchell Evans,2026-05-29,CAR
/nfl/rankings/ppr-te-cheatsheets.php,redraft-te,rp,Nate Boerkircher,28427,TE,JAC,61.0,9.9,48,72,,nate-boerkircher.php,,,0.6,,,,,,7.0,Nate Boerkircher,2026-05-29,JAC
/nfl/rankings/ppr-te-cheatsheets.php,redraft-te,rp,Luke Schoonmaker,25267,TE,DAL,56.5,3.5,53,60,,luke-schoonmaker.php,,,1.0,,,,,,14.0,Luke Schoonmaker,2026-05-29,DAL
/nfl/rankings/ppr-te-cheatsheets.php,redraft-te,rp,Tyler Conklin,17598,TE,DET,57.0,6.0,51,63,,tyler-conklin.php,,,1.3,,,,,,6.0,Tyler Conklin,2026-05-29,DET
/nfl/rankings/ppr-te-cheatsheets.php,redraft-te,rp,Jackson Hawes,27469,TE,BUF,61.67,6.85,52,67,,jackson-hawes.php,,,1.0,,,,,,7.0,Jackson Hawes,2026-05-29,BUF
/nfl/rankings/ppr-te-cheatsheets.php,redraft-te,rp,Erick All Jr.,23837,TE,CIN,62.33,7.04,53,70,,erick-all.php,,,1.6,,,,,,6.0,Erick All,2026-05-29,CIN
/nfl/rankings/ppr-te-cheatsheets.php,redraft-te,rp,Thomas Fidone II,23039,TE,NYG,64.33,3.68,60,69,,thomas-fidone.php,,,1.0,,,,,,8.0,Thomas Fidone,2026-05-29,NYG
/nfl/rankings/ppr-te-cheatsheets.php,redraft-te,rp,Jack Endries,27501,TE,CIN,65.0,8.0,57,73,,jack-endries.php,,,4.4,,,,,,6.0,Jack Endries,2026-05-29,CIN
/nfl/rankings/ppr-te-cheatsheets.php,redraft-te,rp,Taysom Hill,17115,TE,FA,65.5,2.5,63,68,,taysom-hill.php,,,0.7,,,,,,,Taysom Hill,2026-05-29,FA
/nfl/rankings/ppr-te-cheatsheets.php,redraft-te,rp,Tanner Koziol,27499,TE,JAC,66.0,5.0,61,71,,tanner-koziol.php,,,1.1,,,,,,7.0,Tanner Koziol,2026-05-29,JAC
/nfl/rankings/ppr-wr-cheatsheets.php,redraft-wr,rp,Ja'Marr Chase,19788,WR,CIN,1.14,0.35,1,2,,jamarr-chase.php,,,99.0,,,,,,6.0,JaMarr Chase,2026-05-29,CIN
/nfl/rankings/ppr-wr-cheatsheets.php,redraft-wr,rp,Puka Nacua,23180,WR,LAR,1.94,0.47,1,3,,puka-nacua.php,,,99.3,,,,,,11.0,Puka Nacua,2026-05-29,LAR
/nfl/rankings/ppr-wr-cheatsheets.php,redraft-wr,rp,Jaxon Smith-Njigba,23070,WR,SEA,2.97,0.29,2,4,,jaxon-smith-njigba.php,,,99.4,,,,,,11.0,Jaxon Smith-Njigba,2026-05-29,SEA
/nfl/rankings/ppr-wr-cheatsheets.php,redraft-wr,rp,Amon-Ra St. Brown,19799,WR,DET,4.39,0.76,2,6,,amonra-stbrown.php,,,99.0,,,,,,6.0,Amon-Ra St Brown,2026-05-29,DET
/nfl/rankings/ppr-wr-cheatsheets.php,redraft-wr,rp,CeeDee Lamb,19202,WR,DAL,5.0,0.78,4,7,,ceedee-lamb.php,,,99.0,,,,,,14.0,CeeDee Lamb,2026-05-29,DAL
/nfl/rankings/ppr-wr-cheatsheets.php,redraft-wr,rp,Justin Jefferson,19236,WR,MIN,5.72,0.77,4,7,,justin-jefferson.php,,,98.9,,,,,,6.0,Justin Jefferson,2026-05-29,MIN
/nfl/rankings/ppr-wr-cheatsheets.php,redraft-wr,rp,Drake London,23163,WR,ATL,7.31,0.97,6,10,,drake-london.php,,,98.8,,,,,,11.0,Drake London,2026-05-29,ATL
/nfl/rankings/ppr-wr-cheatsheets.php,redraft-wr,rp,Nico Collins,20130,WR,HOU,9.08,1.77,7,14,,nico-collins.php,,,99.1,,,,,,8.0,Nico Collins,2026-05-29,HOU
/nfl/rankings/ppr-wr-cheatsheets.php,redraft-wr,rp,Malik Nabers,25409,WR,NYG,9.86,2.55,7,19,,malik-nabers.php,,,98.5,,,,,,8.0,Malik Nabers,2026-05-29,NYG
/nfl/rankings/ppr-wr-cheatsheets.php,redraft-wr,rp,George Pickens,22963,WR,DAL,10.94,1.18,9,13,,george-pickens.php,,,98.7,,,,,,14.0,George Pickens,2026-05-29,DAL
/nfl/rankings/ppr-wr-cheatsheets.php,redraft-wr,rp,Chris Olave,20111,WR,NO,11.44,2.11,8,16,,chris-olave.php,,,97.8,,,,,,8.0,Chris Olave,2026-05-29,NOS
/nfl/rankings/ppr-wr-cheatsheets.php,redraft-wr,rp,Rashee Rice,23113,WR,KC,12.33,3.95,7,23,,rashee-rice.php,,,97.8,,,,,-2.0,5.0,Rashee Rice,2026-05-29,KCC
/nfl/rankings/ppr-wr-cheatsheets.php,redraft-wr,rp,A.J. Brown,18218,WR,PHI,12.58,2.29,8,19,,aj-brown.php,,,98.8,,,,,,10.0,AJ Brown,2026-05-29,PHI
/nfl/rankings/ppr-wr-cheatsheets.php,redraft-wr,rp,Tetairoa McMillan,25417,WR,CAR,15.03,2.69,11,22,,tetairoa-mcmillan.php,,,97.9,,,,,,5.0,Tetairoa McMillan,2026-05-29,CAR
/nfl/rankings/ppr-wr-cheatsheets.php,redraft-wr,rp,Garrett Wilson,23072,WR,NYJ,15.61,1.87,11,21,,garrett-wilson.php,,,97.4,,,,,,13.0,Garrett Wilson,2026-05-29,NYJ
/nfl/rankings/ppr-wr-cheatsheets.php,redraft-wr,rp,DeVonta Smith,19222,WR,PHI,16.53,3.69,11,25,,devonta-smith.php,,,97.6,,,,,,10.0,DeVonta Smith,2026-05-29,PHI
/nfl/rankings/ppr-wr-cheatsheets.php,redraft-wr,rp,Tee Higgins,19211,WR,CIN,17.03,2.29,13,22,,tee-higgins.php,,,97.4,,,,,,6.0,Tee Higgins,2026-05-29,CIN
/nfl/rankings/ppr-wr-cheatsheets.php,redraft-wr,rp,Ladd McConkey,26122,WR,LAC,18.39,2.64,13,24,,ladd-mcconkey.php,,,96.9,,,,,,7.0,Ladd McConkey,2026-05-29,LAC
/nfl/rankings/ppr-wr-cheatsheets.php,redraft-wr,rp,Zay Flowers,22916,WR,BAL,20.17,3.54,13,28,,zay-flowers.php,,,97.1,,,,,,13.0,Zay Flowers,2026-05-29,BAL
/nfl/rankings/ppr-wr-cheatsheets.php,redraft-wr,rp,Jaylen Waddle,19790,WR,DEN,20.72,3.41,13,27,,jaylen-waddle.php,,,96.1,,,,,,10.0,Jaylen Waddle,2026-05-29,DEN
/nfl/rankings/ppr-wr-cheatsheets.php,redraft-wr,rp,Luther Burden III,27016,WR,CHI,21.22,3.15,16,32,,luther-burden-iii.php,,,94.4,,,,,,10.0,Luther Burden,2026-05-29,CHI
/nfl/rankings/ppr-wr-cheatsheets.php,redraft-wr,rp,Terry McLaurin,18466,WR,WAS,21.97,2.58,16,27,,terry-mclaurin.php,,,95.3,,,,,,7.0,Terry McLaurin,2026-05-29,WAS
/nfl/rankings/ppr-wr-cheatsheets.php,redraft-wr,rp,Emeka Egbuka,23062,WR,TB,22.47,3.44,13,30,,emeka-egbuka.php,,,95.8,,,,,,10.0,Emeka Egbuka,2026-05-29,TBB
/nfl/rankings/ppr-wr-cheatsheets.php,redraft-wr,rp,Davante Adams,12123,WR,LAR,23.11,2.92,18,33,,davante-adams.php,,,97.3,,,,,,11.0,Davante Adams,2026-05-29,LAR
/nfl/rankings/ppr-wr-cheatsheets.php,redraft-wr,rp,Mike Evans,12119,WR,SF,25.0,3.39,16,32,,mike-evans.php,,,93.7,,,,,,8.0,Mike Evans,2026-05-29,SFO
/nfl/rankings/ppr-wr-cheatsheets.php,redraft-wr,rp,Jameson Williams,23677,WR,DET,26.03,2.99,19,32,,jameson-williams.php,,,95.5,,,,,,6.0,Jameson Williams,2026-05-29,DET
/nfl/rankings/ppr-wr-cheatsheets.php,redraft-wr,rp,DJ Moore,17265,WR,BUF,27.25,5.69,15,48,,dj-moore-wr.php,,,94.6,,,,,,7.0,DJ Moore,2026-05-29,BUF
/nfl/rankings/ppr-wr-cheatsheets.php,redraft-wr,rp,Christian Watson,23886,WR,GB,29.17,4.11,23,41,,christian-watson.php,,,92.0,,,,,,11.0,Christian Watson,2026-05-29,GBP
/nfl/rankings/ppr-wr-cheatsheets.php,redraft-wr,rp,Rome Odunze,25411,WR,CHI,29.33,3.95,20,41,,rome-odunze.php,,,94.1,,,,,,10.0,Rome Odunze,2026-05-29,CHI
/nfl/rankings/ppr-wr-cheatsheets.php,redraft-wr,rp,Carnell Tate,26009,WR,TEN,30.2,5.87,19,44,,carnell-tate.php,,,92.8,,,,,,9.0,Carnell Tate,2026-05-29,TEN
/nfl/rankings/ppr-wr-cheatsheets.php,redraft-wr,rp,Marvin Harrison Jr.,23064,WR,ARI,32.72,3.91,27,49,,marvin-harrison-jr.php,,,92.3,,,,,,14.0,Marvin Harrison,2026-05-29,ARI
/nfl/rankings/ppr-wr-cheatsheets.php,redraft-wr,rp,Courtland Sutton,17253,WR,DEN,33.94,3.76,27,39,,courtland-sutton.php,,,92.8,,,,,,10.0,Courtland Sutton,2026-05-29,DEN
/nfl/rankings/ppr-wr-cheatsheets.php,redraft-wr,rp,Michael Wilson,25333,WR,ARI,35.42,4.3,26,47,,michael-wilson.php,,,90.7,,,,,,14.0,Michael Wilson,2026-05-29,ARI
/nfl/rankings/ppr-wr-cheatsheets.php,redraft-wr,rp,DK Metcalf,18219,WR,PIT,35.69,3.74,27,42,,dk-metcalf.php,,,93.6,,,,,,9.0,DK Metcalf,2026-05-29,PIT
/nfl/rankings/ppr-wr-cheatsheets.php,redraft-wr,rp,Chris Godwin Jr.,16406,WR,TB,36.08,4.09,25,47,,chris-godwin.php,,,89.7,,,,,,10.0,Chris Godwin,2026-05-29,TBB
/nfl/rankings/ppr-wr-cheatsheets.php,redraft-wr,rp,Alec Pierce,23791,WR,IND,36.17,4.92,28,45,,alec-pierce.php,,,91.1,,,,,,13.0,Alec Pierce,2026-05-29,IND
/nfl/rankings/ppr-wr-cheatsheets.php,redraft-wr,rp,Jordyn Tyson,26035,WR,NO,36.29,5.28,26,47,,jordyn-tyson.php,,,88.9,,,,,,8.0,Jordyn Tyson,2026-05-29,NOS
/nfl/rankings/ppr-wr-cheatsheets.php,redraft-wr,rp,Jakobi Meyers,18598,WR,JAC,37.83,3.46,30,44,,jakobi-meyers.php,,,89.4,,,,,,7.0,Jakobi Meyers,2026-05-29,JAC
/nfl/rankings/ppr-wr-cheatsheets.php,redraft-wr,rp,Michael Pittman Jr.,19278,WR,PIT,37.86,4.79,29,47,,michael-pittman.php,,,90.5,,,,,,9.0,Michael Pittman,2026-05-29,PIT
/nfl/rankings/ppr-wr-cheatsheets.php,redraft-wr,rp,Wan'Dale Robinson,22985,WR,TEN,39.42,4.1,33,50,,wandale-robinson.php,,,86.0,,,,,,9.0,WanDale Robinson,2026-05-29,TEN
/nfl/rankings/ppr-wr-cheatsheets.php,redraft-wr,rp,Brian Thomas Jr.,23000,WR,JAC,39.78,5.33,28,51,,brian-thomas-jr.php,,,91.4,,,,,,7.0,Brian Thomas,2026-05-29,JAC
/nfl/rankings/ppr-wr-cheatsheets.php,redraft-wr,rp,Makai Lemon,25420,WR,PHI,40.4,4.35,34,52,,makai-lemon.php,,,88.7,,,,,,10.0,Makai Lemon,2026-05-29,PHI
/nfl/rankings/ppr-wr-cheatsheets.php,redraft-wr,rp,Ricky Pearsall,26214,WR,SF,43.75,6.14,35,60,,ricky-pearsall.php,,,88.3,,,,,,8.0,Ricky Pearsall,2026-05-29,SFO
/nfl/rankings/ppr-wr-cheatsheets.php,redraft-wr,rp,Parker Washington,23106,WR,JAC,43.83,4.73,29,53,,parker-washington.php,,,89.8,,,,,,7.0,Parker Washington,2026-05-29,JAC
/nfl/rankings/ppr-wr-cheatsheets.php,redraft-wr,rp,Jordan Addison,23107,WR,MIN,44.5,2.72,37,49,,jordan-addison.php,,,88.1,,,,,,6.0,Jordan Addison,2026-05-29,MIN
/nfl/rankings/ppr-wr-cheatsheets.php,redraft-wr,rp,Josh Downs,24706,WR,IND,45.08,4.75,34,54,,josh-downs.php,,,81.7,,,,,,13.0,Josh Downs,2026-05-29,IND
/nfl/rankings/ppr-wr-cheatsheets.php,redraft-wr,rp,Jayden Reed,23020,WR,GB,47.78,3.01,41,55,,jayden-reed.php,,,81.8,,,,,,11.0,Jayden Reed,2026-05-29,GBP
/nfl/rankings/ppr-wr-cheatsheets.php,redraft-wr,rp,Khalil Shakir,23748,WR,BUF,48.03,3.41,37,53,,khalil-shakir.php,,,75.5,,,,,,7.0,Khalil Shakir,2026-05-29,BUF
/nfl/rankings/ppr-wr-cheatsheets.php,redraft-wr,rp,Quentin Johnston,23123,WR,LAC,48.83,3.43,41,59,,quentin-johnston.php,,,81.0,,,,,,7.0,Quentin Johnston,2026-05-29,LAC
/nfl/rankings/ppr-wr-cheatsheets.php,redraft-wr,rp,Jayden Higgins,27077,WR,HOU,49.94,2.33,46,56,,jayden-higgins.php,,,55.1,,,,,,8.0,Jayden Higgins,2026-05-29,HOU
/nfl/rankings/ppr-wr-cheatsheets.php,redraft-wr,rp,Xavier Worthy,23019,WR,KC,53.0,4.35,41,64,,xavier-worthy.php,,,82.3,,,,,,5.0,Xavier Worthy,2026-05-29,KCC
/nfl/rankings/ppr-wr-cheatsheets.php,redraft-wr,rp,Romeo Doubs,23794,WR,NE,53.03,6.14,36,68,,romeo-doubs.php,,,78.1,,,,,,11.0,Romeo Doubs,2026-05-29,NEP
/nfl/rankings/ppr-wr-cheatsheets.php,redraft-wr,rp,KC Concepcion,27331,WR,CLE,53.83,10.15,32,88,,kevin-concepcion.php,,,70.8,,,,,,11.0,KC Concepcion,2026-05-29,CLE
/nfl/rankings/ppr-wr-cheatsheets.php,redraft-wr,rp,Jalen Coker,26403,WR,CAR,54.83,3.3,47,63,,jalen-coker.php,,,57.9,,,,,,5.0,Jalen Coker,2026-05-29,CAR
/nfl/rankings/ppr-wr-cheatsheets.php,redraft-wr,rp,Matthew Golden,26024,WR,GB,56.44,4.91,49,68,,matthew-golden.php,,,74.4,,,,,,11.0,Matthew Golden,2026-05-29,GBP
/nfl/rankings/ppr-wr-cheatsheets.php,redraft-wr,rp,Rashid Shaheed,24687,WR,SEA,60.92,3.28,56,69,,rashid-shaheed.php,,,52.2,,,,,,11.0,Rashid Shaheed,2026-05-29,SEA
/nfl/rankings/ppr-wr-cheatsheets.php,redraft-wr,rp,Jerry Jeudy,19201,WR,CLE,61.28,4.59,55,76,,jerry-jeudy.php,,,45.9,,,,,,11.0,Jerry Jeudy,2026-05-29,CLE
/nfl/rankings/ppr-wr-cheatsheets.php,redraft-wr,rp,Denzel Boston,27339,WR,CLE,62.11,7.36,54,84,,denzel-boston.php,,,45.7,,,,,,11.0,Denzel Boston,2026-05-29,CLE
/nfl/rankings/ppr-wr-cheatsheets.php,redraft-wr,rp,Omar Cooper Jr.,28127,WR,NYJ,62.69,10.77,48,97,,omar-cooper-jr.php,,,53.2,,,,,,13.0,Omar Cooper,2026-05-29,NYJ
/nfl/rankings/ppr-wr-cheatsheets.php,redraft-wr,rp,Travis Hunter,26034,WR,JAC,62.92,9.13,40,86,,travis-hunter.php,,,67.6,,,,,,7.0,Travis Hunter,2026-05-29,JAC
/nfl/rankings/ppr-wr-cheatsheets.php,redraft-wr,rp,Deebo Samuel Sr.,18244,WR,FA,60.77,9.3,52,88,,deebo-samuel.php,,,42.1,,,,,,,Deebo Samuel,2026-05-29,FA
/nfl/rankings/ppr-wr-cheatsheets.php,redraft-wr,rp,Jauan Jennings,19590,WR,MIN,59.35,7.72,42,74,,jauan-jennings.php,,,46.4,,,,,,6.0,Jauan Jennings,2026-05-29,MIN
/nfl/rankings/ppr-wr-cheatsheets.php,redraft-wr,rp,Adonai Mitchell,24357,WR,NYJ,66.56,6.85,58,90,,adonai-mitchell.php,,,23.1,,,,,,13.0,Adonai Mitchell,2026-05-29,NYJ
/nfl/rankings/ppr-wr-cheatsheets.php,redraft-wr,rp,Stefon Diggs,13981,WR,FA,59.61,13.23,37,110,,stefon-diggs.php,,,56.1,,,,,,,Stefon Diggs,2026-05-29,FA
/nfl/rankings/ppr-wr-cheatsheets.php,redraft-wr,rp,Brandon Aiyuk,19252,WR,SF,65.37,9.12,54,95,,brandon-aiyuk.php,,,41.7,,,,,,8.0,Brandon Aiyuk,2026-05-29,SFO
/nfl/rankings/ppr-wr-cheatsheets.php,redraft-wr,rp,Kayshon Boutte,22989,WR,NE,68.78,4.55,59,82,,kayshon-boutte.php,,,30.8,,,,,,11.0,Kayshon Boutte,2026-05-29,NEP
/nfl/rankings/ppr-wr-cheatsheets.php,redraft-wr,rp,Antonio Williams,25418,WR,WAS,69.54,14.26,55,112,,antonio-williams-wr.php,,,29.2,,,,,,7.0,Antonio Williams,2026-05-29,WAS
/nfl/rankings/ppr-wr-cheatsheets.php,redraft-wr,rp,Jalen McMillan,23179,WR,TB,70.78,9.39,60,109,,jalen-mcmillan.php,,,42.2,,,,,,10.0,Jalen McMillan,2026-05-29,TBB
/nfl/rankings/ppr-wr-cheatsheets.php,redraft-wr,rp,Troy Franklin,23092,WR,DEN,71.0,8.74,55,92,,troy-franklin.php,,,22.6,,,,,,10.0,Troy Franklin,2026-05-29,DEN
/nfl/rankings/ppr-wr-cheatsheets.php,redraft-wr,rp,Tre' Harris,26215,WR,LAC,69.34,7.32,55,97,,tre-harris.php,,,23.8,,,,,,7.0,Tre Harris,2026-05-29,LAC
/nfl/rankings/ppr-wr-cheatsheets.php,redraft-wr,rp,Jaylin Noel,27122,WR,HOU,71.86,7.43,61,97,,jaylin-noel.php,,,18.2,,,,,,8.0,Jaylin Noel,2026-05-29,HOU
/nfl/rankings/ppr-wr-cheatsheets.php,redraft-wr,rp,Tre Tucker,25337,WR,LV,73.23,7.49,61,103,,tre-tucker.php,,,28.8,,,,,,13.0,Tre Tucker,2026-05-29,LVR
/nfl/rankings/ppr-wr-cheatsheets.php,redraft-wr,rp,Calvin Ridley,17258,WR,TEN,77.53,8.94,64,111,,calvin-ridley.php,,,37.7,,,,,,9.0,Calvin Ridley,2026-05-29,TEN
/nfl/rankings/ppr-wr-cheatsheets.php,redraft-wr,rp,Pat Bryant,27211,WR,DEN,75.6,6.95,66,98,,pat-bryant.php,,,20.9,,,,,,10.0,Pat Bryant,2026-05-29,DEN
/nfl/rankings/ppr-wr-cheatsheets.php,redraft-wr,rp,Ryan Flournoy,26398,WR,DAL,78.5,9.77,66,118,,ryan-flournoy.php,,,20.4,,,,,,14.0,Ryan Flournoy,2026-05-29,DAL
/nfl/rankings/ppr-wr-cheatsheets.php,redraft-wr,rp,Chimere Dike,27315,WR,TEN,77.17,12.16,57,99,,chimere-dike.php,,,22.0,,,,,,9.0,Chimere Dike,2026-05-29,TEN
/nfl/rankings/ppr-wr-cheatsheets.php,redraft-wr,rp,Isaac TeSlaa,27446,WR,DET,78.11,7.08,69,113,,isaac-teslaa.php,,,26.5,,,,,,6.0,Isaac TeSlaa,2026-05-29,DET
/nfl/rankings/ppr-wr-cheatsheets.php,redraft-wr,rp,Tyreek Hill,15802,WR,FA,71.16,15.19,50,122,,tyreek-hill.php,,,49.0,,,,,,,Tyreek Hill,2026-05-29,FA
/nfl/rankings/ppr-wr-cheatsheets.php,redraft-wr,rp,Darnell Mooney,19810,WR,NYG,78.8,6.89,67,103,,darnell-mooney.php,,,21.7,,,,,,8.0,Darnell Mooney,2026-05-29,NYG
/nfl/rankings/ppr-wr-cheatsheets.php,redraft-wr,rp,Chris Bell,26038,WR,MIA,83.27,15.28,56,115,,chris-bell.php,,,26.9,,,,,,6.0,Chris Bell,2026-05-29,MIA
/nfl/rankings/ppr-wr-cheatsheets.php,redraft-wr,rp,Germie Bernard,26039,WR,PIT,83.57,13.69,63,116,,germie-bernard.php,,,22.4,,,,,,9.0,Germie Bernard,2026-05-29,PIT
/nfl/rankings/ppr-wr-cheatsheets.php,redraft-wr,rp,Elic Ayomanor,27059,WR,TEN,83.72,12.49,64,118,,elic-ayomanor.php,,,18.4,,,,,,9.0,Elic Ayomanor,2026-05-29,TEN
/nfl/rankings/ppr-wr-cheatsheets.php,redraft-wr,rp,Dontayvion Wicks,24354,WR,PHI,81.44,5.67,65,91,,dontayvion-wicks.php,,,15.0,,,,,,10.0,Dontayvion Wicks,2026-05-29,PHI
/nfl/rankings/ppr-wr-cheatsheets.php,redraft-wr,rp,Zachariah Branch,25419,WR,ATL,90.48,9.99,71,118,,zachariah-branch.php,,,23.1,,,,,,11.0,Zachariah Branch,2026-05-29,ATL
/nfl/rankings/ppr-wr-cheatsheets.php,redraft-wr,rp,De'Zhaun Stribling,28138,WR,SF,91.64,13.71,65,126,,dezhaun-stribling.php,,,16.1,,,,,,8.0,DeZhaun Stribling,2026-05-29,SFO
/nfl/rankings/ppr-wr-cheatsheets.php,redraft-wr,rp,Chris Brazzell II,28047,WR,CAR,91.86,8.74,75,120,,chris-brazzell-ii.php,,,17.6,,,,,,5.0,Chris Brazzell,2026-05-29,CAR
/nfl/rankings/ppr-wr-cheatsheets.php,redraft-wr,rp,Malachi Fields,27994,WR,NYG,91.9,13.7,76,129,,malachi-fields.php,,,18.3,,,,,,8.0,Malachi Fields,2026-05-29,NYG
/nfl/rankings/ppr-wr-cheatsheets.php,redraft-wr,rp,Malik Washington,26314,WR,MIA,90.14,10.53,65,116,,malik-washington.php,,,20.5,,,,,,6.0,Malik Washington,2026-05-29,MIA
/nfl/rankings/ppr-wr-cheatsheets.php,redraft-wr,rp,Tank Dell,25361,WR,HOU,86.97,6.53,75,101,,nathaniel-dell.php,,,30.0,,,,,,8.0,Tank Dell,2026-05-29,HOU
/nfl/rankings/ppr-wr-cheatsheets.php,redraft-wr,rp,Rashod Bateman,19794,WR,BAL,89.18,8.22,73,106,,rashod-bateman.php,,,13.0,,,,,,13.0,Rashod Bateman,2026-05-29,BAL
/nfl/rankings/ppr-wr-cheatsheets.php,redraft-wr,rp,Elijah Sarratt,27463,WR,BAL,93.69,10.78,69,123,,elijah-sarratt.php,,,19.4,,,,,,13.0,Elijah Sarratt,2026-05-29,BAL
/nfl/rankings/ppr-wr-cheatsheets.php,redraft-wr,rp,Jalen Nailor,24177,WR,LV,87.88,16.67,59,128,,jalen-nailor.php,,,32.0,,,,,,13.0,Jalen Nailor,2026-05-29,LVR
/nfl/rankings/ppr-wr-cheatsheets.php,redraft-wr,rp,Cooper Kupp,16433,WR,SEA,90.35,8.27,71,109,,cooper-kupp.php,,,20.7,,,,,,11.0,Cooper Kupp,2026-05-29,SEA
/nfl/rankings/ppr-wr-cheatsheets.php,redraft-wr,rp,Skyler Bell,28126,WR,BUF,95.7,15.27,65,134,,skyler-bell.php,,,15.8,,,,,,7.0,Skyler Bell,2026-05-29,BUF
/nfl/rankings/ppr-wr-cheatsheets.php,redraft-wr,rp,Marvin Mims Jr.,23080,WR,DEN,90.82,9.15,76,111,,marvin-mims.php,,,14.8,,,,,,10.0,Marvin Mims,2026-05-29,DEN
/nfl/rankings/ppr-wr-cheatsheets.php,redraft-wr,rp,Jack Bech,27224,WR,LV,93.24,13.06,57,136,,jack-bech.php,,,16.6,,,,,,13.0,Jack Bech,2026-05-29,LVR
/nfl/rankings/ppr-wr-cheatsheets.php,redraft-wr,rp,Kyle Williams,27487,WR,NE,92.27,10.06,76,113,,kyle-williams-wr-2025.php,,,14.6,,,,,,11.0,Kyle Williams,2026-05-29,NEP
/nfl/rankings/ppr-wr-cheatsheets.php,redraft-wr,rp,Keon Coleman,26019,WR,BUF,93.0,9.86,72,114,,keon-coleman.php,,,16.3,,,,,,7.0,Keon Coleman,2026-05-29,BUF
/nfl/rankings/ppr-wr-cheatsheets.php,redraft-wr,rp,Ja'Kobi Lane,27337,WR,BAL,98.53,11.43,79,125,,jakobi-lane.php,,,20.2,,,,,,13.0,JaKobi Lane,2026-05-29,BAL
/nfl/rankings/ppr-wr-cheatsheets.php,redraft-wr,rp,Tory Horton,26022,WR,SEA,95.15,8.36,83,122,,tory-horton.php,,,20.3,,,,,,11.0,Tory Horton,2026-05-29,SEA
/nfl/rankings/ppr-wr-cheatsheets.php,redraft-wr,rp,Ted Hurst III,28130,WR,TB,98.83,12.08,68,124,,ted-hurst.php,,,16.2,,,,,,10.0,Ted Hurst,2026-05-29,TBB
/nfl/rankings/ppr-wr-cheatsheets.php,redraft-wr,rp,Christian Kirk,17268,WR,SF,94.58,11.78,64,118,,christian-kirk.php,,,18.5,,,,,,8.0,Christian Kirk,2026-05-29,SFO
/nfl/rankings/ppr-wr-cheatsheets.php,redraft-wr,rp,Mack Hollins,16489,WR,NE,96.67,13.38,75,140,,mack-hollins.php,,,7.2,,,,,,11.0,Mack Hollins,2026-05-29,NEP
/nfl/rankings/ppr-wr-cheatsheets.php,redraft-wr,rp,Darius Slayton,18706,WR,NYG,100.62,10.56,78,129,,darius-slayton.php,,,9.3,,,,,,8.0,Darius Slayton,2026-05-29,NYG
/nfl/rankings/ppr-wr-cheatsheets.php,redraft-wr,rp,Keenan Allen,11616,WR,LAC,97.75,7.3,80,108,,keenan-allen.php,,,14.0,,,,,,7.0,Keenan Allen,2026-05-29,LAC
/nfl/rankings/ppr-wr-cheatsheets.php,redraft-wr,rp,Xavier Legette,26136,WR,CAR,96.19,9.65,81,111,,xavier-legette.php,,,6.6,,,,,,5.0,Xavier Legette,2026-05-29,CAR
/nfl/rankings/ppr-wr-cheatsheets.php,redraft-wr,rp,Devaughn Vele,26409,WR,NO,100.67,7.9,87,119,,devaughn-vele.php,,,15.1,,,,,,8.0,Devaughn Vele,2026-05-29,NOS
/nfl/rankings/ppr-wr-cheatsheets.php,redraft-wr,rp,Tyquan Thornton,22913,WR,KC,105.58,10.49,71,134,,tyquan-thornton.php,,,6.8,,,,,,5.0,Tyquan Thornton,2026-05-29,KCC
/nfl/rankings/ppr-wr-cheatsheets.php,redraft-wr,rp,Hollywood Brown,18226,WR,PHI,106.16,6.91,92,130,,marquise-brown.php,,,10.2,,,,,,10.0,Marquise Brown,2026-05-29,PHI
/nfl/rankings/ppr-wr-cheatsheets.php,redraft-wr,rp,Isaiah Bond,24371,WR,CLE,108.11,12.19,93,146,,isaiah-bond.php,,,6.0,,,,,,11.0,Isaiah Bond,2026-05-29,CLE
/nfl/rankings/ppr-wr-cheatsheets.php,redraft-wr,rp,Andrei Iosivas,25335,WR,CIN,102.48,8.09,88,116,,andrei-iosivas.php,,,8.2,,,,,,6.0,Andrei Iosivas,2026-05-29,CIN
/nfl/rankings/ppr-wr-cheatsheets.php,redraft-wr,rp,Cedric Tillman,25287,WR,CLE,110.0,8.03,100,135,,cedric-tillman.php,,,3.4,,,,,,11.0,Cedric Tillman,2026-05-29,CLE
/nfl/rankings/ppr-wr-cheatsheets.php,redraft-wr,rp,Konata Mumpfield,27449,WR,LAR,103.47,8.17,93,127,,konata-mumpfield.php,,,2.4,,,,,,11.0,Konata Mumpfield,2026-05-29,LAR
/nfl/rankings/ppr-wr-cheatsheets.php,redraft-wr,rp,Tez Johnson,27147,WR,TB,110.24,7.29,95,127,,tez-johnson.php,,,6.8,,,,,,10.0,Tez Johnson,2026-05-29,TBB
/nfl/rankings/ppr-wr-cheatsheets.php,redraft-wr,rp,Calvin Austin III,23739,WR,NYG,111.05,12.9,92,135,,calvin-austin.php,,,5.0,,,,,,8.0,Calvin Austin,2026-05-29,NYG
/nfl/rankings/ppr-wr-cheatsheets.php,redraft-wr,rp,Luke McCaffrey,26328,WR,WAS,111.95,7.28,102,126,,luke-mccaffrey.php,,,3.1,,,,,,7.0,Luke McCaffrey,2026-05-29,WAS
/nfl/rankings/ppr-wr-cheatsheets.php,redraft-wr,rp,Jalen Royals,27076,WR,KC,109.72,9.59,93,124,,jalen-royals.php,,,3.0,,,,,,5.0,Jalen Royals,2026-05-29,KCC
/nfl/rankings/ppr-wr-cheatsheets.php,redraft-wr,rp,Jahan Dotson,23101,WR,ATL,108.77,13.66,70,125,,jahan-dotson.php,,,5.8,,,,,,11.0,Jahan Dotson,2026-05-29,ATL
/nfl/rankings/ppr-wr-cheatsheets.php,redraft-wr,rp,Bryce Lance,28129,WR,NO,109.0,14.57,82,131,,bryce-lance.php,,,4.3,,,,,,8.0,Bryce Lance,2026-05-29,NOS
/nfl/rankings/ppr-wr-cheatsheets.php,redraft-wr,rp,Dont'e Thornton Jr.,27288,WR,LV,114.15,12.32,101,145,,donte-thornton-jr.php,,,4.3,,,,,,13.0,Donte Thornton,2026-05-29,LVR
/nfl/rankings/ppr-wr-cheatsheets.php,redraft-wr,rp,Olamide Zaccheaus,18864,WR,ATL,116.38,9.33,105,138,,olamide-zaccheaus.php,,,5.3,,,,,,11.0,Olamide Zaccheaus,2026-05-29,ATL
/nfl/rankings/ppr-wr-cheatsheets.php,redraft-wr,rp,Joshua Palmer,22845,WR,BUF,116.83,9.21,102,137,,josh-palmer.php,,,1.9,,,,,,7.0,Josh Palmer,2026-05-29,BUF
/nfl/rankings/ppr-wr-cheatsheets.php,redraft-wr,rp,DeMario Douglas,25304,WR,NE,121.92,11.46,102,142,,demario-douglas.php,,,10.0,,,,,,11.0,Demario Douglas,2026-05-29,NEP
/nfl/rankings/ppr-wr-cheatsheets.php,redraft-wr,rp,John Metchie III,22895,WR,CAR,119.5,11.62,104,138,,john-metchie.php,,,2.5,,,,,,5.0,John Metchie,2026-05-29,CAR
/nfl/rankings/ppr-wr-cheatsheets.php,redraft-wr,rp,Xavier Hutchinson,25332,WR,HOU,120.33,9.59,107,137,,xavier-hutchinson.php,,,2.3,,,,,,8.0,Xavier Hutchinson,2026-05-29,HOU
/nfl/rankings/ppr-wr-cheatsheets.php,redraft-wr,rp,Jaylin Lane,27454,WR,WAS,121.36,7.82,108,130,,jaylin-lane.php,,,3.7,,,,,,7.0,Jaylin Lane,2026-05-29,WAS
/nfl/rankings/ppr-wr-cheatsheets.php,redraft-wr,rp,Jalen Tolbert,23770,WR,MIA,117.8,14.01,87,132,,jalen-tolbert.php,,,8.0,,,,,,6.0,Jalen Tolbert,2026-05-29,MIA
/nfl/rankings/ppr-wr-cheatsheets.php,redraft-wr,rp,Brenen Thompson,28133,WR,LAC,117.9,11.06,92,132,,brenen-thompson.php,,,6.5,,,,,,7.0,Brenen Thompson,2026-05-29,LAC
/nfl/rankings/ppr-wr-cheatsheets.php,redraft-wr,rp,Caleb Douglas,28135,WR,MIA,117.22,11.34,95,133,,caleb-douglas.php,,,5.2,,,,,,6.0,Caleb Douglas,2026-05-29,MIA
/nfl/rankings/ppr-wr-cheatsheets.php,redraft-wr,rp,Treylon Burks,22905,WR,WAS,121.71,13.21,99,140,,treylon-burks.php,,,2.9,,,,,,7.0,Treylon Burks,2026-05-29,WAS
/nfl/rankings/ppr-wr-cheatsheets.php,redraft-wr,rp,Savion Williams,27144,WR,GB,127.5,10.32,116,150,,savion-williams.php,,,2.0,,,,,,11.0,Savion Williams,2026-05-29,GBP
/nfl/rankings/ppr-wr-cheatsheets.php,redraft-wr,rp,Tutu Atwell,20126,WR,MIA,125.43,11.35,109,143,,tutu-atwell.php,,,2.5,,,,,,6.0,Tutu Atwell,2026-05-29,MIA
/nfl/rankings/ppr-wr-cheatsheets.php,redraft-wr,rp,Kevin Coleman Jr.,28067,WR,MIA,121.67,11.94,107,141,,kevin-coleman-jr.php,,,2.5,,,,,,6.0,Kevin Coleman,2026-05-29,MIA
/nfl/rankings/ppr-wr-cheatsheets.php,redraft-wr,rp,Kendrick Bourne,17066,WR,ARI,126.0,14.02,106,151,,kendrick-bourne.php,,,3.7,,,,,,14.0,Kendrick Bourne,2026-05-29,ARI
/nfl/rankings/ppr-wr-cheatsheets.php,redraft-wr,rp,Malik Benson,26012,WR,LV,121.6,29.14,65,146,,malik-benson.php,,,0.9,,,,,,13.0,Malik Benson,2026-05-29,LVR
/nfl/rankings/ppr-wr-cheatsheets.php,redraft-wr,rp,CJ Daniels,28125,WR,LAR,128.33,10.95,111,141,,cj-daniels.php,,,2.7,,,,,,11.0,CJ Daniels,2026-05-29,LAR
/nfl/rankings/ppr-wr-cheatsheets.php,redraft-wr,rp,Cyrus Allen,28424,WR,KC,122.8,19.79,89,147,,cyrus-allen.php,,,1.9,,,,,,5.0,Cyrus Allen,2026-05-29,KCC
/nfl/rankings/ppr-wr-cheatsheets.php,redraft-wr,rp,KaVontae Turpin,18520,WR,DAL,124.0,23.07,96,146,,kavontae-turpin.php,,,7.5,,,,,,14.0,KaVontae Turpin,2026-05-29,DAL
/nfl/rankings/ppr-wr-cheatsheets.php,redraft-wr,rp,Nick Westbrook-Ikhine,19747,WR,IND,124.6,26.79,72,145,,nick-westbrook.php,,,1.5,,,,,,13.0,Nick Westbrook-Ikhine,2026-05-29,IND
/nfl/rankings/ppr-wr-cheatsheets.php,redraft-wr,rp,Kalif Raymond,16081,WR,CHI,126.4,14.88,103,143,,kalif-raymond.php,,,1.1,,,,,,10.0,Kalif Raymond,2026-05-29,CHI
/nfl/rankings/ppr-wr-cheatsheets.php,redraft-wr,rp,Tai Felton,27182,WR,MIN,130.25,24.1,98,159,,tai-felton.php,,,2.0,,,,,,6.0,Tai Felton,2026-05-29,MIN
/nfl/rankings/ppr-wr-cheatsheets.php,redraft-wr,rp,Deion Burks,27093,WR,IND,137.6,11.93,120,157,,deion-burks.php,,,0.7,,,,,,13.0,Deion Burks,2026-05-29,IND
/nfl/rankings/ppr-wr-cheatsheets.php,redraft-wr,rp,Zavion Thomas,28132,WR,CHI,137.8,9.22,121,148,,zavion-thomas.php,,,3.3,,,,,,10.0,Zavion Thomas,2026-05-29,CHI
/nfl/rankings/ppr-wr-cheatsheets.php,redraft-wr,rp,Jordan Whittington,23135,WR,LAR,134.25,13.06,115,149,,jordan-whittington.php,,,1.1,,,,,,11.0,Jordan Whittington,2026-05-29,LAR
/nfl/rankings/ppr-wr-cheatsheets.php,redraft-wr,rp,Brandin Cooks,12122,WR,FA,114.0,12.0,102,126,,brandin-cooks.php,,,0.7,,,,,,,Brandin Cooks,2026-05-29,FA
/nfl/rankings/ppr-wr-cheatsheets.php,redraft-wr,rp,Xavier Restrepo,27066,WR,TEN,121.5,1.5,120,123,,xavier-restrepo.php,,,0.9,,,,,,9.0,Xavier Restrepo,2026-05-29,TEN
/nfl/rankings/ppr-wr-cheatsheets.php,redraft-wr,rp,Mitch Tinsley,24370,WR,CIN,134.67,18.87,108,149,,mitchell-tinsley.php,,,0.6,,,,,,6.0,Mitch Tinsley,2026-05-29,CIN
/nfl/rankings/ppr-wr-cheatsheets.php,redraft-wr,rp,Demarcus Robinson,15665,WR,SF,144.0,7.4,136,155,,demarcus-robinson.php,,,1.2,,,,,,8.0,Demarcus Robinson,2026-05-29,SFO
/nfl/rankings/ppr-wr-cheatsheets.php,redraft-wr,rp,Elijah Moore,20114,WR,PHI,129.0,19.0,110,148,,elijah-moore.php,,,0.6,,,,,,10.0,Elijah Moore,2026-05-29,PHI
/nfl/rankings/ppr-wr-cheatsheets.php,redraft-wr,rp,Dyami Brown,20113,WR,WAS,143.75,18.74,112,158,,dyami-brown.php,,,1.2,,,,,,7.0,Dyami Brown,2026-05-29,WAS
/nfl/rankings/ppr-wr-cheatsheets.php,redraft-wr,rp,Theo Wease Jr.,27222,WR,MIA,130.5,9.5,121,140,,theo-wease-jr.php,,,3.2,,,,,,6.0,Theo Wease,2026-05-29,MIA
/nfl/rankings/ppr-wr-cheatsheets.php,redraft-wr,rp,Greg Dortch,18585,WR,DET,133.0,13.0,120,146,,greg-dortch.php,,,1.5,,,,,,6.0,Greg Dortch,2026-05-29,DET
/nfl/rankings/ppr-wr-cheatsheets.php,redraft-wr,rp,Devontez Walker,26011,WR,BAL,145.33,7.76,136,155,,devontez-walker.php,,,1.4,,,,,,13.0,Devontez Walker,2026-05-29,BAL
/nfl/rankings/ppr-wr-cheatsheets.php,redraft-wr,rp,Antwane Wells Jr.,27218,WR,FA,142.5,18.5,124,161,,antwane-wells-jr.php,,,1.1,,,,,,,Antwane Wells,2026-05-29,FA
/nfl/rankings/ppr-wr-cheatsheets.php,redraft-wr,rp,Reggie Virgil,28141,WR,ARI,141.5,0.5,141,142,,reggie-virgil.php,,,0.7,,,,,,14.0,Reggie Virgil,2026-05-29,ARI
/nfl/rankings/ppr-wr-cheatsheets.php,redraft-wr,rp,Josh Cameron,28137,WR,JAC,143.0,4.0,139,147,,josh-cameron.php,,,1.4,,,,,,7.0,Josh Cameron,2026-05-29,JAC
/nfl/rankings/ppr-wr-cheatsheets.php,redraft-wr,rp,Colbie Young,26037,WR,CIN,147.0,4.0,143,151,,colbie-young.php,,,0.6,,,,,,6.0,Colbie Young,2026-05-29,CIN
/nfl/rankings/ppr-wr-cheatsheets.php,redraft-wr,rp,DeAndre Hopkins,11606,WR,BAL,149.0,5.0,144,154,,deandre-hopkins.php,,,0.7,,,,,,13.0,DeAndre Hopkins,2026-05-29,BAL
